// purr_wallpaper — 320x240 RGB565 wallpaper, native byte order
// Auto-generated by convert_wallpaper.py --c-array — do not edit.
//
// Compiled into the firmware so a freshly-erased device with no SD
// card still has a wallpaper. Runtime-selectable wallpapers are a
// separate path — see this script's convert() and the Settings app.

#include "lvgl.h"

static const uint8_t purr_wallpaper_data[] = {
    0xB7, 0xB5, 0xD7, 0xB5, 0xD7, 0xB5, 0xD7, 0xB5, 0xD7, 0xB5, 0xD8, 0xB5, 0xD8, 0xB5, 0xD7, 0xB5,
    0xD8, 0xB5, 0xD8, 0xB5, 0xD7, 0xB5, 0xD7, 0xB5, 0xD7, 0xB5, 0xD7, 0xB5, 0xD7, 0xB5, 0xD7, 0xB5,
    0xD7, 0xB5, 0xB7, 0xB5, 0xB7, 0xB5, 0xB7, 0xB5, 0xB7, 0xB5, 0xB7, 0xB5, 0xB7, 0xB5, 0xB7, 0xB5,
    0xB7, 0xB5, 0xB7, 0xB5, 0xB7, 0xB5, 0xB7, 0xB5, 0xB7, 0xB5, 0xB7, 0xB5, 0xB7, 0xB5, 0xB7, 0xB5,
    0xB7, 0xB5, 0xB7, 0xB5, 0xB7, 0xB5, 0xB7, 0xB5, 0xB7, 0xB5, 0xB7, 0xB5, 0xB7, 0xB5, 0xB7, 0xB5,
    0xB7, 0xB5, 0xB7, 0xB5, 0xB7, 0xB5, 0xB7, 0xB5, 0xB7, 0xB5, 0xB7, 0xB5, 0xB7, 0xB5, 0xB7, 0xB5,
    0xB7, 0xB5, 0xB7, 0xB5, 0xB7, 0xB5, 0xD7, 0xB5, 0xD7, 0xB5, 0xB7, 0xB5, 0xD7, 0xB5, 0xB7, 0xB5,
    0xB7, 0xB5, 0xB7, 0xB5, 0xB7, 0xB5, 0xB7, 0xB5, 0xB7, 0xB5, 0xD7, 0xB5, 0xD7, 0xB5, 0xD7, 0xB5,
    0xD7, 0xB5, 0xB7, 0xB5, 0xB7, 0xB5, 0xB7, 0xB5, 0xD7, 0xB5, 0xD7, 0xB5, 0xD7, 0xB5, 0xD7, 0xB5,
    0xD7, 0xB5, 0xD7, 0xB5, 0xD7, 0xB5, 0xD7, 0xB5, 0xD7, 0xB5, 0xD7, 0xB5, 0xD7, 0xB5, 0xD7, 0xB5,
    0xD7, 0xB5, 0xD7, 0xB5, 0xD7, 0xB5, 0xD7, 0xB5, 0xD7, 0xB5, 0xD7, 0xB5, 0xD7, 0xB5, 0xD7, 0xB5,
    0xD7, 0xB5, 0xD7, 0xB5, 0xD7, 0xB5, 0xD7, 0xB5, 0xD7, 0xBD, 0xD7, 0xBD, 0xD7, 0xBD, 0xF7, 0xBD,
    0xF7, 0xBD, 0xF7, 0xBD, 0xF7, 0xBD, 0xF7, 0xBD, 0xF7, 0xBD, 0xF7, 0xBD, 0xF7, 0xBD, 0xF7, 0xBD,
    0xF7, 0xBD, 0xD8, 0xBD, 0xD8, 0xBD, 0xD8, 0xBD, 0xF7, 0xBD, 0xF7, 0xBD, 0xF7, 0xBD, 0xF7, 0xBD,
    0xF7, 0xBD, 0xF7, 0xBD, 0xF8, 0xBD, 0xF8, 0xBD, 0xF8, 0xBD, 0xF8, 0xBD, 0xF8, 0xBD, 0xF8, 0xBD,
    0xF8, 0xBD, 0xF8, 0xBD, 0xF8, 0xBD, 0xF8, 0xBD, 0xF8, 0xBD, 0xF8, 0xBD, 0xF8, 0xBD, 0xF8, 0xBD,
    0xF7, 0xBD, 0xF7, 0xBD, 0xF7, 0xBD, 0xF7, 0xBD, 0xF7, 0xBD, 0xF7, 0xBD, 0xF7, 0xBD, 0xF7, 0xBD,
    0xF7, 0xBD, 0xF7, 0xBD, 0xF7, 0xBD, 0xF7, 0xBD, 0xF7, 0xBD, 0xF7, 0xBD, 0xF7, 0xBD, 0xF7, 0xBD,
    0xF7, 0xBD, 0xF8, 0xBD, 0xF8, 0xBD, 0xF8, 0xBD, 0xF8, 0xBD, 0xF8, 0xBD, 0xF8, 0xBD, 0xF8, 0xBD,
    0xF8, 0xBD, 0xF8, 0xBD, 0xF8, 0xBD, 0xF8, 0xBD, 0xD7, 0xBD, 0xD7, 0xBD, 0xD7, 0xBD, 0xF8, 0xBD,
    0xF8, 0xBD, 0xF8, 0xBD, 0xF8, 0xBD, 0xF8, 0xBD, 0xF8, 0xBD, 0xF8, 0xBD, 0xF8, 0xBD, 0xF8, 0xBD,
    0xF8, 0xBD, 0xF8, 0xBD, 0xF8, 0xBD, 0xD8, 0xBD, 0xF8, 0xBD, 0xF8, 0xBD, 0xF8, 0xBD, 0xF8, 0xBD,
    0xF8, 0xBD, 0xF8, 0xBD, 0xF8, 0xBD, 0xF8, 0xBD, 0xF8, 0xBD, 0xF8, 0xBD, 0xF8, 0xBD, 0xF8, 0xBD,
    0x18, 0xBE, 0xF8, 0xBD, 0x18, 0xBE, 0xBB, 0xD6, 0xBB, 0xD6, 0xBB, 0xD6, 0xBB, 0xD6, 0xBB, 0xD6,
    0xBB, 0xD6, 0x9B, 0xD6, 0x9B, 0xCE, 0x9B, 0xCE, 0x9B, 0xCE, 0x9B, 0xCE, 0x9B, 0xCE, 0x9A, 0xCE,
    0x9A, 0xCE, 0x7A, 0xCE, 0x7A, 0xCE, 0x7A, 0xCE, 0x7A, 0xCE, 0x7A, 0xCE, 0x79, 0xCE, 0x79, 0xCE,
    0x59, 0xCE, 0x59, 0xCE, 0x59, 0xCE, 0x59, 0xCE, 0x59, 0xCE, 0x59, 0xCE, 0x59, 0xCE, 0x59, 0xCE,
    0x59, 0xCE, 0x79, 0xCE, 0x7A, 0xCE, 0x7A, 0xD6, 0x9A, 0xD6, 0x9A, 0xD6, 0x9A, 0xD6, 0x9A, 0xD6,
    0x9A, 0xD6, 0xBA, 0xD6, 0xBA, 0xD6, 0xBA, 0xD6, 0xBA, 0xD6, 0xBA, 0xD6, 0xBA, 0xD6, 0xBA, 0xD6,
    0xBA, 0xD6, 0xBA, 0xD6, 0xBA, 0xD6, 0xDA, 0xDE, 0xDA, 0xDE, 0xDA, 0xDE, 0xDA, 0xDE, 0xDA, 0xDE,
    0xDA, 0xDE, 0xDA, 0xDE, 0xDA, 0xDE, 0xDA, 0xDE, 0xDA, 0xDE, 0xDA, 0xDE, 0xDA, 0xDE, 0xDA, 0xDE,
    0xDA, 0xDE, 0xDA, 0xDE, 0xBA, 0xD6, 0xBA, 0xD6, 0xBA, 0xD6, 0xBA, 0xD6, 0xDB, 0xDE, 0xDB, 0xDE,
    0xFB, 0xDE, 0xFB, 0xDE, 0xFB, 0xDE, 0xDB, 0xDE, 0xDA, 0xDE, 0xDA, 0xDE, 0xDA, 0xDE, 0xFA, 0xDE,
    0xFA, 0xDE, 0xFA, 0xDE, 0xFA, 0xDE, 0xFA, 0xDE, 0xFA, 0xDE, 0xFA, 0xDE, 0xFA, 0xDE, 0xFA, 0xDE,
    0xDA, 0xDE, 0xDA, 0xDE, 0xFA, 0xDE, 0xFA, 0xDE, 0xDA, 0xDE, 0xDA, 0xDE, 0xDA, 0xDE, 0xDA, 0xDE,
    0xDA, 0xDE, 0xDA, 0xDE, 0xDA, 0xDE, 0xDA, 0xDE, 0xDA, 0xDE, 0xDA, 0xDE, 0xDA, 0xDE, 0xDA, 0xDE,
    0xBA, 0xD6, 0xB9, 0xD6, 0x99, 0xD6, 0x99, 0xD6, 0x99, 0xD6, 0x99, 0xD6, 0x99, 0xD6, 0xB9, 0xD6,
    0xB9, 0xDE, 0xB9, 0xDE, 0xB9, 0xDE, 0xB9, 0xDE, 0xB9, 0xD6, 0x99, 0xD6, 0x99, 0xD6, 0xB9, 0xD6,
    0x99, 0xD6, 0x99, 0xD6, 0x99, 0xD6, 0x99, 0xD6, 0x98, 0xD6, 0x99, 0xD6, 0x99, 0xD6, 0x99, 0xDE,
    0x99, 0xDE, 0x98, 0xD6, 0x98, 0xD6, 0x98, 0xDE, 0x98, 0xDE, 0x98, 0xDE, 0x98, 0xDE, 0x98, 0xDE,
    0x76, 0xAD, 0x96, 0xAD, 0x96, 0xAD, 0x96, 0xAD, 0x96, 0xAD, 0x96, 0xAD, 0x76, 0xAD, 0x76, 0xAD,
    0x76, 0xAD, 0x76, 0xAD, 0x76, 0xAD, 0x76, 0xAD, 0x76, 0xAD, 0x76, 0xAD, 0x76, 0xAD, 0x76, 0xAD,
    0x76, 0xAD, 0x56, 0xAD, 0x56, 0xAD, 0x56, 0xAD, 0x56, 0xAD, 0x56, 0xAD, 0x56, 0xAD, 0x56, 0xAD,
    0x76, 0xAD, 0x56, 0xAD, 0x56, 0xAD, 0x76, 0xAD, 0x76, 0xAD, 0x76, 0xAD, 0x76, 0xAD, 0x76, 0xAD,
    0x76, 0xAD, 0x76, 0xAD, 0x76, 0xAD, 0x76, 0xAD, 0x76, 0xAD, 0x76, 0xAD, 0x76, 0xAD, 0x76, 0xAD,
    0x76, 0xAD, 0x76, 0xAD, 0x76, 0xAD, 0x76, 0xAD, 0x76, 0xAD, 0x76, 0xAD, 0x96, 0xAD, 0x96, 0xAD,
    0x96, 0xAD, 0x96, 0xAD, 0x96, 0xAD, 0x96, 0xAD, 0x96, 0xAD, 0x96, 0xAD, 0x96, 0xAD, 0x76, 0xAD,
    0x76, 0xAD, 0x76, 0xAD, 0x76, 0xAD, 0x76, 0xAD, 0x76, 0xAD, 0x76, 0xAD, 0x76, 0xAD, 0x76, 0xAD,
    0x76, 0xAD, 0x76, 0xAD, 0x76, 0xAD, 0x76, 0xAD, 0x96, 0xAD, 0x96, 0xAD, 0x96, 0xAD, 0x96, 0xAD,
    0x96, 0xAD, 0x96, 0xAD, 0x96, 0xAD, 0x96, 0xAD, 0x96, 0xAD, 0x96, 0xAD, 0x96, 0xAD, 0x96, 0xAD,
    0x96, 0xAD, 0x96, 0xAD, 0x96, 0xAD, 0x96, 0xAD, 0x96, 0xAD, 0x96, 0xAD, 0x96, 0xAD, 0x96, 0xAD,
    0x96, 0xAD, 0x96, 0xAD, 0x96, 0xAD, 0x96, 0xAD, 0x96, 0xB5, 0x96, 0xB5, 0x96, 0xB5, 0x96, 0xB5,
    0xB6, 0xB5, 0xB6, 0xB5, 0xB6, 0xB5, 0xB6, 0xB5, 0xB6, 0xB5, 0xB6, 0xB5, 0xB6, 0xB5, 0xB6, 0xB5,
    0xB6, 0xB5, 0x97, 0xB5, 0x97, 0xB5, 0x97, 0xB5, 0x96, 0xB5, 0xB6, 0xB5, 0xB6, 0xB5, 0xB6, 0xB5,
    0xB7, 0xB5, 0xB7, 0xB5, 0xB7, 0xB5, 0xB7, 0xB5, 0xB7, 0xB5, 0xB6, 0xB5, 0xB6, 0xB5, 0xB6, 0xB5,
    0xB6, 0xB5, 0xB6, 0xB5, 0xB6, 0xB5, 0xB6, 0xB5, 0xB6, 0xB5, 0xB6, 0xB5, 0xB6, 0xB5, 0xB6, 0xB5,
    0xB6, 0xB5, 0xB6, 0xB5, 0xB6, 0xB5, 0xB6, 0xB5, 0xB6, 0xB5, 0xB6, 0xB5, 0xB6, 0xB5, 0xB6, 0xB5,
    0xB6, 0xB5, 0xB6, 0xB5, 0xB6, 0xB5, 0xB6, 0xB5, 0xB6, 0xB5, 0xB6, 0xB5, 0xB6, 0xB5, 0xB6, 0xB5,
    0xB6, 0xB5, 0xB7, 0xB5, 0xB7, 0xB5, 0xB7, 0xB5, 0xB7, 0xB5, 0xB7, 0xB5, 0xB7, 0xB5, 0xB7, 0xB5,
    0xB7, 0xB5, 0xB7, 0xB5, 0xB6, 0xB5, 0xB6, 0xB5, 0x96, 0xB5, 0x96, 0xB5, 0x96, 0xB5, 0xB6, 0xB5,
    0xB6, 0xB5, 0x96, 0xB5, 0x96, 0xB5, 0x96, 0xB5, 0x96, 0xB5, 0x96, 0xB5, 0xB6, 0xB5, 0xB7, 0xB5,
    0xB7, 0xB5, 0xB7, 0xB5, 0xB7, 0xB5, 0x97, 0xB5, 0xB7, 0xB5, 0x97, 0xB5, 0xB7, 0xB5, 0xB7, 0xB5,
    0xB7, 0xB5, 0xB7, 0xB5, 0xB7, 0xB5, 0xB7, 0xB5, 0xB7, 0xB5, 0xB7, 0xB5, 0xB7, 0xB5, 0x96, 0xAD,
    0x96, 0xAD, 0x96, 0xAD, 0xF8, 0xBD, 0xDB, 0xD6, 0xDB, 0xD6, 0xDB, 0xD6, 0xBB, 0xD6, 0x9A, 0xCE,
    0x9A, 0xCE, 0x9A, 0xCE, 0x9A, 0xCE, 0x9A, 0xCE, 0x9A, 0xCE, 0x9A, 0xCE, 0x9A, 0xCE, 0x7A, 0xCE,
    0x7A, 0xCE, 0x7A, 0xCE, 0x5A, 0xCE, 0x59, 0xCE, 0x59, 0xCE, 0x59, 0xCE, 0x59, 0xCE, 0x59, 0xCE,
    0x59, 0xC6, 0x59, 0xC6, 0x38, 0xC6, 0x38, 0xC6, 0x38, 0xC6, 0x38, 0xC6, 0x38, 0xC6, 0x38, 0xC6,
    0x38, 0xC6, 0x39, 0xC6, 0x59, 0xCE, 0x59, 0xCE, 0x59, 0xCE, 0x79, 0xCE, 0x79, 0xCE, 0x79, 0xCE,
    0x79, 0xCE, 0x99, 0xD6, 0x99, 0xD6, 0x99, 0xD6, 0x9A, 0xD6, 0x9A, 0xD6, 0x9A, 0xD6, 0x9A, 0xD6,
    0x9A, 0xD6, 0x9A, 0xD6, 0x9A, 0xD6, 0xBA, 0xD6, 0xBA, 0xD6, 0xB9, 0xD6, 0xB9, 0xD6, 0xB9, 0xD6,
    0xB9, 0xD6, 0xB9, 0xD6, 0xB9, 0xD6, 0xB9, 0xD6, 0xB9, 0xD6, 0xB9, 0xD6, 0xB9, 0xD6, 0xB9, 0xD6,
    0x99, 0xD6, 0xB9, 0xD6, 0xB9, 0xD6, 0xB9, 0xD6, 0xB9, 0xD6, 0xB9, 0xD6, 0xBA, 0xD6, 0xBA, 0xD6,
    0xBA, 0xD6, 0xBA, 0xD6, 0xBA, 0xD6, 0xBA, 0xD6, 0xBA, 0xD6, 0xBA, 0xD6, 0xBA, 0xD6, 0xBA, 0xD6,
    0xD9, 0xD6, 0xB9, 0xD6, 0xB9, 0xD6, 0xB9, 0xD6, 0xB9, 0xD6, 0xB9, 0xD6, 0xDA, 0xD6, 0xB9, 0xD6,
    0xB9, 0xD6, 0xB9, 0xD6, 0xB9, 0xD6, 0xB9, 0xD6, 0xB9, 0xD6, 0x99, 0xD6, 0x99, 0xD6, 0x99, 0xD6,
    0xB9, 0xD6, 0xB9, 0xD6, 0xB9, 0xD6, 0xB9, 0xD6, 0x99, 0xD6, 0x99, 0xD6, 0xB9, 0xD6, 0xB9, 0xD6,
    0xB9, 0xD6, 0xB9, 0xDE, 0xB9, 0xDE, 0xB9, 0xDE, 0xB9, 0xD6, 0xB9, 0xD6, 0xB9, 0xD6, 0xB9, 0xD6,
    0xB9, 0xD6, 0xB9, 0xD6, 0xB9, 0xD6, 0x99, 0xD6, 0x98, 0xD6, 0x98, 0xD6, 0x98, 0xD6, 0x98, 0xD6,
    0x98, 0xD6, 0x78, 0xD6, 0x78, 0xD6, 0x78, 0xD6, 0x78, 0xCE, 0x78, 0xCE, 0x78, 0xD6, 0x78, 0xD6,
    0x78, 0xD6, 0x78, 0xD6, 0x78, 0xD6, 0x78, 0xD6, 0x57, 0xD6, 0x57, 0xD6, 0x57, 0xCE, 0x57, 0xCE,
    0x96, 0xAD, 0xB7, 0xB5, 0xB7, 0xB5, 0x97, 0xAD, 0x96, 0xAD, 0x96, 0xAD, 0x96, 0xAD, 0x96, 0xAD,
    0x76, 0xAD, 0x76, 0xAD, 0x76, 0xAD, 0x76, 0xAD, 0x76, 0xAD, 0x76, 0xAD, 0x76, 0xAD, 0x76, 0xAD,
    0x76, 0xAD, 0x76, 0xAD, 0x76, 0xAD, 0x76, 0xAD, 0x56, 0xAD, 0x76, 0xAD, 0x76, 0xAD, 0x76, 0xAD,
    0x76, 0xAD, 0x76, 0xAD, 0x76, 0xAD, 0x76, 0xAD, 0x76, 0xAD, 0x76, 0xAD, 0x76, 0xAD, 0x76, 0xAD,
    0x76, 0xAD, 0x76, 0xAD, 0x76, 0xAD, 0x96, 0xAD, 0x96, 0xAD, 0x96, 0xAD, 0x96, 0xAD, 0x96, 0xAD,
    0x96, 0xAD, 0x96, 0xAD, 0x96, 0xAD, 0x96, 0xAD, 0x96, 0xAD, 0x96, 0xAD, 0x96, 0xAD, 0x96, 0xAD,
    0x96, 0xAD, 0x96, 0xAD, 0x96, 0xAD, 0x96, 0xAD, 0x96, 0xAD, 0x96, 0xAD, 0x96, 0xAD, 0x96, 0xAD,
    0x96, 0xAD, 0x96, 0xAD, 0x96, 0xAD, 0x96, 0xAD, 0x96, 0xAD, 0x76, 0xAD, 0x76, 0xAD, 0x76, 0xAD,
    0x76, 0xAD, 0x96, 0xAD, 0x96, 0xAD, 0x96, 0xAD, 0x96, 0xAD, 0x96, 0xAD, 0xB6, 0xB5, 0xB6, 0xB5,
    0xB6, 0xB5, 0xB6, 0xB5, 0xB6, 0xB5, 0xB6, 0xB5, 0xB6, 0xB5, 0xB6, 0xB5, 0xB6, 0xB5, 0xB6, 0xB5,
    0xB6, 0xB5, 0xB6, 0xB5, 0xB6, 0xB5, 0xB6, 0xB5, 0xB6, 0xB5, 0xB6, 0xB5, 0xB6, 0xB5, 0xB6, 0xB5,
    0xB6, 0xB5, 0xB6, 0xB5, 0xB6, 0xB5, 0xB6, 0xB5, 0xB6, 0xB5, 0xB6, 0xB5, 0xB6, 0xB5, 0xB6, 0xB5,
    0xD6, 0xB5, 0xD7, 0xB5, 0xD7, 0xB5, 0xD7, 0xBD, 0xD7, 0xBD, 0xD7, 0xBD, 0xD7, 0xBD, 0xD7, 0xBD,
    0xD7, 0xBD, 0xB7, 0xBD, 0xB7, 0xBD, 0xB7, 0xBD, 0xB7, 0xBD, 0xB7, 0xBD, 0xB7, 0xB5, 0xB7, 0xB5,
    0xB7, 0xB5, 0xB7, 0xB5, 0xB7, 0xB5, 0xD7, 0xB5, 0xB7, 0xB5, 0xB7, 0xB5, 0xD7, 0xB5, 0xD7, 0xB5,
    0xD7, 0xB5, 0xD7, 0xB5, 0xD7, 0xB5, 0xD7, 0xB5, 0xD7, 0xB5, 0xD7, 0xB5, 0xD7, 0xB5, 0xD7, 0xB5,
    0xD7, 0xB5, 0xD7, 0xB5, 0xD7, 0xB5, 0xD7, 0xB5, 0xD7, 0xB5, 0xD7, 0xB5, 0xD7, 0xB5, 0xD7, 0xB5,
    0xD7, 0xB5, 0xD7, 0xB5, 0xD7, 0xB5, 0xD7, 0xB5, 0xD7, 0xB5, 0xD7, 0xB5, 0xD7, 0xB5, 0xD7, 0xB5,
    0xD7, 0xB5, 0xD7, 0xB5, 0xD7, 0xB5, 0xD7, 0xB5, 0xD7, 0xB5, 0xD7, 0xB5, 0xD7, 0xB5, 0xD7, 0xB5,
    0xD7, 0xB5, 0xD7, 0xB5, 0xD7, 0xB5, 0xD7, 0xB5, 0xB7, 0xB5, 0xB7, 0xB5, 0xB7, 0xB5, 0xB7, 0xB5,
    0xB7, 0xB5, 0xB7, 0xB5, 0xB6, 0xB5, 0xB6, 0xB5, 0xB6, 0xB5, 0xB6, 0xB5, 0xB6, 0xB5, 0xB6, 0xB5,
    0xB6, 0xB5, 0xB7, 0xB5, 0xB7, 0xB5, 0xD7, 0xB5, 0xD7, 0xB5, 0xB7, 0xB5, 0xB7, 0xB5, 0xB7, 0xB5,
    0xB7, 0xB5, 0xB6, 0xB5, 0xB7, 0xB5, 0xD7, 0xB5, 0xD7, 0xB5, 0xB7, 0xB5, 0xB7, 0xB5, 0xB7, 0xB5,
    0xB7, 0xB5, 0xB6, 0xB5, 0xF8, 0xBD, 0xBB, 0xD6, 0xDB, 0xD6, 0xDB, 0xD6, 0xBB, 0xD6, 0x9A, 0xCE,
    0x9A, 0xCE, 0x9A, 0xCE, 0x7A, 0xCE, 0x7A, 0xCE, 0x7A, 0xCE, 0x7A, 0xCE, 0x7A, 0xCE, 0x7A, 0xCE,
    0x7A, 0xCE, 0x7A, 0xCE, 0x59, 0xCE, 0x59, 0xCE, 0x59, 0xCE, 0x59, 0xC6, 0x58, 0xC6, 0x58, 0xC6,
    0x38, 0xC6, 0x38, 0xC6, 0x38, 0xC6, 0x38, 0xC6, 0x38, 0xC6, 0x38, 0xC6, 0x38, 0xC6, 0x38, 0xC6,
    0x58, 0xCE, 0x58, 0xCE, 0x59, 0xCE, 0x59, 0xCE, 0x79, 0xD6, 0x79, 0xD6, 0x99, 0xD6, 0x99, 0xD6,
    0x99, 0xD6, 0x9A, 0xD6, 0x9A, 0xD6, 0x9A, 0xD6, 0xBA, 0xD6, 0xBA, 0xD6, 0xBA, 0xD6, 0xBA, 0xD6,
    0xBA, 0xD6, 0xBA, 0xD6, 0xBA, 0xD6, 0xBA, 0xD6, 0xBA, 0xD6, 0xB9, 0xD6, 0xB9, 0xD6, 0xB9, 0xD6,
    0xB9, 0xD6, 0xB9, 0xD6, 0xB9, 0xD6, 0xB9, 0xD6, 0xB9, 0xD6, 0xB9, 0xD6, 0xB9, 0xDE, 0xB9, 0xDE,
    0xB9, 0xD6, 0xB9, 0xD6, 0xB9, 0xD6, 0xB9, 0xD6, 0xB9, 0xD6, 0xB9, 0xD6, 0xB9, 0xD6, 0xBA, 0xDE,
    0xDA, 0xD6, 0xDA, 0xDE, 0xDA, 0xDE, 0xDA, 0xDE, 0xDA, 0xDE, 0xDA, 0xDE, 0xDA, 0xDE, 0xDA, 0xDE,
    0xDA, 0xDE, 0xD9, 0xDE, 0xD9, 0xDE, 0xD9, 0xDE, 0xD9, 0xDE, 0xD9, 0xDE, 0xD9, 0xDE, 0xDA, 0xDE,
    0xB9, 0xDE, 0xD9, 0xDE, 0xD9, 0xDE, 0xB9, 0xDE, 0xB9, 0xDE, 0xB9, 0xDE, 0xB9, 0xDE, 0xB9, 0xDE,
    0xB9, 0xD6, 0xB9, 0xD6, 0xB9, 0xD6, 0xB9, 0xD6, 0xB9, 0xDE, 0xB9, 0xDE, 0xB9, 0xDE, 0xB9, 0xDE,
    0xB9, 0xD6, 0xB9, 0xD6, 0xB9, 0xD6, 0xB9, 0xD6, 0xB9, 0xD6, 0x99, 0xD6, 0x99, 0xD6, 0xB9, 0xD6,
    0x98, 0xD6, 0x98, 0xD6, 0x98, 0xD6, 0x98, 0xD6, 0x98, 0xD6, 0x98, 0xD6, 0x98, 0xD6, 0x98, 0xD6,
    0x98, 0xD6, 0x98, 0xD6, 0x98, 0xD6, 0x98, 0xD6, 0x98, 0xD6, 0x78, 0xD6, 0x78, 0xD6, 0x58, 0xD6,
    0x58, 0xD6, 0x57, 0xCE, 0x57, 0xD6, 0x78, 0xD6, 0x57, 0xD6, 0x58, 0xD6, 0x78, 0xD6, 0x78, 0xD6,
    0x96, 0xAD, 0x96, 0xAD, 0x96, 0xAD, 0x96, 0xAD, 0x96, 0xAD, 0x96, 0xAD, 0x96, 0xAD, 0x76, 0xAD,
    0x76, 0xAD, 0x76, 0xAD, 0x76, 0xAD, 0x76, 0xAD, 0x76, 0xAD, 0x76, 0xAD, 0x76, 0xAD, 0x76, 0xAD,
    0x76, 0xAD, 0x56, 0xAD, 0x56, 0xAD, 0x56, 0xAD, 0x56, 0xAD, 0x56, 0xAD, 0x56, 0xAD, 0x76, 0xAD,
    0x76, 0xAD, 0x76, 0xAD, 0x76, 0xAD, 0x76, 0xAD, 0x76, 0xAD, 0x76, 0xAD, 0x76, 0xAD, 0x76, 0xAD,
    0x76, 0xAD, 0x76, 0xAD, 0x76, 0xAD, 0x96, 0xAD, 0x96, 0xAD, 0x96, 0xAD, 0x96, 0xAD, 0x96, 0xAD,
    0x96, 0xAD, 0x96, 0xAD, 0x96, 0xAD, 0x96, 0xAD, 0x96, 0xAD, 0x96, 0xAD, 0x96, 0xAD, 0x96, 0xAD,
    0x96, 0xAD, 0x96, 0xAD, 0x96, 0xAD, 0x96, 0xAD, 0x96, 0xAD, 0x96, 0xAD, 0x96, 0xAD, 0x96, 0xAD,
    0x96, 0xAD, 0x96, 0xAD, 0x96, 0xAD, 0x96, 0xAD, 0x96, 0xAD, 0x76, 0xAD, 0x76, 0xAD, 0x76, 0xAD,
    0x76, 0xAD, 0x76, 0xAD, 0x76, 0xAD, 0x96, 0xAD, 0x96, 0xAD, 0x96, 0xAD, 0x96, 0xAD, 0x96, 0xAD,
    0x96, 0xAD, 0x96, 0xB5, 0xB6, 0xB5, 0xB6, 0xB5, 0xB6, 0xB5, 0xB6, 0xB5, 0xB6, 0xB5, 0xB6, 0xB5,
    0xB6, 0xB5, 0xB6, 0xB5, 0xB6, 0xB5, 0xB6, 0xB5, 0xB6, 0xB5, 0xB6, 0xB5, 0xB6, 0xB5, 0xB6, 0xB5,
    0xB6, 0xB5, 0xB6, 0xB5, 0xB6, 0xB5, 0xB6, 0xB5, 0xB6, 0xB5, 0xB6, 0xB5, 0xB6, 0xB5, 0xB6, 0xB5,
    0xB6, 0xB5, 0xD6, 0xB5, 0xD6, 0xB5, 0xB7, 0xB5, 0xB7, 0xB5, 0xB7, 0xB5, 0xB7, 0xB5, 0xB7, 0xB5,
    0xB7, 0xB5, 0xB7, 0xB5, 0xB7, 0xB5, 0xB7, 0xB5, 0xB7, 0xB5, 0xB7, 0xB5, 0xB7, 0xB5, 0xB6, 0xB5,
    0xB7, 0xB5, 0xB7, 0xB5, 0xB6, 0xB5, 0xD6, 0xB5, 0xB6, 0xB5, 0xB6, 0xB5, 0xD6, 0xB5, 0xD6, 0xB5,
    0xD6, 0xB5, 0xD7, 0xB5, 0xD7, 0xB5, 0xD7, 0xB5, 0xD7, 0xB5, 0xD7, 0xB5, 0xD7, 0xB5, 0xD7, 0xB5,
    0xD7, 0xB5, 0xD7, 0xB5, 0xD7, 0xB5, 0xD7, 0xB5, 0xD7, 0xB5, 0xD7, 0xB5, 0xD7, 0xB5, 0xD7, 0xB5,
    0xD7, 0xB5, 0xD7, 0xB5, 0xD7, 0xB5, 0xD7, 0xB5, 0xD7, 0xB5, 0xD7, 0xB5, 0xD6, 0xB5, 0xD6, 0xB5,
    0xD6, 0xB5, 0xD6, 0xB5, 0xD6, 0xB5, 0xD6, 0xB5, 0xD6, 0xB5, 0xD6, 0xB5, 0xD6, 0xB5, 0xD6, 0xB5,
    0xD6, 0xB5, 0xD6, 0xB5, 0xD6, 0xB5, 0xD6, 0xB5, 0xB6, 0xB5, 0xB6, 0xB5, 0xB6, 0xB5, 0xB6, 0xB5,
    0xB6, 0xB5, 0xB6, 0xB5, 0xB6, 0xB5, 0xB6, 0xB5, 0xB6, 0xB5, 0xB6, 0xB5, 0xB6, 0xB5, 0xB6, 0xB5,
    0xB6, 0xB5, 0xB6, 0xB5, 0xB6, 0xB5, 0xD7, 0xB5, 0xD7, 0xB5, 0xB6, 0xB5, 0xB7, 0xB5, 0xB7, 0xB5,
    0xB6, 0xB5, 0xB6, 0xB5, 0xB7, 0xB5, 0xB6, 0xB5, 0xB7, 0xB5, 0xB6, 0xB5, 0xB6, 0xB5, 0xB6, 0xB5,
    0xB6, 0xB5, 0x96, 0xAD, 0xD7, 0xB5, 0x9A, 0xCE, 0xBA, 0xD6, 0xDB, 0xD6, 0xBA, 0xD6, 0x9A, 0xCE,
    0x9A, 0xCE, 0x9A, 0xCE, 0x9A, 0xCE, 0x9A, 0xCE, 0x79, 0xCE, 0x79, 0xCE, 0x79, 0xCE, 0x79, 0xCE,
    0x79, 0xCE, 0x59, 0xCE, 0x59, 0xCE, 0x59, 0xCE, 0x59, 0xCE, 0x59, 0xCE, 0x38, 0xC6, 0x38, 0xC6,
    0x38, 0xC6, 0x38, 0xC6, 0x38, 0xC6, 0x38, 0xC6, 0x38, 0xC6, 0x38, 0xC6, 0x38, 0xC6, 0x38, 0xC6,
    0x58, 0xCE, 0x58, 0xCE, 0x59, 0xCE, 0x59, 0xCE, 0x79, 0xD6, 0x79, 0xD6, 0x99, 0xD6, 0x99, 0xD6,
    0x99, 0xD6, 0x99, 0xD6, 0x99, 0xD6, 0x99, 0xD6, 0xB9, 0xD6, 0xB9, 0xD6, 0xB9, 0xD6, 0xB9, 0xD6,
    0xB9, 0xD6, 0xBA, 0xD6, 0xBA, 0xD6, 0xB9, 0xD6, 0xB9, 0xD6, 0xB9, 0xD6, 0xB9, 0xD6, 0xB9, 0xD6,
    0xB9, 0xD6, 0xB9, 0xD6, 0xB9, 0xD6, 0xB9, 0xDE, 0xB9, 0xDE, 0xB9, 0xDE, 0xB9, 0xDE, 0xB9, 0xDE,
    0xB9, 0xDE, 0xB9, 0xDE, 0xB9, 0xDE, 0xB9, 0xDE, 0xB9, 0xDE, 0xB9, 0xD6, 0xB9, 0xDE, 0xDA, 0xDE,
    0xD9, 0xDE, 0xD9, 0xDE, 0xD9, 0xDE, 0xDA, 0xDE, 0xDA, 0xDE, 0xDA, 0xDE, 0xFA, 0xDE, 0xFA, 0xDE,
    0xDA, 0xDE, 0xDA, 0xDE, 0xD9, 0xDE, 0xD9, 0xDE, 0xD9, 0xDE, 0xD9, 0xDE, 0xD9, 0xDE, 0xD9, 0xDE,
    0xD9, 0xDE, 0xD9, 0xDE, 0xD9, 0xDE, 0xB9, 0xDE, 0xB9, 0xDE, 0xB9, 0xDE, 0xB9, 0xDE, 0xB9, 0xDE,
    0xB9, 0xDE, 0xB9, 0xDE, 0xB9, 0xDE, 0xB9, 0xDE, 0xB9, 0xDE, 0xB9, 0xDE, 0xB9, 0xDE, 0xB9, 0xDE,
    0x99, 0xDE, 0x99, 0xD6, 0x98, 0xD6, 0x98, 0xD6, 0x98, 0xD6, 0x98, 0xD6, 0x98, 0xD6, 0x98, 0xD6,
    0x98, 0xD6, 0x98, 0xD6, 0x98, 0xD6, 0x98, 0xD6, 0x98, 0xD6, 0x78, 0xD6, 0x78, 0xD6, 0x78, 0xD6,
    0x78, 0xD6, 0x78, 0xD6, 0x78, 0xD6, 0x78, 0xD6, 0x78, 0xD6, 0x78, 0xD6, 0x78, 0xD6, 0x78, 0xD6,
    0x78, 0xD6, 0x78, 0xD6, 0x78, 0xD6, 0x78, 0xD6, 0x58, 0xD6, 0x78, 0xD6, 0x78, 0xD6, 0x78, 0xD6,
    0x96, 0xAD, 0x96, 0xAD, 0x96, 0xAD, 0x96, 0xAD, 0x96, 0xAD, 0x96, 0xAD, 0x96, 0xAD, 0x76, 0xAD,
    0x76, 0xAD, 0x76, 0xAD, 0x76, 0xAD, 0x76, 0xAD, 0x76, 0xAD, 0x96, 0xAD, 0x76, 0xAD, 0x76, 0xAD,
    0x76, 0xAD, 0x76, 0xAD, 0x76, 0xAD, 0x76, 0xAD, 0x76, 0xAD, 0x76, 0xAD, 0x76, 0xAD, 0x76, 0xAD,
    0x76, 0xAD, 0x76, 0xAD, 0x76, 0xAD, 0x76, 0xAD, 0x76, 0xAD, 0x76, 0xAD, 0x76, 0xAD, 0x76, 0xAD,
    0x76, 0xAD, 0x76, 0xAD, 0x96, 0xAD, 0x96, 0xAD, 0x96, 0xAD, 0x96, 0xAD, 0x96, 0xAD, 0x96, 0xAD,
    0x96, 0xAD, 0x96, 0xAD, 0x96, 0xAD, 0x96, 0xAD, 0x96, 0xAD, 0x96, 0xAD, 0x96, 0xAD, 0x96, 0xAD,
    0x96, 0xAD, 0x96, 0xAD, 0x96, 0xAD, 0x96, 0xAD, 0x96, 0xAD, 0x96, 0xAD, 0x96, 0xAD, 0x96, 0xAD,
    0x96, 0xAD, 0x96, 0xAD, 0x96, 0xAD, 0x96, 0xAD, 0x96, 0xAD, 0x96, 0xAD, 0x76, 0xAD, 0x76, 0xAD,
    0x76, 0xAD, 0x76, 0xAD, 0x76, 0xAD, 0x96, 0xAD, 0x96, 0xAD, 0x96, 0xAD, 0x96, 0xAD, 0x96, 0xAD,
    0xB6, 0xAD, 0xB6, 0xB5, 0xB6, 0xB5, 0xB6, 0xB5, 0xB6, 0xB5, 0xB6, 0xB5, 0xB6, 0xB5, 0xB6, 0xB5,
    0xB6, 0xB5, 0xB6, 0xB5, 0xB6, 0xB5, 0xB6, 0xB5, 0xB6, 0xB5, 0xB6, 0xB5, 0xB6, 0xB5, 0xB6, 0xB5,
    0xB6, 0xB5, 0xB6, 0xB5, 0xB6, 0xB5, 0xB6, 0xB5, 0xB6, 0xB5, 0xB6, 0xB5, 0xB6, 0xB5, 0xB6, 0xB5,
    0xB6, 0xB5, 0xD6, 0xB5, 0xD6, 0xB5, 0xB7, 0xB5, 0xB7, 0xB5, 0xB7, 0xBD, 0xB7, 0xBD, 0xB7, 0xBD,
    0xB7, 0xBD, 0xB7, 0xBD, 0xB7, 0xBD, 0xB7, 0xBD, 0xB7, 0xB5, 0xB7, 0xB5, 0xB7, 0xB5, 0xB6, 0xB5,
    0xB7, 0xB5, 0xD7, 0xB5, 0xD6, 0xB5, 0xD6, 0xB5, 0xD6, 0xB5, 0xB6, 0xB5, 0xD6, 0xB5, 0xD6, 0xB5,
    0xD6, 0xB5, 0xD6, 0xB5, 0xD6, 0xB5, 0xD6, 0xB5, 0xD6, 0xB5, 0xD6, 0xB5, 0xD6, 0xB5, 0xD6, 0xB5,
    0xD6, 0xB5, 0xD6, 0xB5, 0xD6, 0xB5, 0xD7, 0xB5, 0xD7, 0xB5, 0xD7, 0xB5, 0xD7, 0xB5, 0xD7, 0xB5,
    0xD7, 0xB5, 0xD7, 0xB5, 0xD7, 0xB5, 0xD6, 0xB5, 0xD6, 0xB5, 0xD6, 0xB5, 0xD6, 0xB5, 0xD6, 0xB5,
    0xD6, 0xB5, 0xD6, 0xB5, 0xD6, 0xB5, 0xD6, 0xB5, 0xD6, 0xB5, 0xD6, 0xB5, 0xD6, 0xB5, 0xD6, 0xB5,
    0xD6, 0xB5, 0xD6, 0xB5, 0xD6, 0xB5, 0xD6, 0xB5, 0xB6, 0xB5, 0xB6, 0xB5, 0xB6, 0xB5, 0xB6, 0xB5,
    0xB6, 0xB5, 0xB6, 0xB5, 0xB6, 0xB5, 0xB6, 0xB5, 0xB6, 0xB5, 0xB6, 0xB5, 0xB6, 0xB5, 0xB6, 0xB5,
    0xB6, 0xB5, 0xB6, 0xB5, 0xB6, 0xB5, 0xB6, 0xB5, 0xB6, 0xB5, 0xB6, 0xB5, 0xB6, 0xB5, 0xB6, 0xB5,
    0xB6, 0xB5, 0xD6, 0xB5, 0xD6, 0xB5, 0xB6, 0xB5, 0xB6, 0xB5, 0xB6, 0xB5, 0xD6, 0xB5, 0xD6, 0xB5,
    0xD6, 0xB5, 0x96, 0xAD, 0xB6, 0xB5, 0x79, 0xCE, 0xDA, 0xD6, 0xDA, 0xD6, 0xBA, 0xD6, 0x9A, 0xCE,
    0x9A, 0xCE, 0x9A, 0xCE, 0x99, 0xCE, 0x99, 0xCE, 0x99, 0xCE, 0x99, 0xCE, 0x79, 0xCE, 0x79, 0xCE,
    0x79, 0xCE, 0x79, 0xCE, 0x79, 0xCE, 0x59, 0xCE, 0x59, 0xCE, 0x59, 0xCE, 0x58, 0xC6, 0x38, 0xC6,
    0x38, 0xC6, 0x38, 0xC6, 0x38, 0xC6, 0x38, 0xC6, 0x38, 0xC6, 0x38, 0xC6, 0x38, 0xC6, 0x38, 0xC6,
    0x58, 0xCE, 0x58, 0xCE, 0x79, 0xCE, 0x79, 0xCE, 0x79, 0xD6, 0x99, 0xD6, 0x99, 0xD6, 0x99, 0xD6,
    0x99, 0xD6, 0xB9, 0xD6, 0xB9, 0xD6, 0xB9, 0xD6, 0xB9, 0xD6, 0xB9, 0xD6, 0xB9, 0xD6, 0xB9, 0xD6,
    0xB9, 0xD6, 0xB9, 0xD6, 0xB9, 0xD6, 0xB9, 0xD6, 0xB9, 0xD6, 0xB9, 0xD6, 0xB9, 0xD6, 0xB9, 0xD6,
    0xB9, 0xD6, 0xB9, 0xDE, 0xB9, 0xDE, 0xB9, 0xDE, 0xB9, 0xDE, 0xB9, 0xDE, 0xB9, 0xDE, 0xB9, 0xDE,
    0xB9, 0xDE, 0xB9, 0xDE, 0xB8, 0xDE, 0xB8, 0xDE, 0xB8, 0xDE, 0xB9, 0xDE, 0xD9, 0xDE, 0xD9, 0xDE,
    0xD9, 0xDE, 0xD9, 0xDE, 0xD9, 0xDE, 0xDA, 0xDE, 0xDA, 0xDE, 0xDA, 0xDE, 0xD9, 0xDE, 0xD9, 0xDE,
    0xD9, 0xDE, 0xDA, 0xDE, 0xD9, 0xDE, 0xD9, 0xDE, 0xD9, 0xDE, 0xD9, 0xDE, 0xD9, 0xDE, 0xD9, 0xDE,
    0xD9, 0xDE, 0xB9, 0xDE, 0xB9, 0xDE, 0xB9, 0xDE, 0xB9, 0xDE, 0x99, 0xDE, 0x98, 0xDE, 0x98, 0xD6,
    0x98, 0xD6, 0x98, 0xD6, 0x98, 0xD6, 0x98, 0xD6, 0x98, 0xD6, 0x99, 0xDE, 0xB9, 0xDE, 0xB9, 0xDE,
    0xB9, 0xDE, 0xB9, 0xDE, 0xB9, 0xDE, 0xB8, 0xDE, 0xB8, 0xDE, 0x98, 0xD6, 0x98, 0xD6, 0x98, 0xD6,
    0x98, 0xD6, 0x98, 0xD6, 0x98, 0xD6, 0x98, 0xD6, 0x98, 0xD6, 0x98, 0xD6, 0x78, 0xD6, 0x78, 0xD6,
    0x78, 0xD6, 0x78, 0xD6, 0x78, 0xD6, 0x78, 0xD6, 0x78, 0xD6, 0x78, 0xD6, 0x78, 0xD6, 0x78, 0xD6,
    0x78, 0xD6, 0x78, 0xD6, 0x78, 0xD6, 0x78, 0xD6, 0x58, 0xD6, 0x78, 0xD6, 0x78, 0xD6, 0x78, 0xD6,
    0x96, 0xAD, 0x96, 0xAD, 0x96, 0xAD, 0x96, 0xAD, 0x96, 0xAD, 0x96, 0xAD, 0x96, 0xAD, 0x76, 0xAD,
    0x76, 0xAD, 0x76, 0xAD, 0x76, 0xAD, 0x76, 0xAD, 0x76, 0xAD, 0x96, 0xAD, 0x76, 0xAD, 0x76, 0xAD,
    0x76, 0xAD, 0x76, 0xAD, 0x76, 0xAD, 0x76, 0xAD, 0x76, 0xAD, 0x76, 0xAD, 0x76, 0xAD, 0x76, 0xAD,
    0x76, 0xAD, 0x76, 0xAD, 0x76, 0xAD, 0x76, 0xAD, 0x76, 0xAD, 0x76, 0xAD, 0x76, 0xAD, 0x76, 0xAD,
    0x76, 0xAD, 0x76, 0xAD, 0x96, 0xAD, 0x96, 0xAD, 0x96, 0xAD, 0x96, 0xAD, 0x96, 0xAD, 0x96, 0xAD,
    0x96, 0xAD, 0x96, 0xAD, 0x96, 0xAD, 0x96, 0xAD, 0x96, 0xAD, 0x96, 0xAD, 0x96, 0xAD, 0x96, 0xAD,
    0x96, 0xAD, 0x96, 0xAD, 0x96, 0xAD, 0x96, 0xAD, 0x96, 0xAD, 0x96, 0xAD, 0x96, 0xAD, 0x96, 0xAD,
    0x96, 0xAD, 0x96, 0xAD, 0x96, 0xAD, 0x96, 0xAD, 0x96, 0xAD, 0x96, 0xAD, 0x76, 0xAD, 0x76, 0xAD,
    0x76, 0xAD, 0x76, 0xAD, 0x76, 0xAD, 0x96, 0xAD, 0x96, 0xAD, 0x96, 0xAD, 0x96, 0xAD, 0xB6, 0xAD,
    0xB6, 0xAD, 0xB6, 0xB5, 0xB6, 0xB5, 0xB6, 0xB5, 0xB6, 0xB5, 0xB6, 0xB5, 0xB6, 0xB5, 0xB6, 0xB5,
    0xB6, 0xB5, 0xB6, 0xB5, 0xB6, 0xB5, 0xB6, 0xB5, 0xB6, 0xB5, 0xB6, 0xB5, 0xB6, 0xB5, 0xB6, 0xB5,
    0xB6, 0xB5, 0xB6, 0xB5, 0xB6, 0xB5, 0xB6, 0xB5, 0xB6, 0xB5, 0xB6, 0xB5, 0xB6, 0xB5, 0xB6, 0xB5,
    0xB6, 0xB5, 0xD6, 0xB5, 0xD6, 0xB5, 0xD7, 0xB5, 0xB7, 0xB5, 0xD7, 0xB5, 0xD7, 0xB5, 0xD7, 0xB5,
    0xD7, 0xBD, 0xD7, 0xBD, 0xD7, 0xBD, 0xD7, 0xBD, 0xD7, 0xB5, 0xD7, 0xB5, 0xD7, 0xB5, 0xB6, 0xB5,
    0xB6, 0xB5, 0xD6, 0xB5, 0xD6, 0xB5, 0xD6, 0xB5, 0xD6, 0xB5, 0xB6, 0xB5, 0xD6, 0xB5, 0xD6, 0xB5,
    0xD6, 0xB5, 0xD6, 0xB5, 0xD6, 0xB5, 0xD6, 0xB5, 0xD6, 0xB5, 0xD6, 0xB5, 0xD6, 0xB5, 0xD6, 0xB5,
    0xD6, 0xB5, 0xD6, 0xB5, 0xD6, 0xB5, 0xD6, 0xB5, 0xD6, 0xB5, 0xD6, 0xB5, 0xD6, 0xB5, 0xD6, 0xB5,
    0xD6, 0xB5, 0xD7, 0xB5, 0xD7, 0xB5, 0xD6, 0xB5, 0xD6, 0xB5, 0xD6, 0xB5, 0xD6, 0xB5, 0xD6, 0xB5,
    0xD6, 0xB5, 0xD6, 0xB5, 0xD6, 0xB5, 0xD6, 0xB5, 0xD6, 0xB5, 0xD6, 0xB5, 0xD6, 0xB5, 0xD6, 0xB5,
    0xD6, 0xB5, 0xD6, 0xB5, 0xD6, 0xB5, 0xD6, 0xB5, 0xB6, 0xB5, 0xB6, 0xB5, 0xB6, 0xB5, 0xB6, 0xB5,
    0xB6, 0xB5, 0xB6, 0xB5, 0xB6, 0xB5, 0xB6, 0xB5, 0xB6, 0xB5, 0xB6, 0xB5, 0xB6, 0xB5, 0xB6, 0xB5,
    0xB6, 0xB5, 0xB6, 0xB5, 0xB6, 0xB5, 0xB6, 0xB5, 0xB6, 0xB5, 0xB6, 0xB5, 0xB6, 0xB5, 0xD6, 0xB5,
    0xD6, 0xB5, 0xD6, 0xB5, 0xD6, 0xB5, 0xB6, 0xB5, 0xB6, 0xB5, 0xD6, 0xB5, 0xD6, 0xB5, 0xD6, 0xB5,
    0xB6, 0xB5, 0xB6, 0xAD, 0xB6, 0xB5, 0x58, 0xC6, 0xDA, 0xD6, 0xDA, 0xD6, 0xBA, 0xD6, 0x9A, 0xCE,
    0x9A, 0xCE, 0x9A, 0xCE, 0x99, 0xCE, 0x99, 0xCE, 0x99, 0xCE, 0x99, 0xCE, 0x79, 0xCE, 0x79, 0xCE,
    0x79, 0xCE, 0x79, 0xCE, 0x79, 0xCE, 0x59, 0xCE, 0x59, 0xCE, 0x79, 0xCE, 0x58, 0xC6, 0x38, 0xC6,
    0x38, 0xC6, 0x38, 0xC6, 0x38, 0xC6, 0x38, 0xC6, 0x38, 0xC6, 0x38, 0xC6, 0x38, 0xC6, 0x38, 0xC6,
    0x58, 0xCE, 0x58, 0xCE, 0x79, 0xCE, 0x79, 0xCE, 0x79, 0xD6, 0x99, 0xD6, 0x99, 0xD6, 0x99, 0xD6,
    0x99, 0xD6, 0xB9, 0xD6, 0xB9, 0xD6, 0xB9, 0xD6, 0xB9, 0xD6, 0xB9, 0xD6, 0xB9, 0xD6, 0xB9, 0xD6,
    0xB9, 0xD6, 0xB9, 0xD6, 0xB9, 0xD6, 0xB9, 0xD6, 0xB9, 0xD6, 0xB9, 0xD6, 0xB9, 0xD6, 0xB9, 0xDE,
    0xB9, 0xDE, 0xB9, 0xDE, 0xB9, 0xDE, 0xB9, 0xDE, 0xB9, 0xDE, 0xB9, 0xDE, 0xB9, 0xDE, 0xB9, 0xDE,
    0xB9, 0xDE, 0xB8, 0xDE, 0xB8, 0xDE, 0xD9, 0xDE, 0xD9, 0xDE, 0xB9, 0xDE, 0xD9, 0xDE, 0xD9, 0xDE,
    0xD9, 0xDE, 0xD9, 0xDE, 0xD9, 0xDE, 0xDA, 0xDE, 0xDA, 0xDE, 0xDA, 0xDE, 0xD9, 0xDE, 0xD9, 0xDE,
    0xFA, 0xDE, 0xDA, 0xDE, 0xD9, 0xDE, 0xD9, 0xDE, 0xD9, 0xDE, 0xD9, 0xDE, 0xB9, 0xDE, 0xB9, 0xDE,
    0xD9, 0xDE, 0xB9, 0xDE, 0xB9, 0xDE, 0xB9, 0xDE, 0x98, 0xD6, 0x78, 0xD6, 0x78, 0xD6, 0x78, 0xD6,
    0x57, 0xCE, 0x57, 0xCE, 0x57, 0xD6, 0x57, 0xCE, 0x58, 0xD6, 0x98, 0xDE, 0xB9, 0xDE, 0xFA, 0xE6,
    0xFA, 0xE6, 0xD9, 0xE6, 0xF9, 0xDE, 0xF9, 0xDE, 0xD9, 0xDE, 0x98, 0xD6, 0x98, 0xD6, 0x98, 0xD6,
    0x98, 0xD6, 0x98, 0xD6, 0x98, 0xD6, 0x98, 0xD6, 0x98, 0xD6, 0x98, 0xD6, 0x98, 0xD6, 0x78, 0xD6,
    0x78, 0xD6, 0x78, 0xD6, 0x78, 0xD6, 0x78, 0xD6, 0x78, 0xD6, 0x78, 0xD6, 0x78, 0xD6, 0x78, 0xD6,
    0x78, 0xD6, 0x78, 0xD6, 0x78, 0xD6, 0x78, 0xD6, 0x58, 0xD6, 0x78, 0xD6, 0x78, 0xD6, 0x58, 0xD6,
    0xB6, 0xB5, 0xB6, 0xB5, 0xB6, 0xB5, 0xB6, 0xB5, 0xB6, 0xB5, 0xB6, 0xB5, 0x96, 0xAD, 0x96, 0xAD,
    0x96, 0xAD, 0x96, 0xAD, 0x96, 0xAD, 0x76, 0xAD, 0x76, 0xAD, 0x76, 0xAD, 0x76, 0xAD, 0x76, 0xAD,
    0x76, 0xAD, 0x96, 0xAD, 0x96, 0xAD, 0x96, 0xAD, 0x76, 0xAD, 0x76, 0xAD, 0x76, 0xAD, 0x76, 0xAD,
    0x76, 0xAD, 0x76, 0xAD, 0x76, 0xAD, 0x76, 0xAD, 0x96, 0xAD, 0x96, 0xAD, 0x96, 0xAD, 0x76, 0xAD,
    0x76, 0xAD, 0x96, 0xAD, 0x96, 0xAD, 0x96, 0xAD, 0x96, 0xAD, 0x96, 0xAD, 0x96, 0xAD, 0x96, 0xAD,
    0x96, 0xAD, 0x96, 0xAD, 0x96, 0xAD, 0x96, 0xAD, 0x96, 0xAD, 0x96, 0xAD, 0x96, 0xAD, 0x96, 0xAD,
    0x96, 0xAD, 0x96, 0xAD, 0x96, 0xAD, 0x96, 0xAD, 0x96, 0xAD, 0x96, 0xAD, 0x96, 0xAD, 0x96, 0xAD,
    0x96, 0xAD, 0x96, 0xAD, 0x96, 0xAD, 0x96, 0xAD, 0x96, 0xAD, 0x96, 0xAD, 0x96, 0xAD, 0x96, 0xAD,
    0x96, 0xAD, 0x96, 0xAD, 0x96, 0xAD, 0x96, 0xAD, 0x96, 0xAD, 0x96, 0xAD, 0x96, 0xAD, 0x96, 0xAD,
    0x96, 0xAD, 0x96, 0xAD, 0xB6, 0xB5, 0xB7, 0xB5, 0xB7, 0xB5, 0xB6, 0xB5, 0xB6, 0xB5, 0xB6, 0xB5,
    0xB6, 0xB5, 0xB6, 0xB5, 0xB6, 0xB5, 0xB6, 0xB5, 0xB6, 0xB5, 0xB6, 0xB5, 0xB6, 0xB5, 0xB6, 0xB5,
    0xB6, 0xB5, 0xB6, 0xB5, 0xB6, 0xB5, 0xB6, 0xB5, 0xB6, 0xB5, 0xB6, 0xB5, 0xB6, 0xB5, 0xB6, 0xB5,
    0xB6, 0xB5, 0xD6, 0xB5, 0xD6, 0xB5, 0xD7, 0xB5, 0xD7, 0xB5, 0xD7, 0xB5, 0xD7, 0xB5, 0xD7, 0xB5,
    0xD7, 0xBD, 0xD7, 0xBD, 0xD7, 0xBD, 0xD7, 0xBD, 0xD7, 0xB5, 0xD7, 0xB5, 0xD7, 0xB5, 0xB6, 0xB5,
    0xB6, 0xB5, 0xB6, 0xB5, 0xD6, 0xB5, 0xD6, 0xB5, 0xD6, 0xB5, 0xD6, 0xB5, 0xD6, 0xB5, 0xD6, 0xB5,
    0xD6, 0xB5, 0xD6, 0xB5, 0xD6, 0xB5, 0xD6, 0xB5, 0xD6, 0xB5, 0xD6, 0xB5, 0xD6, 0xB5, 0xD6, 0xB5,
    0xD6, 0xB5, 0xD6, 0xB5, 0xD6, 0xB5, 0xD6, 0xB5, 0xD6, 0xB5, 0xD6, 0xB5, 0xD6, 0xB5, 0xD6, 0xB5,
    0xD6, 0xB5, 0xD6, 0xB5, 0xD6, 0xB5, 0xD6, 0xB5, 0xD6, 0xB5, 0xD6, 0xB5, 0xD7, 0xB5, 0xD7, 0xB5,
    0xD7, 0xB5, 0xD6, 0xB5, 0xD6, 0xB5, 0xD6, 0xB5, 0xD6, 0xB5, 0xD6, 0xB5, 0xD6, 0xB5, 0xD6, 0xB5,
    0xD6, 0xB5, 0xD6, 0xB5, 0xD6, 0xB5, 0xD6, 0xB5, 0xB6, 0xB5, 0xB6, 0xB5, 0xB6, 0xB5, 0xB6, 0xB5,
    0xB6, 0xB5, 0xB6, 0xB5, 0xB6, 0xB5, 0xB6, 0xB5, 0xB6, 0xB5, 0xB6, 0xB5, 0xB6, 0xB5, 0xB6, 0xB5,
    0xB6, 0xB5, 0xD7, 0xB5, 0xD7, 0xB5, 0xD6, 0xB5, 0xB6, 0xB5, 0xB6, 0xB5, 0xD6, 0xB5, 0xD6, 0xB5,
    0xD6, 0xB5, 0xB6, 0xB5, 0xB6, 0xB5, 0xB6, 0xB5, 0xB6, 0xB5, 0xD7, 0xB5, 0xD6, 0xB5, 0xD6, 0xB5,
    0xB6, 0xB5, 0xB6, 0xB5, 0xB6, 0xB5, 0x38, 0xC6, 0xBA, 0xD6, 0xDA, 0xD6, 0xBA, 0xD6, 0x9A, 0xCE,
    0x9A, 0xCE, 0x9A, 0xCE, 0x9A, 0xCE, 0x9A, 0xCE, 0x99, 0xCE, 0x79, 0xCE, 0x79, 0xCE, 0x79, 0xCE,
    0x79, 0xCE, 0x79, 0xCE, 0x79, 0xCE, 0x59, 0xCE, 0x59, 0xCE, 0x59, 0xCE, 0x58, 0xC6, 0x38, 0xC6,
    0x38, 0xC6, 0x38, 0xC6, 0x38, 0xC6, 0x38, 0xC6, 0x58, 0xC6, 0x38, 0xC6, 0x38, 0xC6, 0x38, 0xC6,
    0x58, 0xCE, 0x58, 0xCE, 0x59, 0xCE, 0x79, 0xCE, 0x79, 0xD6, 0x99, 0xD6, 0x99, 0xD6, 0x99, 0xD6,
    0xB9, 0xD6, 0xB9, 0xD6, 0xB9, 0xD6, 0xB9, 0xD6, 0xB9, 0xD6, 0xB9, 0xD6, 0xB9, 0xD6, 0xB9, 0xD6,
    0xBA, 0xD6, 0xBA, 0xD6, 0xBA, 0xD6, 0xB9, 0xD6, 0xB9, 0xD6, 0xB9, 0xDE, 0xB9, 0xDE, 0xB9, 0xDE,
    0xB9, 0xDE, 0xB9, 0xDE, 0xB9, 0xDE, 0xB9, 0xDE, 0xB9, 0xDE, 0xB9, 0xDE, 0xB9, 0xDE, 0xB9, 0xDE,
    0xB9, 0xDE, 0xB9, 0xDE, 0xB9, 0xDE, 0xD9, 0xDE, 0xD9, 0xDE, 0xB9, 0xDE, 0xD9, 0xDE, 0xF9, 0xDE,
    0xF9, 0xDE, 0xFA, 0xDE, 0xD9, 0xDE, 0xD9, 0xDE, 0xDA, 0xDE, 0xDA, 0xDE, 0xDA, 0xDE, 0xD9, 0xDE,
    0xD9, 0xDE, 0xD9, 0xDE, 0xB9, 0xDE, 0x99, 0xD6, 0x98, 0xD6, 0x98, 0xD6, 0x78, 0xD6, 0x57, 0xCE,
    0x57, 0xCE, 0x58, 0xCE, 0x78, 0xD6, 0xB9, 0xD6, 0xD9, 0xDE, 0xDA, 0xE6, 0xDA, 0xE6, 0xFA, 0xE6,
    0xDA, 0xE6, 0xDA, 0xE6, 0xDA, 0xE6, 0xDA, 0xDE, 0xDA, 0xDE, 0xFA, 0xE6, 0x1A, 0xE7, 0x1B, 0xEF,
    0x3B, 0xEF, 0x1A, 0xE7, 0x1A, 0xE7, 0x3A, 0xE7, 0xB9, 0xDE, 0x98, 0xD6, 0x98, 0xD6, 0x98, 0xD6,
    0x98, 0xD6, 0x98, 0xD6, 0x98, 0xD6, 0x98, 0xD6, 0x98, 0xD6, 0x98, 0xD6, 0x98, 0xD6, 0x78, 0xD6,
    0x78, 0xD6, 0x78, 0xCE, 0x78, 0xD6, 0x78, 0xD6, 0x78, 0xD6, 0x98, 0xD6, 0x78, 0xD6, 0x78, 0xD6,
    0x78, 0xD6, 0x78, 0xD6, 0x78, 0xD6, 0x78, 0xD6, 0x58, 0xD6, 0x58, 0xD6, 0x58, 0xD6, 0x58, 0xD6,
    0xB6, 0xB5, 0xB6, 0xB5, 0xB6, 0xB5, 0xB6, 0xB5, 0xB6, 0xB5, 0xB6, 0xB5, 0xB6, 0xB5, 0xB6, 0xAD,
    0x96, 0xB5, 0x96, 0xB5, 0x96, 0xB5, 0x96, 0xB5, 0x96, 0xAD, 0x96, 0xAD, 0x96, 0xAD, 0x96, 0xAD,
    0x96, 0xAD, 0x96, 0xAD, 0x96, 0xAD, 0x96, 0xAD, 0x96, 0xAD, 0x96, 0xAD, 0x96, 0xAD, 0x76, 0xAD,
    0x76, 0xAD, 0x76, 0xAD, 0x76, 0xAD, 0x76, 0xAD, 0x96, 0xAD, 0x96, 0xAD, 0x96, 0xAD, 0x96, 0xAD,
    0x96, 0xAD, 0x96, 0xAD, 0x96, 0xAD, 0x96, 0xAD, 0x96, 0xAD, 0x96, 0xAD, 0x96, 0xAD, 0x96, 0xAD,
    0x96, 0xAD, 0x96, 0xAD, 0x96, 0xAD, 0x96, 0xAD, 0x96, 0xAD, 0x96, 0xAD, 0x96, 0xAD, 0x96, 0xAD,
    0x96, 0xAD, 0x96, 0xAD, 0x96, 0xAD, 0x96, 0xAD, 0x96, 0xAD, 0x96, 0xAD, 0x96, 0xAD, 0x96, 0xAD,
    0x96, 0xAD, 0x96, 0xAD, 0x96, 0xAD, 0x96, 0xAD, 0xB6, 0xAD, 0xB6, 0xAD, 0x96, 0xAD, 0x96, 0xAD,
    0x96, 0xAD, 0x96, 0xAD, 0x96, 0xAD, 0x96, 0xAD, 0x96, 0xAD, 0x96, 0xAD, 0x96, 0xAD, 0xB6, 0xAD,
    0xB6, 0xAD, 0x96, 0xAD, 0x96, 0xAD, 0x96, 0xB5, 0xB7, 0xB5, 0xB7, 0xB5, 0xB7, 0xB5, 0xB7, 0xB5,
    0xB7, 0xB5, 0xB7, 0xB5, 0xB7, 0xB5, 0xB7, 0xB5, 0xB7, 0xB5, 0xB6, 0xB5, 0xB6, 0xB5, 0xB6, 0xB5,
    0xB6, 0xB5, 0xB6, 0xB5, 0xB6, 0xB5, 0xB6, 0xB5, 0xB6, 0xB5, 0xB6, 0xB5, 0xB6, 0xB5, 0xB6, 0xB5,
    0xB6, 0xB5, 0xD6, 0xB5, 0xD6, 0xB5, 0xD7, 0xB5, 0xD7, 0xB5, 0xD7, 0xBD, 0xD7, 0xBD, 0xD7, 0xBD,
    0xD7, 0xBD, 0xD7, 0xBD, 0xD7, 0xBD, 0xD7, 0xBD, 0xD6, 0xB5, 0xD6, 0xB5, 0xD6, 0xB5, 0xD6, 0xB5,
    0xB6, 0xB5, 0xB6, 0xB5, 0xD6, 0xB5, 0xD6, 0xB5, 0xD6, 0xB5, 0xD6, 0xB5, 0xD6, 0xB5, 0xD6, 0xB5,
    0xD6, 0xB5, 0xD6, 0xB5, 0xD6, 0xB5, 0xD6, 0xB5, 0xD6, 0xB5, 0xD6, 0xB5, 0xD6, 0xB5, 0xD6, 0xB5,
    0xD6, 0xB5, 0xD6, 0xB5, 0xD6, 0xB5, 0xD6, 0xB5, 0xD6, 0xB5, 0xD6, 0xB5, 0xD6, 0xB5, 0xD6, 0xB5,
    0xD6, 0xB5, 0xD6, 0xB5, 0xD6, 0xB5, 0xD6, 0xB5, 0xD6, 0xB5, 0xD6, 0xB5, 0xD7, 0xB5, 0xD7, 0xB5,
    0xD7, 0xB5, 0xD7, 0xB5, 0xD7, 0xB5, 0xD7, 0xB5, 0xD7, 0xB5, 0xD7, 0xB5, 0xD7, 0xB5, 0xD7, 0xB5,
    0xD7, 0xB5, 0xD6, 0xB5, 0xD6, 0xB5, 0xD6, 0xB5, 0xB6, 0xB5, 0xB6, 0xB5, 0xB6, 0xB5, 0xB6, 0xB5,
    0xB6, 0xB5, 0xB6, 0xB5, 0xB6, 0xB5, 0xB6, 0xB5, 0xB6, 0xB5, 0xB6, 0xB5, 0xB6, 0xB5, 0xD6, 0xB5,
    0xD6, 0xB5, 0xD7, 0xB5, 0xD7, 0xB5, 0xD6, 0xB5, 0xD6, 0xB5, 0xB6, 0xB5, 0xB6, 0xB5, 0xB6, 0xB5,
    0xB6, 0xB5, 0xB6, 0xB5, 0xB6, 0xB5, 0xB6, 0xB5, 0xB6, 0xB5, 0xD7, 0xB5, 0xD7, 0xB5, 0xD7, 0xB5,
    0xD7, 0xB5, 0xD7, 0xB5, 0xB6, 0xB5, 0x18, 0xBE, 0xBB, 0xD6, 0xBB, 0xD6, 0xBA, 0xD6, 0x9A, 0xCE,
    0x9A, 0xCE, 0x9A, 0xCE, 0x9A, 0xCE, 0x9A, 0xCE, 0x9A, 0xCE, 0x9A, 0xCE, 0x9A, 0xCE, 0x9A, 0xCE,
    0x9A, 0xCE, 0x79, 0xCE, 0x79, 0xCE, 0x79, 0xCE, 0x79, 0xCE, 0x79, 0xCE, 0x59, 0xCE, 0x58, 0xC6,
    0x58, 0xC6, 0x58, 0xC6, 0x58, 0xC6, 0x58, 0xC6, 0x58, 0xC6, 0x38, 0xC6, 0x38, 0xC6, 0x38, 0xC6,
    0x58, 0xCE, 0x58, 0xCE, 0x59, 0xCE, 0x79, 0xCE, 0x79, 0xD6, 0x99, 0xD6, 0x99, 0xD6, 0x99, 0xD6,
    0xB9, 0xD6, 0xB9, 0xD6, 0xB9, 0xD6, 0xB9, 0xD6, 0xB9, 0xD6, 0xB9, 0xD6, 0xB9, 0xD6, 0xB9, 0xD6,
    0xBA, 0xD6, 0xBA, 0xD6, 0xBA, 0xD6, 0xBA, 0xD6, 0xD9, 0xDE, 0xD9, 0xDE, 0xD9, 0xDE, 0xB9, 0xDE,
    0xB9, 0xDE, 0xB9, 0xDE, 0xB9, 0xDE, 0xB9, 0xDE, 0xB9, 0xDE, 0xB9, 0xDE, 0xB9, 0xDE, 0xB9, 0xDE,
    0xB9, 0xDE, 0xB9, 0xDE, 0xB9, 0xDE, 0xFA, 0xE6, 0xF9, 0xDE, 0xB9, 0xDE, 0xD9, 0xDE, 0xFA, 0xE6,
    0xFA, 0xE6, 0xDA, 0xDE, 0x99, 0xD6, 0x58, 0xCE, 0x79, 0xD6, 0x99, 0xD6, 0x99, 0xD6, 0xB9, 0xDE,
    0xB9, 0xDE, 0xB9, 0xDE, 0xB9, 0xD6, 0x98, 0xD6, 0x78, 0xD6, 0x78, 0xD6, 0x98, 0xD6, 0xB9, 0xDE,
    0xB9, 0xDE, 0xDA, 0xDE, 0x1A, 0xE7, 0x3B, 0xEF, 0x5B, 0xEF, 0x3B, 0xEF, 0x5B, 0xEF, 0x7C, 0xF7,
    0x5C, 0xF7, 0x3B, 0xEF, 0x3B, 0xEF, 0x3B, 0xEF, 0x3B, 0xEF, 0x1B, 0xEF, 0x1B, 0xE7, 0x3B, 0xE7,
    0x3B, 0xE7, 0x1A, 0xE7, 0x1A, 0xE7, 0x1A, 0xE7, 0xB9, 0xDE, 0x98, 0xD6, 0x98, 0xD6, 0x98, 0xD6,
    0x98, 0xD6, 0x98, 0xD6, 0x98, 0xD6, 0x98, 0xD6, 0x98, 0xD6, 0x98, 0xD6, 0x98, 0xD6, 0x98, 0xD6,
    0x78, 0xD6, 0x78, 0xD6, 0x78, 0xD6, 0x78, 0xD6, 0x78, 0xD6, 0x98, 0xD6, 0x78, 0xD6, 0x78, 0xD6,
    0x78, 0xD6, 0x78, 0xD6, 0x78, 0xD6, 0x78, 0xD6, 0x58, 0xD6, 0x58, 0xD6, 0x58, 0xD6, 0x58, 0xD6,
    0x96, 0xAD, 0xB6, 0xB5, 0xB6, 0xB5, 0xB6, 0xB5, 0xB7, 0xB5, 0xB6, 0xB5, 0xB6, 0xB5, 0xB6, 0xB5,
    0x96, 0xB5, 0x96, 0xB5, 0x96, 0xB5, 0x96, 0xB5, 0x96, 0xB5, 0x96, 0xB5, 0x96, 0xB5, 0x96, 0xB5,
    0x96, 0xB5, 0x96, 0xAD, 0x96, 0xAD, 0x96, 0xAD, 0x96, 0xAD, 0x96, 0xAD, 0x96, 0xAD, 0x76, 0xAD,
    0x76, 0xAD, 0x76, 0xAD, 0x76, 0xAD, 0x76, 0xAD, 0x76, 0xAD, 0x96, 0xAD, 0x96, 0xAD, 0x96, 0xAD,
    0x96, 0xAD, 0x96, 0xAD, 0x96, 0xAD, 0x96, 0xAD, 0x96, 0xAD, 0x96, 0xAD, 0x96, 0xAD, 0x96, 0xAD,
    0x96, 0xAD, 0x96, 0xAD, 0x96, 0xAD, 0x96, 0xAD, 0x96, 0xAD, 0x96, 0xAD, 0x96, 0xAD, 0x96, 0xAD,
    0x96, 0xAD, 0x96, 0xAD, 0x96, 0xAD, 0x96, 0xAD, 0x96, 0xAD, 0x96, 0xAD, 0x96, 0xAD, 0x96, 0xAD,
    0x96, 0xAD, 0x96, 0xAD, 0x96, 0xAD, 0x96, 0xAD, 0xB6, 0xAD, 0xB6, 0xAD, 0x96, 0xAD, 0x96, 0xAD,
    0x96, 0xAD, 0x96, 0xAD, 0x96, 0xAD, 0x96, 0xAD, 0x96, 0xAD, 0x96, 0xAD, 0x96, 0xAD, 0xB6, 0xAD,
    0xB6, 0xAD, 0x96, 0xAD, 0x96, 0xAD, 0x96, 0xB5, 0xB6, 0xB5, 0xB7, 0xB5, 0xB7, 0xB5, 0xB7, 0xB5,
    0xB7, 0xB5, 0xB7, 0xB5, 0xB7, 0xB5, 0xB7, 0xB5, 0xB7, 0xB5, 0xB6, 0xB5, 0xB6, 0xB5, 0xB6, 0xB5,
    0xB6, 0xB5, 0xB6, 0xB5, 0xB6, 0xB5, 0xB6, 0xB5, 0xB6, 0xB5, 0xB6, 0xB5, 0xB6, 0xB5, 0xB6, 0xB5,
    0xB6, 0xB5, 0xD6, 0xB5, 0xD6, 0xB5, 0xD7, 0xB5, 0xD7, 0xB5, 0xD7, 0xBD, 0xD7, 0xBD, 0xD7, 0xBD,
    0xD7, 0xBD, 0xD7, 0xBD, 0xD7, 0xBD, 0xD7, 0xB5, 0xD6, 0xB5, 0xD6, 0xB5, 0xD6, 0xB5, 0xD6, 0xB5,
    0xB6, 0xB5, 0xB6, 0xB5, 0xD6, 0xB5, 0xD6, 0xB5, 0xD6, 0xB5, 0xD6, 0xB5, 0xD6, 0xB5, 0xD6, 0xB5,
    0xD6, 0xB5, 0xD6, 0xB5, 0xD6, 0xB5, 0xD6, 0xB5, 0xD6, 0xB5, 0xD6, 0xB5, 0xD6, 0xB5, 0xD6, 0xB5,
    0xD6, 0xB5, 0xD6, 0xB5, 0xD6, 0xB5, 0xD6, 0xB5, 0xD6, 0xB5, 0xD6, 0xB5, 0xD6, 0xB5, 0xD6, 0xB5,
    0xD6, 0xB5, 0xD6, 0xB5, 0xD6, 0xB5, 0xD6, 0xB5, 0xD6, 0xB5, 0xD6, 0xB5, 0xD7, 0xB5, 0xD7, 0xB5,
    0xD7, 0xB5, 0xD7, 0xB5, 0xD7, 0xB5, 0xD7, 0xB5, 0xD7, 0xB5, 0xD7, 0xB5, 0xD7, 0xB5, 0xD7, 0xB5,
    0xD7, 0xB5, 0xD6, 0xB5, 0xD6, 0xB5, 0xD6, 0xB5, 0xB6, 0xB5, 0xB6, 0xB5, 0xB6, 0xB5, 0xD6, 0xB5,
    0xD6, 0xB5, 0xD6, 0xB5, 0xB6, 0xB5, 0xB6, 0xB5, 0xB6, 0xB5, 0xB6, 0xB5, 0xB6, 0xB5, 0xD6, 0xB5,
    0xD6, 0xB5, 0xD7, 0xB5, 0xD7, 0xB5, 0xD6, 0xB5, 0xD6, 0xB5, 0xB6, 0xB5, 0xB6, 0xB5, 0xB6, 0xB5,
    0xB6, 0xB5, 0xB6, 0xB5, 0xB6, 0xB5, 0xB6, 0xB5, 0xB6, 0xB5, 0xD7, 0xB5, 0xB7, 0xB5, 0xB7, 0xB5,
    0xD7, 0xB5, 0xD7, 0xB5, 0xB6, 0xB5, 0xF7, 0xBD, 0xBA, 0xD6, 0xBB, 0xD6, 0x9A, 0xCE, 0x9A, 0xCE,
    0x9A, 0xCE, 0x9A, 0xCE, 0x9A, 0xCE, 0x9A, 0xCE, 0x9A, 0xCE, 0x9A, 0xCE, 0x9A, 0xCE, 0x9A, 0xCE,
    0x9A, 0xCE, 0x79, 0xCE, 0x79, 0xCE, 0x79, 0xCE, 0x79, 0xCE, 0x79, 0xCE, 0x59, 0xCE, 0x59, 0xCE,
    0x59, 0xC6, 0x59, 0xC6, 0x59, 0xC6, 0x58, 0xC6, 0x58, 0xC6, 0x38, 0xC6, 0x38, 0xC6, 0x38, 0xC6,
    0x38, 0xC6, 0x58, 0xCE, 0x59, 0xCE, 0x79, 0xCE, 0x79, 0xD6, 0x99, 0xD6, 0xB9, 0xD6, 0xB9, 0xD6,
    0xB9, 0xD6, 0xB9, 0xD6, 0xB9, 0xD6, 0xB9, 0xD6, 0xB9, 0xD6, 0xB9, 0xD6, 0xB9, 0xD6, 0xB9, 0xD6,
    0xBA, 0xD6, 0xBA, 0xD6, 0xBA, 0xD6, 0xBA, 0xD6, 0xB9, 0xDE, 0xB9, 0xDE, 0xB9, 0xDE, 0xB9, 0xDE,
    0xB9, 0xDE, 0xB9, 0xDE, 0xB9, 0xDE, 0xB9, 0xDE, 0xB9, 0xDE, 0xB9, 0xDE, 0x99, 0xDE, 0x78, 0xD6,
    0x78, 0xD6, 0x78, 0xD6, 0x57, 0xCE, 0x78, 0xCE, 0x78, 0xD6, 0xB9, 0xD6, 0xFA, 0xDE, 0x1A, 0xE7,
    0x1B, 0xE7, 0xFA, 0xE6, 0xBA, 0xDE, 0xB9, 0xD6, 0xB9, 0xDE, 0xBA, 0xDE, 0xFA, 0xE6, 0x1B, 0xE7,
    0x5C, 0xEF, 0x5C, 0xEF, 0x3B, 0xEF, 0x3B, 0xE7, 0x3B, 0xEF, 0x3B, 0xEF, 0x3B, 0xEF, 0x3B, 0xEF,
    0x3B, 0xEF, 0x3B, 0xEF, 0x3B, 0xEF, 0x3B, 0xEF, 0x1B, 0xEF, 0x1B, 0xEF, 0x1B, 0xEF, 0x3B, 0xEF,
    0x3B, 0xEF, 0x3B, 0xEF, 0x1B, 0xEF, 0x3B, 0xEF, 0x3B, 0xEF, 0x1B, 0xEF, 0x1B, 0xE7, 0x3B, 0xE7,
    0x3B, 0xE7, 0x1A, 0xE7, 0x1A, 0xE7, 0x1A, 0xE7, 0xB9, 0xDE, 0x98, 0xD6, 0x98, 0xD6, 0x98, 0xD6,
    0x98, 0xD6, 0x98, 0xD6, 0x98, 0xD6, 0x98, 0xD6, 0x98, 0xD6, 0x98, 0xD6, 0x98, 0xD6, 0x98, 0xD6,
    0x78, 0xD6, 0x78, 0xD6, 0x78, 0xD6, 0x78, 0xD6, 0x78, 0xD6, 0x98, 0xD6, 0x78, 0xD6, 0x78, 0xD6,
    0x78, 0xD6, 0x78, 0xD6, 0x78, 0xD6, 0x78, 0xD6, 0x58, 0xD6, 0x58, 0xD6, 0x58, 0xD6, 0x58, 0xD6,
    0xB7, 0xB5, 0xB7, 0xB5, 0xB7, 0xB5, 0xB7, 0xB5, 0xB7, 0xB5, 0xB7, 0xB5, 0xB6, 0xB5, 0xB6, 0xB5,
    0x96, 0xB5, 0x96, 0xB5, 0x96, 0xB5, 0x96, 0xB5, 0x96, 0xB5, 0x96, 0xB5, 0x96, 0xB5, 0x96, 0xB5,
    0x96, 0xB5, 0x96, 0xAD, 0x96, 0xAD, 0x96, 0xAD, 0x96, 0xAD, 0x96, 0xAD, 0x96, 0xAD, 0x76, 0xAD,
    0x76, 0xAD, 0x76, 0xAD, 0x76, 0xAD, 0x96, 0xAD, 0x96, 0xAD, 0x96, 0xAD, 0x96, 0xAD, 0x96, 0xAD,
    0x96, 0xAD, 0x96, 0xAD, 0x96, 0xAD, 0x96, 0xAD, 0x96, 0xAD, 0x96, 0xAD, 0x96, 0xAD, 0x96, 0xAD,
    0x96, 0xAD, 0x96, 0xAD, 0x96, 0xAD, 0x96, 0xAD, 0x96, 0xAD, 0x96, 0xAD, 0x96, 0xAD, 0x96, 0xAD,
    0x96, 0xAD, 0x96, 0xAD, 0x96, 0xB5, 0x96, 0xAD, 0x96, 0xAD, 0x96, 0xAD, 0x96, 0xAD, 0x96, 0xAD,
    0x96, 0xAD, 0x96, 0xAD, 0x96, 0xAD, 0x96, 0xAD, 0xB6, 0xAD, 0xB6, 0xAD, 0x96, 0xAD, 0x96, 0xAD,
    0x96, 0xAD, 0x96, 0xAD, 0x96, 0xAD, 0x96, 0xAD, 0x96, 0xAD, 0x96, 0xAD, 0x96, 0xAD, 0xB6, 0xAD,
    0xB6, 0xAD, 0xB6, 0xAD, 0xB6, 0xB5, 0xB6, 0xB5, 0xB6, 0xB5, 0xB6, 0xB5, 0xB7, 0xB5, 0xB7, 0xB5,
    0xB7, 0xB5, 0xB7, 0xB5, 0xB7, 0xB5, 0xB7, 0xB5, 0xB7, 0xB5, 0xD6, 0xB5, 0xD6, 0xB5, 0xD6, 0xB5,
    0xD6, 0xB5, 0xD6, 0xB5, 0xD6, 0xB5, 0xD6, 0xB5, 0xD6, 0xB5, 0xD6, 0xB5, 0xD6, 0xB5, 0xD6, 0xB5,
    0xD6, 0xB5, 0xD7, 0xB5, 0xD7, 0xB5, 0xD7, 0xB5, 0xD7, 0xBD, 0xD7, 0xBD, 0xD7, 0xBD, 0xD7, 0xBD,
    0xD7, 0xBD, 0xD7, 0xBD, 0xD7, 0xB5, 0xD7, 0xB5, 0xD6, 0xB5, 0xD6, 0xB5, 0xD6, 0xB5, 0xD6, 0xB5,
    0xD6, 0xB5, 0xD6, 0xB5, 0xD6, 0xB5, 0xD6, 0xB5, 0xD6, 0xB5, 0xD6, 0xB5, 0xD6, 0xB5, 0xD6, 0xB5,
    0xD6, 0xB5, 0xD6, 0xB5, 0xD6, 0xB5, 0xD6, 0xB5, 0xD6, 0xB5, 0xD6, 0xB5, 0xD6, 0xB5, 0xD6, 0xB5,
    0xD6, 0xB5, 0xD6, 0xB5, 0xD6, 0xB5, 0xD6, 0xB5, 0xD6, 0xB5, 0xD6, 0xB5, 0xD6, 0xB5, 0xD6, 0xB5,
    0xD6, 0xB5, 0xD6, 0xB5, 0xD6, 0xB5, 0xD6, 0xB5, 0xD6, 0xB5, 0xD6, 0xB5, 0xD7, 0xB5, 0xD7, 0xB5,
    0xD7, 0xB5, 0xD7, 0xB5, 0xD7, 0xB5, 0xD7, 0xB5, 0xD7, 0xB5, 0xD7, 0xB5, 0xD7, 0xB5, 0xD7, 0xB5,
    0xD7, 0xB5, 0xD6, 0xB5, 0xD6, 0xB5, 0xD6, 0xB5, 0xD6, 0xB5, 0xD6, 0xB5, 0xD6, 0xB5, 0xD6, 0xB5,
    0xD6, 0xB5, 0xD6, 0xB5, 0xD6, 0xB5, 0xD6, 0xB5, 0xD6, 0xB5, 0xD6, 0xB5, 0xD6, 0xB5, 0xD6, 0xB5,
    0xD7, 0xB5, 0xD7, 0xB5, 0xD7, 0xB5, 0xD6, 0xB5, 0xD6, 0xB5, 0xB6, 0xB5, 0xB6, 0xB5, 0xB6, 0xB5,
    0xD6, 0xB5, 0xB6, 0xB5, 0xB6, 0xB5, 0xB6, 0xB5, 0xD6, 0xB5, 0xD6, 0xB5, 0xB7, 0xB5, 0xB7, 0xB5,
    0xB7, 0xB5, 0xB7, 0xB5, 0xB6, 0xB5, 0xD7, 0xB5, 0x9A, 0xCE, 0xBA, 0xD6, 0x9A, 0xCE, 0xBA, 0xD6,
    0x9A, 0xCE, 0x9A, 0xCE, 0x9A, 0xCE, 0x9A, 0xCE, 0x9A, 0xCE, 0x9A, 0xCE, 0x9A, 0xCE, 0x9A, 0xCE,
    0x9A, 0xCE, 0x79, 0xCE, 0x79, 0xCE, 0x79, 0xCE, 0x79, 0xCE, 0x59, 0xCE, 0x59, 0xCE, 0x59, 0xCE,
    0x59, 0xC6, 0x59, 0xC6, 0x59, 0xC6, 0x58, 0xC6, 0x58, 0xC6, 0x38, 0xC6, 0x38, 0xC6, 0x38, 0xC6,
    0x38, 0xC6, 0x58, 0xCE, 0x79, 0xCE, 0x79, 0xCE, 0x79, 0xD6, 0x99, 0xD6, 0xB9, 0xD6, 0xB9, 0xD6,
    0xB9, 0xD6, 0xBA, 0xD6, 0xBA, 0xD6, 0xBA, 0xD6, 0xB9, 0xD6, 0xB9, 0xD6, 0xB9, 0xD6, 0xBA, 0xD6,
    0xBA, 0xD6, 0xBA, 0xD6, 0xBA, 0xD6, 0xBA, 0xD6, 0xB9, 0xDE, 0xD9, 0xDE, 0xD9, 0xDE, 0xB9, 0xDE,
    0xB9, 0xDE, 0xB9, 0xD6, 0xB9, 0xDE, 0xB9, 0xDE, 0xD9, 0xDE, 0xB9, 0xDE, 0xB9, 0xDE, 0x99, 0xDE,
    0x99, 0xD6, 0x99, 0xD6, 0x99, 0xD6, 0xB9, 0xDE, 0xDA, 0xDE, 0x1A, 0xE7, 0x3B, 0xEF, 0x3B, 0xEF,
    0x3B, 0xEF, 0x3B, 0xEF, 0x5C, 0xEF, 0x5C, 0xEF, 0x5C, 0xEF, 0x7C, 0xEF, 0x7C, 0xF7, 0x7C, 0xF7,
    0x7C, 0xF7, 0x7C, 0xF7, 0x5C, 0xEF, 0x5C, 0xEF, 0x3B, 0xEF, 0x3B, 0xEF, 0x3B, 0xEF, 0x3B, 0xEF,
    0x3B, 0xEF, 0x3B, 0xEF, 0x3B, 0xEF, 0x3B, 0xEF, 0x1B, 0xEF, 0x1B, 0xEF, 0x1B, 0xEF, 0x3B, 0xEF,
    0x3B, 0xEF, 0x3B, 0xEF, 0x3B, 0xEF, 0x3B, 0xEF, 0x3B, 0xEF, 0x1B, 0xEF, 0x1B, 0xE7, 0x3B, 0xE7,
    0x3A, 0xE7, 0x3A, 0xE7, 0x1A, 0xE7, 0xF9, 0xDE, 0x98, 0xD6, 0x98, 0xD6, 0x98, 0xD6, 0x98, 0xD6,
    0x98, 0xD6, 0x98, 0xD6, 0x98, 0xD6, 0x98, 0xD6, 0x98, 0xD6, 0x98, 0xD6, 0x98, 0xD6, 0x98, 0xD6,
    0x78, 0xD6, 0x78, 0xD6, 0x78, 0xD6, 0x78, 0xD6, 0x98, 0xD6, 0x98, 0xD6, 0x78, 0xD6, 0x78, 0xD6,
    0x78, 0xD6, 0x78, 0xD6, 0x78, 0xD6, 0x78, 0xD6, 0x58, 0xD6, 0x58, 0xD6, 0x58, 0xD6, 0x58, 0xD6,
    0xB7, 0xB5, 0xB7, 0xB5, 0xB7, 0xB5, 0xB7, 0xB5, 0xB7, 0xB5, 0xB7, 0xB5, 0xB6, 0xB5, 0xB6, 0xB5,
    0x96, 0xB5, 0x96, 0xB5, 0x96, 0xB5, 0x96, 0xB5, 0x96, 0xB5, 0x96, 0xB5, 0xB7, 0xB5, 0xB7, 0xB5,
    0x96, 0xB5, 0x96, 0xB5, 0x96, 0xB5, 0x96, 0xB5, 0x96, 0xAD, 0x96, 0xAD, 0x96, 0xAD, 0x96, 0xAD,
    0x96, 0xAD, 0x96, 0xAD, 0x96, 0xAD, 0x96, 0xAD, 0x96, 0xAD, 0x96, 0xAD, 0x96, 0xAD, 0x96, 0xAD,
    0x96, 0xAD, 0x96, 0xAD, 0x96, 0xAD, 0x96, 0xAD, 0x96, 0xAD, 0x96, 0xAD, 0x96, 0xAD, 0x96, 0xAD,
    0x96, 0xAD, 0x96, 0xAD, 0x96, 0xAD, 0x96, 0xAD, 0x96, 0xAD, 0x96, 0xAD, 0x96, 0xAD, 0x96, 0xAD,
    0x96, 0xAD, 0x96, 0xB5, 0x96, 0xB5, 0x96, 0xAD, 0x96, 0xAD, 0x96, 0xAD, 0x96, 0xAD, 0x96, 0xAD,
    0x96, 0xAD, 0x96, 0xAD, 0x96, 0xAD, 0x96, 0xAD, 0xB6, 0xAD, 0xB6, 0xAD, 0x96, 0xAD, 0x96, 0xAD,
    0x96, 0xAD, 0x96, 0xAD, 0x96, 0xAD, 0x96, 0xAD, 0x96, 0xAD, 0x96, 0xAD, 0x96, 0xAD, 0xB6, 0xAD,
    0xB6, 0xAD, 0xB6, 0xAD, 0xB6, 0xB5, 0xB6, 0xB5, 0xB6, 0xB5, 0xB6, 0xB5, 0xB7, 0xB5, 0xB7, 0xB5,
    0xB7, 0xB5, 0xD7, 0xB5, 0xB7, 0xB5, 0xB7, 0xB5, 0xB7, 0xB5, 0xD6, 0xB5, 0xD6, 0xB5, 0xD6, 0xB5,
    0xD6, 0xB5, 0xD6, 0xB5, 0xD6, 0xB5, 0xD6, 0xB5, 0xD6, 0xB5, 0xD6, 0xB5, 0xD6, 0xB5, 0xD6, 0xB5,
    0xD6, 0xB5, 0xD7, 0xB5, 0xD7, 0xB5, 0xD7, 0xB5, 0xD7, 0xBD, 0xD7, 0xBD, 0xD7, 0xBD, 0xD7, 0xBD,
    0xD7, 0xBD, 0xD7, 0xBD, 0xD7, 0xB5, 0xD7, 0xB5, 0xD6, 0xB5, 0xD6, 0xB5, 0xD6, 0xB5, 0xD6, 0xB5,
    0xD6, 0xB5, 0xD6, 0xB5, 0xD6, 0xB5, 0xD6, 0xB5, 0xD6, 0xB5, 0xD6, 0xB5, 0xD6, 0xB5, 0xD6, 0xB5,
    0xD6, 0xB5, 0xD6, 0xB5, 0xD6, 0xB5, 0xD6, 0xB5, 0xD6, 0xB5, 0xD6, 0xB5, 0xD6, 0xB5, 0xD6, 0xB5,
    0xD6, 0xB5, 0xD6, 0xB5, 0xD6, 0xB5, 0xD6, 0xB5, 0xD6, 0xB5, 0xD6, 0xB5, 0xD6, 0xB5, 0xD6, 0xB5,
    0xD6, 0xB5, 0xD6, 0xB5, 0xD6, 0xB5, 0xD6, 0xB5, 0xD6, 0xB5, 0xD6, 0xB5, 0xD7, 0xB5, 0xD7, 0xB5,
    0xD7, 0xB5, 0xD7, 0xB5, 0xD7, 0xB5, 0xD7, 0xB5, 0xD7, 0xB5, 0xD7, 0xB5, 0xD7, 0xB5, 0xD7, 0xB5,
    0xD7, 0xB5, 0xD6, 0xB5, 0xD6, 0xB5, 0xD6, 0xB5, 0xD6, 0xB5, 0xD6, 0xB5, 0xD6, 0xB5, 0xD6, 0xB5,
    0xD6, 0xB5, 0xD6, 0xB5, 0xD6, 0xB5, 0xD6, 0xB5, 0xD6, 0xB5, 0xD6, 0xB5, 0xD6, 0xB5, 0xD6, 0xB5,
    0xD7, 0xB5, 0xD7, 0xB5, 0xD7, 0xB5, 0xD6, 0xB5, 0xD6, 0xB5, 0xD6, 0xB5, 0xB6, 0xB5, 0xB6, 0xB5,
    0xD6, 0xB5, 0xD6, 0xB5, 0xD6, 0xB5, 0xD6, 0xB5, 0xD6, 0xB5, 0xD6, 0xB5, 0xB7, 0xB5, 0xB7, 0xB5,
    0xB7, 0xB5, 0xB6, 0xB5, 0xB6, 0xAD, 0xB6, 0xB5, 0x59, 0xC6, 0xBA, 0xD6, 0x9A, 0xCE, 0xBA, 0xD6,
    0xBA, 0xD6, 0x9A, 0xCE, 0x9A, 0xCE, 0x9A, 0xCE, 0x9A, 0xCE, 0x9A, 0xCE, 0x9A, 0xCE, 0x9A, 0xCE,
    0x9A, 0xCE, 0x79, 0xCE, 0x79, 0xCE, 0x79, 0xCE, 0x79, 0xCE, 0x59, 0xCE, 0x59, 0xCE, 0x59, 0xCE,
    0x59, 0xCE, 0x59, 0xC6, 0x59, 0xC6, 0x59, 0xC6, 0x58, 0xC6, 0x38, 0xC6, 0x38, 0xC6, 0x38, 0xC6,
    0x38, 0xC6, 0x58, 0xCE, 0x79, 0xCE, 0x79, 0xD6, 0x99, 0xD6, 0x99, 0xD6, 0xB9, 0xD6, 0xB9, 0xD6,
    0xB9, 0xD6, 0xB9, 0xD6, 0xB9, 0xD6, 0xB9, 0xD6, 0xB9, 0xD6, 0xB9, 0xD6, 0xB9, 0xD6, 0xBA, 0xD6,
    0xBA, 0xD6, 0xBA, 0xD6, 0xBA, 0xD6, 0xBA, 0xD6, 0xD9, 0xDE, 0xDA, 0xDE, 0xDA, 0xDE, 0xD9, 0xDE,
    0xFA, 0xDE, 0xFA, 0xDE, 0xFA, 0xE6, 0x1A, 0xE7, 0x1A, 0xE7, 0xFA, 0xE6, 0x1A, 0xE7, 0x1A, 0xE7,
    0x1A, 0xE7, 0x1A, 0xE7, 0x3B, 0xEF, 0x5B, 0xEF, 0x5B, 0xEF, 0x5B, 0xEF, 0x5B, 0xEF, 0x5B, 0xEF,
    0x5B, 0xEF, 0x5B, 0xEF, 0x5B, 0xEF, 0x3B, 0xEF, 0x5C, 0xEF, 0x5B, 0xEF, 0x5B, 0xEF, 0x5C, 0xEF,
    0x7C, 0xEF, 0x5C, 0xEF, 0x5C, 0xEF, 0x5B, 0xEF, 0x3B, 0xEF, 0x3B, 0xEF, 0x3B, 0xEF, 0x3B, 0xEF,
    0x3B, 0xEF, 0x3B, 0xEF, 0x3B, 0xEF, 0x3B, 0xEF, 0x1B, 0xEF, 0x1B, 0xEF, 0x1B, 0xEF, 0x3B, 0xEF,
    0x3B, 0xEF, 0x3B, 0xEF, 0x3B, 0xEF, 0x3B, 0xEF, 0x3B, 0xEF, 0x3B, 0xEF, 0x3B, 0xE7, 0x3B, 0xE7,
    0x3A, 0xE7, 0x3A, 0xE7, 0x1A, 0xE7, 0xB9, 0xDE, 0x98, 0xD6, 0x98, 0xD6, 0x98, 0xD6, 0x98, 0xD6,
    0x98, 0xD6, 0x98, 0xD6, 0x98, 0xD6, 0x98, 0xD6, 0x98, 0xD6, 0x98, 0xD6, 0x98, 0xD6, 0x98, 0xD6,
    0x98, 0xD6, 0x78, 0xD6, 0x78, 0xD6, 0x78, 0xD6, 0x78, 0xD6, 0x98, 0xD6, 0x78, 0xD6, 0x78, 0xD6,
    0x78, 0xD6, 0x78, 0xD6, 0x78, 0xD6, 0x78, 0xD6, 0x78, 0xD6, 0x78, 0xD6, 0x78, 0xD6, 0x78, 0xD6,
    0xB7, 0xB5, 0xB7, 0xB5, 0xB7, 0xB5, 0xB7, 0xB5, 0xB7, 0xB5, 0xB7, 0xB5, 0xB7, 0xB5, 0xB6, 0xB5,
    0xB6, 0xB5, 0xB6, 0xB5, 0xB6, 0xB5, 0xB6, 0xB5, 0xB6, 0xB5, 0xB6, 0xB5, 0xB7, 0xB5, 0xB6, 0xB5,
    0xB6, 0xB5, 0xB6, 0xB5, 0x96, 0xB5, 0x96, 0xB5, 0xB6, 0xB5, 0xB6, 0xB5, 0x96, 0xAD, 0x96, 0xAD,
    0x96, 0xAD, 0x96, 0xAD, 0x96, 0xAD, 0x96, 0xAD, 0x96, 0xAD, 0x96, 0xAD, 0x96, 0xAD, 0x96, 0xAD,
    0x96, 0xAD, 0x96, 0xAD, 0x96, 0xAD, 0x96, 0xAD, 0x96, 0xAD, 0x96, 0xAD, 0x96, 0xAD, 0x96, 0xAD,
    0x96, 0xAD, 0x96, 0xAD, 0x96, 0xAD, 0x96, 0xAD, 0x96, 0xAD, 0x96, 0xAD, 0x96, 0xAD, 0x96, 0xAD,
    0x96, 0xAD, 0x96, 0xAD, 0x96, 0xB5, 0x96, 0xAD, 0x96, 0xAD, 0x96, 0xAD, 0x96, 0xB5, 0xB6, 0xB5,
    0xB6, 0xB5, 0x96, 0xB5, 0x96, 0xB5, 0x96, 0xAD, 0x96, 0xAD, 0x96, 0xAD, 0x96, 0xAD, 0x96, 0xAD,
    0x96, 0xAD, 0x96, 0xAD, 0x96, 0xAD, 0x96, 0xAD, 0x96, 0xAD, 0x96, 0xAD, 0x96, 0xAD, 0x96, 0xAD,
    0x96, 0xB5, 0x96, 0xB5, 0x96, 0xB5, 0xB6, 0xB5, 0x96, 0xB5, 0xB6, 0xB5, 0xB6, 0xB5, 0xB7, 0xB5,
    0xB7, 0xB5, 0xB7, 0xB5, 0xB7, 0xB5, 0xB7, 0xB5, 0xB7, 0xB5, 0xD6, 0xB5, 0xD6, 0xB5, 0xD6, 0xB5,
    0xD6, 0xB5, 0xD6, 0xB5, 0xD6, 0xB5, 0xD6, 0xB5, 0xD6, 0xB5, 0xD6, 0xB5, 0xB6, 0xB5, 0xB6, 0xB5,
    0xB6, 0xB5, 0xD7, 0xB5, 0xD7, 0xBD, 0xD7, 0xBD, 0xD7, 0xBD, 0xD7, 0xBD, 0xD7, 0xBD, 0xD7, 0xBD,
    0xD7, 0xBD, 0xD7, 0xB5, 0xD7, 0xB5, 0xD7, 0xB5, 0xD6, 0xB5, 0xD6, 0xB5, 0xD6, 0xB5, 0xD6, 0xB5,
    0xD6, 0xB5, 0xD6, 0xB5, 0xD6, 0xB5, 0xD6, 0xB5, 0xD6, 0xB5, 0xD6, 0xB5, 0xD6, 0xB5, 0xD6, 0xB5,
    0xD6, 0xB5, 0xD6, 0xB5, 0xD6, 0xB5, 0xD6, 0xB5, 0xD6, 0xB5, 0xD6, 0xB5, 0xD6, 0xB5, 0xD6, 0xB5,
    0xD6, 0xB5, 0xD6, 0xB5, 0xD6, 0xB5, 0xD6, 0xB5, 0xD6, 0xB5, 0xD6, 0xB5, 0xD6, 0xB5, 0xD6, 0xB5,
    0xD6, 0xB5, 0xD7, 0xB5, 0xD7, 0xB5, 0xD7, 0xB5, 0xD7, 0xB5, 0xD7, 0xB5, 0xD7, 0xB5, 0xD7, 0xB5,
    0xD7, 0xB5, 0xD7, 0xB5, 0xD7, 0xB5, 0xD7, 0xB5, 0xD7, 0xB5, 0xD7, 0xB5, 0xD7, 0xB5, 0xD7, 0xB5,
    0xD7, 0xB5, 0xD7, 0xB5, 0xD6, 0xB5, 0xD6, 0xB5, 0xD6, 0xB5, 0xD6, 0xB5, 0xD6, 0xB5, 0xD6, 0xB5,
    0xD6, 0xB5, 0xD6, 0xB5, 0xD6, 0xB5, 0xD6, 0xB5, 0xD6, 0xB5, 0xD6, 0xB5, 0xD6, 0xB5, 0xD6, 0xB5,
    0xD7, 0xB5, 0xD7, 0xB5, 0xD7, 0xB5, 0xD7, 0xB5, 0xD7, 0xB5, 0xD7, 0xB5, 0xD6, 0xB5, 0xD6, 0xB5,
    0xD7, 0xB5, 0xD7, 0xB5, 0xD7, 0xB5, 0xD6, 0xB5, 0xD6, 0xB5, 0xD6, 0xB5, 0xB6, 0xB5, 0xB6, 0xB5,
    0xB6, 0xB5, 0xB6, 0xB5, 0x96, 0xB5, 0xB6, 0xB5, 0x59, 0xC6, 0xBA, 0xD6, 0x9A, 0xD6, 0x9A, 0xD6,
    0x9A, 0xD6, 0x9A, 0xD6, 0x9A, 0xD6, 0x9A, 0xD6, 0x9A, 0xCE, 0x9A, 0xCE, 0x9A, 0xCE, 0x9A, 0xCE,
    0x9A, 0xCE, 0x79, 0xCE, 0x79, 0xCE, 0x79, 0xCE, 0x79, 0xCE, 0x59, 0xCE, 0x59, 0xCE, 0x59, 0xCE,
    0x59, 0xC6, 0x58, 0xC6, 0x58, 0xC6, 0x58, 0xC6, 0x38, 0xC6, 0x38, 0xC6, 0x38, 0xC6, 0x38, 0xC6,
    0x38, 0xC6, 0x59, 0xCE, 0x79, 0xCE, 0x79, 0xCE, 0x99, 0xD6, 0xB9, 0xD6, 0xB9, 0xD6, 0xB9, 0xD6,
    0xB9, 0xD6, 0xB9, 0xD6, 0xB9, 0xD6, 0xB9, 0xD6, 0xB9, 0xD6, 0xB9, 0xD6, 0xB9, 0xD6, 0xB9, 0xD6,
    0xBA, 0xD6, 0xBA, 0xD6, 0xBA, 0xD6, 0xBA, 0xDE, 0xB9, 0xDE, 0xFA, 0xE6, 0x1B, 0xE7, 0x1A, 0xE7,
    0x3A, 0xE7, 0x3A, 0xE7, 0x3B, 0xEF, 0x3B, 0xEF, 0x3B, 0xEF, 0x3B, 0xEF, 0x3B, 0xEF, 0x3B, 0xEF,
    0x3B, 0xEF, 0x3B, 0xEF, 0x3B, 0xEF, 0x3B, 0xEF, 0x5B, 0xEF, 0x5B, 0xEF, 0x5B, 0xEF, 0x5B, 0xEF,
    0x5B, 0xEF, 0x5B, 0xEF, 0x5B, 0xEF, 0x5B, 0xEF, 0x5B, 0xEF, 0x5B, 0xEF, 0x5B, 0xEF, 0x5B, 0xEF,
    0x5C, 0xEF, 0x5C, 0xEF, 0x5C, 0xEF, 0x3B, 0xEF, 0x3B, 0xEF, 0x3B, 0xEF, 0x3B, 0xEF, 0x3B, 0xEF,
    0x3B, 0xEF, 0x3B, 0xEF, 0x3B, 0xEF, 0x3B, 0xEF, 0x3B, 0xEF, 0x1B, 0xEF, 0x1B, 0xEF, 0x3B, 0xEF,
    0x3B, 0xEF, 0x3B, 0xEF, 0x3B, 0xEF, 0x3B, 0xEF, 0x3B, 0xEF, 0x3B, 0xEF, 0x3B, 0xEF, 0x3B, 0xE7,
    0x1B, 0xE7, 0x1B, 0xE7, 0xFA, 0xDE, 0xB9, 0xD6, 0x98, 0xD6, 0x98, 0xD6, 0x98, 0xD6, 0x98, 0xD6,
    0x98, 0xD6, 0x98, 0xD6, 0x98, 0xD6, 0x98, 0xD6, 0x98, 0xD6, 0x98, 0xD6, 0x98, 0xD6, 0x98, 0xD6,
    0x98, 0xD6, 0x98, 0xD6, 0x78, 0xD6, 0x78, 0xD6, 0x78, 0xD6, 0x78, 0xD6, 0x78, 0xD6, 0x78, 0xD6,
    0x78, 0xD6, 0x78, 0xD6, 0x78, 0xD6, 0x78, 0xD6, 0x78, 0xD6, 0x78, 0xD6, 0x78, 0xD6, 0x78, 0xD6,
    0xB7, 0xB5, 0xB7, 0xB5, 0xB7, 0xB5, 0xB7, 0xB5, 0xB7, 0xB5, 0xB7, 0xB5, 0xB7, 0xB5, 0xB6, 0xB5,
    0xB6, 0xB5, 0xB6, 0xB5, 0xB6, 0xB5, 0xB6, 0xB5, 0xB6, 0xB5, 0xB6, 0xB5, 0xB6, 0xB5, 0xB6, 0xB5,
    0xB6, 0xB5, 0xB6, 0xB5, 0xB6, 0xB5, 0xB6, 0xB5, 0xB6, 0xB5, 0xB6, 0xB5, 0x96, 0xAD, 0x96, 0xAD,
    0x96, 0xAD, 0x96, 0xAD, 0x96, 0xAD, 0x96, 0xAD, 0x96, 0xAD, 0x96, 0xAD, 0xB6, 0xB5, 0x96, 0xAD,
    0x96, 0xAD, 0x96, 0xAD, 0xB6, 0xB5, 0xB6, 0xB5, 0xB6, 0xB5, 0x96, 0xAD, 0xB6, 0xAD, 0x96, 0xAD,
    0x96, 0xAD, 0x96, 0xAD, 0x96, 0xAD, 0x96, 0xAD, 0x96, 0xAD, 0x96, 0xAD, 0x96, 0xAD, 0x96, 0xAD,
    0x96, 0xAD, 0x96, 0xAD, 0xB6, 0xB5, 0x96, 0xB5, 0x96, 0xB5, 0x96, 0xB5, 0x96, 0xB5, 0xB6, 0xB5,
    0xB6, 0xB5, 0x96, 0xB5, 0x96, 0xB5, 0x96, 0xB5, 0x96, 0xAD, 0x96, 0xAD, 0x96, 0xAD, 0x96, 0xAD,
    0x96, 0xAD, 0x96, 0xAD, 0x96, 0xAD, 0x96, 0xAD, 0x96, 0xAD, 0x96, 0xAD, 0x96, 0xAD, 0x96, 0xAD,
    0x96, 0xB5, 0x96, 0xB5, 0x96, 0xB5, 0xB6, 0xB5, 0xB6, 0xB5, 0x96, 0xB5, 0xB6, 0xB5, 0xB7, 0xB5,
    0xB7, 0xB5, 0xB7, 0xB5, 0xB7, 0xB5, 0xB7, 0xB5, 0xB7, 0xB5, 0xD6, 0xB5, 0xD6, 0xB5, 0xD6, 0xB5,
    0xD6, 0xB5, 0xD6, 0xB5, 0xD6, 0xB5, 0xD6, 0xB5, 0xD6, 0xB5, 0xD6, 0xB5, 0xB6, 0xB5, 0xB6, 0xB5,
    0xB6, 0xB5, 0xD7, 0xBD, 0xD7, 0xBD, 0xD7, 0xBD, 0xD7, 0xBD, 0xD7, 0xBD, 0xD7, 0xBD, 0xD7, 0xBD,
    0xD7, 0xBD, 0xD7, 0xB5, 0xD7, 0xB5, 0xD7, 0xB5, 0xD6, 0xB5, 0xD6, 0xB5, 0xD6, 0xB5, 0xD6, 0xB5,
    0xD6, 0xB5, 0xD6, 0xB5, 0xD6, 0xB5, 0xD6, 0xB5, 0xD6, 0xB5, 0xD7, 0xB5, 0xD7, 0xB5, 0xD7, 0xB5,
    0xD7, 0xB5, 0xD7, 0xB5, 0xD7, 0xB5, 0xD7, 0xB5, 0xD7, 0xB5, 0xD6, 0xB5, 0xD6, 0xB5, 0xD6, 0xB5,
    0xD6, 0xB5, 0xD7, 0xB5, 0xD7, 0xB5, 0xD7, 0xB5, 0xD7, 0xB5, 0xD7, 0xB5, 0xD7, 0xB5, 0xD7, 0xB5,
    0xD7, 0xB5, 0xD7, 0xB5, 0xD7, 0xB5, 0xD7, 0xB5, 0xD7, 0xB5, 0xD7, 0xB5, 0xD7, 0xB5, 0xD7, 0xB5,
    0xD7, 0xB5, 0xD7, 0xB5, 0xD7, 0xB5, 0xD7, 0xB5, 0xD7, 0xB5, 0xD7, 0xB5, 0xD7, 0xB5, 0xD7, 0xB5,
    0xD7, 0xB5, 0xD7, 0xB5, 0xD6, 0xB5, 0xD6, 0xB5, 0xD6, 0xB5, 0xD6, 0xB5, 0xD6, 0xB5, 0xD6, 0xB5,
    0xD6, 0xB5, 0xD6, 0xB5, 0xD6, 0xB5, 0xD6, 0xB5, 0xD6, 0xB5, 0xD6, 0xB5, 0xD6, 0xB5, 0xD6, 0xB5,
    0xD7, 0xB5, 0xD7, 0xB5, 0xD7, 0xB5, 0xD7, 0xB5, 0xD7, 0xB5, 0xD7, 0xB5, 0xD6, 0xB5, 0xD6, 0xB5,
    0xD7, 0xB5, 0xD7, 0xB5, 0xD7, 0xB5, 0xD6, 0xB5, 0xD6, 0xB5, 0xD6, 0xB5, 0xD6, 0xB5, 0xD6, 0xB5,
    0xB6, 0xB5, 0xD6, 0xB5, 0xB6, 0xB5, 0x96, 0xB5, 0x59, 0xC6, 0xBB, 0xD6, 0xBA, 0xD6, 0x9A, 0xD6,
    0x9A, 0xD6, 0x9A, 0xD6, 0x9A, 0xD6, 0x9A, 0xD6, 0x9A, 0xCE, 0x9A, 0xCE, 0x9A, 0xCE, 0x9A, 0xCE,
    0x9A, 0xCE, 0x79, 0xCE, 0x79, 0xCE, 0x79, 0xCE, 0x79, 0xCE, 0x59, 0xCE, 0x59, 0xCE, 0x59, 0xCE,
    0x59, 0xC6, 0x58, 0xC6, 0x58, 0xC6, 0x38, 0xC6, 0x38, 0xC6, 0x38, 0xC6, 0x38, 0xC6, 0x38, 0xC6,
    0x38, 0xC6, 0x59, 0xCE, 0x79, 0xCE, 0x79, 0xCE, 0x99, 0xD6, 0xB9, 0xD6, 0xB9, 0xD6, 0xB9, 0xD6,
    0xB9, 0xD6, 0xB9, 0xD6, 0xB9, 0xD6, 0xB9, 0xD6, 0xB9, 0xD6, 0xB9, 0xD6, 0xB9, 0xD6, 0xB9, 0xD6,
    0xB9, 0xD6, 0xBA, 0xD6, 0xBA, 0xDE, 0xBA, 0xDE, 0xB9, 0xDE, 0x1A, 0xE7, 0x3B, 0xEF, 0x3A, 0xE7,
    0x3A, 0xE7, 0x3A, 0xE7, 0x3B, 0xEF, 0x3B, 0xEF, 0x3B, 0xEF, 0x3B, 0xE7, 0x3B, 0xE7, 0x3B, 0xE7,
    0x3B, 0xE7, 0x3B, 0xE7, 0x3B, 0xE7, 0x3B, 0xEF, 0x5C, 0xEF, 0x5C, 0xEF, 0x5C, 0xEF, 0x5C, 0xEF,
    0x5C, 0xEF, 0x5B, 0xEF, 0x5B, 0xEF, 0x5B, 0xEF, 0x5B, 0xEF, 0x5B, 0xEF, 0x5C, 0xEF, 0x5C, 0xEF,
    0x5C, 0xEF, 0x5C, 0xEF, 0x5C, 0xEF, 0x5C, 0xEF, 0x3B, 0xEF, 0x3B, 0xEF, 0x3B, 0xEF, 0x3B, 0xEF,
    0x3B, 0xEF, 0x3B, 0xEF, 0x3B, 0xEF, 0x3B, 0xEF, 0x1B, 0xEF, 0x1B, 0xEF, 0x1B, 0xEF, 0x3B, 0xEF,
    0x3B, 0xEF, 0x3B, 0xEF, 0x3B, 0xEF, 0x3B, 0xEF, 0x3B, 0xEF, 0x3B, 0xEF, 0x3B, 0xEF, 0x3B, 0xE7,
    0x1B, 0xE7, 0x1B, 0xE7, 0xDA, 0xDE, 0x99, 0xD6, 0x98, 0xD6, 0x98, 0xD6, 0x98, 0xD6, 0x99, 0xD6,
    0x99, 0xD6, 0x99, 0xD6, 0x98, 0xD6, 0x98, 0xD6, 0x98, 0xD6, 0x98, 0xD6, 0x98, 0xD6, 0x98, 0xD6,
    0x98, 0xD6, 0x98, 0xD6, 0x98, 0xD6, 0x78, 0xD6, 0x78, 0xD6, 0x78, 0xD6, 0x78, 0xD6, 0x78, 0xD6,
    0x98, 0xD6, 0x78, 0xD6, 0x78, 0xD6, 0x78, 0xD6, 0x78, 0xD6, 0x78, 0xD6, 0x78, 0xD6, 0x78, 0xD6,
    0xD7, 0xB5, 0xD7, 0xB5, 0xD7, 0xB5, 0xD7, 0xB5, 0xB7, 0xB5, 0xB7, 0xB5, 0xB7, 0xB5, 0xB7, 0xB5,
    0xB7, 0xB5, 0xB7, 0xB5, 0xB7, 0xB5, 0x96, 0xAD, 0x96, 0xAD, 0xB6, 0xB5, 0xB6, 0xB5, 0xB6, 0xB5,
    0xB6, 0xB5, 0xB6, 0xB5, 0xB6, 0xB5, 0xB6, 0xB5, 0xB6, 0xB5, 0xB6, 0xB5, 0xB6, 0xB5, 0xB6, 0xB5,
    0xB6, 0xB5, 0x96, 0xAD, 0x96, 0xAD, 0x96, 0xAD, 0xB6, 0xB5, 0xB6, 0xB5, 0xB6, 0xB5, 0x96, 0xAD,
    0x96, 0xAD, 0xB6, 0xB5, 0xB6, 0xB5, 0xD7, 0xB5, 0xB7, 0xB5, 0xB6, 0xB5, 0xB6, 0xB5, 0xB6, 0xB5,
    0xB6, 0xB5, 0xB6, 0xB5, 0xB6, 0xB5, 0x96, 0xAD, 0x96, 0xAD, 0x96, 0xAD, 0x96, 0xAD, 0x96, 0xAD,
    0x96, 0xAD, 0xB6, 0xB5, 0xB6, 0xB5, 0xB6, 0xB5, 0xB6, 0xB5, 0xB6, 0xB5, 0xB6, 0xB5, 0xB6, 0xB5,
    0xB6, 0xB5, 0xB6, 0xB5, 0xB6, 0xB5, 0xB6, 0xB5, 0x96, 0xB5, 0x96, 0xB5, 0x96, 0xB5, 0x96, 0xB5,
    0x96, 0xB5, 0x96, 0xB5, 0x96, 0xAD, 0x96, 0xAD, 0x96, 0xAD, 0x96, 0xAD, 0x96, 0xAD, 0x96, 0xAD,
    0x96, 0xB5, 0x96, 0xB5, 0x96, 0xB5, 0xB6, 0xB5, 0xB6, 0xB5, 0xB6, 0xB5, 0xB6, 0xB5, 0xD7, 0xB5,
    0xB7, 0xB5, 0xB7, 0xB5, 0xB7, 0xB5, 0xB7, 0xB5, 0xB7, 0xB5, 0xD6, 0xB5, 0xD6, 0xB5, 0xD6, 0xB5,
    0xD6, 0xB5, 0xD6, 0xB5, 0xD6, 0xB5, 0xD6, 0xB5, 0xD6, 0xB5, 0xD6, 0xB5, 0xB6, 0xB5, 0xB6, 0xB5,
    0xB6, 0xB5, 0xD7, 0xBD, 0xD7, 0xBD, 0xB6, 0xB5, 0xB6, 0xB5, 0xB6, 0xB5, 0xD7, 0xBD, 0xD7, 0xBD,
    0xD7, 0xBD, 0xD7, 0xB5, 0xD7, 0xB5, 0xD7, 0xB5, 0xD7, 0xB5, 0xD7, 0xB5, 0xD7, 0xB5, 0xD6, 0xB5,
    0xD6, 0xB5, 0xD6, 0xB5, 0xD6, 0xB5, 0xD6, 0xB5, 0xD6, 0xB5, 0xD7, 0xB5, 0xD7, 0xB5, 0xD7, 0xB5,
    0xD7, 0xB5, 0xD7, 0xB5, 0xD7, 0xB5, 0xD7, 0xB5, 0xD7, 0xB5, 0xD7, 0xB5, 0xD7, 0xB5, 0xD7, 0xB5,
    0xD7, 0xB5, 0xD7, 0xB5, 0xD7, 0xB5, 0xD7, 0xBD, 0xD7, 0xBD, 0xD7, 0xB5, 0xD7, 0xB5, 0xD7, 0xB5,
    0xD7, 0xB5, 0xD7, 0xB5, 0xD7, 0xB5, 0xD7, 0xB5, 0xD7, 0xB5, 0xD7, 0xB5, 0xD7, 0xB5, 0xD7, 0xB5,
    0xD7, 0xB5, 0xD7, 0xB5, 0xD7, 0xB5, 0xD7, 0xB5, 0xD7, 0xB5, 0xD7, 0xB5, 0xD7, 0xB5, 0xD7, 0xB5,
    0xD7, 0xB5, 0xD7, 0xB5, 0xD6, 0xB5, 0xD6, 0xB5, 0xD6, 0xB5, 0xD6, 0xB5, 0xD6, 0xB5, 0xD6, 0xB5,
    0xD6, 0xB5, 0xD6, 0xB5, 0xD6, 0xB5, 0xD6, 0xB5, 0xD6, 0xB5, 0xD6, 0xB5, 0xD6, 0xB5, 0xD6, 0xB5,
    0xD7, 0xB5, 0xD7, 0xB5, 0xD7, 0xB5, 0xD7, 0xB5, 0xD7, 0xB5, 0xD7, 0xB5, 0xD6, 0xB5, 0xD6, 0xB5,
    0xD7, 0xB5, 0xD7, 0xB5, 0xD7, 0xB5, 0xD6, 0xB5, 0xD6, 0xB5, 0xD6, 0xB5, 0xD6, 0xB5, 0xD6, 0xB5,
    0xD6, 0xB5, 0xB6, 0xB5, 0xB6, 0xB5, 0xB6, 0xB5, 0x18, 0xC6, 0xDB, 0xD6, 0xDB, 0xD6, 0x9A, 0xD6,
    0xBA, 0xD6, 0x9A, 0xD6, 0x9A, 0xD6, 0x9A, 0xD6, 0x9A, 0xCE, 0x9A, 0xCE, 0x9A, 0xCE, 0x9A, 0xCE,
    0x9A, 0xCE, 0x7A, 0xCE, 0x79, 0xCE, 0x79, 0xCE, 0x79, 0xCE, 0x59, 0xCE, 0x59, 0xCE, 0x59, 0xCE,
    0x59, 0xCE, 0x59, 0xC6, 0x58, 0xC6, 0x38, 0xC6, 0x38, 0xC6, 0x38, 0xC6, 0x38, 0xC6, 0x38, 0xC6,
    0x38, 0xC6, 0x59, 0xCE, 0x79, 0xCE, 0x79, 0xCE, 0x99, 0xD6, 0xB9, 0xD6, 0xB9, 0xD6, 0xB9, 0xD6,
    0xB9, 0xD6, 0xB9, 0xD6, 0x99, 0xD6, 0x99, 0xD6, 0xB9, 0xD6, 0xB9, 0xD6, 0xB9, 0xD6, 0xB9, 0xD6,
    0xBA, 0xD6, 0xBA, 0xD6, 0xBA, 0xDE, 0xBA, 0xDE, 0xB9, 0xDE, 0x1A, 0xE7, 0x3B, 0xEF, 0x3A, 0xE7,
    0x3A, 0xE7, 0x3B, 0xE7, 0x3B, 0xEF, 0x3B, 0xEF, 0x3B, 0xEF, 0x3B, 0xE7, 0x3B, 0xE7, 0x3B, 0xE7,
    0x3B, 0xEF, 0x3B, 0xEF, 0x3B, 0xEF, 0x5B, 0xEF, 0x5C, 0xEF, 0x5C, 0xEF, 0x5C, 0xEF, 0x5C, 0xEF,
    0x5C, 0xEF, 0x5C, 0xEF, 0x5C, 0xEF, 0x5C, 0xEF, 0x5C, 0xEF, 0x5C, 0xEF, 0x5C, 0xEF, 0x5C, 0xEF,
    0x5C, 0xEF, 0x5C, 0xEF, 0x5C, 0xEF, 0x5C, 0xEF, 0x5B, 0xEF, 0x3B, 0xEF, 0x3B, 0xEF, 0x3B, 0xEF,
    0x3B, 0xEF, 0x3B, 0xEF, 0x3B, 0xEF, 0x3B, 0xEF, 0x1B, 0xEF, 0x1B, 0xEF, 0x1B, 0xEF, 0x1B, 0xEF,
    0x3B, 0xEF, 0x3B, 0xEF, 0x3B, 0xEF, 0x3B, 0xEF, 0x3B, 0xEF, 0x3B, 0xEF, 0x3B, 0xEF, 0x3B, 0xE7,
    0x3B, 0xE7, 0x1B, 0xE7, 0xB9, 0xDE, 0x98, 0xD6, 0x98, 0xD6, 0x98, 0xD6, 0x99, 0xD6, 0x99, 0xD6,
    0x99, 0xD6, 0x99, 0xD6, 0x98, 0xD6, 0x98, 0xD6, 0x98, 0xD6, 0x98, 0xD6, 0x98, 0xD6, 0x98, 0xD6,
    0x98, 0xD6, 0x98, 0xD6, 0x98, 0xD6, 0x98, 0xD6, 0x78, 0xD6, 0x78, 0xD6, 0x78, 0xD6, 0x98, 0xD6,
    0x98, 0xD6, 0x78, 0xD6, 0x78, 0xD6, 0x78, 0xD6, 0x78, 0xD6, 0x78, 0xD6, 0x78, 0xD6, 0x78, 0xD6,
    0xD7, 0xB5, 0xD7, 0xB5, 0xD7, 0xB5, 0xD7, 0xB5, 0xB7, 0xB5, 0xB7, 0xB5, 0xB7, 0xB5, 0xB7, 0xB5,
    0xB7, 0xB5, 0xB7, 0xB5, 0xB7, 0xB5, 0xB7, 0xB5, 0xB7, 0xB5, 0xB7, 0xB5, 0xB7, 0xB5, 0xB7, 0xB5,
    0xB7, 0xB5, 0xB6, 0xB5, 0xB6, 0xB5, 0xB6, 0xB5, 0xB6, 0xB5, 0xB6, 0xB5, 0xB6, 0xB5, 0xB6, 0xB5,
    0xB6, 0xB5, 0xB6, 0xB5, 0xB6, 0xB5, 0x96, 0xAD, 0x96, 0xAD, 0x96, 0xAD, 0x96, 0xAD, 0x96, 0xAD,
    0x96, 0xAD, 0xB6, 0xB5, 0xB6, 0xB5, 0xD7, 0xB5, 0xD7, 0xB5, 0xB7, 0xB5, 0xB7, 0xB5, 0xB7, 0xB5,
    0xD7, 0xB5, 0xB6, 0xB5, 0xB6, 0xB5, 0xB6, 0xB5, 0x96, 0xB5, 0x96, 0xB5, 0x96, 0xB5, 0x96, 0xB5,
    0x96, 0xB5, 0xB6, 0xB5, 0xB7, 0xB5, 0xB6, 0xB5, 0xB6, 0xB5, 0xB6, 0xB5, 0xB6, 0xB5, 0xB6, 0xB5,
    0xB6, 0xB5, 0xB6, 0xB5, 0xB6, 0xB5, 0xB6, 0xB5, 0x96, 0xB5, 0xB6, 0xB5, 0x96, 0xB5, 0x96, 0xB5,
    0xB6, 0xB5, 0x96, 0xB5, 0x96, 0xAD, 0x96, 0xAD, 0x96, 0xAD, 0x96, 0xAD, 0x96, 0xAD, 0x96, 0xAD,
    0x96, 0xAD, 0x96, 0xAD, 0x96, 0xB5, 0xB6, 0xB5, 0xB6, 0xB5, 0xB6, 0xB5, 0xB6, 0xB5, 0xD7, 0xB5,
    0xB7, 0xB5, 0xD7, 0xB5, 0xD7, 0xB5, 0xD7, 0xB5, 0xD7, 0xB5, 0xD7, 0xB5, 0xD7, 0xB5, 0xD7, 0xB5,
    0xD7, 0xB5, 0xD7, 0xB5, 0xD7, 0xB5, 0xD7, 0xB5, 0xD7, 0xB5, 0xD7, 0xB5, 0xD7, 0xBD, 0xD7, 0xBD,
    0xD7, 0xBD, 0xD7, 0xBD, 0xD7, 0xBD, 0xB6, 0xBD, 0xB6, 0xBD, 0xD7, 0xBD, 0xD7, 0xBD, 0xD7, 0xBD,
    0xD7, 0xBD, 0xD7, 0xBD, 0xD7, 0xBD, 0xD7, 0xBD, 0xD7, 0xB5, 0xD7, 0xB5, 0xD7, 0xB5, 0xD7, 0xB5,
    0xD7, 0xB5, 0xD7, 0xB5, 0xD6, 0xB5, 0xD6, 0xB5, 0xD6, 0xB5, 0xD7, 0xB5, 0xD7, 0xB5, 0xD7, 0xB5,
    0xD7, 0xB5, 0xD7, 0xB5, 0xD7, 0xB5, 0xD7, 0xB5, 0xD7, 0xB5, 0xD7, 0xB5, 0xD7, 0xB5, 0xD7, 0xB5,
    0xD7, 0xB5, 0xD7, 0xB5, 0xD7, 0xB5, 0xD7, 0xBD, 0xD7, 0xBD, 0xD7, 0xBD, 0xD7, 0xBD, 0xD7, 0xBD,
    0xD7, 0xB5, 0xD7, 0xB5, 0xD7, 0xB5, 0xD7, 0xB5, 0xD7, 0xB5, 0xD7, 0xB5, 0xD7, 0xB5, 0xD7, 0xB5,
    0xD7, 0xB5, 0xD7, 0xBD, 0xD7, 0xBD, 0xD7, 0xBD, 0xD7, 0xB5, 0xD7, 0xB5, 0xD7, 0xB5, 0xD7, 0xBD,
    0xD7, 0xBD, 0xD7, 0xB5, 0xD7, 0xB5, 0xD7, 0xB5, 0xD7, 0xB5, 0xD7, 0xB5, 0xD7, 0xB5, 0xD6, 0xB5,
    0xD6, 0xB5, 0xD6, 0xB5, 0xD6, 0xB5, 0xD6, 0xB5, 0xD6, 0xB5, 0xD6, 0xB5, 0xD6, 0xB5, 0xD6, 0xB5,
    0xD7, 0xB5, 0xD7, 0xB5, 0xD7, 0xB5, 0xD7, 0xB5, 0xD7, 0xB5, 0xD7, 0xB5, 0xD7, 0xB5, 0xD7, 0xB5,
    0xD7, 0xB5, 0xD7, 0xBD, 0xD7, 0xBD, 0xD7, 0xB5, 0xD7, 0xB5, 0xD7, 0xB5, 0xD7, 0xB5, 0xD7, 0xB5,
    0xD6, 0xB5, 0xB6, 0xB5, 0xB6, 0xB5, 0x96, 0xAD, 0xD7, 0xBD, 0xDB, 0xD6, 0xDB, 0xDE, 0x9A, 0xD6,
    0xBA, 0xD6, 0xBA, 0xD6, 0xBA, 0xD6, 0xBA, 0xD6, 0x9A, 0xD6, 0x9A, 0xCE, 0x9A, 0xCE, 0x9A, 0xCE,
    0x9A, 0xCE, 0x7A, 0xCE, 0x7A, 0xCE, 0x79, 0xCE, 0x79, 0xCE, 0x79, 0xCE, 0x79, 0xCE, 0x59, 0xCE,
    0x59, 0xCE, 0x59, 0xCE, 0x59, 0xCE, 0x58, 0xCE, 0x38, 0xC6, 0x38, 0xC6, 0x38, 0xC6, 0x38, 0xC6,
    0x38, 0xC6, 0x59, 0xCE, 0x59, 0xCE, 0x79, 0xCE, 0x99, 0xD6, 0xB9, 0xD6, 0xB9, 0xD6, 0xB9, 0xD6,
    0xB9, 0xD6, 0xB9, 0xD6, 0x99, 0xD6, 0x99, 0xD6, 0xB9, 0xD6, 0xB9, 0xD6, 0xB9, 0xD6, 0xB9, 0xD6,
    0xB9, 0xD6, 0xBA, 0xD6, 0xBA, 0xDE, 0xBA, 0xDE, 0xB9, 0xDE, 0x1A, 0xE7, 0x3B, 0xEF, 0x3B, 0xE7,
    0x3B, 0xE7, 0x3B, 0xE7, 0x3B, 0xEF, 0x3B, 0xEF, 0x3B, 0xEF, 0x3B, 0xEF, 0x3B, 0xEF, 0x3B, 0xE7,
    0x3B, 0xEF, 0x3C, 0xEF, 0x3C, 0xEF, 0x3C, 0xEF, 0x5C, 0xEF, 0x5C, 0xEF, 0x5C, 0xEF, 0x5C, 0xEF,
    0x5C, 0xEF, 0x5C, 0xEF, 0x5C, 0xEF, 0x5C, 0xEF, 0x5C, 0xEF, 0x5C, 0xEF, 0x5C, 0xEF, 0x5C, 0xEF,
    0x5C, 0xEF, 0x5C, 0xEF, 0x5C, 0xEF, 0x5C, 0xEF, 0x3B, 0xEF, 0x3B, 0xEF, 0x3B, 0xEF, 0x3B, 0xEF,
    0x3B, 0xEF, 0x3B, 0xEF, 0x3B, 0xEF, 0x3B, 0xEF, 0x1B, 0xEF, 0x1B, 0xEF, 0x1B, 0xEF, 0x1B, 0xEF,
    0x1B, 0xEF, 0x1B, 0xEF, 0x3B, 0xEF, 0x3B, 0xEF, 0x3B, 0xEF, 0x3B, 0xEF, 0x3B, 0xE7, 0x3B, 0xEF,
    0x3B, 0xEF, 0x3B, 0xE7, 0xB9, 0xDE, 0x98, 0xD6, 0x98, 0xD6, 0x99, 0xD6, 0x99, 0xD6, 0x99, 0xD6,
    0x99, 0xD6, 0x99, 0xD6, 0x99, 0xD6, 0x98, 0xD6, 0x98, 0xD6, 0x98, 0xD6, 0x98, 0xD6, 0x98, 0xD6,
    0x98, 0xD6, 0x98, 0xD6, 0x98, 0xD6, 0x98, 0xD6, 0x78, 0xD6, 0x78, 0xCE, 0x78, 0xD6, 0x98, 0xD6,
    0x98, 0xD6, 0x78, 0xD6, 0x78, 0xD6, 0x78, 0xD6, 0x78, 0xD6, 0x78, 0xD6, 0x78, 0xD6, 0x78, 0xD6,
    0xD7, 0xB5, 0xD7, 0xB5, 0xD7, 0xB5, 0xD7, 0xB5, 0xD7, 0xB5, 0xD7, 0xB5, 0xD7, 0xB5, 0xD7, 0xB5,
    0xB7, 0xB5, 0xB7, 0xB5, 0xB7, 0xB5, 0xD7, 0xB5, 0xD7, 0xB5, 0xB7, 0xB5, 0xB7, 0xB5, 0xB7, 0xB5,
    0xB7, 0xB5, 0xB6, 0xB5, 0xB6, 0xB5, 0xB6, 0xB5, 0xB6, 0xB5, 0xB7, 0xB5, 0xB6, 0xB5, 0xB6, 0xB5,
    0xB6, 0xB5, 0xB6, 0xB5, 0xB6, 0xB5, 0x96, 0xAD, 0x96, 0xAD, 0x96, 0xAD, 0x96, 0xAD, 0x96, 0xAD,
    0x96, 0xB5, 0xB6, 0xB5, 0xB6, 0xB5, 0xD7, 0xB5, 0xD7, 0xB5, 0xD7, 0xB5, 0xD7, 0xB5, 0xD7, 0xB5,
    0xD7, 0xB5, 0xB7, 0xB5, 0xB6, 0xB5, 0xB6, 0xB5, 0x96, 0xB5, 0x96, 0xB5, 0x96, 0xB5, 0x96, 0xB5,
    0x96, 0xB5, 0xB6, 0xB5, 0xB7, 0xB5, 0xB6, 0xB5, 0xB6, 0xB5, 0xB6, 0xB5, 0xB6, 0xB5, 0xB6, 0xB5,
    0xB6, 0xB5, 0xB6, 0xB5, 0xB6, 0xB5, 0xB6, 0xB5, 0xB6, 0xB5, 0xB6, 0xB5, 0xB6, 0xB5, 0xB6, 0xB5,
    0xB6, 0xB5, 0x96, 0xB5, 0x96, 0xB5, 0x96, 0xAD, 0x96, 0xAD, 0x96, 0xAD, 0x96, 0xAD, 0x96, 0xAD,
    0x96, 0xAD, 0x96, 0xAD, 0x96, 0xB5, 0xB6, 0xB5, 0xB6, 0xB5, 0xB6, 0xB5, 0xB6, 0xB5, 0xB6, 0xB5,
    0xB7, 0xB5, 0xD7, 0xB5, 0xD7, 0xB5, 0xD7, 0xB5, 0xD7, 0xB5, 0xD7, 0xB5, 0xD7, 0xB5, 0xD7, 0xB5,
    0xD7, 0xB5, 0xD7, 0xB5, 0xD7, 0xB5, 0xD7, 0xB5, 0xD7, 0xB5, 0xD7, 0xB5, 0xD7, 0xBD, 0xD7, 0xBD,
    0xD7, 0xBD, 0xD7, 0xBD, 0xD7, 0xBD, 0xB6, 0xBD, 0xB6, 0xBD, 0xD7, 0xBD, 0xD7, 0xBD, 0xD7, 0xBD,
    0xD7, 0xBD, 0xD7, 0xBD, 0xD7, 0xBD, 0xD7, 0xBD, 0xD7, 0xB5, 0xD7, 0xB5, 0xD7, 0xB5, 0xD7, 0xBD,
    0xD7, 0xB5, 0xD7, 0xB5, 0xD6, 0xB5, 0xD6, 0xB5, 0xD6, 0xB5, 0xD7, 0xB5, 0xD7, 0xB5, 0xD7, 0xB5,
    0xD7, 0xB5, 0xD7, 0xB5, 0xD7, 0xB5, 0xD7, 0xB5, 0xD7, 0xB5, 0xD7, 0xB5, 0xD7, 0xB5, 0xD7, 0xB5,
    0xD7, 0xB5, 0xD7, 0xB5, 0xD7, 0xB5, 0xD7, 0xBD, 0xD7, 0xBD, 0xD7, 0xBD, 0xD7, 0xBD, 0xD7, 0xBD,
    0xD7, 0xB5, 0xD7, 0xB5, 0xD7, 0xB5, 0xD7, 0xB5, 0xD7, 0xB5, 0xD7, 0xB5, 0xD7, 0xB5, 0xD7, 0xB5,
    0xD7, 0xB5, 0xD7, 0xBD, 0xD7, 0xBD, 0xD7, 0xBD, 0xD7, 0xB5, 0xD7, 0xB5, 0xD7, 0xB5, 0xD7, 0xBD,
    0xD7, 0xBD, 0xD7, 0xB5, 0xD7, 0xB5, 0xD7, 0xB5, 0xD7, 0xB5, 0xD7, 0xB5, 0xD7, 0xB5, 0xD6, 0xB5,
    0xD6, 0xB5, 0xD6, 0xB5, 0xD6, 0xB5, 0xD6, 0xB5, 0xD6, 0xB5, 0xD6, 0xB5, 0xD6, 0xB5, 0xD6, 0xB5,
    0xD7, 0xB5, 0xD7, 0xB5, 0xD7, 0xB5, 0xD7, 0xB5, 0xD7, 0xB5, 0xD7, 0xB5, 0xD7, 0xB5, 0xD7, 0xB5,
    0xD7, 0xB5, 0xD7, 0xBD, 0xD7, 0xBD, 0xD7, 0xB5, 0xD7, 0xB5, 0xD7, 0xB5, 0xD7, 0xB5, 0xD7, 0xB5,
    0xD6, 0xB5, 0xB6, 0xB5, 0xB6, 0xB5, 0x96, 0xB5, 0xF7, 0xBD, 0xDB, 0xD6, 0xBB, 0xD6, 0xBA, 0xD6,
    0xBA, 0xD6, 0xBA, 0xD6, 0xBA, 0xD6, 0xBA, 0xD6, 0x9A, 0xD6, 0x9A, 0xCE, 0x9A, 0xCE, 0x9A, 0xCE,
    0x9A, 0xCE, 0x7A, 0xCE, 0x7A, 0xCE, 0x79, 0xCE, 0x79, 0xCE, 0x79, 0xCE, 0x79, 0xCE, 0x59, 0xCE,
    0x59, 0xCE, 0x59, 0xCE, 0x59, 0xCE, 0x58, 0xCE, 0x58, 0xC6, 0x38, 0xC6, 0x38, 0xC6, 0x38, 0xC6,
    0x38, 0xC6, 0x58, 0xCE, 0x58, 0xCE, 0x79, 0xCE, 0x99, 0xD6, 0xB9, 0xD6, 0xB9, 0xD6, 0xB9, 0xD6,
    0xB9, 0xD6, 0xB9, 0xD6, 0x99, 0xD6, 0x99, 0xD6, 0xB9, 0xD6, 0xB9, 0xD6, 0xB9, 0xD6, 0xB9, 0xD6,
    0xB9, 0xD6, 0xBA, 0xD6, 0xBA, 0xDE, 0xBA, 0xDE, 0xB9, 0xDE, 0x1B, 0xE7, 0x3B, 0xEF, 0x3B, 0xE7,
    0x3B, 0xE7, 0x3B, 0xEF, 0x3B, 0xEF, 0x3B, 0xEF, 0x3B, 0xEF, 0x3B, 0xEF, 0x3B, 0xEF, 0x3B, 0xEF,
    0x3B, 0xEF, 0x5C, 0xEF, 0x5C, 0xEF, 0x3C, 0xEF, 0x5C, 0xEF, 0x5C, 0xEF, 0x5C, 0xEF, 0x5C, 0xEF,
    0x5C, 0xEF, 0x5C, 0xEF, 0x5C, 0xEF, 0x5C, 0xEF, 0x5C, 0xEF, 0x5C, 0xEF, 0x5C, 0xEF, 0x5C, 0xEF,
    0x5C, 0xEF, 0x5C, 0xEF, 0x5C, 0xEF, 0x5C, 0xEF, 0x3B, 0xEF, 0x3B, 0xEF, 0x3B, 0xEF, 0x3B, 0xEF,
    0x3B, 0xEF, 0x3B, 0xEF, 0x3B, 0xEF, 0x3B, 0xEF, 0x1B, 0xEF, 0x1B, 0xEF, 0x1B, 0xEF, 0x1B, 0xEF,
    0x1B, 0xEF, 0x1B, 0xEF, 0x3B, 0xEF, 0x3B, 0xEF, 0x3B, 0xEF, 0x1B, 0xEF, 0x1B, 0xE7, 0x3B, 0xEF,
    0x3B, 0xEF, 0x1A, 0xE7, 0xB9, 0xD6, 0x98, 0xD6, 0x99, 0xD6, 0x99, 0xD6, 0x99, 0xD6, 0x99, 0xD6,
    0x99, 0xD6, 0x99, 0xD6, 0x99, 0xD6, 0x98, 0xD6, 0x98, 0xD6, 0x98, 0xD6, 0x98, 0xD6, 0x98, 0xD6,
    0x98, 0xD6, 0x98, 0xD6, 0x98, 0xD6, 0x98, 0xD6, 0x78, 0xD6, 0x58, 0xCE, 0x78, 0xD6, 0x98, 0xD6,
    0x98, 0xD6, 0x78, 0xD6, 0x78, 0xD6, 0x78, 0xD6, 0x78, 0xD6, 0x78, 0xD6, 0x78, 0xD6, 0x78, 0xD6,
    0xD7, 0xB5, 0xD7, 0xB5, 0xD7, 0xB5, 0xD7, 0xB5, 0xD7, 0xB5, 0xD7, 0xB5, 0xD7, 0xB5, 0xD7, 0xB5,
    0xD7, 0xB5, 0xD7, 0xB5, 0xD7, 0xB5, 0xD7, 0xB5, 0xD7, 0xB5, 0xD7, 0xB5, 0xB7, 0xB5, 0xB7, 0xB5,
    0xB7, 0xB5, 0xB6, 0xB5, 0xB6, 0xB5, 0xB7, 0xB5, 0xB7, 0xB5, 0xB7, 0xB5, 0xB7, 0xB5, 0xB7, 0xB5,
    0xB7, 0xB5, 0xB7, 0xB5, 0xB6, 0xB5, 0x96, 0xAD, 0x96, 0xAD, 0x96, 0xAD, 0x96, 0xAD, 0x96, 0xAD,
    0x96, 0xAD, 0xB6, 0xB5, 0xB6, 0xB5, 0xD7, 0xB5, 0xD7, 0xB5, 0xD7, 0xB5, 0xD7, 0xB5, 0xD7, 0xB5,
    0xD7, 0xB5, 0xD7, 0xB5, 0xB7, 0xB5, 0xB6, 0xB5, 0xB6, 0xB5, 0xB6, 0xB5, 0xB6, 0xB5, 0xB6, 0xB5,
    0xB6, 0xB5, 0xB6, 0xB5, 0xB7, 0xB5, 0xB6, 0xB5, 0xB6, 0xB5, 0xB6, 0xB5, 0xB6, 0xB5, 0xB6, 0xB5,
    0xB6, 0xB5, 0xB6, 0xB5, 0xB6, 0xB5, 0xB6, 0xB5, 0xB6, 0xB5, 0xB6, 0xB5, 0xB6, 0xB5, 0xB6, 0xB5,
    0xB6, 0xB5, 0xB6, 0xB5, 0x96, 0xB5, 0x96, 0xB5, 0x96, 0xAD, 0x96, 0xAD, 0x96, 0xAD, 0x96, 0xAD,
    0x96, 0xAD, 0x96, 0xAD, 0x96, 0xB5, 0xB6, 0xB5, 0xB6, 0xB5, 0xB6, 0xB5, 0xB6, 0xB5, 0xB6, 0xB5,
    0xB7, 0xB5, 0xD7, 0xB5, 0xD7, 0xB5, 0xD7, 0xB5, 0xD7, 0xB5, 0xD7, 0xB5, 0xD7, 0xB5, 0xD7, 0xB5,
    0xD7, 0xB5, 0xD7, 0xB5, 0xD7, 0xB5, 0xD7, 0xB5, 0xD7, 0xB5, 0xD7, 0xB5, 0xD7, 0xBD, 0xD7, 0xBD,
    0xD7, 0xBD, 0xD7, 0xBD, 0xD7, 0xBD, 0xB6, 0xB5, 0xB6, 0xB5, 0xD7, 0xBD, 0xD7, 0xBD, 0xD7, 0xBD,
    0xD7, 0xBD, 0xD7, 0xBD, 0xD7, 0xBD, 0xD7, 0xBD, 0xD7, 0xBD, 0xD7, 0xBD, 0xD7, 0xBD, 0xD7, 0xBD,
    0xD7, 0xB5, 0xD7, 0xB5, 0xD6, 0xB5, 0xD6, 0xB5, 0xD6, 0xB5, 0xD7, 0xB5, 0xD7, 0xB5, 0xD7, 0xB5,
    0xD7, 0xB5, 0xD7, 0xB5, 0xD7, 0xB5, 0xD7, 0xB5, 0xD7, 0xB5, 0xD7, 0xBD, 0xD7, 0xBD, 0xD7, 0xBD,
    0xD7, 0xBD, 0xD7, 0xBD, 0xD7, 0xBD, 0xD7, 0xBD, 0xD7, 0xBD, 0xD7, 0xBD, 0xD7, 0xBD, 0xD7, 0xBD,
    0xD7, 0xB5, 0xD7, 0xB5, 0xD7, 0xB5, 0xD7, 0xB5, 0xD7, 0xB5, 0xD7, 0xB5, 0xD7, 0xB5, 0xD7, 0xB5,
    0xD7, 0xB5, 0xD7, 0xBD, 0xD7, 0xBD, 0xD7, 0xBD, 0xD7, 0xB5, 0xD7, 0xB5, 0xD7, 0xB5, 0xD7, 0xBD,
    0xD7, 0xBD, 0xD7, 0xBD, 0xD7, 0xBD, 0xD7, 0xB5, 0xD7, 0xB5, 0xD7, 0xB5, 0xD7, 0xB5, 0xD6, 0xB5,
    0xD6, 0xB5, 0xD6, 0xB5, 0xD6, 0xB5, 0xD6, 0xB5, 0xD6, 0xB5, 0xD6, 0xB5, 0xD6, 0xB5, 0xD6, 0xB5,
    0xD6, 0xB5, 0xD7, 0xB5, 0xD7, 0xB5, 0xD7, 0xB5, 0xD7, 0xB5, 0xD7, 0xB5, 0xD7, 0xB5, 0xD7, 0xB5,
    0xD7, 0xB5, 0xD7, 0xBD, 0xD7, 0xBD, 0xD7, 0xB5, 0xD7, 0xB5, 0xD7, 0xB5, 0xD7, 0xB5, 0xD7, 0xB5,
    0xD6, 0xB5, 0xB6, 0xB5, 0xB6, 0xB5, 0xB6, 0xB5, 0x18, 0xBE, 0xBA, 0xD6, 0xBA, 0xD6, 0xBA, 0xD6,
    0xBA, 0xD6, 0xBA, 0xD6, 0xBA, 0xD6, 0xBA, 0xD6, 0xBA, 0xD6, 0x9A, 0xCE, 0x9A, 0xCE, 0x9A, 0xCE,
    0x9A, 0xCE, 0x9A, 0xCE, 0x9A, 0xCE, 0x79, 0xCE, 0x79, 0xCE, 0x79, 0xCE, 0x79, 0xCE, 0x79, 0xCE,
    0x59, 0xCE, 0x59, 0xCE, 0x59, 0xCE, 0x58, 0xCE, 0x58, 0xCE, 0x58, 0xC6, 0x38, 0xC6, 0x38, 0xC6,
    0x58, 0xCE, 0x59, 0xCE, 0x59, 0xCE, 0x79, 0xCE, 0x99, 0xD6, 0xB9, 0xD6, 0xB9, 0xD6, 0xB9, 0xD6,
    0xB9, 0xD6, 0xB9, 0xD6, 0x99, 0xD6, 0x99, 0xD6, 0xB9, 0xD6, 0xB9, 0xD6, 0xB9, 0xD6, 0xB9, 0xD6,
    0xBA, 0xD6, 0xBA, 0xD6, 0xBA, 0xDE, 0xBA, 0xDE, 0xBA, 0xDE, 0x1B, 0xE7, 0x3B, 0xEF, 0x3B, 0xE7,
    0x3B, 0xEF, 0x3B, 0xEF, 0x3B, 0xEF, 0x3B, 0xEF, 0x3B, 0xEF, 0x3B, 0xEF, 0x3B, 0xEF, 0x3B, 0xEF,
    0x3C, 0xEF, 0x5C, 0xEF, 0x5C, 0xEF, 0x5C, 0xEF, 0x5C, 0xEF, 0x5C, 0xEF, 0x5C, 0xEF, 0x5C, 0xEF,
    0x5C, 0xEF, 0x5C, 0xEF, 0x5C, 0xEF, 0x5C, 0xEF, 0x5C, 0xEF, 0x5C, 0xEF, 0x5C, 0xEF, 0x5C, 0xEF,
    0x5C, 0xEF, 0x5C, 0xEF, 0x5C, 0xEF, 0x5C, 0xEF, 0x3B, 0xEF, 0x3B, 0xEF, 0x3B, 0xEF, 0x3B, 0xEF,
    0x3B, 0xEF, 0x3B, 0xEF, 0x3B, 0xEF, 0x3B, 0xEF, 0x1B, 0xEF, 0x1B, 0xEF, 0x1B, 0xEF, 0x1B, 0xEF,
    0x3B, 0xEF, 0x3B, 0xEF, 0x3B, 0xEF, 0x3B, 0xEF, 0x3B, 0xEF, 0x3B, 0xEF, 0x3B, 0xE7, 0x3B, 0xEF,
    0x3B, 0xE7, 0xFA, 0xDE, 0x98, 0xD6, 0x98, 0xD6, 0x99, 0xD6, 0x99, 0xD6, 0x99, 0xD6, 0x99, 0xD6,
    0x99, 0xD6, 0x99, 0xD6, 0x99, 0xD6, 0x98, 0xD6, 0x98, 0xD6, 0x98, 0xD6, 0x98, 0xD6, 0x98, 0xD6,
    0x98, 0xD6, 0x98, 0xD6, 0x98, 0xD6, 0x98, 0xD6, 0x78, 0xD6, 0x78, 0xCE, 0x78, 0xD6, 0x98, 0xD6,
    0x98, 0xD6, 0x78, 0xD6, 0x78, 0xD6, 0x78, 0xD6, 0x78, 0xD6, 0x78, 0xD6, 0x78, 0xD6, 0x78, 0xD6,
    0xD7, 0xB5, 0xD7, 0xB5, 0xD7, 0xB5, 0xD7, 0xB5, 0xD7, 0xB5, 0xD7, 0xB5, 0xD7, 0xB5, 0xD7, 0xB5,
    0xD7, 0xB5, 0xD7, 0xB5, 0xD7, 0xB5, 0xD7, 0xB5, 0xD7, 0xB5, 0xD7, 0xB5, 0xD7, 0xB5, 0xB7, 0xB5,
    0xB7, 0xB5, 0xB7, 0xB5, 0xB7, 0xB5, 0xB7, 0xB5, 0xB7, 0xB5, 0xB7, 0xB5, 0xB7, 0xB5, 0xB7, 0xB5,
    0xB7, 0xB5, 0xB7, 0xB5, 0xB7, 0xB5, 0xB7, 0xB5, 0xB7, 0xB5, 0xB6, 0xB5, 0x96, 0xAD, 0xB6, 0xB5,
    0xB6, 0xB5, 0xB6, 0xB5, 0xB7, 0xB5, 0xD7, 0xB5, 0xD7, 0xB5, 0xB7, 0xB5, 0xD7, 0xB5, 0xD7, 0xB5,
    0xD7, 0xB5, 0xD7, 0xB5, 0xB7, 0xB5, 0xB6, 0xB5, 0xB6, 0xB5, 0xB6, 0xB5, 0xB6, 0xB5, 0xB6, 0xB5,
    0xB7, 0xB5, 0xB7, 0xB5, 0xB7, 0xB5, 0xB6, 0xB5, 0xB6, 0xB5, 0xB6, 0xB5, 0xB6, 0xB5, 0xB6, 0xB5,
    0xB6, 0xB5, 0xB6, 0xB5, 0xB6, 0xB5, 0xB6, 0xB5, 0xB6, 0xB5, 0xB6, 0xB5, 0xB6, 0xB5, 0xB6, 0xB5,
    0xB6, 0xB5, 0xB6, 0xB5, 0x96, 0xB5, 0x96, 0xB5, 0x96, 0xAD, 0x96, 0xAD, 0x96, 0xAD, 0x96, 0xAD,
    0x96, 0xAD, 0x96, 0xAD, 0x96, 0xB5, 0x96, 0xB5, 0xB6, 0xB5, 0xB6, 0xB5, 0xB6, 0xB5, 0xB6, 0xB5,
    0xD6, 0xB5, 0xD6, 0xB5, 0xD7, 0xB5, 0xD7, 0xB5, 0xD7, 0xB5, 0xD7, 0xB5, 0xD7, 0xB5, 0xD7, 0xB5,
    0xD7, 0xB5, 0xD7, 0xB5, 0xD7, 0xB5, 0xD7, 0xB5, 0xD7, 0xB5, 0xD7, 0xB5, 0xD7, 0xB5, 0xD7, 0xB5,
    0xD7, 0xB5, 0xD7, 0xB5, 0xD7, 0xB5, 0xD7, 0xB5, 0xD7, 0xBD, 0xD7, 0xB5, 0xD7, 0xB5, 0xD7, 0xB5,
    0xD7, 0xBD, 0xD7, 0xBD, 0xD7, 0xBD, 0xD7, 0xBD, 0xD7, 0xBD, 0xD7, 0xBD, 0xD7, 0xBD, 0xD7, 0xBD,
    0xD7, 0xBD, 0xD7, 0xBD, 0xB6, 0xB5, 0xD6, 0xB5, 0xD6, 0xB5, 0xD7, 0xB5, 0xD7, 0xB5, 0xD7, 0xB5,
    0xD7, 0xBD, 0xD7, 0xBD, 0xD7, 0xBD, 0xD7, 0xBD, 0xD7, 0xBD, 0xD7, 0xBD, 0xD7, 0xBD, 0xD7, 0xBD,
    0xD7, 0xBD, 0xD7, 0xBD, 0xD7, 0xBD, 0xD7, 0xBD, 0xD7, 0xBD, 0xD7, 0xBD, 0xD7, 0xBD, 0xD7, 0xBD,
    0xD7, 0xBD, 0xD7, 0xBD, 0xD7, 0xBD, 0xD7, 0xBD, 0xD7, 0xBD, 0xD7, 0xBD, 0xD7, 0xBD, 0xD7, 0xBD,
    0xB6, 0xB5, 0xD7, 0xBD, 0xD7, 0xBD, 0xD7, 0xBD, 0xD7, 0xBD, 0xD7, 0xBD, 0xD7, 0xBD, 0xD7, 0xBD,
    0xD7, 0xBD, 0xD7, 0xBD, 0xD7, 0xBD, 0xD7, 0xBD, 0xD7, 0xBD, 0xD7, 0xB5, 0xD7, 0xB5, 0xD6, 0xB5,
    0xD6, 0xB5, 0xD6, 0xB5, 0xD6, 0xB5, 0xD6, 0xB5, 0xB6, 0xB5, 0xB6, 0xB5, 0xB6, 0xB5, 0xB6, 0xB5,
    0xD6, 0xB5, 0xD6, 0xB5, 0xD6, 0xB5, 0xD7, 0xB5, 0xD7, 0xB5, 0xD7, 0xB5, 0xD7, 0xB5, 0xD7, 0xB5,
    0xD7, 0xB5, 0xD7, 0xB5, 0xD7, 0xB5, 0xD7, 0xBD, 0xD7, 0xBD, 0xD7, 0xB5, 0xD6, 0xB5, 0xD6, 0xB5,
    0xD6, 0xB5, 0xB6, 0xB5, 0xB6, 0xB5, 0xB6, 0xB5, 0x18, 0xBE, 0xBA, 0xD6, 0xBA, 0xD6, 0xBA, 0xD6,
    0xBA, 0xD6, 0xBA, 0xD6, 0xBA, 0xD6, 0xBA, 0xD6, 0xBA, 0xD6, 0x9A, 0xCE, 0x9A, 0xCE, 0x9A, 0xCE,
    0x9A, 0xCE, 0x9A, 0xCE, 0x9A, 0xCE, 0x79, 0xCE, 0x79, 0xCE, 0x79, 0xCE, 0x79, 0xCE, 0x79, 0xCE,
    0x59, 0xCE, 0x59, 0xCE, 0x59, 0xCE, 0x59, 0xCE, 0x59, 0xCE, 0x59, 0xCE, 0x38, 0xC6, 0x38, 0xC6,
    0x38, 0xC6, 0x58, 0xCE, 0x79, 0xCE, 0x79, 0xCE, 0x99, 0xD6, 0xB9, 0xD6, 0xB9, 0xD6, 0xB9, 0xD6,
    0xB9, 0xD6, 0xB9, 0xD6, 0xB9, 0xD6, 0xB9, 0xD6, 0xBA, 0xD6, 0xBA, 0xD6, 0xBA, 0xD6, 0xB9, 0xD6,
    0xBA, 0xD6, 0xB9, 0xD6, 0xB9, 0xD6, 0xB9, 0xD6, 0xD9, 0xDE, 0x1B, 0xE7, 0x3B, 0xE7, 0x5C, 0xEF,
    0x5C, 0xEF, 0x5C, 0xEF, 0x3C, 0xEF, 0x3C, 0xEF, 0x3C, 0xEF, 0x3C, 0xEF, 0x3C, 0xEF, 0x3C, 0xEF,
    0x3C, 0xEF, 0x3C, 0xEF, 0x5C, 0xEF, 0x5C, 0xEF, 0x5C, 0xEF, 0x5C, 0xEF, 0x5C, 0xEF, 0x5C, 0xEF,
    0x5C, 0xEF, 0x5C, 0xEF, 0x5C, 0xEF, 0x5C, 0xEF, 0x5C, 0xEF, 0x5C, 0xEF, 0x5C, 0xEF, 0x5C, 0xEF,
    0x5C, 0xEF, 0x5C, 0xEF, 0x5C, 0xEF, 0x5C, 0xEF, 0x3B, 0xEF, 0x3B, 0xEF, 0x3B, 0xEF, 0x1B, 0xEF,
    0x1B, 0xEF, 0x1B, 0xEF, 0x1B, 0xEF, 0x1B, 0xEF, 0x1B, 0xEF, 0x1B, 0xEF, 0x1B, 0xEF, 0x3B, 0xEF,
    0x3B, 0xEF, 0x3B, 0xEF, 0x3B, 0xEF, 0x3B, 0xEF, 0x3B, 0xEF, 0x3B, 0xEF, 0x3B, 0xE7, 0x1A, 0xE7,
    0x1A, 0xE7, 0xB9, 0xD6, 0x78, 0xD6, 0x98, 0xD6, 0x98, 0xD6, 0x98, 0xD6, 0x98, 0xD6, 0x98, 0xD6,
    0x98, 0xD6, 0x98, 0xD6, 0x98, 0xD6, 0x98, 0xD6, 0x98, 0xD6, 0x98, 0xD6, 0x98, 0xD6, 0x98, 0xD6,
    0x98, 0xD6, 0x98, 0xD6, 0x98, 0xD6, 0x98, 0xD6, 0x98, 0xD6, 0x78, 0xD6, 0x78, 0xD6, 0x98, 0xD6,
    0x98, 0xD6, 0x78, 0xD6, 0x78, 0xD6, 0x78, 0xD6, 0x78, 0xD6, 0x78, 0xD6, 0x78, 0xD6, 0x58, 0xD6,
    0xD7, 0xB5, 0xD7, 0xB5, 0xD7, 0xB5, 0xD8, 0xB5, 0xD8, 0xB5, 0xD7, 0xB5, 0xD7, 0xB5, 0xD7, 0xB5,
    0xD7, 0xB5, 0xD7, 0xB5, 0xD7, 0xB5, 0xD7, 0xB5, 0xD7, 0xB5, 0xD7, 0xB5, 0xD7, 0xB5, 0xD7, 0xB5,
    0xB7, 0xB5, 0xB7, 0xB5, 0xD7, 0xB5, 0xD7, 0xB5, 0xB7, 0xB5, 0xB7, 0xB5, 0xB7, 0xB5, 0x96, 0xAD,
    0xB7, 0xB5, 0xB7, 0xB5, 0xB6, 0xB5, 0xB7, 0xB5, 0xB7, 0xB5, 0xB7, 0xB5, 0xB6, 0xB5, 0xB6, 0xB5,
    0xB6, 0xB5, 0xB6, 0xB5, 0xD7, 0xB5, 0xD7, 0xB5, 0xD7, 0xB5, 0xB7, 0xB5, 0xB7, 0xB5, 0xB7, 0xB5,
    0xD7, 0xB5, 0xD7, 0xB5, 0xB7, 0xB5, 0xB6, 0xB5, 0xB6, 0xB5, 0xB7, 0xB5, 0xB7, 0xB5, 0xB7, 0xB5,
    0xD7, 0xB5, 0xD7, 0xB5, 0xB7, 0xB5, 0xB6, 0xB5, 0xB6, 0xB5, 0xB6, 0xB5, 0xB6, 0xB5, 0xB6, 0xB5,
    0xB6, 0xB5, 0xB6, 0xB5, 0xB6, 0xB5, 0xB6, 0xB5, 0xB6, 0xB5, 0xB6, 0xB5, 0xB6, 0xB5, 0xB6, 0xB5,
    0xB6, 0xB5, 0xB6, 0xB5, 0xB6, 0xB5, 0x96, 0xB5, 0x96, 0xB5, 0x96, 0xB5, 0x96, 0xB5, 0x96, 0xB5,
    0x96, 0xB5, 0x96, 0xB5, 0x96, 0xB5, 0xB6, 0xB5, 0xB6, 0xB5, 0xB6, 0xB5, 0xB6, 0xB5, 0xB6, 0xB5,
    0xD6, 0xB5, 0xD6, 0xB5, 0xD7, 0xB5, 0xD7, 0xB5, 0xD7, 0xB5, 0xD7, 0xB5, 0xD7, 0xB5, 0xD7, 0xB5,
    0xD7, 0xB5, 0xD7, 0xB5, 0xD7, 0xB5, 0xD7, 0xB5, 0xD7, 0xB5, 0xD7, 0xB5, 0xD7, 0xB5, 0xD7, 0xB5,
    0xD7, 0xB5, 0xD7, 0xB5, 0xD7, 0xB5, 0xD7, 0xB5, 0xD7, 0xB5, 0xD7, 0xB5, 0xD6, 0xB5, 0xD6, 0xB5,
    0xD7, 0xB5, 0xD7, 0xBD, 0xD7, 0xBD, 0xD7, 0xBD, 0xD7, 0xBD, 0xD7, 0xBD, 0xD7, 0xBD, 0xD7, 0xBD,
    0xD7, 0xBD, 0xD7, 0xBD, 0xB6, 0xB5, 0xD6, 0xB5, 0xD6, 0xB5, 0xD7, 0xB5, 0xD7, 0xB5, 0xD7, 0xB5,
    0xD7, 0xBD, 0xD7, 0xBD, 0xD7, 0xBD, 0xD7, 0xBD, 0xD7, 0xBD, 0xD7, 0xBD, 0xD7, 0xBD, 0xD7, 0xBD,
    0xD7, 0xBD, 0xD7, 0xBD, 0xD7, 0xBD, 0xD7, 0xBD, 0xD7, 0xBD, 0xD7, 0xBD, 0xD7, 0xBD, 0xD7, 0xBD,
    0xD7, 0xBD, 0xD7, 0xBD, 0xD7, 0xBD, 0xD7, 0xBD, 0xD7, 0xBD, 0xD7, 0xBD, 0xD7, 0xBD, 0xD7, 0xBD,
    0xB6, 0xB5, 0xD7, 0xBD, 0xD7, 0xBD, 0xD7, 0xBD, 0xD7, 0xBD, 0xD7, 0xBD, 0xD7, 0xBD, 0xD7, 0xBD,
    0xD7, 0xBD, 0xD7, 0xBD, 0xD7, 0xBD, 0xD7, 0xBD, 0xD7, 0xBD, 0xD7, 0xB5, 0xD7, 0xB5, 0xD6, 0xB5,
    0xB6, 0xB5, 0xB6, 0xB5, 0xD6, 0xB5, 0xD6, 0xB5, 0xB6, 0xB5, 0xB6, 0xB5, 0xB6, 0xB5, 0xB6, 0xB5,
    0xB6, 0xB5, 0xB6, 0xB5, 0xD6, 0xB5, 0xD7, 0xB5, 0xD7, 0xB5, 0xD7, 0xB5, 0xD7, 0xB5, 0xD7, 0xB5,
    0xD7, 0xB5, 0xD7, 0xB5, 0xD7, 0xB5, 0xD7, 0xBD, 0xD7, 0xBD, 0xD7, 0xB5, 0xD6, 0xB5, 0xD6, 0xB5,
    0xD6, 0xB5, 0xB6, 0xB5, 0xB6, 0xB5, 0xB6, 0xB5, 0x18, 0xBE, 0xBA, 0xD6, 0xBA, 0xD6, 0xBA, 0xD6,
    0xBA, 0xD6, 0xBA, 0xD6, 0xBA, 0xD6, 0xBA, 0xD6, 0xBA, 0xCE, 0x9A, 0xCE, 0x9A, 0xCE, 0x9A, 0xCE,
    0x9A, 0xCE, 0x9A, 0xCE, 0x9A, 0xCE, 0x7A, 0xCE, 0x79, 0xCE, 0x79, 0xCE, 0x79, 0xCE, 0x79, 0xCE,
    0x59, 0xCE, 0x59, 0xCE, 0x59, 0xCE, 0x59, 0xCE, 0x59, 0xCE, 0x59, 0xCE, 0x38, 0xC6, 0x38, 0xC6,
    0x38, 0xC6, 0x58, 0xCE, 0x79, 0xCE, 0x79, 0xCE, 0x99, 0xD6, 0xB9, 0xD6, 0xB9, 0xD6, 0xB9, 0xD6,
    0xB9, 0xD6, 0xB9, 0xD6, 0xB9, 0xD6, 0xB9, 0xD6, 0xBA, 0xD6, 0xBA, 0xD6, 0xBA, 0xD6, 0xB9, 0xD6,
    0xBA, 0xD6, 0xB9, 0xD6, 0xB9, 0xD6, 0xB9, 0xD6, 0xD9, 0xDE, 0x1B, 0xE7, 0x3B, 0xE7, 0x5C, 0xEF,
    0x5C, 0xEF, 0x5C, 0xEF, 0x3C, 0xEF, 0x5C, 0xEF, 0x5C, 0xEF, 0x5C, 0xEF, 0x5C, 0xEF, 0x5C, 0xEF,
    0x3C, 0xEF, 0x3C, 0xEF, 0x5C, 0xEF, 0x5C, 0xEF, 0x5C, 0xEF, 0x5C, 0xEF, 0x5C, 0xEF, 0x5C, 0xEF,
    0x5C, 0xEF, 0x5C, 0xEF, 0x5C, 0xEF, 0x5C, 0xEF, 0x5C, 0xEF, 0x5C, 0xEF, 0x5C, 0xEF, 0x5C, 0xEF,
    0x5C, 0xEF, 0x5C, 0xEF, 0x5C, 0xEF, 0x5C, 0xEF, 0x3B, 0xEF, 0x3B, 0xEF, 0x1B, 0xEF, 0x1B, 0xEF,
    0x1B, 0xEF, 0x1B, 0xEF, 0x1B, 0xEF, 0x1B, 0xEF, 0x3B, 0xEF, 0x3B, 0xEF, 0x1B, 0xEF, 0x3B, 0xEF,
    0x3B, 0xEF, 0x3B, 0xEF, 0x3B, 0xEF, 0x3B, 0xEF, 0x3B, 0xEF, 0x5B, 0xEF, 0x3B, 0xEF, 0x1A, 0xE7,
    0xFA, 0xE6, 0x98, 0xD6, 0x78, 0xD6, 0x98, 0xD6, 0x98, 0xD6, 0x98, 0xD6, 0x98, 0xD6, 0x98, 0xD6,
    0x98, 0xD6, 0x98, 0xD6, 0x98, 0xD6, 0x98, 0xD6, 0x98, 0xD6, 0x98, 0xD6, 0x98, 0xD6, 0x98, 0xD6,
    0x98, 0xD6, 0x98, 0xD6, 0x98, 0xD6, 0x98, 0xD6, 0x98, 0xD6, 0x98, 0xD6, 0x78, 0xD6, 0x98, 0xD6,
    0x98, 0xD6, 0x78, 0xD6, 0x78, 0xD6, 0x78, 0xD6, 0x78, 0xD6, 0x78, 0xD6, 0x78, 0xD6, 0x58, 0xD6,
    0xD7, 0xB5, 0xD7, 0xB5, 0xD7, 0xB5, 0xD8, 0xB5, 0xD8, 0xB5, 0xD7, 0xB5, 0xD7, 0xB5, 0xD7, 0xB5,
    0xD7, 0xB5, 0xD7, 0xB5, 0xD7, 0xB5, 0xD7, 0xB5, 0xD7, 0xB5, 0xD7, 0xB5, 0xD7, 0xB5, 0xD7, 0xB5,
    0xD7, 0xB5, 0xD7, 0xB5, 0xD7, 0xB5, 0xD7, 0xB5, 0xB7, 0xB5, 0xB7, 0xB5, 0xB7, 0xB5, 0xB7, 0xB5,
    0xB7, 0xB5, 0xB7, 0xB5, 0xB7, 0xB5, 0xB7, 0xB5, 0xB7, 0xB5, 0xB7, 0xB5, 0xB6, 0xB5, 0xB6, 0xB5,
    0xB6, 0xB5, 0xB7, 0xB5, 0xD7, 0xB5, 0xD7, 0xB5, 0xD7, 0xB5, 0xB7, 0xB5, 0xB7, 0xB5, 0xB7, 0xB5,
    0xD7, 0xB5, 0xD7, 0xB5, 0xB7, 0xB5, 0xB7, 0xB5, 0xB7, 0xB5, 0xB7, 0xB5, 0xB7, 0xB5, 0xB7, 0xB5,
    0xD7, 0xB5, 0xD7, 0xB5, 0xB7, 0xB5, 0xB6, 0xB5, 0xB6, 0xB5, 0xB6, 0xB5, 0xB6, 0xB5, 0xB6, 0xB5,
    0xB6, 0xB5, 0xB6, 0xB5, 0xB6, 0xB5, 0xB6, 0xB5, 0xD6, 0xB5, 0xD6, 0xB5, 0xB6, 0xB5, 0xB6, 0xB5,
    0xB6, 0xB5, 0xB6, 0xB5, 0xB6, 0xB5, 0xB6, 0xB5, 0xB6, 0xB5, 0xB6, 0xB5, 0xB6, 0xB5, 0xB6, 0xB5,
    0xB6, 0xB5, 0xB6, 0xB5, 0xB6, 0xB5, 0xB6, 0xB5, 0xB6, 0xB5, 0xB6, 0xB5, 0xB6, 0xB5, 0xB6, 0xB5,
    0xD6, 0xB5, 0xD6, 0xB5, 0xD7, 0xB5, 0xD7, 0xB5, 0xD7, 0xB5, 0xD7, 0xB5, 0xD7, 0xB5, 0xD7, 0xB5,
    0xD7, 0xB5, 0xD7, 0xB5, 0xD7, 0xB5, 0xD7, 0xB5, 0xD7, 0xB5, 0xD7, 0xB5, 0xD7, 0xB5, 0xD7, 0xB5,
    0xD7, 0xB5, 0xD7, 0xB5, 0xD7, 0xB5, 0xD7, 0xB5, 0xD7, 0xB5, 0xD7, 0xBD, 0xD7, 0xB5, 0xD7, 0xB5,
    0xD7, 0xB5, 0xD7, 0xBD, 0xD7, 0xBD, 0xD7, 0xBD, 0xD7, 0xBD, 0xD7, 0xBD, 0xD7, 0xBD, 0xD7, 0xBD,
    0xD7, 0xBD, 0xD7, 0xBD, 0xB6, 0xB5, 0xD6, 0xB5, 0xD6, 0xB5, 0xD7, 0xB5, 0xD7, 0xB5, 0xD7, 0xB5,
    0xD7, 0xBD, 0xD7, 0xBD, 0xD7, 0xBD, 0xD7, 0xBD, 0xD7, 0xBD, 0xD7, 0xBD, 0xD7, 0xBD, 0xD7, 0xBD,
    0xD7, 0xBD, 0xD7, 0xBD, 0xD7, 0xBD, 0xD7, 0xBD, 0xD7, 0xBD, 0xD7, 0xBD, 0xD7, 0xBD, 0xD7, 0xBD,
    0xD7, 0xBD, 0xD7, 0xBD, 0xD7, 0xBD, 0xD7, 0xBD, 0xD7, 0xBD, 0xD7, 0xBD, 0xD7, 0xBD, 0xD7, 0xBD,
    0xB6, 0xB5, 0xD7, 0xBD, 0xD7, 0xBD, 0xD7, 0xBD, 0xD7, 0xBD, 0xD7, 0xBD, 0xD7, 0xBD, 0xD7, 0xBD,
    0xD7, 0xBD, 0xD7, 0xBD, 0xD7, 0xBD, 0xD7, 0xBD, 0xD7, 0xBD, 0xD7, 0xB5, 0xD7, 0xB5, 0xD6, 0xB5,
    0xB6, 0xB5, 0xB6, 0xB5, 0xD6, 0xB5, 0xD6, 0xB5, 0xB6, 0xB5, 0xB6, 0xB5, 0xB6, 0xB5, 0xB6, 0xB5,
    0xB6, 0xB5, 0xB6, 0xB5, 0xD6, 0xB5, 0xD7, 0xB5, 0xD7, 0xB5, 0xD7, 0xB5, 0xD7, 0xB5, 0xD7, 0xB5,
    0xD7, 0xB5, 0xD7, 0xB5, 0xD7, 0xB5, 0xD7, 0xBD, 0xD7, 0xBD, 0xD7, 0xB5, 0xD6, 0xB5, 0xD6, 0xB5,
    0xD6, 0xB5, 0xB6, 0xB5, 0xB6, 0xB5, 0xB6, 0xB5, 0x17, 0xBE, 0xBA, 0xD6, 0xBA, 0xD6, 0xBA, 0xD6,
    0xBA, 0xD6, 0xBA, 0xD6, 0xBA, 0xD6, 0xBA, 0xCE, 0xBA, 0xCE, 0x9A, 0xCE, 0x9A, 0xCE, 0x9A, 0xCE,
    0x9A, 0xCE, 0x9A, 0xCE, 0x9A, 0xCE, 0x7A, 0xCE, 0x79, 0xCE, 0x79, 0xCE, 0x79, 0xCE, 0x79, 0xCE,
    0x59, 0xCE, 0x59, 0xCE, 0x59, 0xCE, 0x59, 0xCE, 0x59, 0xCE, 0x59, 0xCE, 0x38, 0xC6, 0x38, 0xC6,
    0x38, 0xC6, 0x59, 0xCE, 0x79, 0xCE, 0x79, 0xCE, 0x99, 0xD6, 0xB9, 0xD6, 0xB9, 0xD6, 0xB9, 0xD6,
    0xB9, 0xD6, 0xB9, 0xD6, 0xB9, 0xD6, 0xB9, 0xD6, 0xBA, 0xD6, 0xBA, 0xD6, 0xBA, 0xD6, 0xBA, 0xD6,
    0xBA, 0xD6, 0xBA, 0xD6, 0xBA, 0xDE, 0xB9, 0xD6, 0xDA, 0xDE, 0x1B, 0xE7, 0x3B, 0xE7, 0x5C, 0xEF,
    0x5C, 0xEF, 0x5C, 0xEF, 0x5C, 0xEF, 0x5C, 0xEF, 0x5C, 0xEF, 0x5C, 0xEF, 0x5C, 0xEF, 0x5C, 0xEF,
    0x3C, 0xEF, 0x3C, 0xEF, 0x5C, 0xEF, 0x5C, 0xEF, 0x5C, 0xEF, 0x5C, 0xEF, 0x5C, 0xEF, 0x5C, 0xEF,
    0x5C, 0xEF, 0x5C, 0xEF, 0x5C, 0xEF, 0x5C, 0xEF, 0x5C, 0xEF, 0x5C, 0xEF, 0x5C, 0xEF, 0x5C, 0xEF,
    0x5C, 0xEF, 0x5C, 0xEF, 0x5C, 0xEF, 0x5C, 0xEF, 0x3B, 0xEF, 0x3B, 0xEF, 0x1B, 0xEF, 0x1B, 0xEF,
    0x1B, 0xEF, 0x1B, 0xEF, 0x1B, 0xEF, 0x1B, 0xEF, 0x1B, 0xEF, 0x1B, 0xEF, 0x3B, 0xEF, 0x3B, 0xEF,
    0x3B, 0xEF, 0x3B, 0xEF, 0x3B, 0xEF, 0x3B, 0xEF, 0x3B, 0xEF, 0x5B, 0xEF, 0x3B, 0xEF, 0x3B, 0xE7,
    0xD9, 0xDE, 0x78, 0xD6, 0x98, 0xD6, 0x98, 0xD6, 0x98, 0xD6, 0x98, 0xD6, 0x98, 0xD6, 0x98, 0xD6,
    0x98, 0xD6, 0x98, 0xD6, 0x98, 0xD6, 0x98, 0xD6, 0x98, 0xD6, 0x98, 0xD6, 0x98, 0xD6, 0x98, 0xD6,
    0x98, 0xD6, 0x98, 0xD6, 0x98, 0xD6, 0x98, 0xD6, 0x98, 0xD6, 0x98, 0xD6, 0x98, 0xD6, 0x98, 0xD6,
    0x98, 0xD6, 0x78, 0xD6, 0x78, 0xD6, 0x78, 0xD6, 0x78, 0xD6, 0x78, 0xD6, 0x78, 0xD6, 0x58, 0xD6,
    0xD7, 0xB5, 0xD7, 0xB5, 0xD7, 0xB5, 0xD8, 0xB5, 0xD8, 0xB5, 0xD8, 0xB5, 0xD8, 0xB5, 0xD8, 0xB5,
    0xD7, 0xB5, 0xD7, 0xB5, 0xD7, 0xB5, 0xD7, 0xB5, 0xD7, 0xB5, 0xD7, 0xB5, 0xD7, 0xB5, 0xD7, 0xB5,
    0xD7, 0xB5, 0xD7, 0xB5, 0xD7, 0xB5, 0xD7, 0xB5, 0xB7, 0xB5, 0xB7, 0xB5, 0xD7, 0xB5, 0xD7, 0xB5,
    0xD7, 0xB5, 0xD7, 0xB5, 0xD7, 0xB5, 0xB7, 0xB5, 0xB7, 0xB5, 0xB6, 0xB5, 0x96, 0xAD, 0x96, 0xAD,
    0xB6, 0xB5, 0xD7, 0xB5, 0xD7, 0xB5, 0xD7, 0xB5, 0xD7, 0xB5, 0xD7, 0xB5, 0xD7, 0xB5, 0xD7, 0xB5,
    0xD7, 0xB5, 0xD7, 0xB5, 0xB7, 0xB5, 0xB7, 0xB5, 0xB7, 0xB5, 0xB7, 0xB5, 0xB7, 0xB5, 0xB7, 0xB5,
    0xD7, 0xBD, 0xB7, 0xBD, 0xB7, 0xB5, 0xB6, 0xB5, 0xB6, 0xB5, 0xB6, 0xB5, 0xB6, 0xB5, 0xB6, 0xB5,
    0xB6, 0xB5, 0xB6, 0xB5, 0xB6, 0xB5, 0xB6, 0xB5, 0xD6, 0xB5, 0xD6, 0xB5, 0xB6, 0xB5, 0xB6, 0xB5,
    0xB6, 0xB5, 0xB6, 0xB5, 0xB6, 0xB5, 0xB6, 0xB5, 0xB6, 0xB5, 0xB6, 0xB5, 0xB6, 0xB5, 0xB6, 0xB5,
    0xB6, 0xB5, 0xB6, 0xB5, 0xB6, 0xB5, 0xB6, 0xB5, 0xB6, 0xB5, 0xB6, 0xB5, 0xB6, 0xB5, 0xB6, 0xB5,
    0xD6, 0xB5, 0xD6, 0xB5, 0xD7, 0xB5, 0xD7, 0xB5, 0xD7, 0xB5, 0xD7, 0xB5, 0xD7, 0xB5, 0xD7, 0xB5,
    0xD7, 0xBD, 0xD7, 0xB5, 0xD7, 0xB5, 0xD7, 0xB5, 0xD7, 0xB5, 0xD7, 0xB5, 0xD7, 0xB5, 0xD7, 0xB5,
    0xD7, 0xB5, 0xD7, 0xB5, 0xD7, 0xBD, 0xD7, 0xBD, 0xD7, 0xBD, 0xD7, 0xBD, 0xD7, 0xB5, 0xD7, 0xB5,
    0xD7, 0xBD, 0xD7, 0xBD, 0xD7, 0xBD, 0xD7, 0xBD, 0xD7, 0xBD, 0xD7, 0xBD, 0xD7, 0xBD, 0xD7, 0xBD,
    0xD7, 0xBD, 0xD7, 0xBD, 0xB6, 0xBD, 0xD6, 0xB5, 0xD6, 0xB5, 0xD7, 0xB5, 0xD7, 0xB5, 0xD7, 0xB5,
    0xD7, 0xBD, 0xD7, 0xBD, 0xD7, 0xBD, 0xD7, 0xBD, 0xD7, 0xBD, 0xD7, 0xB5, 0xD7, 0xB5, 0xD7, 0xB5,
    0xD7, 0xBD, 0xD7, 0xBD, 0xD7, 0xBD, 0xD7, 0xBD, 0xD7, 0xBD, 0xD7, 0xBD, 0xD7, 0xBD, 0xD7, 0xBD,
    0xD7, 0xBD, 0xD7, 0xBD, 0xD7, 0xBD, 0xD7, 0xBD, 0xD7, 0xBD, 0xD7, 0xBD, 0xD7, 0xBD, 0xD7, 0xBD,
    0xD7, 0xBD, 0xD7, 0xBD, 0xD7, 0xBD, 0xD7, 0xBD, 0xD7, 0xBD, 0xD7, 0xBD, 0xD7, 0xBD, 0xD7, 0xBD,
    0xD7, 0xBD, 0xD7, 0xBD, 0xD7, 0xBD, 0xD7, 0xBD, 0xD7, 0xB5, 0xD7, 0xB5, 0xD7, 0xB5, 0xD6, 0xB5,
    0xD6, 0xB5, 0xD6, 0xB5, 0xD6, 0xB5, 0xD6, 0xB5, 0xD6, 0xB5, 0xB6, 0xB5, 0xB6, 0xB5, 0xB6, 0xB5,
    0xD6, 0xB5, 0xD6, 0xB5, 0xD6, 0xB5, 0xD7, 0xB5, 0xD7, 0xB5, 0xD7, 0xB5, 0xD7, 0xB5, 0xD7, 0xB5,
    0xD7, 0xB5, 0xD7, 0xB5, 0xD7, 0xB5, 0xD7, 0xBD, 0xD7, 0xBD, 0xD7, 0xB5, 0xD6, 0xB5, 0xD6, 0xB5,
    0xD6, 0xB5, 0xB6, 0xB5, 0xB6, 0xB5, 0xB6, 0xB5, 0x17, 0xBE, 0xBA, 0xD6, 0x9A, 0xD6, 0xDA, 0xD6,
    0xDA, 0xD6, 0xDA, 0xD6, 0xBA, 0xD6, 0xBA, 0xCE, 0xBA, 0xD6, 0xBA, 0xD6, 0x9A, 0xCE, 0x9A, 0xCE,
    0x9A, 0xCE, 0x9A, 0xCE, 0x9A, 0xCE, 0x79, 0xCE, 0x59, 0xCE, 0x79, 0xCE, 0x79, 0xCE, 0x79, 0xCE,
    0x59, 0xCE, 0x59, 0xCE, 0x59, 0xCE, 0x59, 0xCE, 0x59, 0xCE, 0x59, 0xCE, 0x59, 0xCE, 0x59, 0xCE,
    0x58, 0xCE, 0x79, 0xCE, 0x79, 0xCE, 0x79, 0xCE, 0x99, 0xD6, 0x99, 0xD6, 0x99, 0xD6, 0x99, 0xD6,
    0x99, 0xD6, 0xB9, 0xD6, 0xB9, 0xD6, 0xB9, 0xD6, 0xBA, 0xD6, 0xBA, 0xD6, 0xBA, 0xD6, 0xBA, 0xD6,
    0xBA, 0xD6, 0xBA, 0xD6, 0xBA, 0xD6, 0xBA, 0xDE, 0xFA, 0xDE, 0x1B, 0xE7, 0x3C, 0xE7, 0x3C, 0xEF,
    0x5C, 0xEF, 0x7C, 0xEF, 0x5C, 0xEF, 0x5C, 0xEF, 0x5C, 0xEF, 0x5C, 0xEF, 0x5C, 0xEF, 0x5C, 0xEF,
    0x5C, 0xEF, 0x5C, 0xEF, 0x5C, 0xEF, 0x5C, 0xEF, 0x5C, 0xEF, 0x5C, 0xEF, 0x5C, 0xEF, 0x5C, 0xEF,
    0x5C, 0xEF, 0x5C, 0xEF, 0x5C, 0xEF, 0x5C, 0xEF, 0x5C, 0xEF, 0x5C, 0xEF, 0x5C, 0xEF, 0x5C, 0xEF,
    0x5C, 0xEF, 0x5C, 0xEF, 0x5C, 0xEF, 0x5C, 0xEF, 0x3B, 0xEF, 0x3B, 0xEF, 0x1B, 0xEF, 0x1B, 0xEF,
    0x1B, 0xEF, 0x1B, 0xEF, 0x1B, 0xEF, 0x1B, 0xEF, 0x1B, 0xEF, 0x3B, 0xEF, 0x5C, 0xF7, 0x3B, 0xEF,
    0x3B, 0xEF, 0x3B, 0xEF, 0x3B, 0xEF, 0x3B, 0xEF, 0x3B, 0xEF, 0x3B, 0xEF, 0x3B, 0xE7, 0x3B, 0xE7,
    0xD9, 0xDE, 0x98, 0xD6, 0xB9, 0xD6, 0x98, 0xD6, 0x98, 0xD6, 0x98, 0xD6, 0x98, 0xD6, 0x98, 0xD6,
    0x98, 0xD6, 0x98, 0xD6, 0x98, 0xD6, 0x99, 0xD6, 0x99, 0xD6, 0x99, 0xD6, 0x98, 0xD6, 0x98, 0xD6,
    0x98, 0xD6, 0x98, 0xD6, 0x98, 0xD6, 0x98, 0xD6, 0x98, 0xD6, 0x98, 0xD6, 0x98, 0xD6, 0x98, 0xD6,
    0x98, 0xD6, 0x78, 0xD6, 0x78, 0xD6, 0x78, 0xD6, 0x78, 0xD6, 0x78, 0xD6, 0x78, 0xD6, 0x58, 0xD6,
    0xD7, 0xB5, 0xF7, 0xBD, 0xF8, 0xBD, 0xF8, 0xBD, 0xF8, 0xBD, 0xD8, 0xB5, 0xD8, 0xB5, 0xD8, 0xB5,
    0xD7, 0xB5, 0xD7, 0xB5, 0xD7, 0xB5, 0xD7, 0xB5, 0xD7, 0xB5, 0xD7, 0xB5, 0xD7, 0xB5, 0xD7, 0xB5,
    0xD7, 0xB5, 0xD7, 0xB5, 0xD8, 0xB5, 0xD7, 0xB5, 0xD7, 0xB5, 0xD7, 0xB5, 0xD7, 0xB5, 0xD7, 0xB5,
    0xD7, 0xB5, 0xD7, 0xB5, 0xD7, 0xB5, 0xD7, 0xB5, 0xB7, 0xB5, 0xB7, 0xB5, 0xB6, 0xB5, 0x96, 0xAD,
    0xB6, 0xB5, 0xD7, 0xB5, 0xD7, 0xB5, 0xD7, 0xB5, 0xD7, 0xB5, 0xD7, 0xB5, 0xD7, 0xB5, 0xD7, 0xB5,
    0xD7, 0xB5, 0xD7, 0xB5, 0xB7, 0xB5, 0xB7, 0xB5, 0xB7, 0xB5, 0xB7, 0xB5, 0xB7, 0xB5, 0xB7, 0xB5,
    0xD7, 0xBD, 0xB7, 0xBD, 0xB7, 0xB5, 0xB6, 0xB5, 0xB6, 0xB5, 0xB6, 0xB5, 0xB6, 0xB5, 0xB6, 0xB5,
    0xB6, 0xB5, 0xB6, 0xB5, 0xB6, 0xB5, 0xB6, 0xB5, 0xD6, 0xB5, 0xD6, 0xB5, 0xB6, 0xB5, 0xB6, 0xB5,
    0xB6, 0xB5, 0xB6, 0xB5, 0xB6, 0xB5, 0xB6, 0xB5, 0xB6, 0xB5, 0xB6, 0xB5, 0xB6, 0xB5, 0xB6, 0xB5,
    0xB6, 0xB5, 0xB6, 0xB5, 0xB6, 0xB5, 0xB6, 0xB5, 0xB6, 0xB5, 0xB6, 0xB5, 0xB6, 0xB5, 0xD6, 0xB5,
    0xD6, 0xB5, 0xD6, 0xB5, 0xD7, 0xB5, 0xD7, 0xB5, 0xD7, 0xB5, 0xD7, 0xB5, 0xD7, 0xB5, 0xD7, 0xB5,
    0xD7, 0xBD, 0xD7, 0xB5, 0xD7, 0xB5, 0xD7, 0xB5, 0xD7, 0xB5, 0xD7, 0xB5, 0xD7, 0xB5, 0xD7, 0xB5,
    0xD7, 0xB5, 0xD7, 0xB5, 0xD7, 0xBD, 0xD7, 0xBD, 0xD7, 0xBD, 0xD7, 0xBD, 0xD7, 0xB5, 0xD7, 0xB5,
    0xD7, 0xBD, 0xD7, 0xBD, 0xD7, 0xBD, 0xD7, 0xBD, 0xD7, 0xBD, 0xD7, 0xBD, 0xD7, 0xBD, 0xD7, 0xBD,
    0xD7, 0xBD, 0xD7, 0xBD, 0xD7, 0xBD, 0xD7, 0xB5, 0xD7, 0xB5, 0xD7, 0xB5, 0xD7, 0xB5, 0xD7, 0xB5,
    0xD7, 0xBD, 0xD7, 0xBD, 0xD7, 0xBD, 0xD7, 0xBD, 0xD7, 0xBD, 0xD7, 0xB5, 0xD7, 0xB5, 0xD7, 0xB5,
    0xD7, 0xBD, 0xD7, 0xBD, 0xD7, 0xBD, 0xD7, 0xBD, 0xD7, 0xBD, 0xD7, 0xBD, 0xD7, 0xBD, 0xD7, 0xBD,
    0xD7, 0xBD, 0xD7, 0xBD, 0xD7, 0xBD, 0xD7, 0xBD, 0xD7, 0xBD, 0xD7, 0xBD, 0xD7, 0xBD, 0xD7, 0xBD,
    0xD7, 0xBD, 0xD7, 0xBD, 0xD7, 0xBD, 0xD7, 0xBD, 0xD7, 0xBD, 0xD7, 0xBD, 0xD7, 0xBD, 0xD7, 0xBD,
    0xD7, 0xBD, 0xD7, 0xBD, 0xD7, 0xBD, 0xD7, 0xBD, 0xD7, 0xB5, 0xD7, 0xB5, 0xD7, 0xB5, 0xD6, 0xB5,
    0xD6, 0xB5, 0xD6, 0xB5, 0xD6, 0xB5, 0xD6, 0xB5, 0xD6, 0xB5, 0xB6, 0xB5, 0xB6, 0xB5, 0xB6, 0xB5,
    0xD6, 0xB5, 0xD6, 0xB5, 0xD6, 0xB5, 0xD7, 0xB5, 0xD7, 0xB5, 0xD7, 0xB5, 0xD7, 0xB5, 0xD7, 0xB5,
    0xD7, 0xB5, 0xD7, 0xB5, 0xD7, 0xB5, 0xD7, 0xBD, 0xD7, 0xBD, 0xD7, 0xB5, 0xD6, 0xB5, 0xD6, 0xB5,
    0xD6, 0xB5, 0xB6, 0xB5, 0xB6, 0xB5, 0xB6, 0xB5, 0xF7, 0xBD, 0xBA, 0xCE, 0xDA, 0xD6, 0xBA, 0xD6,
    0xDA, 0xD6, 0xDA, 0xD6, 0xBA, 0xD6, 0xBA, 0xCE, 0xBA, 0xD6, 0xBA, 0xD6, 0xBA, 0xCE, 0xBA, 0xCE,
    0x9A, 0xCE, 0x9A, 0xCE, 0x9A, 0xCE, 0x79, 0xCE, 0x79, 0xCE, 0x79, 0xCE, 0x79, 0xCE, 0x79, 0xCE,
    0x59, 0xCE, 0x59, 0xCE, 0x59, 0xCE, 0x59, 0xCE, 0x59, 0xCE, 0x59, 0xCE, 0x59, 0xCE, 0x59, 0xCE,
    0x58, 0xCE, 0x79, 0xCE, 0x79, 0xCE, 0x79, 0xCE, 0x99, 0xD6, 0x99, 0xD6, 0x99, 0xD6, 0x99, 0xD6,
    0x99, 0xD6, 0xB9, 0xD6, 0xB9, 0xD6, 0xB9, 0xD6, 0xBA, 0xD6, 0xBA, 0xD6, 0xBA, 0xD6, 0xBA, 0xD6,
    0xBA, 0xD6, 0xBA, 0xD6, 0xBA, 0xD6, 0xB9, 0xD6, 0x1B, 0xE7, 0x3B, 0xE7, 0x5C, 0xEF, 0x3B, 0xE7,
    0x3B, 0xE7, 0x5C, 0xEF, 0x5C, 0xEF, 0x5C, 0xEF, 0x5C, 0xEF, 0x5C, 0xEF, 0x5C, 0xEF, 0x5C, 0xEF,
    0x3C, 0xEF, 0x5C, 0xEF, 0x5C, 0xEF, 0x5C, 0xEF, 0x5C, 0xEF, 0x5C, 0xEF, 0x5C, 0xEF, 0x5C, 0xEF,
    0x5C, 0xEF, 0x5C, 0xEF, 0x5C, 0xEF, 0x5C, 0xEF, 0x5C, 0xEF, 0x5C, 0xEF, 0x5C, 0xEF, 0x5C, 0xEF,
    0x5C, 0xEF, 0x5C, 0xEF, 0x5C, 0xEF, 0x5C, 0xEF, 0x3B, 0xEF, 0x3B, 0xEF, 0x1B, 0xEF, 0x1B, 0xEF,
    0x1B, 0xEF, 0x3B, 0xEF, 0x3B, 0xEF, 0x3B, 0xEF, 0x3B, 0xEF, 0x5C, 0xEF, 0x5C, 0xF7, 0xFA, 0xE6,
    0xFA, 0xE6, 0x1B, 0xEF, 0x3B, 0xEF, 0x3B, 0xEF, 0x3B, 0xEF, 0x1B, 0xEF, 0x3B, 0xE7, 0x3B, 0xE7,
    0xB9, 0xDE, 0x98, 0xD6, 0xB9, 0xD6, 0x98, 0xD6, 0x98, 0xD6, 0x98, 0xD6, 0x98, 0xD6, 0x98, 0xD6,
    0x98, 0xD6, 0x98, 0xD6, 0x98, 0xD6, 0x99, 0xD6, 0x99, 0xD6, 0x99, 0xD6, 0x98, 0xD6, 0x98, 0xD6,
    0x98, 0xD6, 0x98, 0xD6, 0x98, 0xD6, 0x98, 0xD6, 0x98, 0xD6, 0x98, 0xD6, 0x98, 0xD6, 0x98, 0xD6,
    0x98, 0xD6, 0x78, 0xD6, 0x78, 0xD6, 0x78, 0xD6, 0x78, 0xD6, 0x78, 0xD6, 0x78, 0xD6, 0x58, 0xD6,
    0xD7, 0xB5, 0xF7, 0xBD, 0xF8, 0xBD, 0xF8, 0xBD, 0xF8, 0xBD, 0xD8, 0xB5, 0xD8, 0xB5, 0xD8, 0xB5,
    0xD7, 0xB5, 0xD7, 0xB5, 0xD7, 0xB5, 0xD7, 0xB5, 0xD7, 0xB5, 0xD7, 0xB5, 0xD7, 0xB5, 0xD7, 0xB5,
    0xD7, 0xB5, 0xD7, 0xB5, 0xD8, 0xB5, 0xD8, 0xB5, 0xD7, 0xB5, 0xD7, 0xB5, 0xD7, 0xB5, 0xD7, 0xB5,
    0xD7, 0xB5, 0xD7, 0xB5, 0xD7, 0xB5, 0xD7, 0xB5, 0xD7, 0xB5, 0xD7, 0xB5, 0xB7, 0xB5, 0xB6, 0xAD,
    0xB6, 0xB5, 0xD7, 0xB5, 0xD7, 0xB5, 0xD7, 0xB5, 0xD7, 0xB5, 0xD7, 0xB5, 0xD7, 0xB5, 0xD7, 0xB5,
    0xD7, 0xB5, 0xD7, 0xB5, 0xB7, 0xB5, 0xB7, 0xB5, 0xB7, 0xB5, 0xB7, 0xB5, 0xB7, 0xB5, 0xB7, 0xB5,
    0xD7, 0xB5, 0xB7, 0xB5, 0xB7, 0xB5, 0xB6, 0xB5, 0xB6, 0xB5, 0xB6, 0xB5, 0xB6, 0xB5, 0xB6, 0xB5,
    0xB6, 0xB5, 0xB6, 0xB5, 0xB6, 0xB5, 0xB6, 0xB5, 0xD6, 0xB5, 0xD6, 0xB5, 0xB6, 0xB5, 0xB6, 0xB5,
    0xD6, 0xB5, 0xD6, 0xB5, 0xD6, 0xB5, 0xD6, 0xB5, 0xB6, 0xB5, 0xB6, 0xB5, 0xB6, 0xB5, 0xB6, 0xB5,
    0xB6, 0xB5, 0xB6, 0xB5, 0xB6, 0xB5, 0xB6, 0xB5, 0xB6, 0xB5, 0xB6, 0xB5, 0xD6, 0xB5, 0xD6, 0xB5,
    0xD6, 0xB5, 0xD6, 0xB5, 0xD7, 0xB5, 0xD7, 0xB5, 0xD7, 0xB5, 0xD7, 0xB5, 0xD7, 0xB5, 0xD7, 0xB5,
    0xD7, 0xBD, 0xD7, 0xB5, 0xD7, 0xB5, 0xD7, 0xB5, 0xD7, 0xB5, 0xD7, 0xB5, 0xD7, 0xB5, 0xD7, 0xB5,
    0xD7, 0xB5, 0xD7, 0xB5, 0xD7, 0xBD, 0xD7, 0xBD, 0xD7, 0xBD, 0xD7, 0xBD, 0xD7, 0xBD, 0xD7, 0xBD,
    0xD7, 0xBD, 0xD7, 0xBD, 0xD7, 0xBD, 0xD7, 0xBD, 0xD7, 0xBD, 0xD7, 0xBD, 0xD7, 0xBD, 0xD7, 0xBD,
    0xD7, 0xBD, 0xD7, 0xBD, 0xD7, 0xBD, 0xD7, 0xB5, 0xD7, 0xB5, 0xD7, 0xB5, 0xD7, 0xB5, 0xD7, 0xB5,
    0xD7, 0xBD, 0xD7, 0xBD, 0xD7, 0xBD, 0xD7, 0xBD, 0xD7, 0xBD, 0xD7, 0xBD, 0xD7, 0xBD, 0xD7, 0xBD,
    0xD7, 0xBD, 0xD7, 0xBD, 0xD7, 0xBD, 0xD7, 0xBD, 0xD7, 0xBD, 0xD7, 0xBD, 0xD7, 0xBD, 0xD7, 0xBD,
    0xD7, 0xBD, 0xD7, 0xBD, 0xD7, 0xBD, 0xD7, 0xBD, 0xD7, 0xBD, 0xD7, 0xBD, 0xD7, 0xBD, 0xD7, 0xBD,
    0xD7, 0xBD, 0xD7, 0xBD, 0xD7, 0xBD, 0xD7, 0xBD, 0xD7, 0xBD, 0xD7, 0xBD, 0xD7, 0xBD, 0xD7, 0xBD,
    0xD7, 0xBD, 0xD7, 0xBD, 0xD7, 0xBD, 0xD7, 0xBD, 0xD7, 0xBD, 0xD7, 0xBD, 0xD7, 0xB5, 0xD6, 0xB5,
    0xD6, 0xB5, 0xD6, 0xB5, 0xD6, 0xB5, 0xD6, 0xB5, 0xD6, 0xB5, 0xD6, 0xB5, 0xD6, 0xB5, 0xD6, 0xB5,
    0xD6, 0xB5, 0xD6, 0xB5, 0xD6, 0xB5, 0xD7, 0xB5, 0xD7, 0xB5, 0xD7, 0xB5, 0xD7, 0xB5, 0xD7, 0xB5,
    0xD7, 0xB5, 0xD7, 0xB5, 0xD7, 0xB5, 0xD7, 0xBD, 0xD7, 0xBD, 0xD7, 0xB5, 0xD6, 0xB5, 0xD6, 0xB5,
    0xD6, 0xB5, 0xB6, 0xB5, 0xB6, 0xB5, 0xB6, 0xB5, 0xD6, 0xB5, 0x99, 0xCE, 0xFB, 0xDE, 0xBA, 0xD6,
    0xDA, 0xD6, 0xDA, 0xD6, 0xBA, 0xD6, 0xBA, 0xCE, 0xBA, 0xD6, 0xBA, 0xD6, 0xBA, 0xD6, 0xBA, 0xD6,
    0x9A, 0xCE, 0x9A, 0xCE, 0x9A, 0xCE, 0x79, 0xCE, 0x79, 0xCE, 0x79, 0xCE, 0x79, 0xCE, 0x79, 0xCE,
    0x59, 0xCE, 0x59, 0xCE, 0x59, 0xCE, 0x59, 0xCE, 0x59, 0xCE, 0x59, 0xCE, 0x59, 0xCE, 0x59, 0xCE,
    0x58, 0xCE, 0x79, 0xCE, 0x79, 0xCE, 0x79, 0xCE, 0x99, 0xD6, 0xB9, 0xD6, 0x99, 0xD6, 0x99, 0xD6,
    0x99, 0xD6, 0xB9, 0xD6, 0xB9, 0xD6, 0xB9, 0xD6, 0xBA, 0xD6, 0xBA, 0xD6, 0xBA, 0xD6, 0xBA, 0xD6,
    0xBA, 0xD6, 0xBA, 0xD6, 0xBA, 0xD6, 0xB9, 0xD6, 0x1B, 0xE7, 0x5C, 0xEF, 0x5C, 0xEF, 0x1B, 0xE7,
    0x3B, 0xE7, 0x5C, 0xEF, 0x5C, 0xEF, 0x5C, 0xEF, 0x5C, 0xEF, 0x5C, 0xEF, 0x5C, 0xEF, 0x5C, 0xEF,
    0x3C, 0xEF, 0x3C, 0xEF, 0x5C, 0xEF, 0x5C, 0xEF, 0x5C, 0xEF, 0x5C, 0xEF, 0x5C, 0xEF, 0x5C, 0xEF,
    0x5C, 0xEF, 0x5C, 0xEF, 0x5C, 0xEF, 0x5C, 0xEF, 0x5C, 0xEF, 0x5C, 0xEF, 0x5C, 0xEF, 0x5C, 0xEF,
    0x5C, 0xEF, 0x5C, 0xEF, 0x5C, 0xEF, 0x5C, 0xEF, 0x3B, 0xEF, 0x3B, 0xEF, 0x3B, 0xEF, 0x3B, 0xEF,
    0x3B, 0xEF, 0x3B, 0xEF, 0x5B, 0xEF, 0x3B, 0xEF, 0x3B, 0xEF, 0x5C, 0xEF, 0x5C, 0xEF, 0xB9, 0xDE,
    0xDA, 0xE6, 0x1B, 0xEF, 0x3B, 0xEF, 0x3B, 0xEF, 0x3B, 0xEF, 0x1B, 0xEF, 0x1B, 0xE7, 0x3B, 0xE7,
    0xB9, 0xDE, 0x98, 0xD6, 0xB9, 0xD6, 0x98, 0xD6, 0x98, 0xD6, 0x98, 0xD6, 0x98, 0xD6, 0x98, 0xD6,
    0x98, 0xD6, 0x98, 0xD6, 0x98, 0xD6, 0x99, 0xD6, 0x99, 0xD6, 0x98, 0xD6, 0x98, 0xD6, 0x98, 0xD6,
    0x98, 0xD6, 0x98, 0xD6, 0x98, 0xD6, 0x98, 0xD6, 0x98, 0xD6, 0x98, 0xD6, 0x98, 0xD6, 0x98, 0xD6,
    0x98, 0xD6, 0x78, 0xD6, 0x78, 0xD6, 0x78, 0xD6, 0x78, 0xD6, 0x78, 0xD6, 0x78, 0xD6, 0x58, 0xD6,
    0xF7, 0xBD, 0xF7, 0xBD, 0xF7, 0xBD, 0xF7, 0xBD, 0xF7, 0xBD, 0xF7, 0xBD, 0xF7, 0xBD, 0xF7, 0xBD,
    0xD7, 0xB5, 0xD7, 0xB5, 0xD7, 0xB5, 0xD7, 0xB5, 0xD7, 0xB5, 0xD7, 0xB5, 0xD7, 0xB5, 0xD8, 0xB5,
    0xD8, 0xB5, 0xD7, 0xB5, 0xF7, 0xBD, 0xD7, 0xB5, 0xD7, 0xB5, 0xD7, 0xB5, 0xD7, 0xB5, 0xD7, 0xB5,
    0xD7, 0xB5, 0xD7, 0xB5, 0xD7, 0xB5, 0xD7, 0xB5, 0xD7, 0xB5, 0xB7, 0xB5, 0xB6, 0xB5, 0xB6, 0xB5,
    0xB6, 0xB5, 0xD7, 0xB5, 0xD7, 0xB5, 0xD7, 0xB5, 0xD7, 0xB5, 0xD7, 0xB5, 0xD7, 0xB5, 0xD7, 0xB5,
    0xD7, 0xBD, 0xD7, 0xBD, 0xD7, 0xB5, 0xD7, 0xB5, 0xD7, 0xB5, 0xD7, 0xB5, 0xD7, 0xB5, 0xD7, 0xB5,
    0xB7, 0xB5, 0xB7, 0xB5, 0xB7, 0xB5, 0xB6, 0xB5, 0xB6, 0xB5, 0xB6, 0xB5, 0xB6, 0xB5, 0xB6, 0xB5,
    0xB6, 0xB5, 0xB6, 0xB5, 0xB6, 0xB5, 0xB6, 0xB5, 0xB6, 0xB5, 0xD6, 0xB5, 0xD6, 0xB5, 0xD6, 0xB5,
    0xD6, 0xB5, 0xD6, 0xB5, 0xD6, 0xB5, 0xD6, 0xB5, 0xD6, 0xB5, 0xD6, 0xB5, 0xB6, 0xB5, 0xB6, 0xB5,
    0xB6, 0xB5, 0xB6, 0xB5, 0xB6, 0xB5, 0xB6, 0xB5, 0xB6, 0xB5, 0xD6, 0xB5, 0xD6, 0xB5, 0xD6, 0xB5,
    0xD7, 0xB5, 0xD7, 0xB5, 0xD7, 0xB5, 0xD7, 0xBD, 0xD7, 0xBD, 0xD7, 0xBD, 0xD7, 0xBD, 0xD7, 0xBD,
    0xD7, 0xBD, 0xD7, 0xBD, 0xD7, 0xBD, 0xD7, 0xBD, 0xD7, 0xBD, 0xD7, 0xBD, 0xD7, 0xBD, 0xD7, 0xBD,
    0xD7, 0xBD, 0xD7, 0xBD, 0xD7, 0xBD, 0xD7, 0xBD, 0xD7, 0xBD, 0xD7, 0xBD, 0xD7, 0xBD, 0xD7, 0xBD,
    0xD7, 0xBD, 0xD7, 0xBD, 0xD7, 0xBD, 0xD7, 0xBD, 0xD7, 0xBD, 0xD7, 0xBD, 0xD7, 0xBD, 0xD7, 0xBD,
    0xD7, 0xBD, 0xD7, 0xBD, 0xD7, 0xBD, 0xD7, 0xBD, 0xD7, 0xBD, 0xD7, 0xBD, 0xD7, 0xBD, 0xD7, 0xBD,
    0xD7, 0xBD, 0xD7, 0xBD, 0xD7, 0xBD, 0xD7, 0xBD, 0xD7, 0xBD, 0xD7, 0xBD, 0xD7, 0xBD, 0xD7, 0xBD,
    0xD7, 0xBD, 0xD7, 0xBD, 0xD7, 0xBD, 0xD7, 0xBD, 0xD7, 0xBD, 0xD7, 0xBD, 0xD7, 0xBD, 0xD7, 0xBD,
    0xD7, 0xBD, 0xD7, 0xBD, 0xD7, 0xBD, 0xD7, 0xBD, 0xD7, 0xBD, 0xD7, 0xBD, 0xD7, 0xBD, 0xD7, 0xBD,
    0xD7, 0xBD, 0xD7, 0xBD, 0xD7, 0xBD, 0xD7, 0xBD, 0xD7, 0xBD, 0xD7, 0xBD, 0xD7, 0xBD, 0xD7, 0xBD,
    0xD7, 0xBD, 0xD7, 0xBD, 0xD7, 0xBD, 0xD7, 0xBD, 0xD7, 0xBD, 0xD7, 0xBD, 0xD7, 0xBD, 0xD7, 0xB5,
    0xD7, 0xB5, 0xD7, 0xB5, 0xD6, 0xB5, 0xD6, 0xB5, 0xD6, 0xB5, 0xD6, 0xB5, 0xD6, 0xB5, 0xD6, 0xB5,
    0xD6, 0xB5, 0xD6, 0xB5, 0xD6, 0xB5, 0xD7, 0xB5, 0xD7, 0xB5, 0xD7, 0xB5, 0xD7, 0xB5, 0xD7, 0xB5,
    0xD7, 0xB5, 0xD7, 0xB5, 0xD7, 0xB5, 0xD7, 0xBD, 0xD7, 0xBD, 0xD7, 0xBD, 0xD7, 0xB5, 0xD7, 0xB5,
    0xD7, 0xB5, 0xD6, 0xB5, 0xD6, 0xB5, 0xB6, 0xB5, 0xB6, 0xB5, 0x59, 0xC6, 0xFB, 0xDE, 0xDA, 0xD6,
    0xDA, 0xD6, 0xDA, 0xD6, 0xBA, 0xD6, 0xBA, 0xCE, 0xBA, 0xD6, 0xBA, 0xD6, 0xBA, 0xD6, 0xBA, 0xD6,
    0x9A, 0xCE, 0x9A, 0xCE, 0x9A, 0xCE, 0x79, 0xCE, 0x79, 0xCE, 0x79, 0xCE, 0x79, 0xCE, 0x79, 0xCE,
    0x79, 0xCE, 0x79, 0xCE, 0x79, 0xCE, 0x59, 0xCE, 0x59, 0xCE, 0x59, 0xCE, 0x59, 0xCE, 0x59, 0xCE,
    0x59, 0xCE, 0x79, 0xCE, 0x79, 0xCE, 0x99, 0xCE, 0x99, 0xD6, 0x9A, 0xD6, 0x99, 0xD6, 0x99, 0xD6,
    0xB9, 0xD6, 0xBA, 0xD6, 0xBA, 0xD6, 0xBA, 0xD6, 0xBA, 0xD6, 0xBA, 0xD6, 0xBA, 0xD6, 0xBA, 0xD6,
    0xDA, 0xD6, 0xBA, 0xD6, 0xBA, 0xD6, 0xB9, 0xD6, 0x1B, 0xE7, 0x7C, 0xEF, 0x1B, 0xEF, 0x1B, 0xE7,
    0x3B, 0xEF, 0x5C, 0xEF, 0x5C, 0xEF, 0x3C, 0xEF, 0x5B, 0xEF, 0x3B, 0xEF, 0x3B, 0xEF, 0x3B, 0xEF,
    0x3B, 0xEF, 0x3C, 0xEF, 0x3C, 0xEF, 0x3C, 0xEF, 0x3C, 0xEF, 0x5C, 0xEF, 0x5C, 0xEF, 0x5C, 0xEF,
    0x5C, 0xEF, 0x5C, 0xEF, 0x5C, 0xEF, 0x5C, 0xEF, 0x5C, 0xEF, 0x5C, 0xEF, 0x3C, 0xEF, 0x3C, 0xEF,
    0x3C, 0xEF, 0x3C, 0xF7, 0x3C, 0xF7, 0x3B, 0xF7, 0x3B, 0xEF, 0x3B, 0xEF, 0x1B, 0xEF, 0x1B, 0xEF,
    0x3B, 0xEF, 0x3B, 0xEF, 0x3B, 0xEF, 0x3B, 0xEF, 0x3B, 0xEF, 0x5B, 0xEF, 0x3B, 0xEF, 0x99, 0xDE,
    0xD9, 0xDE, 0x1B, 0xEF, 0x3B, 0xEF, 0x3B, 0xEF, 0x3B, 0xEF, 0x1A, 0xEF, 0x1A, 0xEF, 0xFA, 0xE6,
    0xB9, 0xDE, 0x98, 0xD6, 0xB9, 0xDE, 0xB9, 0xD6, 0xB9, 0xD6, 0xB9, 0xD6, 0xB9, 0xD6, 0xB8, 0xD6,
    0x98, 0xD6, 0x98, 0xD6, 0x98, 0xD6, 0x98, 0xD6, 0x98, 0xD6, 0x98, 0xD6, 0x98, 0xD6, 0x98, 0xD6,
    0x98, 0xD6, 0x98, 0xD6, 0x98, 0xD6, 0x99, 0xD6, 0x99, 0xD6, 0x99, 0xD6, 0x99, 0xD6, 0x98, 0xD6,
    0x98, 0xD6, 0x78, 0xD6, 0x78, 0xD6, 0x78, 0xD6, 0x78, 0xD6, 0x78, 0xD6, 0x78, 0xD6, 0x58, 0xD6,
    0xF7, 0xBD, 0xF7, 0xBD, 0xF7, 0xBD, 0xF7, 0xBD, 0xF7, 0xBD, 0xF7, 0xBD, 0xF7, 0xBD, 0xF7, 0xBD,
    0xF8, 0xBD, 0xD8, 0xB5, 0xD8, 0xB5, 0xD8, 0xB5, 0xD8, 0xB5, 0xD8, 0xB5, 0xD8, 0xB5, 0xD8, 0xB5,
    0xD8, 0xB5, 0xF7, 0xBD, 0xF7, 0xBD, 0xF7, 0xBD, 0xF7, 0xBD, 0xF7, 0xBD, 0xF7, 0xBD, 0xD7, 0xB5,
    0xD7, 0xB5, 0xD7, 0xB5, 0xD7, 0xB5, 0xD7, 0xB5, 0xD7, 0xB5, 0xD7, 0xB5, 0xD7, 0xB5, 0xD7, 0xB5,
    0xD7, 0xB5, 0xD7, 0xB5, 0xD7, 0xB5, 0xD7, 0xB5, 0xD7, 0xB5, 0xD7, 0xB5, 0xD7, 0xB5, 0xD7, 0xB5,
    0xD7, 0xBD, 0xD7, 0xBD, 0xD7, 0xBD, 0xD7, 0xBD, 0xD7, 0xBD, 0xD7, 0xB5, 0xD7, 0xB5, 0xD7, 0xB5,
    0xB7, 0xB5, 0xB7, 0xB5, 0xB7, 0xB5, 0xB6, 0xB5, 0xB6, 0xB5, 0xB6, 0xB5, 0xB6, 0xB5, 0xB6, 0xB5,
    0xB6, 0xB5, 0xB6, 0xB5, 0xB6, 0xB5, 0xB6, 0xB5, 0xB6, 0xB5, 0xD6, 0xB5, 0xD6, 0xB5, 0xD6, 0xB5,
    0xD6, 0xB5, 0xD6, 0xB5, 0xD6, 0xB5, 0xD6, 0xB5, 0xD6, 0xB5, 0xD6, 0xB5, 0xD6, 0xB5, 0xB6, 0xB5,
    0xB6, 0xB5, 0xB6, 0xB5, 0xB6, 0xB5, 0xD6, 0xB5, 0xD6, 0xB5, 0xD6, 0xB5, 0xD7, 0xB5, 0xD7, 0xB5,
    0xD7, 0xB5, 0xD7, 0xB5, 0xD7, 0xB5, 0xD7, 0xBD, 0xD7, 0xBD, 0xD7, 0xBD, 0xD7, 0xBD, 0xD7, 0xBD,
    0xD7, 0xBD, 0xD7, 0xBD, 0xD7, 0xBD, 0xD7, 0xBD, 0xD7, 0xBD, 0xD7, 0xBD, 0xD7, 0xBD, 0xD7, 0xBD,
    0xD7, 0xBD, 0xD7, 0xBD, 0xD7, 0xBD, 0xD7, 0xBD, 0xD7, 0xBD, 0xD7, 0xBD, 0xD7, 0xBD, 0xD7, 0xBD,
    0xD7, 0xBD, 0xD7, 0xBD, 0xD7, 0xBD, 0xD7, 0xBD, 0xD7, 0xBD, 0xD7, 0xBD, 0xD7, 0xBD, 0xD7, 0xBD,
    0xD7, 0xBD, 0xD7, 0xBD, 0xD7, 0xBD, 0xD7, 0xBD, 0xD7, 0xBD, 0xD7, 0xBD, 0xD7, 0xBD, 0xD7, 0xBD,
    0xD7, 0xBD, 0xD7, 0xBD, 0xD7, 0xBD, 0xD7, 0xBD, 0xD7, 0xBD, 0xD7, 0xBD, 0xD7, 0xBD, 0xD7, 0xBD,
    0xD7, 0xBD, 0xD7, 0xBD, 0xD7, 0xBD, 0xD7, 0xBD, 0xD7, 0xBD, 0xD7, 0xBD, 0xD7, 0xBD, 0xD7, 0xBD,
    0xD7, 0xBD, 0xD7, 0xBD, 0xD7, 0xBD, 0xD7, 0xBD, 0xD7, 0xBD, 0xD7, 0xBD, 0xD7, 0xBD, 0xD7, 0xBD,
    0xD7, 0xBD, 0xD7, 0xBD, 0xD7, 0xBD, 0xD7, 0xBD, 0xD7, 0xBD, 0xD7, 0xBD, 0xD7, 0xBD, 0xD7, 0xBD,
    0xD7, 0xBD, 0xD7, 0xBD, 0xD7, 0xBD, 0xD7, 0xBD, 0xD7, 0xBD, 0xD7, 0xBD, 0xD7, 0xBD, 0xD7, 0xBD,
    0xD7, 0xBD, 0xD7, 0xB5, 0xD7, 0xB5, 0xD6, 0xB5, 0xD6, 0xB5, 0xD6, 0xB5, 0xD6, 0xB5, 0xD6, 0xB5,
    0xD6, 0xB5, 0xD6, 0xB5, 0xD6, 0xB5, 0xD7, 0xB5, 0xD7, 0xB5, 0xD7, 0xB5, 0xD7, 0xB5, 0xD7, 0xB5,
    0xD7, 0xB5, 0xD7, 0xB5, 0xD7, 0xB5, 0xD7, 0xBD, 0xD7, 0xBD, 0xD7, 0xBD, 0xD7, 0xB5, 0xD7, 0xB5,
    0xD7, 0xB5, 0xD6, 0xB5, 0xD6, 0xB5, 0xB6, 0xB5, 0xB6, 0xB5, 0x38, 0xC6, 0xDB, 0xD6, 0xDA, 0xD6,
    0xDA, 0xD6, 0xDA, 0xD6, 0xBA, 0xD6, 0xBA, 0xCE, 0xBA, 0xD6, 0xBA, 0xD6, 0xBA, 0xD6, 0xBB, 0xD6,
    0x9A, 0xCE, 0x9A, 0xCE, 0x7A, 0xCE, 0x79, 0xCE, 0x79, 0xCE, 0x79, 0xCE, 0x79, 0xCE, 0x79, 0xCE,
    0x79, 0xCE, 0x79, 0xCE, 0x79, 0xCE, 0x59, 0xCE, 0x59, 0xCE, 0x59, 0xCE, 0x59, 0xCE, 0x59, 0xCE,
    0x59, 0xCE, 0x79, 0xCE, 0x79, 0xCE, 0x99, 0xCE, 0x99, 0xD6, 0xBA, 0xD6, 0xB9, 0xD6, 0xB9, 0xD6,
    0xB9, 0xD6, 0xBA, 0xD6, 0xBA, 0xD6, 0xBA, 0xD6, 0xBA, 0xD6, 0xBA, 0xD6, 0xBA, 0xD6, 0xBA, 0xD6,
    0xDA, 0xD6, 0xBA, 0xD6, 0xBA, 0xD6, 0xB9, 0xD6, 0xFA, 0xE6, 0x3B, 0xEF, 0xFA, 0xE6, 0xDA, 0xE6,
    0x1B, 0xEF, 0x3B, 0xEF, 0x3B, 0xEF, 0x1B, 0xEF, 0x1B, 0xEF, 0x1B, 0xEF, 0x1B, 0xEF, 0x3B, 0xEF,
    0x1B, 0xF7, 0x3B, 0xF7, 0x3B, 0xF7, 0x5C, 0xF7, 0x3C, 0xEF, 0x5C, 0xEF, 0x5C, 0xEF, 0x5C, 0xEF,
    0x5C, 0xEF, 0x5C, 0xEF, 0x5C, 0xEF, 0x5C, 0xF7, 0x5C, 0xF7, 0x5C, 0xF7, 0x3C, 0xF7, 0x5C, 0xF7,
    0x3C, 0xF7, 0x3C, 0xF7, 0x3C, 0xF7, 0x3B, 0xF7, 0x3B, 0xF7, 0x3B, 0xF7, 0x3B, 0xF7, 0x3B, 0xF7,
    0x3B, 0xF7, 0x3B, 0xF7, 0x3B, 0xF7, 0x5B, 0xF7, 0x3B, 0xEF, 0x5C, 0xF7, 0x3B, 0xEF, 0xFA, 0xE6,
    0xFA, 0xE6, 0x1A, 0xEF, 0x3B, 0xEF, 0x3B, 0xEF, 0x3B, 0xEF, 0x1A, 0xE7, 0x3B, 0xEF, 0xD9, 0xE6,
    0x98, 0xD6, 0xB8, 0xDE, 0xB9, 0xD6, 0xB9, 0xD6, 0xB9, 0xD6, 0xB9, 0xD6, 0xB9, 0xD6, 0xB8, 0xD6,
    0x98, 0xD6, 0x98, 0xD6, 0x98, 0xD6, 0x98, 0xD6, 0x98, 0xD6, 0x98, 0xD6, 0x98, 0xD6, 0x98, 0xD6,
    0x98, 0xD6, 0x98, 0xD6, 0x98, 0xD6, 0x99, 0xD6, 0x99, 0xD6, 0x99, 0xD6, 0x99, 0xD6, 0x98, 0xD6,
    0x98, 0xD6, 0x98, 0xD6, 0x98, 0xD6, 0x78, 0xD6, 0x78, 0xD6, 0x78, 0xD6, 0x78, 0xD6, 0x78, 0xD6,
    0xF8, 0xBD, 0xF8, 0xBD, 0xF8, 0xBD, 0xF8, 0xBD, 0xF8, 0xBD, 0xF8, 0xBD, 0xF8, 0xBD, 0xF7, 0xBD,
    0xF8, 0xBD, 0xD8, 0xB5, 0xD8, 0xB5, 0xD8, 0xB5, 0xD8, 0xB5, 0xD8, 0xB5, 0xD7, 0xB5, 0xD7, 0xB5,
    0xD7, 0xB5, 0xF7, 0xBD, 0xF8, 0xBD, 0xF8, 0xBD, 0xF7, 0xBD, 0xF7, 0xBD, 0xF7, 0xBD, 0xD7, 0xB5,
    0xD7, 0xB5, 0xD7, 0xB5, 0xD7, 0xB5, 0xD7, 0xB5, 0xD7, 0xB5, 0xD7, 0xB5, 0xD7, 0xB5, 0xD7, 0xB5,
    0xD7, 0xB5, 0xD7, 0xB5, 0xD7, 0xB5, 0xD7, 0xB5, 0xD7, 0xB5, 0xD7, 0xB5, 0xD7, 0xB5, 0xD7, 0xB5,
    0xD7, 0xBD, 0xD7, 0xBD, 0xD7, 0xBD, 0xD7, 0xBD, 0xD7, 0xBD, 0xD7, 0xB5, 0xD7, 0xB5, 0xD7, 0xB5,
    0xB7, 0xB5, 0xB7, 0xB5, 0xB7, 0xB5, 0xB6, 0xB5, 0xB6, 0xB5, 0xB6, 0xB5, 0xB6, 0xB5, 0xB6, 0xB5,
    0xB6, 0xB5, 0xB6, 0xB5, 0xB6, 0xB5, 0xB6, 0xB5, 0xB6, 0xB5, 0xD6, 0xB5, 0xD6, 0xB5, 0xD6, 0xB5,
    0xD6, 0xB5, 0xD6, 0xB5, 0xD6, 0xB5, 0xD6, 0xB5, 0xD6, 0xB5, 0xD6, 0xB5, 0xD6, 0xB5, 0xB6, 0xB5,
    0xB6, 0xB5, 0xB6, 0xB5, 0xB6, 0xB5, 0xD6, 0xB5, 0xD6, 0xB5, 0xD6, 0xB5, 0xD7, 0xB5, 0xD7, 0xB5,
    0xD7, 0xB5, 0xD7, 0xB5, 0xD7, 0xB5, 0xD7, 0xBD, 0xD7, 0xBD, 0xD7, 0xBD, 0xD7, 0xBD, 0xD7, 0xBD,
    0xD7, 0xBD, 0xD7, 0xBD, 0xD7, 0xBD, 0xD7, 0xBD, 0xD7, 0xBD, 0xD7, 0xBD, 0xD7, 0xBD, 0xD7, 0xBD,
    0xD7, 0xBD, 0xD7, 0xBD, 0xD7, 0xBD, 0xD7, 0xBD, 0xD7, 0xBD, 0xD7, 0xBD, 0xD7, 0xBD, 0xD7, 0xBD,
    0xD7, 0xBD, 0xD7, 0xBD, 0xD7, 0xBD, 0xD7, 0xBD, 0xD7, 0xBD, 0xD7, 0xBD, 0xD7, 0xBD, 0xD7, 0xBD,
    0xD7, 0xBD, 0xD7, 0xBD, 0xD7, 0xBD, 0xD7, 0xBD, 0xD7, 0xBD, 0xD7, 0xBD, 0xD7, 0xBD, 0xD7, 0xBD,
    0xD7, 0xBD, 0xD7, 0xBD, 0xD7, 0xBD, 0xD7, 0xBD, 0xD7, 0xBD, 0xD7, 0xBD, 0xD7, 0xBD, 0xD7, 0xBD,
    0xD7, 0xBD, 0xD7, 0xBD, 0xD7, 0xBD, 0xD7, 0xBD, 0xD7, 0xBD, 0xD7, 0xBD, 0xD7, 0xBD, 0xD7, 0xBD,
    0xD7, 0xBD, 0xD7, 0xBD, 0xD7, 0xBD, 0xD7, 0xBD, 0xD7, 0xBD, 0xD7, 0xBD, 0xD7, 0xBD, 0xD7, 0xBD,
    0xD7, 0xBD, 0xD7, 0xBD, 0xD7, 0xBD, 0xD7, 0xBD, 0xD7, 0xBD, 0xD7, 0xBD, 0xD7, 0xBD, 0xD7, 0xBD,
    0xD7, 0xBD, 0xD7, 0xBD, 0xD7, 0xBD, 0xD7, 0xBD, 0xD7, 0xBD, 0xD7, 0xBD, 0xD7, 0xBD, 0xD7, 0xBD,
    0xD7, 0xBD, 0xD7, 0xB5, 0xD7, 0xB5, 0xD6, 0xB5, 0xD6, 0xB5, 0xD6, 0xB5, 0xD6, 0xB5, 0xD6, 0xB5,
    0xD6, 0xB5, 0xD6, 0xB5, 0xD6, 0xB5, 0xD7, 0xB5, 0xD7, 0xB5, 0xD7, 0xB5, 0xD7, 0xB5, 0xD7, 0xB5,
    0xD7, 0xB5, 0xD7, 0xB5, 0xD7, 0xB5, 0xD7, 0xBD, 0xD7, 0xBD, 0xD7, 0xBD, 0xD7, 0xB5, 0xD7, 0xB5,
    0xD7, 0xB5, 0xD6, 0xB5, 0xD6, 0xB5, 0xD6, 0xB5, 0xB6, 0xB5, 0x18, 0xC6, 0xBA, 0xD6, 0xDA, 0xD6,
    0xDA, 0xD6, 0xDA, 0xD6, 0xBA, 0xD6, 0xBA, 0xD6, 0xBA, 0xD6, 0xBA, 0xD6, 0xBA, 0xD6, 0xBB, 0xD6,
    0x9A, 0xCE, 0x9A, 0xCE, 0x7A, 0xCE, 0x79, 0xCE, 0x79, 0xCE, 0x79, 0xCE, 0x79, 0xCE, 0x79, 0xCE,
    0x79, 0xCE, 0x79, 0xCE, 0x79, 0xCE, 0x59, 0xCE, 0x59, 0xCE, 0x59, 0xCE, 0x59, 0xCE, 0x59, 0xCE,
    0x58, 0xCE, 0x79, 0xCE, 0x79, 0xCE, 0x79, 0xCE, 0x99, 0xD6, 0xBA, 0xD6, 0xB9, 0xD6, 0xB9, 0xD6,
    0xB9, 0xD6, 0xBA, 0xD6, 0xBA, 0xD6, 0xBA, 0xD6, 0xBA, 0xD6, 0xBA, 0xD6, 0xBA, 0xD6, 0xBA, 0xD6,
    0xDA, 0xD6, 0xBA, 0xD6, 0xBA, 0xD6, 0xBA, 0xD6, 0xFA, 0xE6, 0x3B, 0xEF, 0xFA, 0xE6, 0x99, 0xDE,
    0xB9, 0xE6, 0xB9, 0xE6, 0xB9, 0xE6, 0xB9, 0xE6, 0xD9, 0xEE, 0xD9, 0xEE, 0xB9, 0xEE, 0xD9, 0xEE,
    0xFA, 0xF6, 0xFA, 0xEE, 0xDA, 0xEE, 0xFA, 0xEE, 0xFA, 0xEE, 0x3B, 0xF7, 0x5C, 0xEF, 0x3B, 0xEF,
    0x3B, 0xEF, 0x1B, 0xEF, 0x1B, 0xF7, 0x1B, 0xF7, 0xFA, 0xEE, 0xFA, 0xEE, 0xFB, 0xEE, 0xFB, 0xF6,
    0x1B, 0xF7, 0x1B, 0xF7, 0x1B, 0xF7, 0xFA, 0xF6, 0xFA, 0xEE, 0x1A, 0xF7, 0x1B, 0xF7, 0x1A, 0xF7,
    0x1A, 0xF7, 0x1B, 0xF7, 0x1B, 0xEF, 0x1A, 0xEF, 0x1B, 0xEF, 0x1B, 0xEF, 0x1B, 0xEF, 0x1B, 0xEF,
    0xFA, 0xE6, 0xFA, 0xE6, 0xFA, 0xE6, 0xFA, 0xE6, 0x1A, 0xE7, 0x1A, 0xEF, 0x1A, 0xE7, 0xB9, 0xDE,
    0x98, 0xD6, 0x98, 0xDE, 0xB9, 0xD6, 0xB9, 0xD6, 0xB9, 0xD6, 0xB9, 0xD6, 0xB9, 0xD6, 0xB8, 0xD6,
    0xB8, 0xD6, 0x98, 0xD6, 0x98, 0xD6, 0x98, 0xD6, 0x98, 0xD6, 0x98, 0xD6, 0x98, 0xD6, 0x98, 0xD6,
    0x98, 0xD6, 0x98, 0xD6, 0x98, 0xD6, 0x98, 0xD6, 0x98, 0xD6, 0x98, 0xD6, 0x98, 0xD6, 0x98, 0xD6,
    0x98, 0xD6, 0x78, 0xD6, 0x78, 0xD6, 0x78, 0xD6, 0x78, 0xD6, 0x78, 0xD6, 0x78, 0xD6, 0x78, 0xD6,
    0xF8, 0xBD, 0xF8, 0xBD, 0xF8, 0xBD, 0xF8, 0xBD, 0xF8, 0xBD, 0xF8, 0xBD, 0xF8, 0xBD, 0xF8, 0xBD,
    0xF7, 0xBD, 0xF7, 0xBD, 0xF7, 0xBD, 0xF7, 0xBD, 0xF7, 0xBD, 0xF7, 0xBD, 0xD7, 0xB5, 0xD7, 0xB5,
    0xD7, 0xB5, 0xF7, 0xBD, 0xF8, 0xBD, 0xF8, 0xBD, 0xF7, 0xBD, 0xF8, 0xBD, 0xF7, 0xBD, 0xD7, 0xB5,
    0xD7, 0xB5, 0xF7, 0xBD, 0xF7, 0xBD, 0xF7, 0xBD, 0xF7, 0xBD, 0xD7, 0xB5, 0xD7, 0xB5, 0xD7, 0xB5,
    0xD7, 0xB5, 0xD7, 0xB5, 0xD7, 0xB5, 0xD7, 0xB5, 0xD7, 0xB5, 0xD7, 0xB5, 0xF7, 0xBD, 0xF7, 0xBD,
    0xD7, 0xBD, 0xD7, 0xBD, 0xD7, 0xBD, 0xD7, 0xBD, 0xD7, 0xBD, 0xD7, 0xBD, 0xD7, 0xBD, 0xD7, 0xBD,
    0xD7, 0xB5, 0xD7, 0xB5, 0xD7, 0xB5, 0xD6, 0xB5, 0xB6, 0xB5, 0xB6, 0xB5, 0xB6, 0xB5, 0xB6, 0xB5,
    0xB6, 0xB5, 0xD6, 0xB5, 0xD6, 0xB5, 0xD6, 0xB5, 0xD6, 0xB5, 0xD6, 0xB5, 0xD6, 0xB5, 0xD6, 0xB5,
    0xD6, 0xB5, 0xD6, 0xB5, 0xD6, 0xB5, 0xD6, 0xB5, 0xD7, 0xB5, 0xD7, 0xB5, 0xD6, 0xB5, 0xB6, 0xB5,
    0xB6, 0xB5, 0xD6, 0xB5, 0xB6, 0xB5, 0xD6, 0xB5, 0xD6, 0xB5, 0xD7, 0xBD, 0xD7, 0xB5, 0xD7, 0xB5,
    0xD7, 0xB5, 0xD7, 0xB5, 0xD7, 0xB5, 0xD7, 0xBD, 0xD7, 0xBD, 0xD7, 0xBD, 0xD7, 0xBD, 0xD7, 0xBD,
    0xD7, 0xBD, 0xD7, 0xBD, 0xD7, 0xBD, 0xD7, 0xBD, 0xD7, 0xBD, 0xD7, 0xBD, 0xD7, 0xBD, 0xD7, 0xBD,
    0xD7, 0xBD, 0xD7, 0xBD, 0xD7, 0xBD, 0xD7, 0xBD, 0xD7, 0xBD, 0xD7, 0xBD, 0xD7, 0xBD, 0xD7, 0xBD,
    0xD7, 0xBD, 0xD7, 0xBD, 0xD7, 0xBD, 0xD7, 0xBD, 0xD7, 0xBD, 0xD7, 0xBD, 0xD7, 0xBD, 0xD7, 0xBD,
    0xD7, 0xBD, 0xD7, 0xBD, 0xD7, 0xBD, 0xD7, 0xBD, 0xD7, 0xBD, 0xD7, 0xBD, 0xD7, 0xBD, 0xD7, 0xBD,
    0xD7, 0xBD, 0xD7, 0xBD, 0xD7, 0xBD, 0xD7, 0xBD, 0xD7, 0xBD, 0xD7, 0xBD, 0xD7, 0xBD, 0xD7, 0xBD,
    0xF7, 0xBD, 0xF7, 0xBD, 0xF7, 0xBD, 0xD7, 0xBD, 0xD7, 0xBD, 0xD7, 0xBD, 0xD7, 0xBD, 0xD7, 0xBD,
    0xD7, 0xBD, 0xD7, 0xBD, 0xD7, 0xBD, 0xD7, 0xBD, 0xD7, 0xBD, 0xD7, 0xBD, 0xD7, 0xBD, 0xD7, 0xBD,
    0xD7, 0xBD, 0xD7, 0xBD, 0xD7, 0xBD, 0xD7, 0xBD, 0xD7, 0xBD, 0xD7, 0xBD, 0xD7, 0xBD, 0xD7, 0xBD,
    0xD7, 0xBD, 0xD7, 0xBD, 0xD7, 0xBD, 0xD7, 0xBD, 0xD7, 0xBD, 0xD7, 0xBD, 0xD7, 0xBD, 0xD7, 0xBD,
    0xD7, 0xBD, 0xD7, 0xBD, 0xD7, 0xB5, 0xD7, 0xB5, 0xD7, 0xB5, 0xD6, 0xB5, 0xD6, 0xB5, 0xD6, 0xB5,
    0xD6, 0xB5, 0xD6, 0xB5, 0xD6, 0xB5, 0xD7, 0xBD, 0xD7, 0xBD, 0xD7, 0xBD, 0xD7, 0xBD, 0xD7, 0xBD,
    0xD7, 0xBD, 0xD7, 0xBD, 0xD7, 0xBD, 0xD7, 0xBD, 0xD7, 0xBD, 0xD7, 0xBD, 0xD7, 0xBD, 0xD7, 0xBD,
    0xD7, 0xBD, 0xD7, 0xB5, 0xD7, 0xB5, 0xD7, 0xB5, 0xD6, 0xB5, 0xF7, 0xBD, 0xBA, 0xD6, 0xDA, 0xD6,
    0xDA, 0xD6, 0xDA, 0xD6, 0xBA, 0xD6, 0xBA, 0xD6, 0xBA, 0xD6, 0xBA, 0xD6, 0xBB, 0xD6, 0xBB, 0xD6,
    0x9A, 0xD6, 0x9A, 0xCE, 0x9A, 0xCE, 0x99, 0xCE, 0x99, 0xCE, 0x99, 0xCE, 0x79, 0xCE, 0x79, 0xCE,
    0x79, 0xCE, 0x79, 0xCE, 0x79, 0xCE, 0x59, 0xCE, 0x59, 0xCE, 0x59, 0xCE, 0x59, 0xCE, 0x59, 0xCE,
    0x58, 0xCE, 0x79, 0xCE, 0x79, 0xCE, 0x79, 0xCE, 0x99, 0xD6, 0x9A, 0xD6, 0xB9, 0xD6, 0xB9, 0xD6,
    0xBA, 0xD6, 0xBA, 0xD6, 0xBA, 0xD6, 0xBA, 0xD6, 0xBA, 0xD6, 0xBA, 0xD6, 0xBA, 0xD6, 0xBA, 0xD6,
    0xDA, 0xD6, 0xDA, 0xD6, 0xDA, 0xD6, 0xB9, 0xD6, 0x1B, 0xE7, 0x5B, 0xEF, 0xFA, 0xEE, 0x37, 0xDE,
    0x37, 0xDE, 0x17, 0xDE, 0x17, 0xDE, 0x37, 0xDE, 0x58, 0xE6, 0x58, 0xE6, 0x57, 0xE6, 0x16, 0xDE,
    0xF6, 0xDD, 0x37, 0xE6, 0x37, 0xE6, 0x58, 0xE6, 0x98, 0xE6, 0x3B, 0xF7, 0x5C, 0xF7, 0x3B, 0xEF,
    0xD9, 0xE6, 0x78, 0xDE, 0x78, 0xE6, 0x78, 0xE6, 0x38, 0xDE, 0x37, 0xDE, 0x58, 0xDE, 0x58, 0xE6,
    0x58, 0xE6, 0x58, 0xE6, 0x78, 0xE6, 0x58, 0xE6, 0x58, 0xE6, 0x78, 0xEE, 0x99, 0xEE, 0x98, 0xEE,
    0x58, 0xDE, 0x78, 0xE6, 0x98, 0xE6, 0x98, 0xE6, 0x98, 0xE6, 0x98, 0xE6, 0xB9, 0xE6, 0xFA, 0xEE,
    0x1A, 0xEF, 0x1A, 0xEF, 0xB9, 0xDE, 0xB9, 0xDE, 0xFA, 0xE6, 0x3B, 0xEF, 0xD9, 0xDE, 0x98, 0xD6,
    0x98, 0xDE, 0x98, 0xDE, 0xB9, 0xD6, 0xB9, 0xD6, 0xB9, 0xD6, 0xB9, 0xD6, 0xB9, 0xD6, 0xB9, 0xD6,
    0xB9, 0xD6, 0x98, 0xD6, 0x98, 0xD6, 0x98, 0xD6, 0x98, 0xD6, 0x98, 0xD6, 0x98, 0xD6, 0x98, 0xD6,
    0x98, 0xD6, 0x98, 0xD6, 0x98, 0xD6, 0x98, 0xD6, 0x98, 0xD6, 0x98, 0xD6, 0x98, 0xD6, 0x98, 0xD6,
    0x98, 0xD6, 0x78, 0xD6, 0x78, 0xD6, 0x78, 0xD6, 0x78, 0xD6, 0x78, 0xD6, 0x78, 0xD6, 0x78, 0xD6,
    0xF8, 0xBD, 0xF8, 0xBD, 0xF8, 0xBD, 0xF8, 0xBD, 0xF8, 0xBD, 0xF8, 0xBD, 0xF8, 0xBD, 0xF8, 0xBD,
    0xF8, 0xBD, 0xF8, 0xBD, 0xF8, 0xBD, 0xF8, 0xBD, 0xF8, 0xBD, 0xF7, 0xBD, 0xF7, 0xBD, 0xF7, 0xBD,
    0xF7, 0xBD, 0xF8, 0xBD, 0xF8, 0xBD, 0xF8, 0xBD, 0xF8, 0xBD, 0xF8, 0xBD, 0xF8, 0xBD, 0xF8, 0xBD,
    0xF8, 0xBD, 0xF8, 0xBD, 0xF8, 0xBD, 0xF8, 0xBD, 0xF7, 0xBD, 0xF7, 0xBD, 0xD7, 0xB5, 0xD7, 0xB5,
    0xD7, 0xB5, 0xD7, 0xB5, 0xD7, 0xB5, 0xD7, 0xB5, 0xD7, 0xB5, 0xD7, 0xB5, 0xF8, 0xBD, 0xF8, 0xBD,
    0xF7, 0xBD, 0xF7, 0xBD, 0xF7, 0xBD, 0xF7, 0xBD, 0xF7, 0xBD, 0xD7, 0xBD, 0xD7, 0xBD, 0xD7, 0xBD,
    0xD7, 0xBD, 0xD7, 0xB5, 0xD7, 0xB5, 0xD7, 0xB5, 0xD6, 0xB5, 0xD6, 0xB5, 0xD6, 0xB5, 0xD6, 0xB5,
    0xD6, 0xB5, 0xD6, 0xB5, 0xD6, 0xB5, 0xD6, 0xB5, 0xD6, 0xB5, 0xD6, 0xB5, 0xD6, 0xB5, 0xD6, 0xB5,
    0xD6, 0xB5, 0xD6, 0xB5, 0xD6, 0xB5, 0xD6, 0xB5, 0xD7, 0xB5, 0xD7, 0xB5, 0xD7, 0xB5, 0xD6, 0xB5,
    0xD6, 0xB5, 0xD6, 0xB5, 0xD7, 0xB5, 0xD7, 0xBD, 0xD7, 0xBD, 0xD7, 0xBD, 0xD7, 0xB5, 0xD7, 0xB5,
    0xD7, 0xB5, 0xD7, 0xB5, 0xD7, 0xB5, 0xD7, 0xBD, 0xD7, 0xBD, 0xD7, 0xBD, 0xD7, 0xBD, 0xD7, 0xBD,
    0xD7, 0xBD, 0xD7, 0xBD, 0xD7, 0xBD, 0xD7, 0xBD, 0xD7, 0xBD, 0xD7, 0xBD, 0xD7, 0xBD, 0xD7, 0xBD,
    0xD7, 0xBD, 0xD7, 0xBD, 0xD7, 0xBD, 0xD7, 0xBD, 0xD7, 0xBD, 0xD7, 0xBD, 0xD7, 0xBD, 0xD7, 0xBD,
    0xD7, 0xBD, 0xD7, 0xBD, 0xD7, 0xBD, 0xD7, 0xBD, 0xD7, 0xBD, 0xD7, 0xBD, 0xD7, 0xBD, 0xD7, 0xBD,
    0xD7, 0xBD, 0xD7, 0xBD, 0xD7, 0xBD, 0xD7, 0xBD, 0xD7, 0xBD, 0xD7, 0xBD, 0xD7, 0xBD, 0xD7, 0xBD,
    0xD7, 0xBD, 0xD7, 0xBD, 0xD7, 0xBD, 0xD7, 0xBD, 0xD7, 0xBD, 0xD7, 0xBD, 0xF7, 0xBD, 0xF7, 0xBD,
    0xF7, 0xBD, 0xF7, 0xBD, 0xF7, 0xBD, 0xF7, 0xBD, 0xF7, 0xBD, 0xD7, 0xBD, 0xD7, 0xBD, 0xD7, 0xBD,
    0xD7, 0xBD, 0xD7, 0xBD, 0xD7, 0xBD, 0xD7, 0xBD, 0xD7, 0xBD, 0xD7, 0xBD, 0xD7, 0xBD, 0xD7, 0xBD,
    0xD7, 0xBD, 0xD7, 0xBD, 0xD7, 0xBD, 0xD7, 0xBD, 0xD7, 0xBD, 0xD7, 0xBD, 0xD7, 0xBD, 0xD7, 0xBD,
    0xD7, 0xBD, 0xD7, 0xBD, 0xD7, 0xBD, 0xD7, 0xBD, 0xD7, 0xBD, 0xD7, 0xBD, 0xD7, 0xBD, 0xD7, 0xBD,
    0xD7, 0xBD, 0xD7, 0xBD, 0xD7, 0xBD, 0xD7, 0xB5, 0xD7, 0xB5, 0xD6, 0xB5, 0xD6, 0xB5, 0xD6, 0xB5,
    0xD6, 0xB5, 0xD6, 0xB5, 0xD6, 0xB5, 0xD7, 0xBD, 0xD7, 0xBD, 0xD7, 0xBD, 0xD7, 0xBD, 0xD7, 0xBD,
    0xD7, 0xBD, 0xD7, 0xBD, 0xD7, 0xBD, 0xD7, 0xBD, 0xD7, 0xBD, 0xD7, 0xBD, 0xD7, 0xBD, 0xD7, 0xBD,
    0xD7, 0xBD, 0xD7, 0xB5, 0xD7, 0xB5, 0xD7, 0xB5, 0xB6, 0xB5, 0xD7, 0xBD, 0xBA, 0xD6, 0xDA, 0xD6,
    0xDA, 0xD6, 0xDA, 0xD6, 0xBA, 0xD6, 0xBA, 0xD6, 0xBA, 0xD6, 0xBA, 0xD6, 0xBB, 0xD6, 0xBA, 0xD6,
    0x9A, 0xD6, 0x9A, 0xCE, 0x99, 0xCE, 0x99, 0xCE, 0x99, 0xCE, 0x9A, 0xCE, 0x79, 0xCE, 0x79, 0xCE,
    0x79, 0xCE, 0x79, 0xCE, 0x79, 0xCE, 0x59, 0xCE, 0x59, 0xCE, 0x59, 0xCE, 0x59, 0xCE, 0x59, 0xCE,
    0x58, 0xCE, 0x79, 0xCE, 0x79, 0xCE, 0x79, 0xCE, 0x99, 0xD6, 0x9A, 0xD6, 0xB9, 0xD6, 0xBA, 0xD6,
    0xBA, 0xD6, 0xBA, 0xD6, 0xBA, 0xD6, 0xBA, 0xD6, 0xBA, 0xD6, 0xBA, 0xD6, 0xBA, 0xD6, 0xBA, 0xD6,
    0xDA, 0xD6, 0xDA, 0xD6, 0xDA, 0xD6, 0xBA, 0xD6, 0x1B, 0xE7, 0x5B, 0xEF, 0xFA, 0xEE, 0x37, 0xDE,
    0x37, 0xE6, 0x37, 0xE6, 0x17, 0xE6, 0x37, 0xE6, 0x57, 0xEE, 0x37, 0xE6, 0x37, 0xE6, 0x94, 0xD5,
    0xF2, 0xC4, 0xD6, 0xDD, 0x57, 0xE6, 0x78, 0xE6, 0x98, 0xE6, 0x3A, 0xF7, 0x7C, 0xF7, 0x5B, 0xF7,
    0xF9, 0xEE, 0x58, 0xE6, 0x57, 0xE6, 0x57, 0xE6, 0x37, 0xDE, 0x17, 0xDE, 0x37, 0xDE, 0x37, 0xDE,
    0x37, 0xDE, 0x37, 0xE6, 0x37, 0xE6, 0x37, 0xE6, 0x37, 0xE6, 0x16, 0xDE, 0x16, 0xDE, 0x16, 0xDE,
    0x16, 0xDE, 0x57, 0xE6, 0x57, 0xE6, 0x57, 0xE6, 0x57, 0xE6, 0x57, 0xE6, 0x78, 0xDE, 0x1A, 0xEF,
    0x3A, 0xEF, 0x3A, 0xEF, 0x3B, 0xEF, 0x3A, 0xEF, 0x3B, 0xEF, 0x1A, 0xEF, 0xD9, 0xDE, 0xB9, 0xDE,
    0xB9, 0xDE, 0xB9, 0xDE, 0xB9, 0xDE, 0xB9, 0xD6, 0xB9, 0xD6, 0xB9, 0xD6, 0xB9, 0xD6, 0xB9, 0xD6,
    0xB9, 0xD6, 0x98, 0xD6, 0x98, 0xD6, 0x98, 0xD6, 0x98, 0xD6, 0x98, 0xD6, 0x98, 0xD6, 0x98, 0xD6,
    0x98, 0xD6, 0x98, 0xD6, 0x98, 0xD6, 0x98, 0xD6, 0x98, 0xD6, 0x98, 0xD6, 0x98, 0xD6, 0x98, 0xD6,
    0x98, 0xD6, 0x78, 0xD6, 0x78, 0xD6, 0x78, 0xD6, 0x78, 0xD6, 0x78, 0xD6, 0x78, 0xD6, 0x78, 0xD6,
    0xF8, 0xBD, 0x18, 0xBE, 0x18, 0xBE, 0x18, 0xBE, 0x18, 0xBE, 0xF8, 0xBD, 0xF8, 0xBD, 0xF8, 0xBD,
    0xF8, 0xBD, 0xF8, 0xBD, 0xF8, 0xBD, 0xF8, 0xBD, 0xF8, 0xBD, 0xF8, 0xBD, 0xF7, 0xBD, 0xF7, 0xBD,
    0xF7, 0xBD, 0xF8, 0xBD, 0xF8, 0xBD, 0xF8, 0xBD, 0xF8, 0xBD, 0x18, 0xBE, 0xF8, 0xBD, 0xF8, 0xBD,
    0xF8, 0xBD, 0xF8, 0xBD, 0xF8, 0xBD, 0xF8, 0xBD, 0xF7, 0xBD, 0xF7, 0xBD, 0xF7, 0xBD, 0xD7, 0xB5,
    0xD7, 0xB5, 0xD7, 0xB5, 0xD7, 0xB5, 0xD7, 0xB5, 0xD7, 0xB5, 0xD7, 0xB5, 0xF8, 0xBD, 0xF7, 0xBD,
    0xF7, 0xBD, 0xF7, 0xBD, 0xF7, 0xBD, 0xF7, 0xBD, 0xF7, 0xBD, 0xD7, 0xBD, 0xD7, 0xBD, 0xD7, 0xBD,
    0xD7, 0xBD, 0xD7, 0xB5, 0xD7, 0xB5, 0xD7, 0xB5, 0xD7, 0xB5, 0xD7, 0xB5, 0xD7, 0xB5, 0xD7, 0xB5,
    0xD7, 0xB5, 0xD7, 0xB5, 0xD7, 0xB5, 0xD7, 0xB5, 0xD7, 0xB5, 0xD7, 0xB5, 0xD6, 0xB5, 0xD6, 0xB5,
    0xD6, 0xB5, 0xD7, 0xB5, 0xD7, 0xB5, 0xD7, 0xB5, 0xD7, 0xB5, 0xD7, 0xB5, 0xD7, 0xB5, 0xD7, 0xB5,
    0xD7, 0xB5, 0xD7, 0xB5, 0xD7, 0xBD, 0xD7, 0xBD, 0xD7, 0xBD, 0xD7, 0xBD, 0xD7, 0xBD, 0xD7, 0xBD,
    0xD7, 0xBD, 0xD7, 0xB5, 0xD7, 0xBD, 0xD7, 0xBD, 0xD7, 0xBD, 0xD7, 0xBD, 0xD7, 0xBD, 0xD7, 0xBD,
    0xD7, 0xBD, 0xD7, 0xBD, 0xD7, 0xBD, 0xD7, 0xBD, 0xD7, 0xBD, 0xD7, 0xBD, 0xD7, 0xBD, 0xD7, 0xBD,
    0xD7, 0xBD, 0xD7, 0xBD, 0xD7, 0xBD, 0xD7, 0xBD, 0xD7, 0xBD, 0xD7, 0xBD, 0xD7, 0xBD, 0xD7, 0xBD,
    0xD7, 0xBD, 0xF7, 0xBD, 0xF7, 0xBD, 0xF7, 0xBD, 0xD7, 0xBD, 0xD7, 0xBD, 0xD7, 0xBD, 0xD7, 0xBD,
    0xD7, 0xBD, 0xD7, 0xBD, 0xD7, 0xBD, 0xD7, 0xBD, 0xD7, 0xBD, 0xD7, 0xBD, 0xD7, 0xBD, 0xD7, 0xBD,
    0xD7, 0xBD, 0xD7, 0xBD, 0xD7, 0xBD, 0xD7, 0xBD, 0xD7, 0xBD, 0xF7, 0xBD, 0xF7, 0xBD, 0xF7, 0xBD,
    0xF7, 0xBD, 0xF7, 0xBD, 0xF7, 0xBD, 0xF7, 0xBD, 0xF7, 0xBD, 0xD7, 0xBD, 0xD7, 0xBD, 0xD7, 0xBD,
    0xD7, 0xBD, 0xD7, 0xBD, 0xD7, 0xBD, 0xD7, 0xBD, 0xD7, 0xBD, 0xD7, 0xBD, 0xD7, 0xBD, 0xD7, 0xBD,
    0xD7, 0xBD, 0xD7, 0xBD, 0xD7, 0xBD, 0xD7, 0xBD, 0xD7, 0xBD, 0xD7, 0xBD, 0xD7, 0xBD, 0xD7, 0xBD,
    0xD7, 0xBD, 0xD7, 0xBD, 0xD7, 0xBD, 0xD7, 0xBD, 0xD7, 0xBD, 0xD7, 0xBD, 0xD7, 0xBD, 0xD7, 0xBD,
    0xD7, 0xBD, 0xD7, 0xBD, 0xD7, 0xBD, 0xD7, 0xB5, 0xD7, 0xB5, 0xD7, 0xBD, 0xD7, 0xBD, 0xD7, 0xBD,
    0xD7, 0xBD, 0xD7, 0xBD, 0xD7, 0xBD, 0xD7, 0xBD, 0xD7, 0xBD, 0xD7, 0xBD, 0xD7, 0xBD, 0xD7, 0xBD,
    0xD7, 0xBD, 0xD7, 0xBD, 0xD7, 0xBD, 0xD7, 0xBD, 0xD7, 0xBD, 0xD7, 0xBD, 0xD7, 0xBD, 0xD7, 0xBD,
    0xD7, 0xBD, 0xD7, 0xBD, 0xD7, 0xBD, 0xD6, 0xB5, 0x96, 0xB5, 0xD7, 0xB5, 0x9A, 0xCE, 0xDB, 0xD6,
    0xDB, 0xD6, 0xDA, 0xD6, 0xBA, 0xD6, 0xBA, 0xD6, 0xBA, 0xD6, 0xBA, 0xD6, 0xBA, 0xD6, 0xBA, 0xD6,
    0x9A, 0xCE, 0x9A, 0xCE, 0x9A, 0xCE, 0x99, 0xCE, 0x99, 0xCE, 0x9A, 0xD6, 0x79, 0xCE, 0x79, 0xCE,
    0x79, 0xCE, 0x79, 0xCE, 0x79, 0xCE, 0x59, 0xCE, 0x59, 0xCE, 0x59, 0xCE, 0x59, 0xCE, 0x59, 0xCE,
    0x58, 0xC6, 0x59, 0xCE, 0x79, 0xCE, 0x79, 0xCE, 0x79, 0xCE, 0x9A, 0xD6, 0xB9, 0xD6, 0xBA, 0xD6,
    0xBA, 0xD6, 0xBA, 0xD6, 0xBA, 0xD6, 0xBA, 0xD6, 0xBA, 0xD6, 0xDA, 0xD6, 0xDA, 0xD6, 0xDA, 0xD6,
    0xDA, 0xD6, 0xDA, 0xD6, 0xDA, 0xD6, 0xBA, 0xD6, 0x3B, 0xE7, 0x5B, 0xEF, 0xFA, 0xEE, 0x58, 0xE6,
    0x17, 0xE6, 0xD5, 0xDD, 0xF6, 0xDD, 0x57, 0xEE, 0x37, 0xE6, 0x16, 0xE6, 0xF6, 0xE5, 0xB5, 0xDD,
    0x94, 0xD5, 0xD5, 0xDD, 0x17, 0xE6, 0x57, 0xE6, 0xB8, 0xEE, 0x3B, 0xF7, 0x5B, 0xF7, 0x5B, 0xF7,
    0xB9, 0xEE, 0x16, 0xD6, 0x37, 0xE6, 0x57, 0xE6, 0x16, 0xDE, 0x16, 0xDE, 0x16, 0xE6, 0x16, 0xE6,
    0x37, 0xE6, 0x57, 0xE6, 0x57, 0xEE, 0x37, 0xE6, 0xF6, 0xDD, 0xF6, 0xDD, 0x53, 0xCD, 0x53, 0xC5,
    0x73, 0xCD, 0x94, 0xCD, 0x16, 0xE6, 0x37, 0xE6, 0x16, 0xDE, 0x16, 0xDE, 0x57, 0xDE, 0x3A, 0xEF,
    0x3A, 0xEF, 0x3B, 0xEF, 0x3B, 0xEF, 0x3B, 0xEF, 0x3B, 0xEF, 0x3B, 0xEF, 0xD9, 0xE6, 0xB9, 0xDE,
    0xB9, 0xDE, 0xB9, 0xDE, 0xB9, 0xDE, 0xB9, 0xD6, 0xB9, 0xD6, 0xB9, 0xD6, 0xB9, 0xD6, 0xB9, 0xD6,
    0xB8, 0xDE, 0x98, 0xD6, 0x98, 0xD6, 0x98, 0xD6, 0x98, 0xD6, 0x98, 0xD6, 0x98, 0xD6, 0x98, 0xD6,
    0x98, 0xD6, 0x98, 0xD6, 0x98, 0xD6, 0x98, 0xD6, 0x98, 0xD6, 0x98, 0xD6, 0x98, 0xD6, 0x98, 0xD6,
    0x98, 0xD6, 0x78, 0xD6, 0x78, 0xD6, 0x78, 0xD6, 0x78, 0xD6, 0x78, 0xD6, 0x78, 0xD6, 0x78, 0xD6,
    0x18, 0xBE, 0x18, 0xBE, 0x18, 0xBE, 0x18, 0xBE, 0x18, 0xBE, 0xF8, 0xBD, 0xF8, 0xBD, 0xF8, 0xBD,
    0xF8, 0xBD, 0xF8, 0xBD, 0xF8, 0xBD, 0xF8, 0xBD, 0xF8, 0xBD, 0xF8, 0xBD, 0xF7, 0xBD, 0xF8, 0xBD,
    0xF8, 0xBD, 0xF7, 0xBD, 0xF8, 0xBD, 0xF8, 0xBD, 0xF8, 0xBD, 0x18, 0xBE, 0xF8, 0xBD, 0xF7, 0xBD,
    0xF7, 0xBD, 0xF7, 0xBD, 0xF7, 0xBD, 0xF7, 0xBD, 0xF8, 0xBD, 0xF7, 0xBD, 0xF7, 0xBD, 0xF7, 0xBD,
    0xD7, 0xB5, 0xD7, 0xB5, 0xD7, 0xB5, 0xD7, 0xB5, 0xD7, 0xB5, 0xF7, 0xBD, 0xF7, 0xBD, 0xF7, 0xBD,
    0xF7, 0xBD, 0xF7, 0xBD, 0xF7, 0xBD, 0xF7, 0xBD, 0xF7, 0xBD, 0xD7, 0xBD, 0xD7, 0xBD, 0xD7, 0xBD,
    0xD7, 0xBD, 0xD7, 0xBD, 0xD7, 0xBD, 0xD7, 0xB5, 0xD7, 0xB5, 0xD7, 0xB5, 0xD7, 0xB5, 0xD7, 0xB5,
    0xD7, 0xB5, 0xD7, 0xB5, 0xD7, 0xB5, 0xD7, 0xB5, 0xD7, 0xB5, 0xD7, 0xB5, 0xD7, 0xB5, 0xD7, 0xB5,
    0xD7, 0xB5, 0xD7, 0xB5, 0xD7, 0xBD, 0xD7, 0xBD, 0xD7, 0xBD, 0xD7, 0xBD, 0xD7, 0xBD, 0xD7, 0xBD,
    0xD7, 0xBD, 0xD7, 0xBD, 0xD7, 0xBD, 0xD7, 0xBD, 0xD7, 0xBD, 0xD7, 0xBD, 0xD7, 0xBD, 0xD7, 0xBD,
    0xD7, 0xBD, 0xD7, 0xBD, 0xD7, 0xBD, 0xD7, 0xBD, 0xD7, 0xBD, 0xD7, 0xBD, 0xD7, 0xBD, 0xD7, 0xBD,
    0xD7, 0xBD, 0xD7, 0xBD, 0xD7, 0xBD, 0xD7, 0xBD, 0xD7, 0xBD, 0xD7, 0xBD, 0xD7, 0xBD, 0xD7, 0xBD,
    0xD7, 0xBD, 0xD7, 0xBD, 0xD7, 0xBD, 0xD7, 0xBD, 0xD7, 0xBD, 0xD7, 0xBD, 0xD7, 0xBD, 0xD7, 0xBD,
    0xD7, 0xBD, 0xF7, 0xBD, 0xF7, 0xBD, 0xF7, 0xBD, 0xD7, 0xBD, 0xD7, 0xBD, 0xD7, 0xBD, 0xD7, 0xBD,
    0xD7, 0xBD, 0xD7, 0xBD, 0xD7, 0xBD, 0xD7, 0xBD, 0xD7, 0xBD, 0xD7, 0xBD, 0xD7, 0xBD, 0xD7, 0xBD,
    0xD7, 0xBD, 0xD7, 0xBD, 0xD7, 0xBD, 0xD7, 0xBD, 0xD7, 0xBD, 0xF7, 0xBD, 0xF7, 0xBD, 0xF7, 0xBD,
    0xF7, 0xBD, 0xF7, 0xBD, 0xF7, 0xBD, 0xF7, 0xBD, 0xF7, 0xBD, 0xF7, 0xBD, 0xF7, 0xBD, 0xF7, 0xBD,
    0xD7, 0xBD, 0xD7, 0xBD, 0xD7, 0xBD, 0xD7, 0xBD, 0xD7, 0xBD, 0xD7, 0xBD, 0xD7, 0xBD, 0xD7, 0xBD,
    0xD7, 0xBD, 0xD7, 0xBD, 0xD7, 0xBD, 0xD7, 0xBD, 0xD7, 0xBD, 0xD7, 0xBD, 0xD7, 0xBD, 0xD7, 0xBD,
    0xD7, 0xBD, 0xD7, 0xBD, 0xD7, 0xBD, 0xD7, 0xBD, 0xD7, 0xBD, 0xD7, 0xBD, 0xD7, 0xBD, 0xD7, 0xBD,
    0xD7, 0xBD, 0xD7, 0xBD, 0xD7, 0xBD, 0xD7, 0xBD, 0xD7, 0xBD, 0xD7, 0xBD, 0xD7, 0xBD, 0xD7, 0xBD,
    0xD7, 0xBD, 0xD7, 0xBD, 0xD7, 0xBD, 0xD7, 0xBD, 0xD7, 0xBD, 0xD7, 0xBD, 0xD7, 0xBD, 0xD7, 0xBD,
    0xD7, 0xBD, 0xD7, 0xBD, 0xD7, 0xBD, 0xD7, 0xBD, 0xD7, 0xBD, 0xD7, 0xBD, 0xD7, 0xBD, 0xD7, 0xBD,
    0xD7, 0xBD, 0xD7, 0xBD, 0xD7, 0xBD, 0xD7, 0xBD, 0xB6, 0xB5, 0xB6, 0xB5, 0x59, 0xCE, 0xDB, 0xD6,
    0xDB, 0xD6, 0xBB, 0xD6, 0xBB, 0xD6, 0xBA, 0xD6, 0xBA, 0xD6, 0xBA, 0xD6, 0xBA, 0xD6, 0xBA, 0xD6,
    0xBA, 0xCE, 0x9A, 0xCE, 0x9A, 0xCE, 0x9A, 0xCE, 0x9A, 0xCE, 0x9A, 0xD6, 0x79, 0xCE, 0x79, 0xCE,
    0x79, 0xCE, 0x79, 0xCE, 0x79, 0xCE, 0x59, 0xCE, 0x59, 0xCE, 0x59, 0xCE, 0x59, 0xCE, 0x59, 0xCE,
    0x38, 0xC6, 0x58, 0xCE, 0x79, 0xCE, 0x79, 0xCE, 0x79, 0xCE, 0x99, 0xD6, 0xB9, 0xD6, 0xBA, 0xD6,
    0xBA, 0xD6, 0xBA, 0xD6, 0xBA, 0xD6, 0xBA, 0xD6, 0xB9, 0xD6, 0xDA, 0xD6, 0xDA, 0xD6, 0xDA, 0xD6,
    0xDA, 0xD6, 0xDA, 0xD6, 0xDA, 0xD6, 0xBA, 0xD6, 0x3B, 0xEF, 0x5B, 0xF7, 0xFA, 0xEE, 0x57, 0xDE,
    0x94, 0xCD, 0xF2, 0xBC, 0x73, 0xCD, 0x37, 0xE6, 0x57, 0xE6, 0x16, 0xDE, 0x16, 0xDE, 0x16, 0xE6,
    0x57, 0xEE, 0x57, 0xEE, 0x16, 0xE6, 0x57, 0xE6, 0x1A, 0xF7, 0x5B, 0xFF, 0x5B, 0xF7, 0x1A, 0xF7,
    0xB8, 0xEE, 0x16, 0xDE, 0x36, 0xDE, 0x36, 0xE6, 0x36, 0xE6, 0x16, 0xDE, 0x16, 0xE6, 0x16, 0xE6,
    0x37, 0xE6, 0x57, 0xEE, 0x37, 0xE6, 0x37, 0xE6, 0x16, 0xE6, 0x16, 0xE6, 0x16, 0xE6, 0x57, 0xE6,
    0x94, 0xD5, 0xF2, 0xBC, 0x74, 0xD5, 0x17, 0xE6, 0x16, 0xDE, 0xF6, 0xDD, 0x78, 0xE6, 0x3A, 0xEF,
    0x3A, 0xEF, 0x3B, 0xEF, 0x3A, 0xEF, 0x3B, 0xEF, 0x3B, 0xEF, 0x3B, 0xEF, 0xD9, 0xE6, 0xB9, 0xDE,
    0xB9, 0xDE, 0xB9, 0xDE, 0xB9, 0xDE, 0xB9, 0xD6, 0xB9, 0xD6, 0xB9, 0xD6, 0xB9, 0xD6, 0xB9, 0xD6,
    0x98, 0xDE, 0x98, 0xD6, 0x98, 0xD6, 0x98, 0xD6, 0x98, 0xDE, 0x98, 0xD6, 0x98, 0xD6, 0x98, 0xD6,
    0x98, 0xD6, 0x98, 0xD6, 0x98, 0xD6, 0x98, 0xD6, 0x98, 0xD6, 0x98, 0xD6, 0x98, 0xD6, 0x98, 0xD6,
    0x98, 0xD6, 0x78, 0xD6, 0x78, 0xD6, 0x78, 0xD6, 0x78, 0xD6, 0x78, 0xD6, 0x78, 0xD6, 0x78, 0xD6,
    0x18, 0xBE, 0x18, 0xBE, 0x18, 0xBE, 0x18, 0xBE, 0x18, 0xBE, 0x18, 0xBE, 0x18, 0xBE, 0x18, 0xBE,
    0x18, 0xBE, 0x18, 0xBE, 0x18, 0xBE, 0x18, 0xBE, 0x18, 0xBE, 0x17, 0xBE, 0xF7, 0xBD, 0xF7, 0xBD,
    0xF7, 0xBD, 0xF8, 0xBD, 0x18, 0xBE, 0x18, 0xBE, 0x18, 0xBE, 0x18, 0xBE, 0x18, 0xBE, 0xF8, 0xBD,
    0xF8, 0xBD, 0xF8, 0xBD, 0xF8, 0xBD, 0xF8, 0xBD, 0xF8, 0xBD, 0xF8, 0xBD, 0xF7, 0xBD, 0xF7, 0xBD,
    0xF7, 0xBD, 0xD7, 0xB5, 0xD7, 0xB5, 0xD7, 0xB5, 0xD7, 0xB5, 0xF7, 0xBD, 0xF7, 0xBD, 0xF7, 0xBD,
    0xF7, 0xBD, 0xF7, 0xBD, 0xF7, 0xBD, 0xF7, 0xBD, 0xF7, 0xBD, 0xD7, 0xBD, 0xD7, 0xBD, 0xD7, 0xBD,
    0xF7, 0xBD, 0xF7, 0xBD, 0xD7, 0xBD, 0xD7, 0xBD, 0xD7, 0xBD, 0xD7, 0xBD, 0xD7, 0xBD, 0xD7, 0xBD,
    0xD7, 0xBD, 0xD7, 0xB5, 0xD7, 0xB5, 0xD7, 0xB5, 0xD7, 0xB5, 0xD7, 0xB5, 0xD7, 0xB5, 0xD7, 0xBD,
    0xD7, 0xBD, 0xD7, 0xBD, 0xD7, 0xBD, 0xD7, 0xBD, 0xD7, 0xBD, 0xD7, 0xBD, 0xD7, 0xBD, 0xD7, 0xBD,
    0xD7, 0xBD, 0xD7, 0xBD, 0xD7, 0xBD, 0xD7, 0xBD, 0xD7, 0xBD, 0xD7, 0xBD, 0xD7, 0xBD, 0xD7, 0xBD,
    0xD7, 0xBD, 0xD7, 0xBD, 0xD7, 0xBD, 0xD7, 0xBD, 0xD7, 0xBD, 0xD7, 0xBD, 0xD7, 0xBD, 0xD7, 0xBD,
    0xD7, 0xBD, 0xD7, 0xBD, 0xD7, 0xBD, 0xD7, 0xBD, 0xD7, 0xBD, 0xD7, 0xBD, 0xD7, 0xBD, 0xD7, 0xBD,
    0xD7, 0xBD, 0xD7, 0xBD, 0xD7, 0xBD, 0xD7, 0xBD, 0xD7, 0xBD, 0xD7, 0xBD, 0xD7, 0xBD, 0xD7, 0xBD,
    0xF7, 0xBD, 0xF7, 0xBD, 0xF7, 0xBD, 0xF7, 0xBD, 0xF7, 0xBD, 0xF7, 0xBD, 0xF7, 0xBD, 0xF7, 0xBD,
    0xF7, 0xBD, 0xF7, 0xBD, 0xF7, 0xBD, 0xF7, 0xBD, 0xF7, 0xBD, 0xF7, 0xBD, 0xD7, 0xBD, 0xD7, 0xBD,
    0xD7, 0xBD, 0xD7, 0xBD, 0xD7, 0xBD, 0xD7, 0xBD, 0xD7, 0xBD, 0xF7, 0xBD, 0xF7, 0xBD, 0xF7, 0xBD,
    0xF7, 0xBD, 0xF7, 0xBD, 0xF7, 0xBD, 0xF7, 0xBD, 0xF7, 0xBD, 0xF7, 0xBD, 0xF7, 0xBD, 0x18, 0xC6,
    0xF7, 0xBD, 0xF7, 0xBD, 0xF7, 0xBD, 0xF7, 0xBD, 0xF7, 0xBD, 0xF7, 0xBD, 0xD7, 0xBD, 0xD7, 0xBD,
    0xD7, 0xBD, 0xD7, 0xBD, 0xD7, 0xBD, 0xD7, 0xBD, 0xD7, 0xBD, 0xD7, 0xBD, 0xD7, 0xBD, 0xD7, 0xBD,
    0xD7, 0xBD, 0xD7, 0xBD, 0xD7, 0xBD, 0xF7, 0xBD, 0xF7, 0xBD, 0xF7, 0xBD, 0xF7, 0xBD, 0xF7, 0xBD,
    0xD7, 0xBD, 0xD7, 0xBD, 0xD7, 0xBD, 0xD7, 0xBD, 0xD7, 0xBD, 0xD7, 0xBD, 0xD7, 0xBD, 0xD7, 0xBD,
    0xD7, 0xBD, 0xD7, 0xBD, 0xD7, 0xBD, 0xD7, 0xBD, 0xD7, 0xBD, 0xD7, 0xBD, 0xD7, 0xBD, 0xD7, 0xBD,
    0xD7, 0xBD, 0xD7, 0xBD, 0xD7, 0xBD, 0xD7, 0xBD, 0xD7, 0xBD, 0xF7, 0xBD, 0xD7, 0xBD, 0xD7, 0xBD,
    0xD7, 0xBD, 0xD7, 0xBD, 0xD7, 0xBD, 0xD7, 0xBD, 0xD7, 0xB5, 0xB6, 0xB5, 0x38, 0xC6, 0xDB, 0xDE,
    0xDB, 0xD6, 0xDB, 0xD6, 0xBB, 0xD6, 0xBB, 0xD6, 0xBA, 0xD6, 0xBA, 0xD6, 0xBA, 0xD6, 0xBA, 0xD6,
    0xBA, 0xCE, 0x9A, 0xCE, 0x9A, 0xCE, 0x9A, 0xCE, 0x9A, 0xCE, 0x9A, 0xD6, 0x79, 0xCE, 0x79, 0xCE,
    0x79, 0xCE, 0x79, 0xCE, 0x79, 0xCE, 0x59, 0xCE, 0x59, 0xCE, 0x59, 0xCE, 0x59, 0xCE, 0x59, 0xCE,
    0x38, 0xC6, 0x59, 0xCE, 0x79, 0xCE, 0x79, 0xCE, 0x79, 0xCE, 0x9A, 0xD6, 0xBA, 0xD6, 0xBA, 0xD6,
    0xBA, 0xD6, 0xBA, 0xD6, 0xBA, 0xD6, 0xBA, 0xD6, 0xB9, 0xD6, 0xDA, 0xD6, 0xDA, 0xD6, 0xDA, 0xD6,
    0xDA, 0xD6, 0xDA, 0xD6, 0xDA, 0xD6, 0xDA, 0xDE, 0x5C, 0xEF, 0x5C, 0xF7, 0xFA, 0xE6, 0x16, 0xD6,
    0xD5, 0xCD, 0x94, 0xCD, 0x16, 0xDE, 0x57, 0xE6, 0x37, 0xDE, 0x57, 0xE6, 0x57, 0xE6, 0x37, 0xE6,
    0x37, 0xE6, 0x37, 0xE6, 0xD6, 0xD5, 0x37, 0xDE, 0xD9, 0xEE, 0x5B, 0xF7, 0x5B, 0xF7, 0x1A, 0xF7,
    0x57, 0xE6, 0x37, 0xE6, 0x57, 0xE6, 0x74, 0xCD, 0xD1, 0xBC, 0x32, 0xC5, 0x16, 0xE6, 0x37, 0xE6,
    0x57, 0xEE, 0x57, 0xEE, 0x57, 0xEE, 0x57, 0xEE, 0x57, 0xEE, 0x37, 0xE6, 0x57, 0xE6, 0x57, 0xEE,
    0x37, 0xEE, 0x37, 0xE6, 0xF6, 0xDD, 0x37, 0xE6, 0x78, 0xE6, 0x57, 0xE6, 0xB9, 0xEE, 0x3A, 0xEF,
    0x3A, 0xEF, 0x3B, 0xEF, 0x3A, 0xEF, 0x3B, 0xEF, 0x3B, 0xEF, 0x3B, 0xEF, 0xD9, 0xE6, 0xB9, 0xDE,
    0xB9, 0xDE, 0xB9, 0xDE, 0xB9, 0xDE, 0xB9, 0xD6, 0xB9, 0xD6, 0xB9, 0xD6, 0xB9, 0xD6, 0xB9, 0xD6,
    0x98, 0xDE, 0x98, 0xDE, 0x98, 0xDE, 0x98, 0xDE, 0x98, 0xDE, 0x98, 0xD6, 0x98, 0xD6, 0x98, 0xD6,
    0x98, 0xD6, 0x98, 0xD6, 0x98, 0xD6, 0x98, 0xD6, 0x98, 0xD6, 0x98, 0xD6, 0x98, 0xD6, 0x98, 0xD6,
    0x98, 0xD6, 0x78, 0xD6, 0x78, 0xD6, 0x78, 0xD6, 0x78, 0xD6, 0x78, 0xD6, 0x78, 0xD6, 0x78, 0xD6,
    0x18, 0xBE, 0x18, 0xBE, 0x18, 0xBE, 0x18, 0xBE, 0x18, 0xBE, 0x18, 0xBE, 0x18, 0xBE, 0x18, 0xBE,
    0xF8, 0xBD, 0xF8, 0xBD, 0xF8, 0xBD, 0xF8, 0xBD, 0x18, 0xBE, 0xF7, 0xBD, 0xF7, 0xBD, 0xF7, 0xBD,
    0xF7, 0xBD, 0xF8, 0xBD, 0xF8, 0xBD, 0xF8, 0xBD, 0xF8, 0xBD, 0xF8, 0xBD, 0xF8, 0xBD, 0xF8, 0xBD,
    0xF8, 0xBD, 0xF8, 0xBD, 0xF8, 0xBD, 0xF8, 0xBD, 0xF8, 0xBD, 0xF8, 0xBD, 0xF8, 0xBD, 0xF7, 0xBD,
    0xF7, 0xBD, 0xF7, 0xBD, 0xF7, 0xBD, 0xD7, 0xB5, 0xD7, 0xB5, 0xF7, 0xBD, 0xF7, 0xBD, 0xF7, 0xBD,
    0xF7, 0xBD, 0xF7, 0xBD, 0xF7, 0xBD, 0xF7, 0xBD, 0xF7, 0xBD, 0xF7, 0xBD, 0xD7, 0xBD, 0xD7, 0xBD,
    0xF7, 0xBD, 0xF7, 0xBD, 0xF7, 0xBD, 0xD7, 0xBD, 0xD7, 0xBD, 0xD7, 0xBD, 0xD7, 0xBD, 0xD7, 0xBD,
    0xD7, 0xBD, 0xD7, 0xBD, 0xD7, 0xB5, 0xD7, 0xB5, 0xD7, 0xB5, 0xD7, 0xBD, 0xD7, 0xBD, 0xD7, 0xBD,
    0xD7, 0xBD, 0xD7, 0xBD, 0xD7, 0xBD, 0xD7, 0xBD, 0xD7, 0xBD, 0xD7, 0xBD, 0xD7, 0xBD, 0xD7, 0xBD,
    0xD7, 0xBD, 0xD7, 0xBD, 0xD7, 0xBD, 0xD7, 0xBD, 0xD7, 0xBD, 0xD7, 0xBD, 0xD7, 0xBD, 0xD7, 0xBD,
    0xD7, 0xBD, 0xD7, 0xBD, 0xD7, 0xBD, 0xD7, 0xBD, 0xD7, 0xBD, 0xF7, 0xBD, 0xF7, 0xBD, 0xF7, 0xBD,
    0xD7, 0xBD, 0xD7, 0xBD, 0xD7, 0xBD, 0xD7, 0xBD, 0xD7, 0xBD, 0xD7, 0xBD, 0xD7, 0xBD, 0xD7, 0xBD,
    0xD7, 0xBD, 0xD7, 0xBD, 0xD7, 0xBD, 0xD7, 0xBD, 0xD7, 0xBD, 0xD7, 0xBD, 0xD7, 0xBD, 0xD7, 0xBD,
    0xF7, 0xBD, 0xF7, 0xBD, 0xF7, 0xBD, 0xF7, 0xBD, 0xF7, 0xBD, 0xF7, 0xBD, 0xF7, 0xBD, 0xF7, 0xBD,
    0xF7, 0xBD, 0xF7, 0xBD, 0xF7, 0xBD, 0xF7, 0xBD, 0xF7, 0xBD, 0xF7, 0xBD, 0xF7, 0xBD, 0xF7, 0xBD,
    0xD7, 0xBD, 0xD7, 0xBD, 0xD7, 0xBD, 0xD7, 0xBD, 0xD7, 0xBD, 0xF7, 0xBD, 0xF7, 0xBD, 0xF7, 0xBD,
    0xF7, 0xBD, 0xF7, 0xBD, 0xF7, 0xBD, 0xF7, 0xBD, 0xF7, 0xBD, 0xF7, 0xBD, 0xF7, 0xBD, 0xF7, 0xBD,
    0xF7, 0xBD, 0xF7, 0xBD, 0xF7, 0xBD, 0xF7, 0xBD, 0xF7, 0xBD, 0xF7, 0xBD, 0xD7, 0xBD, 0xD7, 0xBD,
    0xD7, 0xBD, 0xD7, 0xBD, 0xD7, 0xBD, 0xD7, 0xBD, 0xD7, 0xBD, 0xD7, 0xBD, 0xD7, 0xBD, 0xD7, 0xBD,
    0xD7, 0xBD, 0xD7, 0xBD, 0xF7, 0xBD, 0xF7, 0xBD, 0xF7, 0xBD, 0xF7, 0xBD, 0xF7, 0xBD, 0xF7, 0xBD,
    0xF7, 0xBD, 0xD7, 0xBD, 0xD7, 0xBD, 0xD7, 0xBD, 0xD7, 0xBD, 0xD7, 0xBD, 0xD7, 0xBD, 0xD7, 0xBD,
    0xD7, 0xBD, 0xD7, 0xBD, 0xD7, 0xBD, 0xD7, 0xBD, 0xD7, 0xBD, 0xD7, 0xBD, 0xD7, 0xBD, 0xD7, 0xBD,
    0xD7, 0xBD, 0xD7, 0xBD, 0xF7, 0xBD, 0xF7, 0xBD, 0xF7, 0xBD, 0xF7, 0xBD, 0xD7, 0xBD, 0xD7, 0xBD,
    0xD7, 0xBD, 0xD7, 0xBD, 0xD7, 0xBD, 0xD7, 0xBD, 0xD7, 0xBD, 0xD7, 0xB5, 0x18, 0xC6, 0xDB, 0xD6,
    0xDB, 0xD6, 0xDB, 0xD6, 0xBB, 0xD6, 0xBB, 0xD6, 0xBA, 0xD6, 0xBA, 0xD6, 0xBA, 0xD6, 0x9A, 0xCE,
    0x9A, 0xCE, 0x9A, 0xCE, 0x9A, 0xCE, 0x9A, 0xCE, 0x9A, 0xCE, 0x9A, 0xD6, 0x79, 0xCE, 0x79, 0xCE,
    0x79, 0xCE, 0x79, 0xCE, 0x79, 0xCE, 0x59, 0xCE, 0x59, 0xCE, 0x59, 0xCE, 0x59, 0xCE, 0x59, 0xCE,
    0x58, 0xCE, 0x59, 0xCE, 0x79, 0xCE, 0x79, 0xCE, 0x79, 0xCE, 0x99, 0xD6, 0xBA, 0xD6, 0xBA, 0xD6,
    0xBA, 0xD6, 0xBA, 0xD6, 0xBA, 0xD6, 0xBA, 0xD6, 0xDA, 0xD6, 0xDA, 0xD6, 0xDA, 0xD6, 0xDA, 0xD6,
    0xDA, 0xD6, 0xDA, 0xD6, 0xDA, 0xD6, 0xDA, 0xDE, 0x3B, 0xEF, 0x5B, 0xEF, 0xF9, 0xE6, 0x37, 0xD6,
    0x36, 0xD6, 0x16, 0xD6, 0x94, 0xC5, 0x94, 0xC5, 0x94, 0xC5, 0xD5, 0xD5, 0x36, 0xDE, 0x16, 0xD6,
    0x16, 0xDE, 0x37, 0xE6, 0xF6, 0xDD, 0xF6, 0xD5, 0xD9, 0xEE, 0x5B, 0xF7, 0x5B, 0xF7, 0xFA, 0xF6,
    0x37, 0xE6, 0x37, 0xE6, 0x16, 0xE6, 0x33, 0xC5, 0xF1, 0xBC, 0x32, 0xC5, 0x53, 0xCD, 0x16, 0xE6,
    0x77, 0xEE, 0x57, 0xEE, 0x57, 0xEE, 0x57, 0xEE, 0x57, 0xEE, 0x57, 0xEE, 0x77, 0xEE, 0x98, 0xEE,
    0x98, 0xEE, 0xB8, 0xF6, 0x37, 0xE6, 0xF6, 0xDD, 0x57, 0xDE, 0x98, 0xE6, 0xFA, 0xEE, 0x3A, 0xEF,
    0x3B, 0xEF, 0x3B, 0xEF, 0x3B, 0xEF, 0x3B, 0xEF, 0x3B, 0xEF, 0x3B, 0xEF, 0xD9, 0xE6, 0xB9, 0xDE,
    0xB9, 0xDE, 0xB9, 0xDE, 0xB9, 0xDE, 0xB9, 0xD6, 0xB9, 0xD6, 0xB9, 0xD6, 0xB9, 0xD6, 0xB9, 0xD6,
    0x98, 0xDE, 0x98, 0xDE, 0x98, 0xDE, 0x98, 0xDE, 0x98, 0xDE, 0x98, 0xD6, 0x98, 0xD6, 0x98, 0xD6,
    0x98, 0xD6, 0x98, 0xD6, 0x98, 0xD6, 0x98, 0xD6, 0x98, 0xD6, 0x98, 0xD6, 0x98, 0xD6, 0x98, 0xD6,
    0x98, 0xD6, 0x78, 0xD6, 0x78, 0xD6, 0x78, 0xD6, 0x78, 0xD6, 0x78, 0xD6, 0x78, 0xD6, 0x78, 0xD6,
    0x18, 0xBE, 0x18, 0xBE, 0x18, 0xBE, 0x18, 0xBE, 0x18, 0xBE, 0x18, 0xBE, 0x18, 0xBE, 0x18, 0xBE,
    0xF8, 0xBD, 0xF8, 0xBD, 0xF8, 0xBD, 0xF8, 0xBD, 0xF8, 0xBD, 0xF8, 0xBD, 0xF8, 0xBD, 0xF8, 0xBD,
    0xF8, 0xBD, 0xF8, 0xBD, 0xF8, 0xBD, 0xF8, 0xBD, 0xF8, 0xBD, 0xF8, 0xBD, 0xF8, 0xBD, 0xF8, 0xBD,
    0xF8, 0xBD, 0xF8, 0xBD, 0xF8, 0xBD, 0xF8, 0xBD, 0xF8, 0xBD, 0xF8, 0xBD, 0xF8, 0xBD, 0xF7, 0xBD,
    0xF8, 0xBD, 0xF8, 0xBD, 0xF8, 0xBD, 0xF7, 0xBD, 0xD7, 0xB5, 0xF7, 0xBD, 0xF7, 0xBD, 0xF7, 0xBD,
    0xF7, 0xBD, 0xF7, 0xBD, 0xF7, 0xBD, 0xF7, 0xBD, 0xF7, 0xBD, 0xF7, 0xBD, 0xD7, 0xBD, 0xD7, 0xBD,
    0xF7, 0xBD, 0xF7, 0xBD, 0xF7, 0xBD, 0xD7, 0xBD, 0xD7, 0xBD, 0xD7, 0xBD, 0xD7, 0xBD, 0xD7, 0xBD,
    0xD7, 0xBD, 0xD7, 0xBD, 0xD7, 0xBD, 0xD7, 0xBD, 0xD7, 0xBD, 0xD7, 0xBD, 0xD7, 0xBD, 0xD7, 0xBD,
    0xD7, 0xBD, 0xD7, 0xBD, 0xD7, 0xBD, 0xD7, 0xBD, 0xD7, 0xBD, 0xD7, 0xBD, 0xD7, 0xBD, 0xD7, 0xBD,
    0xD7, 0xBD, 0xD7, 0xBD, 0xD7, 0xBD, 0xD7, 0xBD, 0xD7, 0xBD, 0xD7, 0xBD, 0xD7, 0xBD, 0xD7, 0xBD,
    0xD7, 0xBD, 0xD7, 0xBD, 0xD7, 0xBD, 0xD7, 0xBD, 0xD7, 0xBD, 0xF7, 0xBD, 0xF7, 0xBD, 0xF7, 0xBD,
    0xF7, 0xBD, 0xF7, 0xBD, 0xF7, 0xBD, 0xF7, 0xBD, 0xF7, 0xBD, 0xF7, 0xBD, 0xD7, 0xBD, 0xD7, 0xBD,
    0xD7, 0xBD, 0xD7, 0xBD, 0xD7, 0xBD, 0xD7, 0xBD, 0xD7, 0xBD, 0xD7, 0xBD, 0xD7, 0xBD, 0xD7, 0xBD,
    0xF7, 0xBD, 0xF7, 0xBD, 0xF7, 0xBD, 0xF7, 0xBD, 0xF7, 0xBD, 0xF7, 0xBD, 0xF7, 0xBD, 0xF7, 0xBD,
    0xF7, 0xBD, 0xF7, 0xBD, 0xF7, 0xBD, 0xF7, 0xBD, 0xF7, 0xBD, 0xF7, 0xBD, 0xF7, 0xBD, 0xF7, 0xBD,
    0xD7, 0xBD, 0xD7, 0xBD, 0xD7, 0xBD, 0xD7, 0xBD, 0xD7, 0xBD, 0xD7, 0xBD, 0xF7, 0xBD, 0xF7, 0xBD,
    0xF7, 0xBD, 0xF7, 0xBD, 0xF7, 0xBD, 0xF7, 0xBD, 0xF7, 0xBD, 0xF7, 0xBD, 0xF7, 0xBD, 0xF7, 0xBD,
    0xF7, 0xBD, 0xF7, 0xBD, 0xF7, 0xBD, 0xF7, 0xBD, 0xF7, 0xBD, 0xF7, 0xBD, 0xD7, 0xBD, 0xD7, 0xBD,
    0xD7, 0xBD, 0xD7, 0xBD, 0xD7, 0xBD, 0xD7, 0xBD, 0xD7, 0xBD, 0xD7, 0xBD, 0xD7, 0xBD, 0xD7, 0xBD,
    0xD7, 0xBD, 0xF7, 0xBD, 0xF7, 0xBD, 0xF7, 0xBD, 0xF7, 0xBD, 0xF7, 0xBD, 0xF7, 0xBD, 0xF7, 0xBD,
    0xF7, 0xBD, 0xF7, 0xBD, 0xF7, 0xBD, 0xD7, 0xBD, 0xD7, 0xBD, 0xD7, 0xBD, 0xD7, 0xBD, 0xD7, 0xBD,
    0xD7, 0xBD, 0xD7, 0xBD, 0xD7, 0xBD, 0xD7, 0xBD, 0xD7, 0xBD, 0xD7, 0xBD, 0xD7, 0xBD, 0xD7, 0xBD,
    0xD7, 0xBD, 0xD7, 0xBD, 0xF7, 0xBD, 0xF7, 0xBD, 0xF7, 0xBD, 0xF7, 0xBD, 0xD7, 0xBD, 0xD7, 0xBD,
    0xD7, 0xBD, 0xF7, 0xBD, 0xF7, 0xBD, 0xD7, 0xBD, 0xF7, 0xBD, 0xD7, 0xB5, 0x18, 0xC6, 0xDB, 0xD6,
    0xDB, 0xD6, 0xDB, 0xD6, 0xBB, 0xD6, 0xBB, 0xD6, 0xBA, 0xD6, 0xBA, 0xD6, 0x9A, 0xD6, 0x9A, 0xCE,
    0x9A, 0xCE, 0x9A, 0xCE, 0x9A, 0xCE, 0x9A, 0xCE, 0x9A, 0xCE, 0x9A, 0xD6, 0x79, 0xCE, 0x79, 0xCE,
    0x79, 0xCE, 0x79, 0xCE, 0x79, 0xCE, 0x59, 0xCE, 0x59, 0xCE, 0x59, 0xCE, 0x59, 0xCE, 0x59, 0xCE,
    0x58, 0xCE, 0x59, 0xCE, 0x79, 0xCE, 0x79, 0xCE, 0x79, 0xCE, 0x99, 0xD6, 0xBA, 0xD6, 0xBA, 0xD6,
    0xBA, 0xD6, 0xBA, 0xD6, 0xBA, 0xD6, 0xBA, 0xD6, 0xDA, 0xD6, 0xDA, 0xD6, 0xDA, 0xD6, 0xDA, 0xD6,
    0xDA, 0xD6, 0xDA, 0xD6, 0xBA, 0xD6, 0xDA, 0xDE, 0x3B, 0xEF, 0x3B, 0xEF, 0xB9, 0xDE, 0x16, 0xCE,
    0x53, 0xB5, 0x70, 0x9C, 0x8C, 0x83, 0x2A, 0x73, 0x2B, 0x73, 0xAD, 0x83, 0x90, 0xA4, 0x94, 0xC5,
    0x37, 0xDE, 0x57, 0xE6, 0x78, 0xE6, 0x78, 0xE6, 0xFA, 0xEE, 0x5B, 0xF7, 0x5B, 0xF7, 0xD9, 0xEE,
    0x57, 0xE6, 0x16, 0xE6, 0x16, 0xE6, 0xF6, 0xE5, 0x36, 0xE6, 0xF6, 0xE5, 0x53, 0xCD, 0xB4, 0xDD,
    0x37, 0xEE, 0x57, 0xEE, 0x57, 0xEE, 0x57, 0xEE, 0x57, 0xEE, 0x57, 0xEE, 0x57, 0xEE, 0x36, 0xE6,
    0xB4, 0xD5, 0x37, 0xE6, 0xF6, 0xD5, 0x94, 0xC5, 0xD5, 0xCD, 0x98, 0xE6, 0x5B, 0xF7, 0x3B, 0xEF,
    0x3B, 0xEF, 0x3B, 0xEF, 0x3B, 0xEF, 0x3B, 0xEF, 0x3B, 0xEF, 0xFA, 0xE6, 0xB9, 0xDE, 0xB9, 0xDE,
    0xB9, 0xDE, 0xB9, 0xDE, 0xB9, 0xDE, 0xB9, 0xD6, 0xB9, 0xD6, 0xB9, 0xD6, 0xB9, 0xD6, 0xB9, 0xD6,
    0x98, 0xDE, 0x98, 0xDE, 0x98, 0xDE, 0x98, 0xDE, 0x98, 0xDE, 0x98, 0xD6, 0x98, 0xD6, 0x98, 0xD6,
    0x98, 0xD6, 0x98, 0xD6, 0x98, 0xD6, 0x98, 0xD6, 0x98, 0xD6, 0x98, 0xD6, 0x98, 0xD6, 0x98, 0xD6,
    0x98, 0xD6, 0x78, 0xD6, 0x78, 0xD6, 0x78, 0xD6, 0x78, 0xD6, 0x78, 0xD6, 0x78, 0xD6, 0x78, 0xD6,
    0x18, 0xBE, 0x18, 0xBE, 0x18, 0xBE, 0x18, 0xBE, 0x18, 0xBE, 0x18, 0xBE, 0x18, 0xBE, 0x18, 0xBE,
    0xF8, 0xBD, 0xF8, 0xBD, 0xF8, 0xBD, 0xF8, 0xBD, 0xF8, 0xBD, 0xF8, 0xBD, 0xF8, 0xBD, 0xF8, 0xBD,
    0xF8, 0xBD, 0x18, 0xBE, 0x18, 0xBE, 0x18, 0xBE, 0xF8, 0xBD, 0xF8, 0xBD, 0xF8, 0xBD, 0xF8, 0xBD,
    0xF8, 0xBD, 0xF8, 0xBD, 0xF8, 0xBD, 0xF8, 0xBD, 0xF8, 0xBD, 0xF8, 0xBD, 0xF8, 0xBD, 0x18, 0xBE,
    0x18, 0xBE, 0x18, 0xBE, 0x18, 0xBE, 0xF8, 0xBD, 0xF8, 0xBD, 0xF8, 0xBD, 0xF8, 0xBD, 0xF8, 0xBD,
    0xF7, 0xBD, 0xF7, 0xBD, 0xF7, 0xBD, 0xF7, 0xBD, 0xF7, 0xBD, 0xF7, 0xBD, 0xF7, 0xBD, 0xF7, 0xBD,
    0xF7, 0xBD, 0xF7, 0xBD, 0xF7, 0xBD, 0xF7, 0xBD, 0xF7, 0xBD, 0xF7, 0xBD, 0xF7, 0xBD, 0xF7, 0xBD,
    0xD7, 0xBD, 0xD7, 0xBD, 0xD7, 0xBD, 0xD7, 0xBD, 0xD7, 0xBD, 0xD7, 0xBD, 0xD7, 0xBD, 0xD7, 0xBD,
    0xF7, 0xBD, 0xF7, 0xBD, 0xF7, 0xBD, 0xF7, 0xBD, 0xD7, 0xBD, 0xD7, 0xBD, 0xD7, 0xBD, 0xD7, 0xBD,
    0xD7, 0xBD, 0xD7, 0xBD, 0xD7, 0xBD, 0xD7, 0xBD, 0xD7, 0xBD, 0xD7, 0xBD, 0xD7, 0xBD, 0xD7, 0xBD,
    0xD7, 0xBD, 0xD7, 0xBD, 0xD7, 0xBD, 0xD7, 0xBD, 0xD7, 0xBD, 0xF7, 0xBD, 0xF7, 0xBD, 0xF7, 0xBD,
    0xF7, 0xBD, 0xF7, 0xBD, 0xF7, 0xBD, 0xF7, 0xBD, 0xF7, 0xBD, 0xF7, 0xBD, 0xF7, 0xBD, 0xF7, 0xBD,
    0xF7, 0xBD, 0xD7, 0xBD, 0xD7, 0xBD, 0xD7, 0xBD, 0xD7, 0xBD, 0xD7, 0xBD, 0xD7, 0xBD, 0xF7, 0xBD,
    0xF7, 0xBD, 0xF7, 0xBD, 0xF7, 0xBD, 0xF7, 0xBD, 0xF7, 0xBD, 0xF7, 0xBD, 0xF7, 0xBD, 0xF7, 0xBD,
    0xF7, 0xBD, 0xF7, 0xBD, 0xF7, 0xBD, 0xF7, 0xBD, 0xF7, 0xBD, 0xF7, 0xBD, 0xF7, 0xBD, 0xF7, 0xBD,
    0xF7, 0xBD, 0xD7, 0xBD, 0xD7, 0xBD, 0xD7, 0xBD, 0xD7, 0xBD, 0xD7, 0xBD, 0xF7, 0xBD, 0xF7, 0xBD,
    0xF7, 0xBD, 0xF7, 0xBD, 0xF7, 0xBD, 0xF7, 0xBD, 0xF7, 0xBD, 0xF7, 0xBD, 0xF7, 0xBD, 0xF7, 0xBD,
    0xF7, 0xBD, 0xF7, 0xBD, 0xF7, 0xBD, 0xF7, 0xBD, 0xF7, 0xBD, 0xF7, 0xBD, 0xD7, 0xBD, 0xD7, 0xBD,
    0xD7, 0xBD, 0xD7, 0xBD, 0xD7, 0xBD, 0xD7, 0xBD, 0xD7, 0xBD, 0xD7, 0xBD, 0xD7, 0xBD, 0xD7, 0xBD,
    0xD7, 0xBD, 0xF7, 0xBD, 0xF7, 0xBD, 0xF7, 0xBD, 0xF7, 0xBD, 0xF7, 0xBD, 0xF7, 0xBD, 0xF7, 0xBD,
    0xF7, 0xBD, 0xF7, 0xBD, 0xF7, 0xBD, 0xF7, 0xBD, 0xD7, 0xBD, 0xD7, 0xBD, 0xD7, 0xBD, 0xD7, 0xBD,
    0xD7, 0xBD, 0xD7, 0xBD, 0xD7, 0xBD, 0xD7, 0xBD, 0xD7, 0xBD, 0xD7, 0xBD, 0xD7, 0xBD, 0xD7, 0xBD,
    0xD7, 0xBD, 0xD7, 0xBD, 0xF7, 0xBD, 0xF7, 0xBD, 0xF7, 0xBD, 0xF7, 0xBD, 0xF7, 0xBD, 0xF7, 0xBD,
    0xF7, 0xBD, 0xF7, 0xBD, 0xF7, 0xBD, 0xD7, 0xBD, 0xF7, 0xBD, 0xD7, 0xBD, 0x18, 0xC6, 0xDB, 0xD6,
    0xDB, 0xDE, 0xDB, 0xD6, 0xBB, 0xD6, 0xBB, 0xD6, 0xBA, 0xD6, 0xBA, 0xD6, 0x9A, 0xD6, 0xBA, 0xD6,
    0xBA, 0xCE, 0x9A, 0xCE, 0x9A, 0xCE, 0x9A, 0xCE, 0x9A, 0xCE, 0x9A, 0xD6, 0x79, 0xCE, 0x79, 0xCE,
    0x79, 0xCE, 0x79, 0xCE, 0x79, 0xCE, 0x59, 0xCE, 0x59, 0xCE, 0x59, 0xCE, 0x59, 0xCE, 0x59, 0xCE,
    0x58, 0xCE, 0x79, 0xCE, 0x79, 0xCE, 0x79, 0xCE, 0x99, 0xD6, 0xB9, 0xD6, 0xBA, 0xD6, 0xBA, 0xD6,
    0xBA, 0xD6, 0xBA, 0xD6, 0xBA, 0xD6, 0xBA, 0xD6, 0xDA, 0xD6, 0xDA, 0xD6, 0xDA, 0xD6, 0xDA, 0xD6,
    0xDA, 0xD6, 0xDA, 0xD6, 0xDA, 0xD6, 0xDA, 0xDE, 0x5C, 0xEF, 0xD9, 0xDE, 0x94, 0xBD, 0x70, 0x94,
    0xCD, 0x83, 0x0A, 0x6B, 0x67, 0x5A, 0x27, 0x52, 0x27, 0x52, 0x26, 0x52, 0x88, 0x62, 0x90, 0xA4,
    0xF5, 0xCD, 0x57, 0xDE, 0x57, 0xE6, 0xB9, 0xEE, 0xDA, 0xEE, 0x3B, 0xEF, 0x5B, 0xF7, 0xB9, 0xEE,
    0x37, 0xE6, 0x16, 0xE6, 0x16, 0xE6, 0x17, 0xE6, 0x37, 0xEE, 0x16, 0xE6, 0xF6, 0xE5, 0xF5, 0xDD,
    0x36, 0xE6, 0x57, 0xEE, 0x57, 0xEE, 0x57, 0xEE, 0x57, 0xEE, 0x57, 0xEE, 0x57, 0xEE, 0x16, 0xE6,
    0x73, 0xCD, 0xD5, 0xDD, 0x37, 0xE6, 0xF5, 0xD5, 0x16, 0xCE, 0x98, 0xDE, 0x3B, 0xEF, 0x3B, 0xEF,
    0x3B, 0xEF, 0x3B, 0xEF, 0x3B, 0xEF, 0x3B, 0xEF, 0x1A, 0xE7, 0x98, 0xD6, 0x78, 0xD6, 0x98, 0xD6,
    0x98, 0xDE, 0xB9, 0xDE, 0xB9, 0xDE, 0xB9, 0xD6, 0xB9, 0xD6, 0xB9, 0xD6, 0xB9, 0xD6, 0xB9, 0xD6,
    0x98, 0xDE, 0x98, 0xDE, 0x98, 0xDE, 0x98, 0xDE, 0x98, 0xDE, 0x98, 0xD6, 0x98, 0xD6, 0x98, 0xD6,
    0x98, 0xD6, 0x98, 0xD6, 0x98, 0xD6, 0x98, 0xD6, 0x98, 0xD6, 0x98, 0xD6, 0x98, 0xD6, 0x98, 0xD6,
    0x98, 0xD6, 0x78, 0xD6, 0x78, 0xD6, 0x78, 0xD6, 0x78, 0xD6, 0x78, 0xD6, 0x78, 0xD6, 0x78, 0xD6,
    0x18, 0xBE, 0x18, 0xBE, 0x18, 0xBE, 0x18, 0xBE, 0x18, 0xBE, 0x18, 0xBE, 0x18, 0xBE, 0x18, 0xBE,
    0x18, 0xBE, 0x18, 0xBE, 0x18, 0xBE, 0x18, 0xBE, 0x18, 0xBE, 0x18, 0xBE, 0x18, 0xBE, 0x18, 0xBE,
    0x18, 0xBE, 0x18, 0xBE, 0x18, 0xBE, 0x18, 0xBE, 0x18, 0xBE, 0x18, 0xBE, 0x18, 0xBE, 0xF8, 0xBD,
    0xF8, 0xBD, 0x18, 0xBE, 0x18, 0xBE, 0x18, 0xBE, 0x18, 0xBE, 0x18, 0xBE, 0xF8, 0xBD, 0xF8, 0xBD,
    0x18, 0xBE, 0x18, 0xBE, 0x18, 0xBE, 0x18, 0xBE, 0x18, 0xBE, 0xF7, 0xBD, 0xF7, 0xBD, 0xF7, 0xBD,
    0xF8, 0xBD, 0xF8, 0xBD, 0xF8, 0xBD, 0xF8, 0xBD, 0xF8, 0xBD, 0xF7, 0xBD, 0xF7, 0xBD, 0xF7, 0xBD,
    0xF7, 0xBD, 0xF8, 0xBD, 0xF8, 0xBD, 0xF7, 0xBD, 0xF7, 0xBD, 0xF7, 0xBD, 0xF7, 0xBD, 0xF7, 0xBD,
    0xF7, 0xBD, 0xF7, 0xB5, 0xF7, 0xB5, 0xF7, 0xB5, 0xF7, 0xB5, 0xF7, 0xB5, 0xF7, 0xBD, 0xF7, 0xBD,
    0xF7, 0xBD, 0xF7, 0xBD, 0xF7, 0xBD, 0xF7, 0xBD, 0xF7, 0xBD, 0xF7, 0xBD, 0xF7, 0xBD, 0xF7, 0xBD,
    0xF7, 0xBD, 0xF7, 0xBD, 0xD7, 0xBD, 0xD7, 0xBD, 0xD7, 0xBD, 0xD7, 0xBD, 0xD7, 0xBD, 0xD7, 0xBD,
    0xD7, 0xBD, 0xD7, 0xBD, 0xD7, 0xBD, 0xD7, 0xBD, 0xF7, 0xBD, 0xF7, 0xBD, 0xF7, 0xBD, 0xF7, 0xBD,
    0xF7, 0xBD, 0xF7, 0xBD, 0xF7, 0xBD, 0xF7, 0xBD, 0xF7, 0xBD, 0xF7, 0xBD, 0xF7, 0xBD, 0xF7, 0xBD,
    0xF7, 0xBD, 0xD7, 0xBD, 0xD7, 0xBD, 0xD7, 0xBD, 0xD7, 0xBD, 0xD7, 0xBD, 0xD7, 0xBD, 0xD7, 0xBD,
    0xF7, 0xBD, 0xF7, 0xBD, 0xF7, 0xBD, 0xF7, 0xBD, 0xF7, 0xBD, 0xF7, 0xBD, 0xF7, 0xBD, 0xF7, 0xBD,
    0xF7, 0xBD, 0xF7, 0xBD, 0xF7, 0xBD, 0xF7, 0xBD, 0xF7, 0xBD, 0xF7, 0xBD, 0xF7, 0xBD, 0xF7, 0xBD,
    0xF7, 0xBD, 0xD7, 0xBD, 0xD7, 0xBD, 0xF7, 0xBD, 0xF7, 0xBD, 0xF7, 0xBD, 0xF7, 0xBD, 0xF7, 0xBD,
    0xF7, 0xBD, 0xF7, 0xBD, 0xF7, 0xBD, 0xF7, 0xBD, 0xF7, 0xBD, 0xF7, 0xBD, 0xF7, 0xBD, 0xF7, 0xBD,
    0xF7, 0xBD, 0xF7, 0xBD, 0xF7, 0xBD, 0xF7, 0xBD, 0xF7, 0xBD, 0xF7, 0xBD, 0xF7, 0xBD, 0xD7, 0xBD,
    0xD7, 0xBD, 0xD7, 0xBD, 0xD7, 0xBD, 0xD7, 0xBD, 0xD7, 0xBD, 0xD7, 0xBD, 0xD7, 0xBD, 0xD7, 0xBD,
    0xF7, 0xBD, 0xF7, 0xBD, 0xF7, 0xBD, 0xF7, 0xBD, 0xF7, 0xBD, 0xF7, 0xBD, 0xF7, 0xBD, 0xF7, 0xBD,
    0xF7, 0xBD, 0xF7, 0xBD, 0xF7, 0xBD, 0xF7, 0xBD, 0xD7, 0xBD, 0xD7, 0xBD, 0xD7, 0xBD, 0xD7, 0xBD,
    0xD7, 0xBD, 0xD7, 0xBD, 0xD7, 0xBD, 0xD7, 0xBD, 0xD7, 0xBD, 0xD7, 0xBD, 0xD7, 0xBD, 0xD7, 0xBD,
    0xD7, 0xBD, 0xD7, 0xBD, 0xD7, 0xBD, 0xF7, 0xBD, 0xF7, 0xBD, 0xF7, 0xBD, 0xF7, 0xBD, 0xF7, 0xBD,
    0xF7, 0xBD, 0xF7, 0xBD, 0xF7, 0xBD, 0xF7, 0xBD, 0xF7, 0xBD, 0xD6, 0xB5, 0x18, 0xBE, 0xFB, 0xDE,
    0xFB, 0xDE, 0xDB, 0xD6, 0xBA, 0xD6, 0xBA, 0xD6, 0xBA, 0xD6, 0x9A, 0xD6, 0x9A, 0xD6, 0xBA, 0xD6,
    0xBA, 0xD6, 0x9A, 0xD6, 0x9A, 0xD6, 0x9A, 0xCE, 0x9A, 0xCE, 0x99, 0xCE, 0x79, 0xCE, 0x79, 0xCE,
    0x79, 0xCE, 0x79, 0xCE, 0x79, 0xCE, 0x79, 0xCE, 0x79, 0xCE, 0x59, 0xCE, 0x59, 0xCE, 0x59, 0xCE,
    0x59, 0xCE, 0x79, 0xCE, 0x79, 0xCE, 0x99, 0xCE, 0x99, 0xD6, 0xBA, 0xD6, 0xBA, 0xD6, 0xB9, 0xD6,
    0xB9, 0xD6, 0xB9, 0xD6, 0xDA, 0xD6, 0xDA, 0xD6, 0xDA, 0xD6, 0xDA, 0xD6, 0xDA, 0xD6, 0xD9, 0xD6,
    0xDA, 0xDE, 0xDA, 0xDE, 0xDA, 0xDE, 0x3B, 0xE7, 0x5B, 0xEF, 0xB5, 0xBD, 0xCD, 0x7B, 0xEA, 0x62,
    0xA9, 0x62, 0x88, 0x5A, 0x47, 0x52, 0x27, 0x52, 0x47, 0x52, 0x47, 0x52, 0x06, 0x52, 0x2A, 0x73,
    0x33, 0xB5, 0x36, 0xD6, 0x57, 0xDE, 0xB9, 0xE6, 0x3B, 0xF7, 0x5B, 0xF7, 0x3B, 0xF7, 0x98, 0xE6,
    0x37, 0xE6, 0x37, 0xE6, 0x36, 0xE6, 0x37, 0xEE, 0x37, 0xEE, 0x16, 0xE6, 0x37, 0xEE, 0x37, 0xEE,
    0x16, 0xE6, 0x57, 0xEE, 0x57, 0xEE, 0x57, 0xEE, 0x37, 0xE6, 0x36, 0xE6, 0x77, 0xEE, 0x77, 0xEE,
    0x57, 0xEE, 0x37, 0xE6, 0x57, 0xE6, 0x57, 0xE6, 0x78, 0xDE, 0xFA, 0xEE, 0x3B, 0xEF, 0x5B, 0xEF,
    0x5B, 0xEF, 0x5B, 0xEF, 0x3B, 0xEF, 0x3B, 0xEF, 0xFA, 0xE6, 0x78, 0xD6, 0x78, 0xD6, 0x98, 0xD6,
    0xB9, 0xDE, 0xB9, 0xDE, 0xB9, 0xDE, 0xB9, 0xD6, 0xB9, 0xD6, 0xB9, 0xD6, 0xB9, 0xD6, 0xB9, 0xD6,
    0xB9, 0xDE, 0xB9, 0xDE, 0xB9, 0xDE, 0xB9, 0xDE, 0xB9, 0xDE, 0xB9, 0xDE, 0xB9, 0xD6, 0xB9, 0xD6,
    0x98, 0xD6, 0x98, 0xD6, 0x98, 0xD6, 0x98, 0xD6, 0x98, 0xD6, 0x98, 0xD6, 0x98, 0xD6, 0x98, 0xD6,
    0x98, 0xD6, 0x98, 0xD6, 0x98, 0xD6, 0x98, 0xD6, 0x98, 0xD6, 0x98, 0xD6, 0x98, 0xD6, 0x98, 0xD6,
    0x18, 0xBE, 0x18, 0xBE, 0x18, 0xBE, 0x18, 0xBE, 0x18, 0xBE, 0x18, 0xBE, 0x18, 0xBE, 0x18, 0xBE,
    0x18, 0xBE, 0x18, 0xBE, 0x18, 0xBE, 0x18, 0xBE, 0x18, 0xBE, 0x18, 0xBE, 0x18, 0xBE, 0x18, 0xBE,
    0x18, 0xBE, 0x18, 0xBE, 0x18, 0xBE, 0x18, 0xBE, 0x18, 0xBE, 0x18, 0xBE, 0x18, 0xBE, 0xF8, 0xBD,
    0xF8, 0xBD, 0x18, 0xBE, 0x18, 0xBE, 0x18, 0xBE, 0x18, 0xBE, 0x18, 0xBE, 0xF8, 0xBD, 0x18, 0xBE,
    0x18, 0xBE, 0x18, 0xBE, 0x18, 0xBE, 0x18, 0xBE, 0x18, 0xBE, 0xF7, 0xBD, 0xF7, 0xBD, 0xF7, 0xBD,
    0xF8, 0xBD, 0xF8, 0xBD, 0xF8, 0xBD, 0xF8, 0xBD, 0xF8, 0xBD, 0xF7, 0xBD, 0xF7, 0xBD, 0xF7, 0xBD,
    0xF7, 0xBD, 0xF8, 0xBD, 0xF8, 0xBD, 0xF7, 0xBD, 0xF7, 0xBD, 0xF7, 0xBD, 0xF7, 0xBD, 0xF7, 0xBD,
    0xF7, 0xBD, 0xF7, 0xBD, 0xF7, 0xBD, 0xF7, 0xBD, 0xF7, 0xB5, 0xF7, 0xB5, 0xF7, 0xBD, 0xF7, 0xBD,
    0xF7, 0xBD, 0xF7, 0xBD, 0xF7, 0xBD, 0xF7, 0xBD, 0xF7, 0xBD, 0xF7, 0xBD, 0xF7, 0xBD, 0xF7, 0xBD,
    0xF7, 0xBD, 0xF7, 0xBD, 0xF7, 0xBD, 0xF7, 0xBD, 0xF7, 0xBD, 0xF7, 0xBD, 0xF7, 0xBD, 0xF7, 0xBD,
    0xF7, 0xBD, 0xF7, 0xBD, 0xF7, 0xBD, 0xF7, 0xBD, 0xF7, 0xBD, 0xF7, 0xBD, 0xF7, 0xBD, 0xF7, 0xBD,
    0xF7, 0xBD, 0xF7, 0xBD, 0xF7, 0xBD, 0xF7, 0xBD, 0xF7, 0xBD, 0xF7, 0xBD, 0xF7, 0xBD, 0xF7, 0xBD,
    0xF7, 0xBD, 0xF7, 0xBD, 0xF7, 0xBD, 0xF7, 0xBD, 0xF7, 0xBD, 0xF7, 0xBD, 0xF7, 0xBD, 0xF7, 0xBD,
    0xF7, 0xBD, 0xF7, 0xBD, 0xF7, 0xBD, 0xF7, 0xBD, 0xF7, 0xBD, 0xF7, 0xBD, 0xF7, 0xBD, 0xF7, 0xBD,
    0xF7, 0xBD, 0xF7, 0xBD, 0xF7, 0xBD, 0xF7, 0xBD, 0xF7, 0xBD, 0xF7, 0xBD, 0xF7, 0xBD, 0xF7, 0xBD,
    0xF7, 0xBD, 0xF7, 0xBD, 0xF7, 0xBD, 0xF7, 0xBD, 0xF7, 0xBD, 0xF7, 0xBD, 0xF7, 0xBD, 0xF7, 0xBD,
    0xF7, 0xBD, 0xF7, 0xBD, 0xF7, 0xBD, 0xF7, 0xBD, 0xF7, 0xBD, 0xF7, 0xBD, 0xF7, 0xBD, 0xF7, 0xBD,
    0xF7, 0xBD, 0xF7, 0xBD, 0xF7, 0xBD, 0xF7, 0xBD, 0xF7, 0xBD, 0xF7, 0xBD, 0xF7, 0xBD, 0xF7, 0xBD,
    0xF7, 0xBD, 0xF7, 0xBD, 0xF7, 0xBD, 0xF7, 0xBD, 0xF7, 0xBD, 0xF7, 0xBD, 0xF7, 0xBD, 0xF7, 0xBD,
    0xF7, 0xBD, 0xF7, 0xBD, 0xF7, 0xBD, 0xF7, 0xBD, 0xF7, 0xBD, 0xF7, 0xBD, 0xF7, 0xBD, 0xF7, 0xBD,
    0xF7, 0xBD, 0xF7, 0xBD, 0xF7, 0xBD, 0xF7, 0xBD, 0xD7, 0xBD, 0xD7, 0xBD, 0xD7, 0xBD, 0xD7, 0xBD,
    0xD7, 0xBD, 0xD7, 0xBD, 0xD7, 0xBD, 0xD7, 0xBD, 0xD7, 0xBD, 0xD7, 0xBD, 0xD7, 0xBD, 0xD7, 0xBD,
    0xD7, 0xBD, 0xD7, 0xBD, 0xD7, 0xBD, 0xF7, 0xBD, 0xF7, 0xBD, 0xF7, 0xBD, 0xF7, 0xBD, 0xF7, 0xBD,
    0xF7, 0xBD, 0xF7, 0xBD, 0xF7, 0xBD, 0xF7, 0xBD, 0xF7, 0xBD, 0xD6, 0xB5, 0x17, 0xBE, 0xFB, 0xDE,
    0xFB, 0xDE, 0xDB, 0xD6, 0xBA, 0xD6, 0xBA, 0xD6, 0xBA, 0xD6, 0x9A, 0xD6, 0x9A, 0xD6, 0xBA, 0xD6,
    0xBA, 0xD6, 0x9A, 0xD6, 0x9A, 0xD6, 0x9A, 0xCE, 0x9A, 0xCE, 0x99, 0xCE, 0x79, 0xCE, 0x79, 0xCE,
    0x79, 0xCE, 0x79, 0xCE, 0x79, 0xCE, 0x79, 0xCE, 0x79, 0xCE, 0x59, 0xCE, 0x59, 0xCE, 0x59, 0xCE,
    0x59, 0xCE, 0x79, 0xCE, 0x79, 0xCE, 0x99, 0xCE, 0x99, 0xD6, 0xBA, 0xD6, 0xBA, 0xD6, 0xB9, 0xD6,
    0xB9, 0xD6, 0xB9, 0xD6, 0xDA, 0xD6, 0xDA, 0xD6, 0xDA, 0xD6, 0xDA, 0xD6, 0xDA, 0xD6, 0xD9, 0xD6,
    0xD9, 0xDE, 0xDA, 0xD6, 0xDA, 0xD6, 0xB9, 0xD6, 0x74, 0xB5, 0xEE, 0x83, 0xC9, 0x62, 0xEA, 0x62,
    0xC9, 0x62, 0x88, 0x5A, 0x67, 0x5A, 0x67, 0x5A, 0x47, 0x5A, 0x47, 0x5A, 0x26, 0x52, 0x88, 0x5A,
    0x70, 0x9C, 0x16, 0xD6, 0x78, 0xE6, 0xB9, 0xE6, 0x3B, 0xF7, 0x5C, 0xF7, 0x3B, 0xF7, 0x78, 0xE6,
    0x37, 0xE6, 0x37, 0xE6, 0x36, 0xE6, 0x37, 0xEE, 0x36, 0xE6, 0xF6, 0xE5, 0xF6, 0xE5, 0x37, 0xEE,
    0x37, 0xEE, 0x57, 0xEE, 0x37, 0xEE, 0x36, 0xE6, 0x36, 0xE6, 0x57, 0xEE, 0x77, 0xEE, 0x57, 0xEE,
    0x36, 0xE6, 0x37, 0xEE, 0x57, 0xEE, 0x57, 0xE6, 0x78, 0xDE, 0x1B, 0xEF, 0x5B, 0xF7, 0x5B, 0xEF,
    0x5B, 0xEF, 0x5B, 0xEF, 0x3B, 0xEF, 0x3B, 0xEF, 0xFA, 0xE6, 0x78, 0xD6, 0x98, 0xD6, 0xB9, 0xDE,
    0xB9, 0xDE, 0xB9, 0xDE, 0xB9, 0xDE, 0xB9, 0xD6, 0xB9, 0xD6, 0xB9, 0xD6, 0xB9, 0xD6, 0xB9, 0xD6,
    0xB9, 0xDE, 0xB9, 0xDE, 0xB9, 0xDE, 0xB9, 0xDE, 0xB9, 0xDE, 0xB9, 0xDE, 0xB9, 0xD6, 0xB9, 0xD6,
    0x98, 0xD6, 0x98, 0xD6, 0x98, 0xD6, 0x98, 0xD6, 0x98, 0xD6, 0x98, 0xD6, 0x98, 0xD6, 0x98, 0xD6,
    0x98, 0xD6, 0x98, 0xD6, 0x98, 0xD6, 0x98, 0xD6, 0x98, 0xD6, 0x98, 0xD6, 0x98, 0xD6, 0x98, 0xD6,
    0x18, 0xBE, 0x18, 0xBE, 0x18, 0xBE, 0x18, 0xBE, 0x18, 0xBE, 0x18, 0xBE, 0x18, 0xBE, 0x18, 0xBE,
    0x18, 0xBE, 0x18, 0xBE, 0x18, 0xBE, 0x18, 0xBE, 0x18, 0xBE, 0x18, 0xBE, 0x18, 0xBE, 0x18, 0xBE,
    0x18, 0xBE, 0x18, 0xBE, 0x18, 0xBE, 0x18, 0xBE, 0x18, 0xBE, 0x18, 0xBE, 0x18, 0xBE, 0xF8, 0xBD,
    0xF8, 0xBD, 0x18, 0xBE, 0x18, 0xBE, 0x18, 0xBE, 0x18, 0xBE, 0x18, 0xBE, 0xF8, 0xBD, 0x18, 0xBE,
    0x18, 0xBE, 0x18, 0xBE, 0x18, 0xBE, 0x18, 0xBE, 0x18, 0xBE, 0xF8, 0xBD, 0xF8, 0xBD, 0xF8, 0xBD,
    0xF8, 0xBD, 0xF8, 0xBD, 0xF8, 0xBD, 0xF8, 0xBD, 0xF8, 0xBD, 0xF7, 0xBD, 0xF7, 0xBD, 0xF7, 0xBD,
    0xF7, 0xBD, 0xF8, 0xBD, 0xF8, 0xBD, 0xF7, 0xBD, 0xF7, 0xBD, 0xF7, 0xBD, 0xF7, 0xBD, 0xF7, 0xBD,
    0xF7, 0xBD, 0xF7, 0xBD, 0xF7, 0xBD, 0xF7, 0xBD, 0xF7, 0xBD, 0xF7, 0xBD, 0xF7, 0xBD, 0xF7, 0xBD,
    0xF7, 0xBD, 0xF7, 0xBD, 0xF7, 0xBD, 0xF7, 0xBD, 0xF7, 0xBD, 0xF7, 0xBD, 0xF7, 0xBD, 0xF7, 0xBD,
    0xF7, 0xBD, 0xF7, 0xBD, 0xF7, 0xBD, 0xF7, 0xBD, 0xF7, 0xBD, 0xF7, 0xBD, 0xF7, 0xBD, 0xF7, 0xBD,
    0xF7, 0xBD, 0xF7, 0xBD, 0xF7, 0xBD, 0xF7, 0xBD, 0xF7, 0xBD, 0xF7, 0xBD, 0xF7, 0xBD, 0xF7, 0xBD,
    0xF7, 0xBD, 0xF7, 0xBD, 0xF7, 0xBD, 0xF7, 0xBD, 0xF7, 0xBD, 0xF7, 0xBD, 0xF7, 0xBD, 0xF7, 0xBD,
    0xF7, 0xBD, 0xF7, 0xBD, 0xF7, 0xBD, 0xF7, 0xBD, 0xF7, 0xBD, 0xF7, 0xBD, 0xF7, 0xBD, 0xF7, 0xBD,
    0xF7, 0xBD, 0xF7, 0xBD, 0xF7, 0xBD, 0xF7, 0xBD, 0xF7, 0xBD, 0xF7, 0xBD, 0xF7, 0xBD, 0xF7, 0xBD,
    0xF7, 0xBD, 0xF7, 0xBD, 0xF7, 0xBD, 0xF7, 0xBD, 0xF7, 0xBD, 0xF7, 0xBD, 0xF7, 0xBD, 0xF7, 0xBD,
    0xF7, 0xBD, 0xF7, 0xBD, 0xF7, 0xBD, 0xF7, 0xBD, 0xF7, 0xBD, 0xF7, 0xBD, 0xF7, 0xBD, 0xF7, 0xBD,
    0xF7, 0xBD, 0xF7, 0xBD, 0xF7, 0xBD, 0xF7, 0xBD, 0xF7, 0xBD, 0xF7, 0xBD, 0xF7, 0xBD, 0xF7, 0xBD,
    0xF7, 0xBD, 0xF7, 0xBD, 0xF7, 0xBD, 0xF7, 0xBD, 0xF7, 0xBD, 0xF7, 0xBD, 0xF7, 0xBD, 0xF7, 0xBD,
    0xF7, 0xBD, 0xF7, 0xBD, 0xF7, 0xBD, 0xF7, 0xBD, 0xF7, 0xBD, 0xF7, 0xBD, 0xF7, 0xBD, 0xF7, 0xBD,
    0xF7, 0xBD, 0xF7, 0xBD, 0xF7, 0xBD, 0xF7, 0xBD, 0xF7, 0xBD, 0xF7, 0xBD, 0xF7, 0xBD, 0xF7, 0xBD,
    0xF7, 0xBD, 0xF7, 0xBD, 0xF7, 0xBD, 0xF7, 0xBD, 0xD7, 0xBD, 0xD7, 0xBD, 0xD7, 0xBD, 0xD7, 0xBD,
    0xD7, 0xBD, 0xD7, 0xBD, 0xD7, 0xBD, 0xD7, 0xBD, 0xD7, 0xBD, 0xF7, 0xBD, 0xF7, 0xBD, 0xD7, 0xBD,
    0xD7, 0xBD, 0xD7, 0xBD, 0xD7, 0xBD, 0xF7, 0xBD, 0xF7, 0xBD, 0xF7, 0xBD, 0xF7, 0xBD, 0xF7, 0xBD,
    0xF7, 0xBD, 0xF7, 0xBD, 0xF7, 0xBD, 0xF7, 0xBD, 0xF7, 0xBD, 0xD6, 0xB5, 0xF7, 0xBD, 0xDB, 0xD6,
    0xDB, 0xDE, 0xBA, 0xD6, 0xBA, 0xD6, 0xBA, 0xD6, 0xBA, 0xD6, 0x9A, 0xD6, 0x9A, 0xD6, 0xBA, 0xD6,
    0xBA, 0xD6, 0xBA, 0xD6, 0x9A, 0xD6, 0x9A, 0xCE, 0x9A, 0xCE, 0x99, 0xCE, 0x99, 0xCE, 0x79, 0xCE,
    0x79, 0xCE, 0x79, 0xCE, 0x79, 0xCE, 0x79, 0xCE, 0x79, 0xCE, 0x59, 0xCE, 0x59, 0xCE, 0x59, 0xCE,
    0x59, 0xCE, 0x79, 0xCE, 0x79, 0xCE, 0x99, 0xCE, 0x99, 0xD6, 0xBA, 0xD6, 0xBA, 0xD6, 0xB9, 0xD6,
    0xB9, 0xD6, 0xB9, 0xD6, 0xDA, 0xD6, 0xDA, 0xD6, 0xDA, 0xD6, 0xDA, 0xD6, 0xDA, 0xDE, 0xD9, 0xDE,
    0xD9, 0xD6, 0xDA, 0xDE, 0xDA, 0xDE, 0x74, 0xB5, 0xAD, 0x7B, 0x0B, 0x6B, 0xC9, 0x62, 0xEA, 0x62,
    0xA9, 0x62, 0x88, 0x5A, 0x88, 0x5A, 0x88, 0x5A, 0x88, 0x5A, 0x67, 0x5A, 0x47, 0x5A, 0x47, 0x52,
    0x8C, 0x83, 0x94, 0xC5, 0x57, 0xDE, 0xB9, 0xE6, 0x3B, 0xF7, 0x5C, 0xF7, 0x1B, 0xEF, 0x78, 0xDE,
    0x37, 0xE6, 0x37, 0xE6, 0x36, 0xE6, 0x37, 0xE6, 0x16, 0xE6, 0xF6, 0xE5, 0x16, 0xE6, 0x16, 0xE6,
    0xF5, 0xDD, 0xD5, 0xDD, 0x73, 0xD5, 0x74, 0xD5, 0x37, 0xE6, 0x78, 0xF6, 0x57, 0xEE, 0x36, 0xE6,
    0xF6, 0xE5, 0x36, 0xE6, 0x37, 0xEE, 0x37, 0xE6, 0x78, 0xDE, 0x1B, 0xEF, 0x5B, 0xF7, 0x5B, 0xEF,
    0x5B, 0xEF, 0x5B, 0xEF, 0x3B, 0xEF, 0x3B, 0xEF, 0xD9, 0xE6, 0x78, 0xD6, 0x98, 0xDE, 0xB9, 0xDE,
    0xB9, 0xDE, 0xB9, 0xDE, 0xB9, 0xDE, 0xB9, 0xD6, 0xB9, 0xD6, 0xB9, 0xD6, 0xB9, 0xD6, 0xB9, 0xD6,
    0xB9, 0xDE, 0xB9, 0xDE, 0xB9, 0xDE, 0xB9, 0xDE, 0xB9, 0xDE, 0xB9, 0xDE, 0xB9, 0xD6, 0xB9, 0xD6,
    0x98, 0xD6, 0x98, 0xD6, 0x98, 0xD6, 0x98, 0xD6, 0x98, 0xD6, 0x98, 0xD6, 0x98, 0xD6, 0x98, 0xD6,
    0x98, 0xD6, 0x98, 0xD6, 0x98, 0xD6, 0x98, 0xD6, 0x98, 0xD6, 0x98, 0xD6, 0x98, 0xD6, 0x98, 0xD6,
    0x18, 0xBE, 0x18, 0xBE, 0x18, 0xBE, 0x18, 0xBE, 0x18, 0xBE, 0x18, 0xBE, 0x18, 0xBE, 0x18, 0xBE,
    0x18, 0xBE, 0x18, 0xBE, 0x18, 0xBE, 0x18, 0xBE, 0x18, 0xBE, 0x18, 0xBE, 0x18, 0xBE, 0x18, 0xBE,
    0x18, 0xBE, 0x18, 0xBE, 0x18, 0xBE, 0x18, 0xBE, 0x18, 0xBE, 0x18, 0xBE, 0x18, 0xBE, 0x18, 0xBE,
    0x18, 0xBE, 0x18, 0xBE, 0x18, 0xBE, 0x18, 0xBE, 0x18, 0xBE, 0x18, 0xBE, 0x18, 0xBE, 0x18, 0xBE,
    0x18, 0xBE, 0x18, 0xBE, 0x18, 0xBE, 0x18, 0xBE, 0x18, 0xBE, 0xF8, 0xBD, 0xF8, 0xBD, 0xF8, 0xBD,
    0xF8, 0xBD, 0xF8, 0xBD, 0xF8, 0xBD, 0xF8, 0xBD, 0xF8, 0xBD, 0xF7, 0xBD, 0xF7, 0xBD, 0xF7, 0xBD,
    0xF8, 0xBD, 0xF8, 0xBD, 0xF8, 0xBD, 0xF8, 0xBD, 0xF8, 0xBD, 0xF8, 0xBD, 0xF8, 0xBD, 0xF8, 0xBD,
    0xF8, 0xBD, 0xF8, 0xBD, 0xF8, 0xBD, 0xF8, 0xBD, 0xF7, 0xBD, 0xF7, 0xBD, 0xF7, 0xBD, 0xF7, 0xBD,
    0xF7, 0xBD, 0xF7, 0xBD, 0xF7, 0xBD, 0xF7, 0xBD, 0xF7, 0xBD, 0xF7, 0xBD, 0xF8, 0xBD, 0xF8, 0xBD,
    0xF8, 0xBD, 0xF8, 0xBD, 0xF7, 0xBD, 0xF7, 0xBD, 0xF7, 0xBD, 0xF7, 0xBD, 0xF7, 0xBD, 0xF7, 0xBD,
    0xF7, 0xBD, 0xF7, 0xBD, 0xF7, 0xBD, 0xF7, 0xBD, 0xF7, 0xBD, 0xF7, 0xBD, 0xF7, 0xBD, 0xF7, 0xBD,
    0xF7, 0xBD, 0xF7, 0xBD, 0xF7, 0xBD, 0xF7, 0xBD, 0xF7, 0xBD, 0xF7, 0xBD, 0xF7, 0xBD, 0xF7, 0xBD,
    0xF7, 0xBD, 0xF7, 0xBD, 0xF7, 0xBD, 0xF7, 0xBD, 0xF7, 0xBD, 0xF7, 0xBD, 0xF7, 0xBD, 0xF7, 0xBD,
    0xF7, 0xBD, 0xF7, 0xBD, 0xF7, 0xBD, 0xF7, 0xBD, 0xF7, 0xBD, 0xF7, 0xBD, 0xF7, 0xBD, 0xF7, 0xBD,
    0xF7, 0xBD, 0xF7, 0xBD, 0xF7, 0xBD, 0xF7, 0xBD, 0xF7, 0xBD, 0xF7, 0xBD, 0xF7, 0xBD, 0xF7, 0xBD,
    0xF7, 0xBD, 0xF7, 0xBD, 0xF7, 0xBD, 0xF7, 0xBD, 0xF7, 0xBD, 0xF7, 0xBD, 0xF7, 0xBD, 0xF7, 0xBD,
    0xF7, 0xBD, 0xF7, 0xBD, 0xF7, 0xBD, 0xF7, 0xBD, 0xF7, 0xBD, 0xF7, 0xBD, 0xF7, 0xBD, 0xF7, 0xBD,
    0xF7, 0xBD, 0xF7, 0xBD, 0xF7, 0xBD, 0xF7, 0xBD, 0xF7, 0xBD, 0xF7, 0xBD, 0xF7, 0xBD, 0xF7, 0xBD,
    0xF7, 0xBD, 0xF7, 0xBD, 0xF7, 0xBD, 0xF7, 0xBD, 0xF7, 0xBD, 0xF7, 0xBD, 0xF7, 0xBD, 0xF7, 0xBD,
    0xF7, 0xBD, 0xF7, 0xBD, 0xF7, 0xBD, 0xF7, 0xBD, 0xF7, 0xBD, 0xF7, 0xBD, 0xF7, 0xBD, 0xF7, 0xBD,
    0xF7, 0xBD, 0xF7, 0xBD, 0xF7, 0xBD, 0xF7, 0xBD, 0xF7, 0xBD, 0xF7, 0xBD, 0xF7, 0xBD, 0xD7, 0xBD,
    0xD7, 0xBD, 0xD7, 0xBD, 0xD7, 0xBD, 0xD7, 0xBD, 0xF7, 0xBD, 0xF7, 0xBD, 0xF7, 0xBD, 0xD7, 0xBD,
    0xD7, 0xBD, 0xD7, 0xBD, 0xD7, 0xBD, 0xD7, 0xBD, 0xF7, 0xBD, 0xF7, 0xBD, 0xF7, 0xBD, 0xF7, 0xBD,
    0xF7, 0xBD, 0xF7, 0xBD, 0xF7, 0xBD, 0xF7, 0xBD, 0xF7, 0xBD, 0xD6, 0xB5, 0x17, 0xBE, 0xBA, 0xD6,
    0xDB, 0xDE, 0xBA, 0xD6, 0xBA, 0xD6, 0xBA, 0xD6, 0xBA, 0xD6, 0x9A, 0xD6, 0x9A, 0xD6, 0xBA, 0xD6,
    0xBA, 0xD6, 0xBA, 0xD6, 0x9A, 0xD6, 0x9A, 0xCE, 0x9A, 0xCE, 0x9A, 0xCE, 0x9A, 0xCE, 0x79, 0xCE,
    0x79, 0xCE, 0x79, 0xCE, 0x79, 0xCE, 0x79, 0xCE, 0x79, 0xCE, 0x79, 0xCE, 0x79, 0xCE, 0x79, 0xCE,
    0x59, 0xCE, 0x79, 0xCE, 0x79, 0xCE, 0x79, 0xCE, 0x99, 0xD6, 0xB9, 0xD6, 0xB9, 0xD6, 0xB9, 0xD6,
    0xB9, 0xD6, 0xBA, 0xD6, 0xBA, 0xD6, 0xDA, 0xD6, 0xDA, 0xD6, 0xDA, 0xD6, 0xDA, 0xDE, 0xDA, 0xDE,
    0xDA, 0xDE, 0xBA, 0xDE, 0xF7, 0xC5, 0x70, 0x94, 0x8D, 0x73, 0x0B, 0x6B, 0xC9, 0x62, 0xA9, 0x5A,
    0x88, 0x5A, 0x68, 0x5A, 0x68, 0x5A, 0x68, 0x5A, 0x68, 0x5A, 0x68, 0x5A, 0x68, 0x5A, 0x47, 0x5A,
    0x0A, 0x6B, 0xF2, 0xAC, 0x37, 0xD6, 0xB9, 0xEE, 0x3C, 0xF7, 0x5C, 0xF7, 0xFA, 0xEE, 0x58, 0xE6,
    0x37, 0xE6, 0x36, 0xE6, 0x37, 0xE6, 0x36, 0xEE, 0xD5, 0xE5, 0xF6, 0xE5, 0x36, 0xEE, 0x36, 0xE6,
    0xF5, 0xE5, 0xD5, 0xDD, 0xB4, 0xDD, 0xB4, 0xDD, 0xD5, 0xDD, 0xD5, 0xDD, 0xD5, 0xDD, 0xD5, 0xDD,
    0xF5, 0xE5, 0x16, 0xE6, 0x37, 0xE6, 0x37, 0xE6, 0x99, 0xE6, 0x3B, 0xF7, 0x3B, 0xEF, 0x3B, 0xEF,
    0x3B, 0xEF, 0x3B, 0xEF, 0x5B, 0xEF, 0x3B, 0xEF, 0xD9, 0xDE, 0x98, 0xDE, 0xB9, 0xDE, 0xB9, 0xDE,
    0xB9, 0xDE, 0xB9, 0xDE, 0xB9, 0xDE, 0xB9, 0xD6, 0xB9, 0xD6, 0xB9, 0xD6, 0xB9, 0xD6, 0xB9, 0xD6,
    0xB9, 0xDE, 0xB9, 0xDE, 0xB9, 0xDE, 0xB9, 0xDE, 0xB9, 0xDE, 0xB9, 0xDE, 0xB9, 0xD6, 0xB9, 0xD6,
    0x98, 0xD6, 0x98, 0xD6, 0x98, 0xD6, 0x98, 0xD6, 0x98, 0xD6, 0x98, 0xD6, 0x98, 0xD6, 0x98, 0xD6,
    0x98, 0xD6, 0x98, 0xD6, 0x98, 0xD6, 0x98, 0xD6, 0x99, 0xD6, 0x98, 0xD6, 0x98, 0xD6, 0x98, 0xD6,
    0x18, 0xBE, 0x18, 0xBE, 0x18, 0xBE, 0x18, 0xBE, 0x18, 0xBE, 0x18, 0xBE, 0x18, 0xBE, 0x18, 0xBE,
    0x18, 0xBE, 0x18, 0xBE, 0x18, 0xBE, 0x18, 0xBE, 0x18, 0xBE, 0x18, 0xBE, 0x18, 0xBE, 0x18, 0xBE,
    0x18, 0xBE, 0x18, 0xBE, 0x18, 0xBE, 0x18, 0xBE, 0x18, 0xBE, 0x18, 0xBE, 0x18, 0xBE, 0x18, 0xBE,
    0x18, 0xBE, 0x18, 0xBE, 0x18, 0xBE, 0x18, 0xBE, 0x18, 0xBE, 0x18, 0xBE, 0x18, 0xBE, 0x18, 0xBE,
    0x18, 0xBE, 0x18, 0xBE, 0x18, 0xBE, 0x18, 0xBE, 0x18, 0xC6, 0x18, 0xBE, 0xF8, 0xBD, 0xF8, 0xBD,
    0xF8, 0xBD, 0xF8, 0xBD, 0xF8, 0xBD, 0xF8, 0xBD, 0xF8, 0xBD, 0xF7, 0xBD, 0xF7, 0xBD, 0xF7, 0xBD,
    0xF8, 0xBD, 0xF8, 0xBD, 0xF8, 0xBD, 0xF8, 0xBD, 0xF8, 0xBD, 0xF8, 0xBD, 0xF8, 0xBD, 0xF8, 0xBD,
    0xF8, 0xBD, 0xF8, 0xBD, 0xF8, 0xBD, 0xF8, 0xBD, 0xF8, 0xBD, 0xF8, 0xBD, 0xF8, 0xBD, 0xF7, 0xBD,
    0xF7, 0xBD, 0xF7, 0xBD, 0xF7, 0xBD, 0xF8, 0xBD, 0xF8, 0xBD, 0xF8, 0xBD, 0xF8, 0xBD, 0xF8, 0xBD,
    0xF8, 0xBD, 0xF8, 0xBD, 0xF7, 0xBD, 0xF7, 0xBD, 0xF7, 0xBD, 0xF7, 0xBD, 0xF7, 0xBD, 0xF7, 0xBD,
    0xF7, 0xBD, 0xF7, 0xBD, 0xF7, 0xBD, 0xF7, 0xBD, 0xF7, 0xBD, 0xF7, 0xBD, 0xF7, 0xBD, 0xF7, 0xBD,
    0xF7, 0xBD, 0x18, 0xC6, 0x18, 0xC6, 0xF7, 0xBD, 0xF7, 0xBD, 0xF7, 0xBD, 0xF7, 0xBD, 0xF7, 0xBD,
    0xF7, 0xBD, 0xF7, 0xBD, 0xF7, 0xBD, 0xF7, 0xBD, 0xF7, 0xBD, 0xF7, 0xBD, 0xF7, 0xBD, 0xF7, 0xBD,
    0xF7, 0xBD, 0xF7, 0xBD, 0xF7, 0xBD, 0xF7, 0xBD, 0xF7, 0xBD, 0xF7, 0xBD, 0xF7, 0xBD, 0xF7, 0xBD,
    0x18, 0xC6, 0x18, 0xC6, 0xF7, 0xBD, 0xF7, 0xBD, 0xF7, 0xBD, 0x18, 0xC6, 0x18, 0xC6, 0xF7, 0xBD,
    0xF7, 0xBD, 0xF7, 0xBD, 0xF7, 0xBD, 0xF7, 0xBD, 0xF7, 0xBD, 0xF7, 0xBD, 0xF7, 0xBD, 0xF7, 0xBD,
    0xF7, 0xBD, 0xF7, 0xBD, 0xF7, 0xBD, 0xF7, 0xBD, 0xF7, 0xBD, 0xF7, 0xBD, 0xF7, 0xBD, 0xF7, 0xBD,
    0xF7, 0xBD, 0xF7, 0xBD, 0xF7, 0xBD, 0xF7, 0xBD, 0xF7, 0xBD, 0xF7, 0xBD, 0xF7, 0xBD, 0xF7, 0xBD,
    0xF7, 0xBD, 0xF7, 0xBD, 0xF7, 0xBD, 0xF7, 0xBD, 0xF7, 0xBD, 0xF7, 0xBD, 0xF7, 0xBD, 0xF7, 0xBD,
    0xF7, 0xBD, 0xF7, 0xBD, 0xF7, 0xBD, 0xF7, 0xBD, 0xF7, 0xBD, 0xF7, 0xBD, 0xF7, 0xBD, 0xF7, 0xBD,
    0xF7, 0xBD, 0xF7, 0xBD, 0xF7, 0xBD, 0xF7, 0xBD, 0xF7, 0xBD, 0xF7, 0xBD, 0xF7, 0xBD, 0xD7, 0xBD,
    0xF7, 0xBD, 0xF7, 0xBD, 0xF7, 0xBD, 0xD7, 0xBD, 0xF7, 0xBD, 0xF7, 0xBD, 0xF7, 0xBD, 0xD7, 0xBD,
    0xD7, 0xBD, 0xD7, 0xBD, 0xF7, 0xBD, 0xF7, 0xBD, 0xF7, 0xBD, 0xF7, 0xBD, 0xF7, 0xBD, 0xF7, 0xBD,
    0xF7, 0xBD, 0xF7, 0xBD, 0xF7, 0xBD, 0xF7, 0xBD, 0xF7, 0xBD, 0xD6, 0xB5, 0xF7, 0xBD, 0x9A, 0xD6,
    0xFB, 0xDE, 0xDB, 0xDE, 0xBA, 0xD6, 0xDA, 0xD6, 0xBA, 0xD6, 0x9A, 0xD6, 0x9A, 0xD6, 0xBA, 0xD6,
    0xBA, 0xD6, 0xBA, 0xD6, 0x9A, 0xD6, 0x9A, 0xCE, 0x9A, 0xCE, 0x9A, 0xCE, 0x9A, 0xCE, 0x79, 0xCE,
    0x79, 0xCE, 0x79, 0xCE, 0x79, 0xCE, 0x79, 0xCE, 0x79, 0xCE, 0x79, 0xCE, 0x79, 0xCE, 0x79, 0xCE,
    0x79, 0xCE, 0x79, 0xCE, 0x79, 0xCE, 0x79, 0xCE, 0x99, 0xD6, 0xB9, 0xD6, 0xBA, 0xD6, 0xBA, 0xD6,
    0xBA, 0xD6, 0xDA, 0xD6, 0xDA, 0xD6, 0xDA, 0xD6, 0xDA, 0xD6, 0xDA, 0xD6, 0xDA, 0xDE, 0xFA, 0xDE,
    0xDA, 0xDE, 0xF6, 0xC5, 0x50, 0x94, 0x8D, 0x73, 0x0B, 0x6B, 0xCA, 0x62, 0xA9, 0x5A, 0x88, 0x5A,
    0x68, 0x5A, 0x68, 0x5A, 0x68, 0x5A, 0x68, 0x5A, 0x68, 0x5A, 0x88, 0x5A, 0x88, 0x62, 0x88, 0x5A,
    0xC9, 0x6A, 0xD1, 0xA4, 0x37, 0xD6, 0xD9, 0xE6, 0x5C, 0xF7, 0x7C, 0xF7, 0xFA, 0xEE, 0x57, 0xDE,
    0x37, 0xE6, 0x36, 0xE6, 0x16, 0xE6, 0x57, 0xEE, 0x37, 0xEE, 0x16, 0xEE, 0x16, 0xE6, 0x36, 0xEE,
    0x16, 0xE6, 0x16, 0xE6, 0xF5, 0xE5, 0xF5, 0xE5, 0xF5, 0xE5, 0xF5, 0xE5, 0xF5, 0xE5, 0x16, 0xE6,
    0x36, 0xEE, 0x16, 0xE6, 0x17, 0xE6, 0x17, 0xE6, 0xDA, 0xEE, 0x3B, 0xF7, 0x3B, 0xEF, 0x3B, 0xEF,
    0x3B, 0xEF, 0x3B, 0xEF, 0x5B, 0xEF, 0xFA, 0xE6, 0xB9, 0xDE, 0xB9, 0xDE, 0xB9, 0xDE, 0xB9, 0xDE,
    0xB9, 0xDE, 0xB9, 0xDE, 0xB9, 0xD6, 0xB9, 0xD6, 0xB9, 0xD6, 0xB9, 0xD6, 0xB9, 0xD6, 0xB9, 0xDE,
    0xB9, 0xDE, 0xB9, 0xDE, 0xB9, 0xDE, 0xB9, 0xDE, 0xB9, 0xDE, 0xB9, 0xDE, 0xB9, 0xD6, 0xB9, 0xD6,
    0x98, 0xD6, 0x98, 0xD6, 0x98, 0xD6, 0x98, 0xD6, 0x98, 0xD6, 0x98, 0xD6, 0x98, 0xD6, 0x98, 0xD6,
    0x98, 0xD6, 0x98, 0xD6, 0x98, 0xD6, 0x98, 0xD6, 0x99, 0xD6, 0x98, 0xD6, 0x98, 0xD6, 0x98, 0xD6,
    0x18, 0xBE, 0x18, 0xBE, 0x18, 0xBE, 0x18, 0xBE, 0x18, 0xBE, 0x18, 0xBE, 0x18, 0xBE, 0x18, 0xBE,
    0x18, 0xBE, 0x18, 0xBE, 0x18, 0xBE, 0x18, 0xBE, 0x18, 0xBE, 0x18, 0xBE, 0x18, 0xBE, 0x18, 0xBE,
    0x18, 0xBE, 0x18, 0xBE, 0x18, 0xBE, 0x18, 0xBE, 0x18, 0xBE, 0x18, 0xBE, 0x18, 0xBE, 0x18, 0xBE,
    0x18, 0xBE, 0x18, 0xBE, 0x18, 0xBE, 0x18, 0xBE, 0x18, 0xBE, 0x18, 0xBE, 0x18, 0xBE, 0x18, 0xBE,
    0x18, 0xBE, 0x18, 0xBE, 0x18, 0xBE, 0x18, 0xBE, 0x18, 0xC6, 0x18, 0xBE, 0xF8, 0xBD, 0xF8, 0xBD,
    0xF8, 0xBD, 0xF8, 0xBD, 0xF8, 0xBD, 0xF8, 0xBD, 0xF8, 0xBD, 0xF7, 0xBD, 0xF7, 0xBD, 0xF7, 0xBD,
    0xF8, 0xBD, 0xF8, 0xBD, 0xF8, 0xBD, 0xF8, 0xBD, 0xF8, 0xBD, 0xF8, 0xBD, 0x18, 0xBE, 0x18, 0xBE,
    0xF8, 0xBD, 0xF8, 0xBD, 0xF8, 0xBD, 0xF8, 0xBD, 0xF8, 0xBD, 0xF8, 0xBD, 0xF8, 0xBD, 0xF7, 0xBD,
    0xF7, 0xBD, 0xF7, 0xBD, 0xF7, 0xBD, 0xF8, 0xBD, 0xF8, 0xBD, 0xF8, 0xBD, 0xF8, 0xBD, 0xF8, 0xBD,
    0xF8, 0xBD, 0xF8, 0xBD, 0xF7, 0xBD, 0xF7, 0xBD, 0xF7, 0xBD, 0xF7, 0xBD, 0xF7, 0xBD, 0xF7, 0xBD,
    0xF7, 0xBD, 0xF7, 0xBD, 0xF7, 0xBD, 0xF7, 0xBD, 0xF7, 0xBD, 0xF7, 0xBD, 0xF7, 0xBD, 0xF7, 0xBD,
    0xF7, 0xBD, 0x18, 0xC6, 0x18, 0xC6, 0xF7, 0xBD, 0xF7, 0xBD, 0xF7, 0xBD, 0xF7, 0xBD, 0xF7, 0xBD,
    0xF7, 0xBD, 0xF7, 0xBD, 0xF7, 0xBD, 0xF7, 0xBD, 0xF7, 0xBD, 0xF7, 0xBD, 0xF7, 0xBD, 0xF7, 0xBD,
    0xF7, 0xBD, 0xF7, 0xBD, 0xF7, 0xBD, 0xF7, 0xBD, 0xF7, 0xBD, 0xF7, 0xBD, 0xF7, 0xBD, 0xF7, 0xBD,
    0x18, 0xC6, 0x18, 0xC6, 0xF7, 0xBD, 0xF7, 0xBD, 0xF7, 0xBD, 0x18, 0xC6, 0x18, 0xC6, 0xF7, 0xBD,
    0xF7, 0xBD, 0xF7, 0xBD, 0xF7, 0xBD, 0xF7, 0xBD, 0xF7, 0xBD, 0xF7, 0xBD, 0xF7, 0xBD, 0xF7, 0xBD,
    0xF7, 0xBD, 0xF7, 0xBD, 0xF7, 0xBD, 0xF7, 0xBD, 0xF7, 0xBD, 0xF7, 0xBD, 0xF7, 0xBD, 0xF7, 0xBD,
    0xF7, 0xBD, 0xF7, 0xBD, 0xF7, 0xBD, 0xF7, 0xBD, 0xF7, 0xBD, 0xF7, 0xBD, 0xF7, 0xBD, 0xF7, 0xBD,
    0xF7, 0xBD, 0xF7, 0xBD, 0xF7, 0xBD, 0xF7, 0xBD, 0xF7, 0xBD, 0xF7, 0xBD, 0xF7, 0xBD, 0xF7, 0xBD,
    0xF7, 0xBD, 0xF7, 0xBD, 0xF7, 0xBD, 0xF7, 0xBD, 0xF7, 0xBD, 0xF7, 0xBD, 0xF7, 0xBD, 0xF7, 0xBD,
    0xF7, 0xBD, 0xF7, 0xBD, 0xF7, 0xBD, 0xF7, 0xBD, 0xF7, 0xBD, 0xF7, 0xBD, 0xF7, 0xBD, 0xD7, 0xBD,
    0xF7, 0xBD, 0xF7, 0xBD, 0xF7, 0xBD, 0xF7, 0xBD, 0xF7, 0xBD, 0xF7, 0xBD, 0xF7, 0xBD, 0xF7, 0xBD,
    0xD7, 0xBD, 0xF7, 0xBD, 0xF7, 0xBD, 0xF7, 0xBD, 0xF7, 0xBD, 0xF7, 0xBD, 0xF7, 0xBD, 0xF7, 0xBD,
    0xF7, 0xBD, 0xF7, 0xBD, 0xF7, 0xBD, 0xF7, 0xBD, 0xF7, 0xBD, 0xD7, 0xBD, 0xF7, 0xBD, 0x99, 0xCE,
    0xFB, 0xDE, 0xFB, 0xDE, 0xBA, 0xD6, 0xDA, 0xD6, 0xBA, 0xD6, 0xBA, 0xD6, 0x9A, 0xD6, 0xBA, 0xD6,
    0xBA, 0xD6, 0xBA, 0xD6, 0x9A, 0xD6, 0x9A, 0xCE, 0x9A, 0xCE, 0x9A, 0xCE, 0x9A, 0xCE, 0x79, 0xCE,
    0x79, 0xCE, 0x79, 0xCE, 0x79, 0xCE, 0x79, 0xCE, 0x79, 0xCE, 0x79, 0xCE, 0x59, 0xCE, 0x59, 0xCE,
    0x79, 0xCE, 0x79, 0xCE, 0x79, 0xCE, 0x79, 0xCE, 0x99, 0xD6, 0xB9, 0xD6, 0xBA, 0xD6, 0xBA, 0xD6,
    0xBA, 0xD6, 0xBA, 0xD6, 0xDA, 0xD6, 0xDA, 0xDE, 0xDA, 0xD6, 0xDA, 0xD6, 0xDA, 0xDE, 0xFA, 0xDE,
    0x17, 0xC6, 0x70, 0x94, 0x0B, 0x63, 0xEA, 0x62, 0xC9, 0x62, 0xA9, 0x5A, 0x88, 0x5A, 0x68, 0x5A,
    0x68, 0x5A, 0x68, 0x5A, 0x68, 0x5A, 0x68, 0x5A, 0x88, 0x5A, 0xA8, 0x62, 0xA8, 0x62, 0x88, 0x5A,
    0x88, 0x62, 0x90, 0x9C, 0x57, 0xD6, 0xDA, 0xEE, 0x5C, 0xF7, 0x5C, 0xF7, 0xDA, 0xEE, 0x57, 0xDE,
    0x37, 0xE6, 0x16, 0xE6, 0x16, 0xE6, 0x37, 0xEE, 0x37, 0xEE, 0x16, 0xE6, 0x36, 0xEE, 0x16, 0xE6,
    0x36, 0xEE, 0x16, 0xE6, 0x16, 0xE6, 0x36, 0xE6, 0x56, 0xEE, 0x57, 0xEE, 0x57, 0xEE, 0x36, 0xEE,
    0x36, 0xEE, 0x36, 0xEE, 0x17, 0xE6, 0x17, 0xDE, 0xD9, 0xEE, 0x3B, 0xF7, 0x1B, 0xEF, 0x3B, 0xEF,
    0x3B, 0xEF, 0x3B, 0xEF, 0x3B, 0xEF, 0xB9, 0xDE, 0x98, 0xDE, 0xB9, 0xDE, 0xB9, 0xD6, 0xB9, 0xD6,
    0xB9, 0xD6, 0xB9, 0xD6, 0xB9, 0xD6, 0xB9, 0xD6, 0xB9, 0xD6, 0xB9, 0xD6, 0xB9, 0xD6, 0xB9, 0xDE,
    0xB9, 0xDE, 0xB9, 0xDE, 0xB9, 0xDE, 0xB9, 0xDE, 0xB9, 0xDE, 0xB9, 0xDE, 0xB9, 0xD6, 0xB9, 0xD6,
    0x98, 0xD6, 0x98, 0xD6, 0x98, 0xD6, 0x98, 0xD6, 0x98, 0xD6, 0x98, 0xD6, 0x98, 0xD6, 0x98, 0xD6,
    0x98, 0xD6, 0x98, 0xD6, 0x98, 0xD6, 0x98, 0xD6, 0x98, 0xD6, 0x98, 0xD6, 0x98, 0xD6, 0x98, 0xD6,
    0x18, 0xBE, 0x18, 0xBE, 0x18, 0xBE, 0x18, 0xBE, 0x18, 0xBE, 0x18, 0xBE, 0x18, 0xBE, 0x18, 0xBE,
    0x18, 0xBE, 0x18, 0xBE, 0x18, 0xBE, 0x18, 0xBE, 0x18, 0xBE, 0x18, 0xBE, 0x18, 0xBE, 0x18, 0xBE,
    0x18, 0xBE, 0x18, 0xBE, 0x18, 0xBE, 0x18, 0xBE, 0x18, 0xBE, 0x18, 0xBE, 0x18, 0xBE, 0x18, 0xBE,
    0x18, 0xBE, 0x18, 0xBE, 0x18, 0xBE, 0x18, 0xBE, 0x18, 0xBE, 0x18, 0xBE, 0x18, 0xBE, 0x18, 0xC6,
    0x18, 0xC6, 0x18, 0xC6, 0x18, 0xC6, 0x18, 0xC6, 0x18, 0xC6, 0x18, 0xBE, 0x18, 0xBE, 0x18, 0xBE,
    0x18, 0xC6, 0x18, 0xC6, 0x18, 0xC6, 0x18, 0xC6, 0x18, 0xC6, 0xF7, 0xBD, 0xF7, 0xBD, 0xF7, 0xBD,
    0xF8, 0xBD, 0xF8, 0xBD, 0xF8, 0xBD, 0xF8, 0xBD, 0x18, 0xBE, 0x18, 0xBE, 0x18, 0xBE, 0x18, 0xBE,
    0x18, 0xBE, 0x18, 0xBE, 0xF8, 0xBD, 0xF8, 0xBD, 0xF8, 0xBD, 0xF8, 0xBD, 0xF8, 0xBD, 0xF8, 0xBD,
    0xF8, 0xBD, 0xF8, 0xBD, 0xF8, 0xBD, 0xF8, 0xBD, 0xF8, 0xBD, 0xF8, 0xBD, 0xF8, 0xBD, 0xF8, 0xBD,
    0xF8, 0xBD, 0xF8, 0xBD, 0xF7, 0xBD, 0xF7, 0xBD, 0xF7, 0xBD, 0xF7, 0xBD, 0xF7, 0xBD, 0xF7, 0xBD,
    0xF7, 0xBD, 0xF7, 0xBD, 0xF7, 0xBD, 0xF7, 0xBD, 0xF7, 0xBD, 0xF7, 0xBD, 0xF7, 0xBD, 0xF7, 0xBD,
    0x18, 0xC6, 0x18, 0xC6, 0x18, 0xC6, 0x18, 0xC6, 0x18, 0xC6, 0x18, 0xC6, 0x18, 0xC6, 0x18, 0xC6,
    0x18, 0xC6, 0x18, 0xC6, 0x18, 0xC6, 0xF7, 0xBD, 0xF7, 0xBD, 0xF7, 0xBD, 0xF7, 0xBD, 0xF7, 0xBD,
    0xF7, 0xBD, 0xF7, 0xBD, 0xF7, 0xBD, 0xF7, 0xBD, 0xF7, 0xBD, 0xF7, 0xBD, 0xF7, 0xBD, 0x17, 0xC6,
    0x17, 0xC6, 0x17, 0xC6, 0x18, 0xC6, 0x18, 0xC6, 0x18, 0xC6, 0x18, 0xC6, 0x18, 0xC6, 0x18, 0xC6,
    0x18, 0xC6, 0x18, 0xC6, 0xF7, 0xBD, 0xF7, 0xBD, 0xF7, 0xBD, 0xF7, 0xBD, 0xF7, 0xBD, 0xF7, 0xBD,
    0xF7, 0xBD, 0xF7, 0xBD, 0xF7, 0xBD, 0x18, 0xC6, 0x18, 0xC6, 0x18, 0xC6, 0x18, 0xC6, 0x18, 0xC6,
    0x18, 0xC6, 0x18, 0xC6, 0x18, 0xC6, 0x18, 0xC6, 0x18, 0xC6, 0xF7, 0xBD, 0xF7, 0xBD, 0xF7, 0xBD,
    0xF7, 0xBD, 0xF7, 0xBD, 0xF7, 0xBD, 0xF7, 0xBD, 0xF7, 0xBD, 0xF7, 0xBD, 0xF7, 0xBD, 0xF7, 0xBD,
    0x18, 0xC6, 0x18, 0xC6, 0xF7, 0xBD, 0x18, 0xC6, 0xF7, 0xBD, 0xF7, 0xBD, 0xF7, 0xBD, 0xF7, 0xBD,
    0xF7, 0xBD, 0xF7, 0xBD, 0xF7, 0xBD, 0xF7, 0xBD, 0xF7, 0xBD, 0xF7, 0xBD, 0xF7, 0xBD, 0xF7, 0xBD,
    0xF7, 0xBD, 0xF7, 0xBD, 0xF7, 0xBD, 0xF7, 0xBD, 0xF7, 0xBD, 0xF7, 0xBD, 0xF7, 0xBD, 0xF7, 0xBD,
    0xD7, 0xBD, 0xD7, 0xBD, 0xF7, 0xBD, 0xF7, 0xBD, 0xF7, 0xBD, 0xF7, 0xBD, 0xF7, 0xBD, 0xF7, 0xBD,
    0xF7, 0xBD, 0xF7, 0xBD, 0xF7, 0xBD, 0xF7, 0xBD, 0xF7, 0xBD, 0xF7, 0xBD, 0xF7, 0xBD, 0x79, 0xCE,
    0xDB, 0xDE, 0xDB, 0xD6, 0xDB, 0xD6, 0xDB, 0xD6, 0xDB, 0xD6, 0xBB, 0xD6, 0xBA, 0xD6, 0xBA, 0xD6,
    0xBA, 0xD6, 0x9A, 0xD6, 0x9A, 0xD6, 0x9A, 0xCE, 0x9A, 0xCE, 0x9A, 0xD6, 0x9A, 0xD6, 0x9A, 0xCE,
    0x79, 0xCE, 0x79, 0xCE, 0x79, 0xCE, 0x79, 0xCE, 0x79, 0xCE, 0x59, 0xCE, 0x59, 0xCE, 0x59, 0xCE,
    0x59, 0xCE, 0x59, 0xCE, 0x59, 0xCE, 0x79, 0xCE, 0x99, 0xD6, 0xBA, 0xD6, 0xBA, 0xD6, 0xBA, 0xD6,
    0xBA, 0xD6, 0xBA, 0xDE, 0xDA, 0xDE, 0xFA, 0xDE, 0xDA, 0xDE, 0xDA, 0xDE, 0x1B, 0xE7, 0x57, 0xCE,
    0x70, 0x94, 0xEA, 0x62, 0xA9, 0x5A, 0xA9, 0x5A, 0x89, 0x5A, 0x88, 0x5A, 0x88, 0x5A, 0x68, 0x5A,
    0x68, 0x5A, 0x68, 0x52, 0x68, 0x5A, 0x68, 0x5A, 0x88, 0x62, 0xA8, 0x62, 0x88, 0x5A, 0x68, 0x5A,
    0x68, 0x5A, 0xCD, 0x8B, 0x16, 0xCE, 0x1A, 0xEF, 0x7C, 0xFF, 0x5B, 0xF7, 0xB9, 0xE6, 0x57, 0xE6,
    0x78, 0xEE, 0x37, 0xEE, 0xD5, 0xDD, 0x37, 0xEE, 0x36, 0xE6, 0x36, 0xE6, 0x57, 0xEE, 0x16, 0xE6,
    0x16, 0xE6, 0x16, 0xEE, 0x16, 0xEE, 0x16, 0xE6, 0x16, 0xE6, 0x57, 0xEE, 0x36, 0xE6, 0x16, 0xE6,
    0x16, 0xE6, 0x16, 0xE6, 0x16, 0xE6, 0x37, 0xDE, 0xFA, 0xEE, 0x1B, 0xF7, 0x1B, 0xEF, 0x3B, 0xEF,
    0x3B, 0xEF, 0x5B, 0xEF, 0x3B, 0xEF, 0x98, 0xD6, 0x98, 0xD6, 0xB9, 0xD6, 0xB9, 0xD6, 0xB9, 0xD6,
    0xB9, 0xD6, 0xB9, 0xD6, 0xB9, 0xD6, 0xB9, 0xD6, 0xB9, 0xDE, 0xB9, 0xDE, 0xB9, 0xDE, 0xB9, 0xDE,
    0xB9, 0xDE, 0xB9, 0xDE, 0xB9, 0xDE, 0xB9, 0xDE, 0xB9, 0xDE, 0xB9, 0xDE, 0xB9, 0xD6, 0xB9, 0xD6,
    0xB9, 0xD6, 0x98, 0xD6, 0x98, 0xD6, 0x98, 0xD6, 0x98, 0xD6, 0x98, 0xD6, 0x98, 0xD6, 0x98, 0xD6,
    0x98, 0xD6, 0x98, 0xD6, 0x98, 0xD6, 0x98, 0xD6, 0x98, 0xD6, 0x98, 0xD6, 0x98, 0xD6, 0x98, 0xD6,
    0x18, 0xBE, 0x18, 0xBE, 0x18, 0xBE, 0x18, 0xBE, 0x18, 0xBE, 0x18, 0xBE, 0x18, 0xBE, 0x18, 0xBE,
    0x18, 0xBE, 0x18, 0xBE, 0x18, 0xBE, 0x18, 0xBE, 0x18, 0xBE, 0x18, 0xBE, 0x18, 0xBE, 0x18, 0xBE,
    0x18, 0xBE, 0x18, 0xBE, 0x38, 0xBE, 0x18, 0xBE, 0x18, 0xBE, 0x18, 0xBE, 0x18, 0xBE, 0x18, 0xBE,
    0x18, 0xBE, 0x18, 0xBE, 0x18, 0xC6, 0x18, 0xC6, 0x18, 0xBE, 0x18, 0xBE, 0x18, 0xBE, 0x18, 0xC6,
    0x18, 0xC6, 0x18, 0xC6, 0x18, 0xC6, 0x18, 0xC6, 0x18, 0xC6, 0x18, 0xBE, 0x18, 0xBE, 0x18, 0xBE,
    0x18, 0xC6, 0x18, 0xC6, 0x18, 0xC6, 0x18, 0xC6, 0x18, 0xC6, 0xF7, 0xBD, 0xF7, 0xBD, 0xF7, 0xBD,
    0xF8, 0xBD, 0xF8, 0xBD, 0xF8, 0xBD, 0xF8, 0xBD, 0xF8, 0xBD, 0x18, 0xBE, 0x18, 0xBE, 0x18, 0xBE,
    0x18, 0xBE, 0x18, 0xBE, 0x18, 0xBE, 0x18, 0xBE, 0x18, 0xBE, 0x18, 0xBE, 0x18, 0xBE, 0x18, 0xBE,
    0x18, 0xBE, 0xF8, 0xBD, 0xF8, 0xBD, 0xF8, 0xBD, 0xF8, 0xBD, 0xF8, 0xBD, 0xF8, 0xBD, 0xF8, 0xBD,
    0x18, 0xBE, 0x18, 0xBE, 0x18, 0xC6, 0x18, 0xC6, 0x18, 0xC6, 0x18, 0xC6, 0x18, 0xC6, 0x18, 0xC6,
    0xF7, 0xBD, 0xF7, 0xBD, 0xF7, 0xBD, 0xF7, 0xBD, 0xF7, 0xBD, 0xF7, 0xBD, 0xF7, 0xBD, 0xF7, 0xBD,
    0x18, 0xC6, 0x18, 0xC6, 0x18, 0xC6, 0x18, 0xC6, 0x18, 0xC6, 0x18, 0xC6, 0x18, 0xC6, 0x18, 0xC6,
    0x18, 0xC6, 0x18, 0xC6, 0x18, 0xC6, 0xF7, 0xBD, 0xF7, 0xBD, 0xF7, 0xBD, 0x18, 0xC6, 0x18, 0xC6,
    0x18, 0xC6, 0x18, 0xC6, 0x18, 0xC6, 0x18, 0xC6, 0x17, 0xC6, 0x17, 0xC6, 0x17, 0xC6, 0x17, 0xC6,
    0x17, 0xC6, 0x17, 0xC6, 0x18, 0xC6, 0x18, 0xC6, 0x18, 0xC6, 0x18, 0xC6, 0x18, 0xC6, 0x18, 0xC6,
    0x18, 0xC6, 0x18, 0xC6, 0xF7, 0xBD, 0xF7, 0xBD, 0xF7, 0xBD, 0xF7, 0xBD, 0xF7, 0xBD, 0xF7, 0xBD,
    0xF7, 0xBD, 0xF7, 0xBD, 0xF7, 0xBD, 0x18, 0xC6, 0x18, 0xC6, 0x18, 0xC6, 0x18, 0xC6, 0x18, 0xC6,
    0x18, 0xC6, 0x18, 0xC6, 0x18, 0xC6, 0x18, 0xC6, 0x18, 0xC6, 0xF7, 0xBD, 0xF7, 0xBD, 0xF7, 0xBD,
    0xF7, 0xBD, 0x18, 0xC6, 0x18, 0xC6, 0x18, 0xC6, 0x18, 0xC6, 0x18, 0xC6, 0x18, 0xC6, 0xF7, 0xBD,
    0x18, 0xC6, 0x18, 0xC6, 0x18, 0xC6, 0x18, 0xC6, 0x18, 0xC6, 0x18, 0xC6, 0x18, 0xC6, 0xF7, 0xBD,
    0xF7, 0xBD, 0xF7, 0xBD, 0xF7, 0xBD, 0xF7, 0xBD, 0xF7, 0xBD, 0xF7, 0xBD, 0xF7, 0xBD, 0xF7, 0xBD,
    0xF7, 0xBD, 0xF7, 0xBD, 0xF7, 0xBD, 0xF7, 0xBD, 0xF7, 0xBD, 0xF7, 0xBD, 0xF7, 0xBD, 0xF7, 0xBD,
    0xF7, 0xBD, 0xF7, 0xBD, 0xF7, 0xBD, 0xF7, 0xBD, 0xF7, 0xBD, 0xF7, 0xBD, 0xF7, 0xBD, 0xF7, 0xBD,
    0xF7, 0xBD, 0xF7, 0xBD, 0xF7, 0xBD, 0xF7, 0xBD, 0xF7, 0xBD, 0xF7, 0xBD, 0xF7, 0xBD, 0x79, 0xCE,
    0xDB, 0xDE, 0xDB, 0xDE, 0xDB, 0xD6, 0xDB, 0xD6, 0xDB, 0xD6, 0xDB, 0xD6, 0xBB, 0xD6, 0xBA, 0xD6,
    0xBA, 0xD6, 0xBA, 0xD6, 0xBA, 0xD6, 0xBA, 0xD6, 0xBA, 0xD6, 0x9A, 0xD6, 0x9A, 0xD6, 0x9A, 0xD6,
    0x99, 0xCE, 0x79, 0xCE, 0x79, 0xCE, 0x79, 0xCE, 0x79, 0xCE, 0x79, 0xCE, 0x59, 0xCE, 0x59, 0xCE,
    0x59, 0xCE, 0x59, 0xCE, 0x79, 0xCE, 0x79, 0xCE, 0x99, 0xD6, 0xB9, 0xD6, 0xBA, 0xD6, 0xDA, 0xD6,
    0xDA, 0xD6, 0xDA, 0xDE, 0xDA, 0xDE, 0xDA, 0xDE, 0xDA, 0xDE, 0xDA, 0xDE, 0x16, 0xC6, 0x70, 0x94,
    0xCA, 0x62, 0x68, 0x52, 0x88, 0x52, 0x88, 0x5A, 0x88, 0x5A, 0x88, 0x5A, 0x68, 0x5A, 0x68, 0x5A,
    0x68, 0x5A, 0x68, 0x52, 0x68, 0x5A, 0x88, 0x5A, 0xA9, 0x62, 0xA8, 0x62, 0x88, 0x5A, 0x67, 0x5A,
    0x68, 0x5A, 0x8C, 0x7B, 0xF5, 0xCD, 0x1A, 0xEF, 0x7C, 0xFF, 0x3A, 0xF7, 0xB8, 0xE6, 0x78, 0xE6,
    0x57, 0xEE, 0x37, 0xE6, 0x74, 0xCD, 0x74, 0xD5, 0x57, 0xEE, 0xD5, 0xDD, 0x94, 0xD5, 0xF5, 0xE5,
    0x36, 0xE6, 0x16, 0xE6, 0xF5, 0xE5, 0xD5, 0xDD, 0xF5, 0xDD, 0x36, 0xE6, 0xF5, 0xE5, 0xB4, 0xDD,
    0xD5, 0xDD, 0x16, 0xE6, 0x37, 0xE6, 0x98, 0xE6, 0x1A, 0xEF, 0x1B, 0xEF, 0x1B, 0xEF, 0x3B, 0xEF,
    0x3B, 0xEF, 0x3B, 0xEF, 0xFA, 0xE6, 0x78, 0xD6, 0x98, 0xD6, 0xB9, 0xDE, 0xB9, 0xD6, 0xB9, 0xD6,
    0xB9, 0xD6, 0xB9, 0xD6, 0xB9, 0xDE, 0xB9, 0xDE, 0xB9, 0xDE, 0xB9, 0xDE, 0xB9, 0xDE, 0xB9, 0xDE,
    0xB9, 0xDE, 0xB9, 0xDE, 0xB9, 0xDE, 0xB9, 0xDE, 0xB9, 0xDE, 0xB9, 0xDE, 0xB9, 0xD6, 0xB9, 0xD6,
    0xB9, 0xD6, 0x98, 0xD6, 0x98, 0xD6, 0x98, 0xD6, 0x98, 0xD6, 0x98, 0xD6, 0x98, 0xD6, 0x98, 0xD6,
    0x98, 0xD6, 0x98, 0xD6, 0x98, 0xD6, 0x98, 0xD6, 0x98, 0xD6, 0xB9, 0xD6, 0xB9, 0xD6, 0x98, 0xD6,
    0x18, 0xC6, 0x18, 0xC6, 0x18, 0xBE, 0x18, 0xC6, 0x18, 0xBE, 0x18, 0xBE, 0x18, 0xBE, 0x18, 0xBE,
    0x18, 0xBE, 0x18, 0xBE, 0x18, 0xBE, 0x18, 0xBE, 0x18, 0xBE, 0x18, 0xBE, 0x18, 0xBE, 0x18, 0xBE,
    0x18, 0xBE, 0x18, 0xBE, 0x38, 0xBE, 0x38, 0xBE, 0x18, 0xBE, 0x18, 0xBE, 0x18, 0xBE, 0x18, 0xBE,
    0x18, 0xBE, 0x18, 0xBE, 0x18, 0xC6, 0x18, 0xC6, 0x18, 0xBE, 0x18, 0xBE, 0x18, 0xBE, 0x18, 0xC6,
    0x18, 0xC6, 0x18, 0xC6, 0x18, 0xC6, 0x18, 0xC6, 0x18, 0xC6, 0x18, 0xC6, 0x18, 0xC6, 0x18, 0xC6,
    0x18, 0xC6, 0x18, 0xC6, 0x18, 0xC6, 0x18, 0xC6, 0x18, 0xC6, 0xF7, 0xBD, 0xF7, 0xBD, 0xF7, 0xBD,
    0xF8, 0xBD, 0xF8, 0xBD, 0xF8, 0xBD, 0x18, 0xBE, 0x18, 0xBE, 0x18, 0xBE, 0x18, 0xBE, 0x18, 0xBE,
    0x18, 0xBE, 0x18, 0xBE, 0x18, 0xBE, 0x18, 0xBE, 0x18, 0xBE, 0x18, 0xBE, 0x18, 0xBE, 0x18, 0xBE,
    0x18, 0xBE, 0xF8, 0xBD, 0xF8, 0xBD, 0xF8, 0xBD, 0xF8, 0xBD, 0xF8, 0xBD, 0x18, 0xBE, 0x18, 0xBE,
    0x18, 0xBE, 0x18, 0xBE, 0x18, 0xC6, 0x18, 0xC6, 0x18, 0xC6, 0x18, 0xC6, 0x18, 0xC6, 0x18, 0xC6,
    0xF7, 0xBD, 0xF7, 0xBD, 0xF7, 0xBD, 0xF7, 0xBD, 0xF7, 0xBD, 0xF7, 0xBD, 0xF7, 0xBD, 0xF7, 0xBD,
    0x18, 0xC6, 0x18, 0xC6, 0x18, 0xC6, 0x18, 0xC6, 0x18, 0xC6, 0x18, 0xC6, 0x18, 0xC6, 0x18, 0xC6,
    0x18, 0xC6, 0x18, 0xC6, 0x18, 0xC6, 0xF7, 0xBD, 0xF7, 0xBD, 0xF7, 0xBD, 0x18, 0xC6, 0x18, 0xC6,
    0x18, 0xC6, 0x18, 0xC6, 0x18, 0xC6, 0x18, 0xC6, 0x17, 0xC6, 0x17, 0xC6, 0x17, 0xC6, 0x17, 0xC6,
    0x17, 0xC6, 0x17, 0xC6, 0x18, 0xC6, 0x18, 0xC6, 0x18, 0xC6, 0x18, 0xC6, 0x18, 0xC6, 0x18, 0xC6,
    0x18, 0xC6, 0x18, 0xC6, 0xF7, 0xBD, 0xF7, 0xBD, 0xF7, 0xBD, 0xF7, 0xBD, 0xF7, 0xBD, 0xF7, 0xBD,
    0xF7, 0xBD, 0xF7, 0xBD, 0xF7, 0xBD, 0x18, 0xC6, 0x18, 0xC6, 0x18, 0xC6, 0x18, 0xC6, 0x18, 0xC6,
    0x18, 0xC6, 0x18, 0xC6, 0x18, 0xC6, 0x18, 0xC6, 0x18, 0xC6, 0xF7, 0xBD, 0xF7, 0xBD, 0xF7, 0xBD,
    0xF7, 0xBD, 0x18, 0xC6, 0x18, 0xC6, 0x18, 0xC6, 0x18, 0xC6, 0x18, 0xC6, 0x18, 0xC6, 0xF7, 0xBD,
    0x18, 0xC6, 0x18, 0xC6, 0x18, 0xC6, 0x18, 0xC6, 0x18, 0xC6, 0x18, 0xC6, 0x18, 0xC6, 0xF7, 0xBD,
    0xF7, 0xBD, 0xF7, 0xBD, 0xF7, 0xBD, 0xF7, 0xBD, 0xF7, 0xBD, 0xF7, 0xBD, 0xF7, 0xBD, 0xF7, 0xBD,
    0xF7, 0xBD, 0xF7, 0xBD, 0xF7, 0xBD, 0xF7, 0xBD, 0xF7, 0xBD, 0xF7, 0xBD, 0xF7, 0xBD, 0xF7, 0xBD,
    0xF7, 0xBD, 0xF7, 0xBD, 0xF7, 0xBD, 0xF7, 0xBD, 0xF7, 0xBD, 0xF7, 0xBD, 0xF7, 0xBD, 0xF7, 0xBD,
    0xF7, 0xBD, 0xF7, 0xBD, 0xF7, 0xBD, 0xF7, 0xBD, 0xF7, 0xBD, 0xF7, 0xBD, 0x17, 0xBE, 0x59, 0xCE,
    0xDB, 0xD6, 0xDB, 0xDE, 0xDB, 0xD6, 0xDB, 0xD6, 0xDB, 0xD6, 0xDB, 0xD6, 0xDB, 0xD6, 0xDA, 0xD6,
    0xDA, 0xD6, 0xDA, 0xD6, 0xDA, 0xD6, 0xBA, 0xD6, 0xBA, 0xD6, 0x9A, 0xD6, 0x9A, 0xD6, 0x9A, 0xD6,
    0x99, 0xCE, 0x79, 0xCE, 0x79, 0xCE, 0x79, 0xCE, 0x79, 0xCE, 0x79, 0xCE, 0x59, 0xCE, 0x59, 0xCE,
    0x59, 0xCE, 0x59, 0xCE, 0x79, 0xCE, 0x79, 0xCE, 0xB9, 0xD6, 0xBA, 0xD6, 0xBA, 0xD6, 0xDA, 0xDE,
    0xDA, 0xDE, 0xDA, 0xDE, 0xDA, 0xDE, 0xDA, 0xDE, 0xFA, 0xE6, 0x98, 0xD6, 0x70, 0x94, 0xEA, 0x62,
    0x47, 0x52, 0x68, 0x52, 0x68, 0x52, 0x68, 0x5A, 0x68, 0x5A, 0x68, 0x52, 0x68, 0x5A, 0x68, 0x5A,
    0x68, 0x5A, 0x68, 0x52, 0x68, 0x5A, 0x88, 0x5A, 0xA9, 0x62, 0xA8, 0x62, 0x88, 0x5A, 0x88, 0x5A,
    0x88, 0x5A, 0x6C, 0x7B, 0xD5, 0xC5, 0x3A, 0xEF, 0x7B, 0xFF, 0x1A, 0xEF, 0xD9, 0xEE, 0x98, 0xE6,
    0x78, 0xEE, 0x17, 0xE6, 0x33, 0xCD, 0x53, 0xCD, 0xF6, 0xE5, 0x53, 0xCD, 0xF1, 0xBC, 0xF1, 0xC4,
    0xB4, 0xDD, 0x36, 0xE6, 0xF5, 0xDD, 0xD5, 0xDD, 0xD5, 0xDD, 0xF5, 0xE5, 0xF5, 0xDD, 0x32, 0xC5,
    0x53, 0xCD, 0xF6, 0xE5, 0x57, 0xEE, 0xD9, 0xEE, 0x3B, 0xEF, 0x1B, 0xEF, 0x1B, 0xEF, 0x3B, 0xEF,
    0x3B, 0xEF, 0x3B, 0xEF, 0xFA, 0xE6, 0x98, 0xD6, 0x98, 0xD6, 0xB9, 0xDE, 0xB9, 0xD6, 0xB9, 0xD6,
    0xB9, 0xD6, 0xB9, 0xD6, 0xB9, 0xDE, 0xB9, 0xDE, 0xB9, 0xDE, 0xB9, 0xDE, 0xB9, 0xDE, 0xB9, 0xDE,
    0xB9, 0xDE, 0xB9, 0xDE, 0xB9, 0xDE, 0xB9, 0xDE, 0xB9, 0xDE, 0xB9, 0xDE, 0xB9, 0xD6, 0xB9, 0xD6,
    0xB9, 0xD6, 0xB8, 0xD6, 0xB8, 0xD6, 0xB8, 0xD6, 0xB8, 0xD6, 0xB8, 0xD6, 0x98, 0xD6, 0x98, 0xD6,
    0x98, 0xD6, 0x98, 0xD6, 0x98, 0xD6, 0x98, 0xD6, 0x98, 0xD6, 0x98, 0xD6, 0x98, 0xD6, 0x98, 0xD6,
    0x39, 0xC6, 0x18, 0xC6, 0x18, 0xC6, 0x18, 0xC6, 0x18, 0xC6, 0x18, 0xBE, 0x18, 0xBE, 0x18, 0xBE,
    0x18, 0xBE, 0x18, 0xBE, 0x18, 0xBE, 0x18, 0xBE, 0x18, 0xBE, 0x18, 0xBE, 0x18, 0xBE, 0x18, 0xC6,
    0x18, 0xC6, 0x18, 0xBE, 0x38, 0xBE, 0x38, 0xBE, 0x38, 0xBE, 0x38, 0xBE, 0x38, 0xBE, 0x18, 0xBE,
    0x18, 0xBE, 0x18, 0xC6, 0x18, 0xC6, 0x18, 0xC6, 0x18, 0xC6, 0x18, 0xC6, 0x18, 0xC6, 0x18, 0xC6,
    0x18, 0xC6, 0x18, 0xC6, 0x18, 0xC6, 0x18, 0xC6, 0x18, 0xC6, 0x18, 0xC6, 0x18, 0xC6, 0x18, 0xC6,
    0x18, 0xC6, 0x18, 0xC6, 0x18, 0xC6, 0xF7, 0xBD, 0xF7, 0xBD, 0xF7, 0xBD, 0xF7, 0xBD, 0xF7, 0xBD,
    0xF7, 0xBD, 0xF8, 0xBD, 0xF8, 0xBD, 0x18, 0xBE, 0x18, 0xBE, 0x18, 0xBE, 0x18, 0xBE, 0x18, 0xBE,
    0x18, 0xBE, 0x18, 0xBE, 0x18, 0xBE, 0x18, 0xBE, 0x18, 0xBE, 0x18, 0xBE, 0x18, 0xBE, 0x18, 0xBE,
    0x18, 0xBE, 0x18, 0xBE, 0x18, 0xBE, 0x18, 0xBE, 0xF8, 0xBD, 0x18, 0xBE, 0x18, 0xBE, 0x18, 0xBE,
    0x18, 0xBE, 0x18, 0xBE, 0x18, 0xC6, 0x18, 0xC6, 0x18, 0xC6, 0x18, 0xC6, 0x18, 0xC6, 0x18, 0xC6,
    0x18, 0xC6, 0x18, 0xC6, 0x18, 0xC6, 0x18, 0xC6, 0x18, 0xC6, 0x18, 0xC6, 0x18, 0xC6, 0x18, 0xC6,
    0x18, 0xC6, 0x18, 0xC6, 0x18, 0xC6, 0x18, 0xC6, 0x18, 0xC6, 0x18, 0xC6, 0x18, 0xC6, 0x38, 0xC6,
    0x18, 0xC6, 0x18, 0xC6, 0x38, 0xC6, 0x18, 0xC6, 0x18, 0xC6, 0x18, 0xC6, 0x18, 0xC6, 0x18, 0xC6,
    0x18, 0xC6, 0x18, 0xC6, 0x18, 0xC6, 0x18, 0xC6, 0x17, 0xC6, 0x17, 0xC6, 0x17, 0xC6, 0x17, 0xC6,
    0x17, 0xC6, 0x18, 0xC6, 0x18, 0xC6, 0x18, 0xC6, 0x18, 0xC6, 0x18, 0xC6, 0x18, 0xC6, 0x18, 0xC6,
    0x18, 0xC6, 0x18, 0xC6, 0x18, 0xC6, 0x18, 0xC6, 0x18, 0xC6, 0x18, 0xC6, 0x18, 0xC6, 0x18, 0xC6,
    0x18, 0xC6, 0x18, 0xC6, 0x18, 0xC6, 0x18, 0xC6, 0x18, 0xC6, 0x18, 0xC6, 0x18, 0xC6, 0x18, 0xC6,
    0x18, 0xC6, 0x18, 0xC6, 0x18, 0xC6, 0x18, 0xC6, 0x18, 0xC6, 0x18, 0xC6, 0x18, 0xC6, 0x18, 0xC6,
    0x18, 0xC6, 0x18, 0xC6, 0x18, 0xC6, 0x18, 0xC6, 0x18, 0xC6, 0x18, 0xC6, 0x18, 0xC6, 0x18, 0xC6,
    0x18, 0xC6, 0x18, 0xC6, 0x18, 0xC6, 0x18, 0xC6, 0x18, 0xC6, 0x18, 0xC6, 0x18, 0xC6, 0x18, 0xC6,
    0x18, 0xC6, 0x18, 0xC6, 0xF7, 0xBD, 0xF7, 0xBD, 0xF7, 0xBD, 0xF7, 0xBD, 0xF7, 0xBD, 0xF7, 0xBD,
    0xF7, 0xBD, 0xF7, 0xBD, 0xF7, 0xBD, 0xF7, 0xBD, 0xF7, 0xBD, 0xF7, 0xBD, 0xF7, 0xBD, 0xF7, 0xBD,
    0xF7, 0xBD, 0xF7, 0xBD, 0xF7, 0xBD, 0xF7, 0xBD, 0xF7, 0xBD, 0xF7, 0xBD, 0xF7, 0xBD, 0xF7, 0xBD,
    0xF7, 0xBD, 0xF7, 0xBD, 0xF7, 0xBD, 0xF7, 0xBD, 0x17, 0xBE, 0x17, 0xBE, 0x18, 0xBE, 0x18, 0xC6,
    0xBA, 0xD6, 0xDB, 0xDE, 0xDB, 0xDE, 0xDB, 0xDE, 0xDB, 0xDE, 0xDB, 0xD6, 0xDB, 0xD6, 0xBA, 0xD6,
    0xBA, 0xD6, 0xDA, 0xD6, 0xDA, 0xD6, 0xBA, 0xD6, 0xBA, 0xD6, 0x9A, 0xD6, 0x9A, 0xD6, 0x9A, 0xCE,
    0x79, 0xCE, 0x79, 0xCE, 0x79, 0xCE, 0x59, 0xCE, 0x59, 0xCE, 0x79, 0xCE, 0x79, 0xCE, 0x59, 0xCE,
    0x38, 0xC6, 0x58, 0xCE, 0x59, 0xCE, 0x99, 0xD6, 0xBA, 0xD6, 0xDA, 0xD6, 0xDA, 0xDE, 0xDA, 0xDE,
    0xDA, 0xDE, 0xDA, 0xDE, 0xDA, 0xDE, 0xDA, 0xDE, 0x78, 0xD6, 0x12, 0xA5, 0xEA, 0x62, 0x07, 0x4A,
    0x06, 0x4A, 0x47, 0x52, 0x47, 0x52, 0x48, 0x52, 0x47, 0x52, 0x47, 0x5A, 0x68, 0x5A, 0x68, 0x5A,
    0x67, 0x52, 0x68, 0x5A, 0x88, 0x5A, 0x88, 0x5A, 0xA8, 0x62, 0x88, 0x5A, 0x88, 0x5A, 0x88, 0x5A,
    0xA8, 0x62, 0x6C, 0x7B, 0xD5, 0xC5, 0x3A, 0xEF, 0x3A, 0xF7, 0xF9, 0xEE, 0xB9, 0xEE, 0x78, 0xE6,
    0x57, 0xE6, 0x37, 0xE6, 0x16, 0xE6, 0x16, 0xE6, 0xF6, 0xE5, 0xF5, 0xE5, 0x94, 0xD5, 0x12, 0xC5,
    0x32, 0xC5, 0x36, 0xEE, 0x78, 0xF6, 0x37, 0xEE, 0xF5, 0xE5, 0xF6, 0xE5, 0xD5, 0xDD, 0x53, 0xCD,
    0x53, 0xCD, 0x94, 0xD5, 0x78, 0xE6, 0xFA, 0xEE, 0x3B, 0xEF, 0x3B, 0xEF, 0x3B, 0xEF, 0x3B, 0xEF,
    0x3B, 0xEF, 0x5B, 0xEF, 0xFA, 0xE6, 0xB9, 0xDE, 0xB9, 0xD6, 0xB9, 0xD6, 0xB9, 0xD6, 0xB9, 0xD6,
    0xB9, 0xD6, 0xB9, 0xD6, 0xB9, 0xDE, 0xB9, 0xDE, 0xB9, 0xDE, 0xB9, 0xDE, 0xB9, 0xDE, 0xB9, 0xDE,
    0xB9, 0xDE, 0xB9, 0xDE, 0xB9, 0xDE, 0xB9, 0xDE, 0xB9, 0xDE, 0xB9, 0xDE, 0xB9, 0xD6, 0xB9, 0xD6,
    0xB9, 0xD6, 0xB9, 0xD6, 0xB9, 0xD6, 0xB9, 0xD6, 0xB9, 0xD6, 0xB9, 0xD6, 0xB9, 0xDE, 0xB9, 0xDE,
    0xB9, 0xDE, 0x98, 0xD6, 0x98, 0xD6, 0x98, 0xD6, 0x98, 0xD6, 0x98, 0xD6, 0x98, 0xD6, 0x98, 0xD6,
    0x39, 0xC6, 0x39, 0xC6, 0x18, 0xC6, 0x18, 0xC6, 0x18, 0xC6, 0x18, 0xBE, 0x18, 0xBE, 0x18, 0xBE,
    0x18, 0xBE, 0x18, 0xBE, 0x18, 0xBE, 0x18, 0xBE, 0x18, 0xBE, 0x18, 0xBE, 0x18, 0xC6, 0x18, 0xC6,
    0x18, 0xC6, 0x18, 0xBE, 0x38, 0xBE, 0x38, 0xBE, 0x38, 0xBE, 0x38, 0xBE, 0x38, 0xBE, 0x18, 0xBE,
    0x18, 0xBE, 0x18, 0xC6, 0x18, 0xC6, 0x18, 0xC6, 0x18, 0xC6, 0x18, 0xC6, 0x18, 0xC6, 0x18, 0xC6,
    0x18, 0xC6, 0x18, 0xC6, 0x18, 0xC6, 0x18, 0xC6, 0x18, 0xC6, 0x18, 0xC6, 0x18, 0xC6, 0x18, 0xC6,
    0x18, 0xC6, 0x18, 0xC6, 0x18, 0xC6, 0xF7, 0xBD, 0xF7, 0xBD, 0xF7, 0xBD, 0xF7, 0xBD, 0x18, 0xC6,
    0xF8, 0xBD, 0xF8, 0xBD, 0x18, 0xC6, 0x18, 0xBE, 0x18, 0xBE, 0x18, 0xBE, 0x18, 0xBE, 0x18, 0xBE,
    0x18, 0xBE, 0x18, 0xBE, 0x18, 0xBE, 0x18, 0xBE, 0x18, 0xC6, 0x18, 0xC6, 0x18, 0xBE, 0x18, 0xBE,
    0x18, 0xBE, 0x18, 0xBE, 0x18, 0xBE, 0x18, 0xBE, 0x18, 0xBE, 0x18, 0xC6, 0x18, 0xC6, 0x18, 0xC6,
    0x18, 0xC6, 0x18, 0xC6, 0x18, 0xC6, 0x18, 0xC6, 0x18, 0xC6, 0x18, 0xC6, 0x18, 0xC6, 0x18, 0xC6,
    0x18, 0xC6, 0x18, 0xC6, 0x18, 0xC6, 0x18, 0xC6, 0x18, 0xC6, 0x18, 0xC6, 0x18, 0xC6, 0x18, 0xC6,
    0x18, 0xC6, 0x18, 0xC6, 0x18, 0xC6, 0x18, 0xC6, 0x18, 0xC6, 0x18, 0xC6, 0x38, 0xC6, 0x38, 0xC6,
    0x38, 0xC6, 0x38, 0xC6, 0x38, 0xC6, 0x38, 0xC6, 0x38, 0xC6, 0x38, 0xC6, 0x38, 0xC6, 0x18, 0xC6,
    0x18, 0xC6, 0x18, 0xC6, 0x18, 0xC6, 0x18, 0xC6, 0x17, 0xC6, 0x17, 0xC6, 0x17, 0xC6, 0x17, 0xC6,
    0x17, 0xC6, 0x18, 0xC6, 0x18, 0xC6, 0x18, 0xC6, 0x18, 0xC6, 0x18, 0xC6, 0x18, 0xC6, 0x18, 0xC6,
    0x18, 0xC6, 0x18, 0xC6, 0x18, 0xC6, 0x18, 0xC6, 0x18, 0xC6, 0x18, 0xC6, 0x18, 0xC6, 0x18, 0xC6,
    0x18, 0xC6, 0x18, 0xC6, 0x18, 0xC6, 0x18, 0xC6, 0x18, 0xC6, 0x18, 0xC6, 0x18, 0xC6, 0x18, 0xC6,
    0x18, 0xC6, 0x18, 0xC6, 0x18, 0xC6, 0x18, 0xC6, 0x18, 0xC6, 0x18, 0xC6, 0x18, 0xC6, 0x18, 0xC6,
    0x18, 0xC6, 0x18, 0xC6, 0x18, 0xC6, 0x18, 0xC6, 0x18, 0xC6, 0x18, 0xC6, 0x18, 0xC6, 0x18, 0xC6,
    0x18, 0xC6, 0x18, 0xC6, 0x18, 0xC6, 0x18, 0xC6, 0x18, 0xC6, 0x18, 0xC6, 0x18, 0xC6, 0x18, 0xC6,
    0x18, 0xC6, 0x18, 0xC6, 0xF7, 0xBD, 0xF7, 0xBD, 0xF7, 0xBD, 0xF7, 0xBD, 0xF7, 0xBD, 0xF7, 0xBD,
    0xF7, 0xBD, 0xF7, 0xBD, 0xF7, 0xBD, 0xF7, 0xBD, 0xF7, 0xBD, 0xF7, 0xBD, 0xF7, 0xBD, 0xF7, 0xBD,
    0xF7, 0xBD, 0xF7, 0xBD, 0xF7, 0xBD, 0xF7, 0xBD, 0xF7, 0xBD, 0xF7, 0xBD, 0xF7, 0xBD, 0xF7, 0xBD,
    0xF7, 0xBD, 0xF7, 0xBD, 0xF7, 0xBD, 0xF7, 0xBD, 0x17, 0xBE, 0x17, 0xBE, 0xF8, 0xBD, 0x18, 0xBE,
    0xBA, 0xD6, 0xDB, 0xDE, 0xDB, 0xDE, 0xDB, 0xDE, 0xDB, 0xDE, 0xDB, 0xD6, 0xDB, 0xD6, 0xDA, 0xD6,
    0xDA, 0xD6, 0xDA, 0xD6, 0xDA, 0xD6, 0xBA, 0xD6, 0xBA, 0xD6, 0x9A, 0xD6, 0x9A, 0xD6, 0x9A, 0xCE,
    0x79, 0xCE, 0x79, 0xCE, 0x79, 0xCE, 0x79, 0xCE, 0x59, 0xCE, 0x79, 0xCE, 0x79, 0xCE, 0x79, 0xCE,
    0x59, 0xCE, 0x59, 0xCE, 0x79, 0xCE, 0xB9, 0xD6, 0xDA, 0xD6, 0xDA, 0xDE, 0xD9, 0xDE, 0xD9, 0xDE,
    0xDA, 0xDE, 0x1A, 0xE7, 0x1A, 0xE7, 0x57, 0xCE, 0x90, 0x94, 0x0A, 0x63, 0xE6, 0x41, 0x06, 0x4A,
    0x06, 0x4A, 0x06, 0x4A, 0x07, 0x4A, 0x27, 0x52, 0x47, 0x52, 0x47, 0x52, 0x68, 0x5A, 0x68, 0x5A,
    0x68, 0x5A, 0x88, 0x5A, 0xA8, 0x62, 0x88, 0x62, 0xA8, 0x62, 0x88, 0x5A, 0x88, 0x5A, 0x88, 0x5A,
    0x68, 0x5A, 0x4B, 0x73, 0x94, 0xBD, 0x1A, 0xEF, 0xFA, 0xEE, 0xB9, 0xE6, 0x78, 0xE6, 0x57, 0xE6,
    0x57, 0xE6, 0x37, 0xE6, 0x37, 0xE6, 0x57, 0xEE, 0x37, 0xEE, 0x57, 0xEE, 0x77, 0xEE, 0xD5, 0xDD,
    0xB4, 0xD5, 0x57, 0xEE, 0x57, 0xEE, 0x36, 0xEE, 0x57, 0xEE, 0x57, 0xEE, 0x57, 0xEE, 0x16, 0xE6,
    0x57, 0xE6, 0x94, 0xCD, 0x17, 0xDE, 0xFA, 0xEE, 0x5B, 0xEF, 0x5B, 0xEF, 0x5C, 0xEF, 0x5B, 0xEF,
    0x5B, 0xEF, 0x5B, 0xEF, 0xD9, 0xDE, 0xB9, 0xD6, 0xB9, 0xDE, 0xB9, 0xDE, 0xD9, 0xDE, 0xD9, 0xDE,
    0xD9, 0xDE, 0xD9, 0xDE, 0xB9, 0xDE, 0xB9, 0xDE, 0xB9, 0xDE, 0xB9, 0xDE, 0xB9, 0xDE, 0xB9, 0xDE,
    0xB9, 0xDE, 0xB9, 0xDE, 0xB9, 0xDE, 0xB9, 0xDE, 0xB9, 0xDE, 0xB9, 0xDE, 0xB9, 0xD6, 0xB9, 0xD6,
    0xB9, 0xD6, 0xB9, 0xD6, 0xB9, 0xD6, 0xB9, 0xD6, 0xB9, 0xD6, 0xB9, 0xD6, 0xB9, 0xDE, 0xB9, 0xDE,
    0xB9, 0xDE, 0x98, 0xD6, 0x98, 0xD6, 0x98, 0xD6, 0x98, 0xD6, 0x98, 0xD6, 0x98, 0xD6, 0x98, 0xD6,
    0x39, 0xC6, 0x39, 0xC6, 0x38, 0xC6, 0x38, 0xC6, 0x18, 0xC6, 0x18, 0xBE, 0x18, 0xBE, 0x18, 0xBE,
    0x18, 0xBE, 0x18, 0xBE, 0x18, 0xBE, 0x18, 0xBE, 0x18, 0xBE, 0x18, 0xBE, 0x18, 0xC6, 0x18, 0xC6,
    0x18, 0xC6, 0x18, 0xBE, 0x38, 0xC6, 0x38, 0xC6, 0x38, 0xC6, 0x38, 0xC6, 0x38, 0xC6, 0x18, 0xBE,
    0x18, 0xBE, 0x18, 0xC6, 0x18, 0xC6, 0x18, 0xC6, 0x18, 0xC6, 0x18, 0xC6, 0x18, 0xC6, 0x18, 0xC6,
    0x18, 0xC6, 0x18, 0xC6, 0x18, 0xC6, 0x18, 0xC6, 0x18, 0xC6, 0x18, 0xC6, 0x18, 0xC6, 0x18, 0xC6,
    0x18, 0xC6, 0x18, 0xC6, 0x18, 0xC6, 0x18, 0xC6, 0xF7, 0xBD, 0xF7, 0xBD, 0x17, 0xBE, 0x17, 0xC6,
    0x18, 0xBE, 0x18, 0xBE, 0x18, 0xC6, 0x18, 0xC6, 0x18, 0xBE, 0x18, 0xBE, 0x18, 0xBE, 0x18, 0xBE,
    0x18, 0xBE, 0x18, 0xBE, 0x18, 0xBE, 0x18, 0xBE, 0x18, 0xC6, 0x18, 0xC6, 0x18, 0xBE, 0x18, 0xBE,
    0x18, 0xBE, 0x18, 0xBE, 0x18, 0xBE, 0x18, 0xBE, 0x18, 0xBE, 0x18, 0xC6, 0x18, 0xC6, 0x18, 0xC6,
    0x18, 0xC6, 0x18, 0xC6, 0x18, 0xC6, 0x18, 0xC6, 0x18, 0xC6, 0x18, 0xC6, 0x18, 0xC6, 0x18, 0xC6,
    0x18, 0xC6, 0x18, 0xC6, 0x18, 0xC6, 0x18, 0xC6, 0x18, 0xC6, 0x18, 0xC6, 0x18, 0xC6, 0x18, 0xC6,
    0x18, 0xC6, 0x18, 0xC6, 0x18, 0xC6, 0x18, 0xC6, 0x18, 0xC6, 0x18, 0xC6, 0x38, 0xC6, 0x38, 0xC6,
    0x38, 0xC6, 0x38, 0xC6, 0x38, 0xC6, 0x38, 0xC6, 0x38, 0xC6, 0x38, 0xC6, 0x38, 0xC6, 0x18, 0xC6,
    0x18, 0xC6, 0x18, 0xC6, 0x18, 0xC6, 0x18, 0xC6, 0x18, 0xC6, 0x18, 0xC6, 0x18, 0xC6, 0x18, 0xC6,
    0x18, 0xC6, 0x18, 0xC6, 0x18, 0xC6, 0x18, 0xC6, 0x18, 0xC6, 0x18, 0xC6, 0x18, 0xC6, 0x18, 0xC6,
    0x18, 0xC6, 0x18, 0xC6, 0x18, 0xC6, 0x18, 0xC6, 0x18, 0xC6, 0x18, 0xC6, 0x18, 0xC6, 0x18, 0xC6,
    0x18, 0xC6, 0x18, 0xC6, 0x18, 0xC6, 0x18, 0xC6, 0x18, 0xC6, 0x18, 0xC6, 0x18, 0xC6, 0x18, 0xC6,
    0x18, 0xC6, 0x18, 0xC6, 0x18, 0xC6, 0x18, 0xC6, 0x18, 0xC6, 0x18, 0xC6, 0x18, 0xC6, 0x18, 0xC6,
    0x18, 0xC6, 0x18, 0xC6, 0x18, 0xC6, 0x18, 0xC6, 0x18, 0xC6, 0x18, 0xC6, 0x18, 0xC6, 0x18, 0xC6,
    0x18, 0xC6, 0x18, 0xC6, 0x18, 0xC6, 0x18, 0xC6, 0x18, 0xC6, 0x18, 0xC6, 0x18, 0xC6, 0x18, 0xC6,
    0x18, 0xC6, 0x18, 0xC6, 0xF7, 0xBD, 0xF7, 0xBD, 0xF7, 0xBD, 0xF7, 0xBD, 0xF7, 0xBD, 0xF7, 0xBD,
    0xF7, 0xBD, 0xF7, 0xBD, 0xF7, 0xBD, 0xF7, 0xBD, 0xF7, 0xBD, 0xF7, 0xBD, 0xF7, 0xBD, 0xF7, 0xBD,
    0xF7, 0xBD, 0xF7, 0xBD, 0xF7, 0xBD, 0xF7, 0xBD, 0xF7, 0xBD, 0xF7, 0xBD, 0x17, 0xBE, 0x17, 0xBE,
    0x17, 0xBE, 0x17, 0xBE, 0x17, 0xBE, 0x17, 0xBE, 0x17, 0xBE, 0x17, 0xBE, 0xF8, 0xBD, 0xF8, 0xBD,
    0xBB, 0xD6, 0xFB, 0xDE, 0xDB, 0xDE, 0xDB, 0xDE, 0xDB, 0xDE, 0xDB, 0xDE, 0xDB, 0xD6, 0xDA, 0xD6,
    0xDA, 0xD6, 0xDA, 0xD6, 0xDA, 0xD6, 0xBA, 0xD6, 0xBA, 0xD6, 0x9A, 0xD6, 0x9A, 0xD6, 0x99, 0xCE,
    0x79, 0xCE, 0x79, 0xCE, 0x79, 0xCE, 0x79, 0xCE, 0x59, 0xCE, 0x79, 0xCE, 0x79, 0xCE, 0x79, 0xCE,
    0x79, 0xCE, 0x79, 0xCE, 0x9A, 0xD6, 0xBA, 0xD6, 0xBA, 0xD6, 0xD9, 0xDE, 0xD9, 0xDE, 0xD9, 0xDE,
    0xFA, 0xDE, 0xFA, 0xE6, 0xB9, 0xDE, 0x53, 0xAD, 0xEA, 0x62, 0x06, 0x42, 0xE6, 0x41, 0x06, 0x4A,
    0xE6, 0x49, 0xC6, 0x41, 0xE6, 0x49, 0x07, 0x4A, 0x27, 0x52, 0x47, 0x52, 0x67, 0x52, 0x67, 0x5A,
    0x88, 0x5A, 0xA8, 0x5A, 0xA8, 0x62, 0xA9, 0x62, 0xA9, 0x62, 0xA8, 0x62, 0xA9, 0x62, 0xA8, 0x5A,
    0x88, 0x5A, 0x6B, 0x73, 0x94, 0xBD, 0xF9, 0xE6, 0xF9, 0xEE, 0xB9, 0xE6, 0x98, 0xE6, 0x57, 0xE6,
    0x37, 0xE6, 0x78, 0xEE, 0x78, 0xEE, 0x36, 0xE6, 0x57, 0xEE, 0x57, 0xEE, 0x77, 0xEE, 0x56, 0xEE,
    0xF5, 0xE5, 0xF5, 0xE5, 0xF5, 0xE5, 0x16, 0xE6, 0x78, 0xF6, 0x77, 0xEE, 0x57, 0xEE, 0x36, 0xE6,
    0x36, 0xE6, 0x73, 0xC5, 0x57, 0xDE, 0x3A, 0xEF, 0x5B, 0xEF, 0x5B, 0xE7, 0x5B, 0xE7, 0x3B, 0xEF,
    0x5B, 0xEF, 0x3B, 0xEF, 0x98, 0xD6, 0xB9, 0xDE, 0xD9, 0xDE, 0xB9, 0xDE, 0xD9, 0xDE, 0xD9, 0xDE,
    0xD9, 0xDE, 0xD9, 0xDE, 0xB9, 0xDE, 0xB9, 0xDE, 0xB9, 0xDE, 0xB9, 0xDE, 0xB9, 0xDE, 0xB9, 0xDE,
    0xB9, 0xDE, 0xB9, 0xDE, 0xB9, 0xDE, 0xB9, 0xDE, 0xB9, 0xDE, 0xB9, 0xDE, 0xB9, 0xD6, 0xB9, 0xD6,
    0xB9, 0xDE, 0xB9, 0xDE, 0xB9, 0xDE, 0xB9, 0xDE, 0xB9, 0xDE, 0xB9, 0xDE, 0xB9, 0xDE, 0xB9, 0xDE,
    0xB9, 0xDE, 0x98, 0xD6, 0x98, 0xD6, 0x98, 0xD6, 0x98, 0xD6, 0x98, 0xD6, 0x98, 0xD6, 0x98, 0xD6,
    0x38, 0xC6, 0x38, 0xBE, 0x38, 0xBE, 0x38, 0xC6, 0x38, 0xBE, 0x38, 0xBE, 0x38, 0xBE, 0x18, 0xBE,
    0x18, 0xBE, 0x18, 0xBE, 0x18, 0xBE, 0x18, 0xBE, 0x18, 0xBE, 0x18, 0xC6, 0x18, 0xC6, 0x18, 0xC6,
    0x18, 0xC6, 0x18, 0xC6, 0x18, 0xC6, 0x18, 0xC6, 0x18, 0xC6, 0x18, 0xC6, 0x18, 0xC6, 0x18, 0xC6,
    0x18, 0xC6, 0x18, 0xC6, 0x18, 0xC6, 0x38, 0xC6, 0x18, 0xC6, 0x18, 0xC6, 0x38, 0xC6, 0x18, 0xC6,
    0x18, 0xC6, 0x18, 0xC6, 0x18, 0xC6, 0x18, 0xC6, 0x18, 0xC6, 0x18, 0xC6, 0x38, 0xC6, 0x18, 0xC6,
    0x18, 0xC6, 0x38, 0xC6, 0x38, 0xC6, 0x38, 0xC6, 0x18, 0xC6, 0x18, 0xC6, 0x18, 0xC6, 0x18, 0xBE,
    0x18, 0xC6, 0x18, 0xC6, 0x18, 0xC6, 0x18, 0xBE, 0x18, 0xBE, 0x38, 0xBE, 0x18, 0xBE, 0x18, 0xBE,
    0x18, 0xBE, 0x18, 0xBE, 0x18, 0xBE, 0x18, 0xC6, 0x18, 0xC6, 0x18, 0xC6, 0x18, 0xC6, 0x18, 0xC6,
    0x18, 0xC6, 0x18, 0xBE, 0x18, 0xBE, 0x18, 0xBE, 0x18, 0xBE, 0x18, 0xBE, 0x18, 0xC6, 0x18, 0xC6,
    0x18, 0xC6, 0x18, 0xC6, 0x18, 0xC6, 0x18, 0xC6, 0x18, 0xC6, 0x18, 0xC6, 0x18, 0xC6, 0x18, 0xC6,
    0x18, 0xC6, 0x18, 0xC6, 0x18, 0xC6, 0x18, 0xC6, 0x18, 0xC6, 0x18, 0xC6, 0x18, 0xC6, 0x18, 0xC6,
    0x18, 0xC6, 0x18, 0xC6, 0x18, 0xC6, 0x18, 0xC6, 0x18, 0xC6, 0x18, 0xC6, 0x38, 0xC6, 0x38, 0xC6,
    0x38, 0xC6, 0x38, 0xC6, 0x38, 0xC6, 0x38, 0xC6, 0x38, 0xC6, 0x38, 0xC6, 0x38, 0xC6, 0x38, 0xC6,
    0x38, 0xC6, 0x38, 0xC6, 0x38, 0xC6, 0x38, 0xC6, 0x18, 0xC6, 0x18, 0xC6, 0x18, 0xC6, 0x18, 0xC6,
    0x18, 0xC6, 0x18, 0xC6, 0x18, 0xC6, 0x18, 0xC6, 0x18, 0xC6, 0x18, 0xC6, 0x38, 0xC6, 0x18, 0xC6,
    0x18, 0xC6, 0x18, 0xC6, 0x18, 0xC6, 0x18, 0xC6, 0x18, 0xC6, 0x18, 0xC6, 0x18, 0xC6, 0x18, 0xC6,
    0x18, 0xC6, 0x18, 0xC6, 0x18, 0xC6, 0x18, 0xC6, 0x18, 0xC6, 0x18, 0xC6, 0x18, 0xC6, 0x18, 0xC6,
    0x18, 0xC6, 0x18, 0xC6, 0x18, 0xC6, 0x18, 0xC6, 0x18, 0xC6, 0x18, 0xC6, 0x18, 0xC6, 0x18, 0xC6,
    0x18, 0xC6, 0x18, 0xC6, 0x18, 0xC6, 0x17, 0xC6, 0x18, 0xC6, 0x18, 0xC6, 0x18, 0xC6, 0x18, 0xC6,
    0x18, 0xC6, 0x18, 0xC6, 0x18, 0xC6, 0x18, 0xC6, 0x18, 0xC6, 0x18, 0xC6, 0x18, 0xC6, 0x18, 0xC6,
    0x18, 0xC6, 0x18, 0xC6, 0x18, 0xC6, 0x18, 0xC6, 0x18, 0xC6, 0x18, 0xC6, 0x18, 0xC6, 0x18, 0xC6,
    0x18, 0xC6, 0x18, 0xC6, 0x18, 0xC6, 0x18, 0xC6, 0x18, 0xC6, 0x18, 0xC6, 0x18, 0xC6, 0x18, 0xC6,
    0x18, 0xC6, 0x18, 0xC6, 0x18, 0xC6, 0x18, 0xC6, 0x18, 0xC6, 0x18, 0xC6, 0x17, 0xC6, 0x17, 0xC6,
    0x17, 0xC6, 0x17, 0xC6, 0x17, 0xC6, 0x17, 0xC6, 0x18, 0xC6, 0x18, 0xC6, 0xF7, 0xBD, 0xF7, 0xBD,
    0xDB, 0xDE, 0x1C, 0xE7, 0xDB, 0xDE, 0xFB, 0xDE, 0xFB, 0xDE, 0xDB, 0xDE, 0xDB, 0xDE, 0xDA, 0xD6,
    0xDA, 0xD6, 0xDA, 0xD6, 0xDA, 0xD6, 0xBA, 0xD6, 0xBA, 0xD6, 0x9A, 0xD6, 0x9A, 0xD6, 0x99, 0xD6,
    0x79, 0xCE, 0x79, 0xCE, 0x79, 0xCE, 0x59, 0xCE, 0x59, 0xCE, 0x79, 0xCE, 0x79, 0xCE, 0x59, 0xCE,
    0x79, 0xCE, 0x79, 0xCE, 0x9A, 0xD6, 0xBA, 0xD6, 0xBA, 0xDE, 0xB9, 0xDE, 0xD9, 0xDE, 0xD9, 0xDE,
    0xFA, 0xE6, 0x57, 0xCE, 0xF2, 0xA4, 0x6C, 0x73, 0x27, 0x4A, 0xE6, 0x41, 0x26, 0x4A, 0x06, 0x4A,
    0x06, 0x4A, 0xE6, 0x49, 0x06, 0x4A, 0x27, 0x52, 0x27, 0x52, 0x47, 0x52, 0x68, 0x5A, 0x68, 0x5A,
    0xA8, 0x5A, 0xC9, 0x62, 0xE9, 0x62, 0xE9, 0x6A, 0xE9, 0x6A, 0xE9, 0x62, 0xEA, 0x6A, 0xE9, 0x6A,
    0xC9, 0x62, 0x8C, 0x7B, 0x94, 0xBD, 0x1A, 0xEF, 0x1A, 0xEF, 0xF9, 0xEE, 0xB8, 0xE6, 0x57, 0xE6,
    0xF6, 0xDD, 0x57, 0xEE, 0x57, 0xEE, 0x57, 0xEE, 0x78, 0xEE, 0x37, 0xE6, 0x36, 0xE6, 0x77, 0xEE,
    0x56, 0xEE, 0xD5, 0xDD, 0xD5, 0xDD, 0x16, 0xE6, 0x57, 0xEE, 0x57, 0xF6, 0x37, 0xEE, 0x16, 0xE6,
    0x16, 0xDE, 0xB4, 0xCD, 0xD9, 0xEE, 0x5B, 0xF7, 0xFA, 0xE6, 0xFA, 0xDE, 0xFA, 0xE6, 0x1A, 0xE7,
    0x3B, 0xEF, 0x1A, 0xE7, 0x78, 0xD6, 0xD9, 0xDE, 0xD9, 0xDE, 0xB9, 0xDE, 0xD9, 0xDE, 0xD9, 0xDE,
    0xB9, 0xDE, 0xD9, 0xDE, 0xD9, 0xDE, 0xB9, 0xDE, 0xB9, 0xDE, 0xB9, 0xDE, 0xB9, 0xDE, 0xB9, 0xDE,
    0xB9, 0xDE, 0xB9, 0xDE, 0xB9, 0xDE, 0xB9, 0xDE, 0xB9, 0xDE, 0xB9, 0xDE, 0xB9, 0xDE, 0xB9, 0xDE,
    0xB9, 0xDE, 0xB9, 0xDE, 0xB9, 0xDE, 0xB9, 0xDE, 0xB9, 0xDE, 0xB9, 0xDE, 0xB9, 0xDE, 0xB9, 0xDE,
    0xB9, 0xDE, 0x98, 0xD6, 0x98, 0xD6, 0x98, 0xD6, 0x98, 0xD6, 0x98, 0xD6, 0x98, 0xD6, 0x98, 0xD6,
    0x38, 0xC6, 0x38, 0xC6, 0x38, 0xC6, 0x38, 0xC6, 0x38, 0xC6, 0x38, 0xBE, 0x38, 0xBE, 0x18, 0xBE,
    0x38, 0xBE, 0x38, 0xBE, 0x38, 0xBE, 0x18, 0xC6, 0x18, 0xC6, 0x18, 0xC6, 0x18, 0xC6, 0x38, 0xC6,
    0x38, 0xC6, 0x18, 0xC6, 0x18, 0xC6, 0x18, 0xC6, 0x18, 0xC6, 0x18, 0xC6, 0x18, 0xC6, 0x18, 0xC6,
    0x18, 0xC6, 0x18, 0xC6, 0x18, 0xC6, 0x38, 0xC6, 0x38, 0xC6, 0x38, 0xC6, 0x38, 0xC6, 0x38, 0xC6,
    0x38, 0xC6, 0x38, 0xC6, 0x18, 0xC6, 0x18, 0xC6, 0x18, 0xC6, 0x38, 0xC6, 0x38, 0xC6, 0x38, 0xC6,
    0x38, 0xC6, 0x38, 0xC6, 0x38, 0xC6, 0x38, 0xC6, 0x38, 0xC6, 0x38, 0xC6, 0x38, 0xC6, 0x38, 0xC6,
    0x18, 0xC6, 0x18, 0xC6, 0x18, 0xC6, 0x38, 0xBE, 0x38, 0xBE, 0x38, 0xBE, 0x18, 0xBE, 0x18, 0xBE,
    0x18, 0xBE, 0x18, 0xBE, 0x18, 0xBE, 0x18, 0xC6, 0x18, 0xC6, 0x18, 0xC6, 0x18, 0xC6, 0x18, 0xC6,
    0x18, 0xC6, 0x18, 0xC6, 0x18, 0xC6, 0x18, 0xC6, 0x18, 0xC6, 0x18, 0xC6, 0x18, 0xC6, 0x18, 0xC6,
    0x18, 0xC6, 0x18, 0xC6, 0x18, 0xC6, 0x18, 0xC6, 0x18, 0xC6, 0x18, 0xC6, 0x18, 0xC6, 0x18, 0xC6,
    0x18, 0xC6, 0x18, 0xC6, 0x18, 0xC6, 0x18, 0xC6, 0x18, 0xC6, 0x18, 0xC6, 0x18, 0xC6, 0x18, 0xC6,
    0x18, 0xC6, 0x18, 0xC6, 0x18, 0xC6, 0x18, 0xC6, 0x18, 0xC6, 0x18, 0xC6, 0x38, 0xC6, 0x38, 0xC6,
    0x38, 0xC6, 0x38, 0xC6, 0x38, 0xC6, 0x38, 0xC6, 0x38, 0xC6, 0x38, 0xC6, 0x38, 0xC6, 0x38, 0xC6,
    0x38, 0xC6, 0x38, 0xC6, 0x38, 0xC6, 0x38, 0xC6, 0x18, 0xC6, 0x18, 0xC6, 0x38, 0xC6, 0x38, 0xC6,
    0x38, 0xC6, 0x38, 0xC6, 0x38, 0xC6, 0x38, 0xC6, 0x38, 0xC6, 0x38, 0xC6, 0x38, 0xC6, 0x38, 0xC6,
    0x38, 0xC6, 0x18, 0xC6, 0x18, 0xC6, 0x18, 0xC6, 0x18, 0xC6, 0x18, 0xC6, 0x18, 0xC6, 0x38, 0xC6,
    0x18, 0xC6, 0x18, 0xC6, 0x18, 0xC6, 0x18, 0xC6, 0x38, 0xC6, 0x38, 0xC6, 0x38, 0xC6, 0x38, 0xC6,
    0x38, 0xC6, 0x38, 0xC6, 0x38, 0xC6, 0x38, 0xC6, 0x38, 0xC6, 0x38, 0xC6, 0x38, 0xC6, 0x38, 0xC6,
    0x38, 0xC6, 0x18, 0xC6, 0x18, 0xC6, 0x18, 0xC6, 0x18, 0xC6, 0x18, 0xC6, 0x18, 0xC6, 0x18, 0xC6,
    0x18, 0xC6, 0x18, 0xC6, 0x18, 0xC6, 0x18, 0xC6, 0x18, 0xC6, 0x18, 0xC6, 0x18, 0xC6, 0x18, 0xC6,
    0x18, 0xC6, 0x18, 0xC6, 0x18, 0xC6, 0x18, 0xC6, 0x18, 0xC6, 0x18, 0xC6, 0x18, 0xC6, 0x18, 0xC6,
    0x18, 0xC6, 0x18, 0xC6, 0x18, 0xC6, 0x18, 0xC6, 0x18, 0xC6, 0x18, 0xC6, 0x18, 0xC6, 0x18, 0xC6,
    0x18, 0xC6, 0x18, 0xC6, 0x18, 0xC6, 0x18, 0xC6, 0x18, 0xC6, 0x18, 0xC6, 0x17, 0xC6, 0x17, 0xC6,
    0x17, 0xC6, 0x17, 0xC6, 0x17, 0xC6, 0x17, 0xC6, 0x18, 0xC6, 0x18, 0xC6, 0xF7, 0xBD, 0xF7, 0xBD,
    0xDB, 0xDE, 0x1C, 0xE7, 0xFB, 0xDE, 0xFB, 0xDE, 0xFB, 0xDE, 0xFB, 0xDE, 0xDB, 0xDE, 0xDA, 0xD6,
    0xDA, 0xD6, 0xDA, 0xD6, 0xDA, 0xD6, 0xBA, 0xD6, 0xBA, 0xD6, 0x9A, 0xD6, 0x9A, 0xD6, 0x99, 0xD6,
    0x79, 0xCE, 0x79, 0xCE, 0x79, 0xCE, 0x79, 0xCE, 0x79, 0xCE, 0x79, 0xCE, 0x79, 0xCE, 0x79, 0xCE,
    0x79, 0xCE, 0x79, 0xCE, 0x9A, 0xD6, 0xBA, 0xD6, 0xBA, 0xD6, 0xB9, 0xD6, 0xB9, 0xD6, 0xD9, 0xDE,
    0xD9, 0xDE, 0x53, 0xAD, 0x0A, 0x63, 0x27, 0x4A, 0xC5, 0x39, 0xE6, 0x41, 0x06, 0x4A, 0x06, 0x4A,
    0x06, 0x4A, 0xE6, 0x49, 0x06, 0x4A, 0x27, 0x4A, 0x27, 0x52, 0x67, 0x52, 0x88, 0x5A, 0xA9, 0x62,
    0xC9, 0x62, 0xE9, 0x6A, 0x0A, 0x6B, 0x0A, 0x6B, 0x0A, 0x6B, 0x0A, 0x6B, 0x0A, 0x6B, 0x0A, 0x6B,
    0xA9, 0x62, 0x2A, 0x6B, 0x53, 0xB5, 0x5B, 0xF7, 0x3B, 0xF7, 0xB8, 0xE6, 0x78, 0xE6, 0x16, 0xDE,
    0xF6, 0xDD, 0x37, 0xE6, 0x16, 0xE6, 0x57, 0xEE, 0x98, 0xF6, 0x16, 0xE6, 0x15, 0xE6, 0x57, 0xEE,
    0x77, 0xEE, 0xD5, 0xDD, 0xB5, 0xDD, 0x16, 0xE6, 0x36, 0xEE, 0x57, 0xF6, 0x16, 0xE6, 0xD5, 0xDD,
    0x16, 0xDE, 0xF6, 0xD5, 0xFA, 0xEE, 0x5B, 0xF7, 0x3B, 0xEF, 0x3B, 0xE7, 0x3B, 0xE7, 0x3B, 0xEF,
    0x7C, 0xEF, 0xD9, 0xDE, 0x78, 0xD6, 0xFA, 0xDE, 0xD9, 0xDE, 0xD9, 0xDE, 0xD9, 0xDE, 0xD9, 0xDE,
    0xD9, 0xDE, 0xD9, 0xDE, 0xD9, 0xDE, 0xD9, 0xDE, 0xB9, 0xDE, 0xB9, 0xDE, 0xB9, 0xDE, 0xB9, 0xDE,
    0xB9, 0xDE, 0xB9, 0xDE, 0xB9, 0xDE, 0xB9, 0xDE, 0xB9, 0xDE, 0xB9, 0xDE, 0xB9, 0xDE, 0xB9, 0xDE,
    0xB9, 0xDE, 0xB9, 0xDE, 0xB9, 0xDE, 0xB9, 0xDE, 0xB9, 0xDE, 0xB9, 0xDE, 0xB9, 0xDE, 0xB9, 0xDE,
    0xB9, 0xDE, 0x98, 0xD6, 0x98, 0xD6, 0x98, 0xD6, 0x98, 0xD6, 0x98, 0xD6, 0x98, 0xD6, 0x98, 0xD6,
    0x59, 0xC6, 0x59, 0xC6, 0x39, 0xC6, 0x38, 0xC6, 0x38, 0xC6, 0x38, 0xBE, 0x38, 0xBE, 0x18, 0xBE,
    0x18, 0xBE, 0x18, 0xBE, 0x18, 0xBE, 0x18, 0xC6, 0x18, 0xC6, 0x18, 0xC6, 0x18, 0xC6, 0x18, 0xC6,
    0x18, 0xC6, 0x18, 0xC6, 0x18, 0xC6, 0x18, 0xC6, 0x18, 0xC6, 0x18, 0xC6, 0x18, 0xC6, 0x18, 0xC6,
    0x18, 0xC6, 0x18, 0xC6, 0x18, 0xC6, 0x38, 0xC6, 0x38, 0xC6, 0x38, 0xC6, 0x38, 0xC6, 0x38, 0xC6,
    0x38, 0xC6, 0x18, 0xC6, 0x18, 0xC6, 0x18, 0xC6, 0x18, 0xC6, 0x38, 0xC6, 0x38, 0xC6, 0x38, 0xC6,
    0x38, 0xC6, 0x38, 0xC6, 0x38, 0xC6, 0x38, 0xC6, 0x38, 0xC6, 0x38, 0xC6, 0x38, 0xC6, 0x38, 0xC6,
    0x38, 0xC6, 0x38, 0xC6, 0x38, 0xC6, 0x38, 0xC6, 0x38, 0xC6, 0x38, 0xC6, 0x18, 0xC6, 0x18, 0xBE,
    0x18, 0xBE, 0x18, 0xBE, 0x18, 0xC6, 0x18, 0xC6, 0x18, 0xC6, 0x18, 0xC6, 0x18, 0xC6, 0x18, 0xC6,
    0x18, 0xC6, 0x18, 0xC6, 0x18, 0xC6, 0x18, 0xC6, 0x18, 0xC6, 0x18, 0xC6, 0x18, 0xC6, 0x18, 0xC6,
    0x18, 0xC6, 0x18, 0xC6, 0x18, 0xC6, 0x18, 0xC6, 0x18, 0xC6, 0x18, 0xC6, 0x18, 0xC6, 0x18, 0xC6,
    0x18, 0xC6, 0x18, 0xC6, 0x18, 0xC6, 0x18, 0xC6, 0x18, 0xC6, 0x18, 0xC6, 0x18, 0xC6, 0x18, 0xC6,
    0x18, 0xC6, 0x18, 0xC6, 0x18, 0xC6, 0x18, 0xC6, 0x18, 0xC6, 0x18, 0xC6, 0x18, 0xC6, 0x38, 0xC6,
    0x38, 0xC6, 0x38, 0xC6, 0x38, 0xC6, 0x38, 0xC6, 0x38, 0xC6, 0x38, 0xC6, 0x38, 0xC6, 0x38, 0xC6,
    0x38, 0xC6, 0x38, 0xC6, 0x38, 0xC6, 0x38, 0xC6, 0x18, 0xC6, 0x38, 0xC6, 0x38, 0xC6, 0x38, 0xC6,
    0x38, 0xC6, 0x38, 0xC6, 0x38, 0xC6, 0x38, 0xC6, 0x38, 0xC6, 0x38, 0xC6, 0x38, 0xC6, 0x38, 0xC6,
    0x38, 0xC6, 0x38, 0xC6, 0x18, 0xC6, 0x18, 0xC6, 0x18, 0xC6, 0x18, 0xC6, 0x38, 0xC6, 0x38, 0xC6,
    0x18, 0xC6, 0x18, 0xC6, 0x18, 0xC6, 0x18, 0xC6, 0x38, 0xC6, 0x38, 0xC6, 0x38, 0xC6, 0x38, 0xC6,
    0x38, 0xC6, 0x38, 0xC6, 0x38, 0xC6, 0x38, 0xC6, 0x38, 0xC6, 0x38, 0xC6, 0x38, 0xC6, 0x38, 0xC6,
    0x38, 0xC6, 0x38, 0xC6, 0x38, 0xC6, 0x18, 0xC6, 0x18, 0xC6, 0x18, 0xC6, 0x18, 0xC6, 0x18, 0xC6,
    0x18, 0xC6, 0x18, 0xC6, 0x18, 0xC6, 0x18, 0xC6, 0x18, 0xC6, 0x18, 0xC6, 0x18, 0xC6, 0x18, 0xC6,
    0x18, 0xC6, 0x18, 0xC6, 0x18, 0xC6, 0x18, 0xC6, 0x18, 0xC6, 0x18, 0xC6, 0x18, 0xC6, 0x18, 0xC6,
    0x18, 0xC6, 0x18, 0xC6, 0x18, 0xC6, 0x18, 0xC6, 0x18, 0xC6, 0x18, 0xC6, 0x18, 0xC6, 0x18, 0xC6,
    0x18, 0xC6, 0x18, 0xC6, 0x18, 0xC6, 0x18, 0xC6, 0x18, 0xC6, 0x18, 0xC6, 0x17, 0xC6, 0x17, 0xC6,
    0x18, 0xC6, 0x17, 0xC6, 0x17, 0xC6, 0x17, 0xC6, 0x18, 0xC6, 0x18, 0xC6, 0xF7, 0xBD, 0xF7, 0xBD,
    0xBA, 0xD6, 0x1C, 0xE7, 0xDB, 0xDE, 0xFB, 0xDE, 0xFB, 0xDE, 0xDB, 0xDE, 0xDB, 0xDE, 0xDA, 0xD6,
    0xDA, 0xD6, 0xDA, 0xD6, 0xDA, 0xD6, 0xBA, 0xD6, 0xBA, 0xD6, 0x9A, 0xD6, 0x9A, 0xD6, 0x99, 0xD6,
    0x79, 0xCE, 0x59, 0xCE, 0x79, 0xCE, 0x79, 0xCE, 0x79, 0xCE, 0x59, 0xCE, 0x79, 0xCE, 0x79, 0xCE,
    0x79, 0xCE, 0x79, 0xCE, 0x9A, 0xD6, 0xBA, 0xD6, 0xB9, 0xD6, 0xB9, 0xD6, 0xB9, 0xDE, 0xD9, 0xDE,
    0xD5, 0xBD, 0xEE, 0x8B, 0x47, 0x52, 0xE6, 0x41, 0xC5, 0x41, 0xE6, 0x41, 0xE6, 0x41, 0xE6, 0x49,
    0xE6, 0x49, 0x06, 0x4A, 0x06, 0x4A, 0x27, 0x52, 0x47, 0x52, 0x88, 0x5A, 0xC9, 0x62, 0xC9, 0x62,
    0xE9, 0x6A, 0xE9, 0x6A, 0xEA, 0x6A, 0xEA, 0x6A, 0xEA, 0x6A, 0x0A, 0x6B, 0x0A, 0x6B, 0xEA, 0x6A,
    0xA9, 0x62, 0x0A, 0x6B, 0x53, 0xB5, 0x7B, 0xF7, 0x3A, 0xF7, 0xB9, 0xE6, 0x57, 0xDE, 0x36, 0xDE,
    0x17, 0xDE, 0x37, 0xE6, 0xB5, 0xD5, 0x36, 0xE6, 0x77, 0xEE, 0x36, 0xE6, 0x57, 0xEE, 0x77, 0xEE,
    0x77, 0xEE, 0x16, 0xE6, 0x16, 0xE6, 0x36, 0xEE, 0x16, 0xEE, 0x57, 0xEE, 0xF5, 0xE5, 0xF6, 0xDD,
    0x37, 0xE6, 0x37, 0xDE, 0x3B, 0xF7, 0x3B, 0xEF, 0x3B, 0xEF, 0x5B, 0xEF, 0x3B, 0xEF, 0x5B, 0xEF,
    0x3B, 0xEF, 0x78, 0xD6, 0xB9, 0xDE, 0xFA, 0xE6, 0xB9, 0xDE, 0xD9, 0xDE, 0xD9, 0xDE, 0xD9, 0xDE,
    0xD9, 0xDE, 0xD9, 0xDE, 0xD9, 0xDE, 0xD9, 0xDE, 0xB9, 0xDE, 0xD9, 0xDE, 0xD9, 0xDE, 0xB9, 0xDE,
    0xB9, 0xDE, 0xB9, 0xDE, 0xB9, 0xDE, 0xB9, 0xDE, 0xB9, 0xDE, 0xB9, 0xDE, 0xB9, 0xDE, 0xB9, 0xDE,
    0xB9, 0xDE, 0xB9, 0xDE, 0xB9, 0xDE, 0xB9, 0xDE, 0xB9, 0xDE, 0xB9, 0xDE, 0xB9, 0xDE, 0xB9, 0xDE,
    0xB9, 0xDE, 0x98, 0xD6, 0x98, 0xD6, 0x98, 0xD6, 0x98, 0xD6, 0x98, 0xD6, 0x98, 0xD6, 0x98, 0xD6,
    0x59, 0xC6, 0x59, 0xC6, 0x59, 0xC6, 0x38, 0xC6, 0x38, 0xC6, 0x38, 0xC6, 0x38, 0xC6, 0x38, 0xBE,
    0x38, 0xC6, 0x38, 0xC6, 0x38, 0xC6, 0x18, 0xC6, 0x18, 0xC6, 0x38, 0xC6, 0x18, 0xC6, 0x18, 0xC6,
    0x18, 0xC6, 0x18, 0xC6, 0x18, 0xC6, 0x18, 0xC6, 0x18, 0xC6, 0x18, 0xC6, 0x38, 0xC6, 0x38, 0xC6,
    0x38, 0xC6, 0x38, 0xC6, 0x38, 0xC6, 0x38, 0xC6, 0x38, 0xC6, 0x38, 0xC6, 0x38, 0xC6, 0x38, 0xC6,
    0x38, 0xC6, 0x38, 0xC6, 0x38, 0xC6, 0x38, 0xC6, 0x38, 0xC6, 0x38, 0xC6, 0x38, 0xC6, 0x38, 0xC6,
    0x38, 0xC6, 0x38, 0xC6, 0x38, 0xC6, 0x38, 0xC6, 0x38, 0xC6, 0x38, 0xC6, 0x38, 0xC6, 0x38, 0xC6,
    0x38, 0xC6, 0x38, 0xC6, 0x38, 0xC6, 0x38, 0xC6, 0x38, 0xC6, 0x38, 0xC6, 0x18, 0xC6, 0x18, 0xC6,
    0x18, 0xC6, 0x18, 0xC6, 0x18, 0xC6, 0x18, 0xC6, 0x18, 0xC6, 0x18, 0xC6, 0x18, 0xC6, 0x18, 0xC6,
    0x18, 0xC6, 0x18, 0xC6, 0x18, 0xC6, 0x18, 0xC6, 0x18, 0xC6, 0x18, 0xC6, 0x18, 0xC6, 0x18, 0xC6,
    0x18, 0xC6, 0x18, 0xC6, 0x18, 0xC6, 0x18, 0xC6, 0x18, 0xC6, 0x18, 0xC6, 0x18, 0xC6, 0x18, 0xC6,
    0x18, 0xC6, 0x18, 0xC6, 0x18, 0xC6, 0x18, 0xC6, 0x18, 0xC6, 0x18, 0xC6, 0x18, 0xC6, 0x18, 0xC6,
    0x18, 0xC6, 0x18, 0xC6, 0x18, 0xC6, 0x18, 0xC6, 0x18, 0xC6, 0x18, 0xC6, 0x18, 0xC6, 0x38, 0xC6,
    0x38, 0xC6, 0x38, 0xC6, 0x38, 0xC6, 0x38, 0xC6, 0x38, 0xC6, 0x38, 0xC6, 0x38, 0xC6, 0x38, 0xC6,
    0x38, 0xC6, 0x38, 0xC6, 0x38, 0xC6, 0x38, 0xC6, 0x38, 0xC6, 0x38, 0xC6, 0x38, 0xC6, 0x38, 0xC6,
    0x38, 0xC6, 0x38, 0xC6, 0x38, 0xC6, 0x38, 0xC6, 0x38, 0xC6, 0x38, 0xC6, 0x38, 0xC6, 0x38, 0xC6,
    0x38, 0xC6, 0x38, 0xC6, 0x38, 0xC6, 0x18, 0xC6, 0x18, 0xC6, 0x38, 0xC6, 0x38, 0xC6, 0x38, 0xC6,
    0x38, 0xC6, 0x38, 0xC6, 0x38, 0xC6, 0x38, 0xC6, 0x38, 0xC6, 0x38, 0xC6, 0x38, 0xC6, 0x38, 0xC6,
    0x38, 0xC6, 0x38, 0xC6, 0x38, 0xC6, 0x38, 0xC6, 0x38, 0xC6, 0x38, 0xC6, 0x38, 0xC6, 0x38, 0xC6,
    0x38, 0xC6, 0x38, 0xC6, 0x38, 0xC6, 0x18, 0xC6, 0x18, 0xC6, 0x18, 0xC6, 0x18, 0xC6, 0x18, 0xC6,
    0x18, 0xC6, 0x18, 0xC6, 0x38, 0xC6, 0x38, 0xC6, 0x38, 0xC6, 0x38, 0xC6, 0x38, 0xC6, 0x38, 0xC6,
    0x38, 0xC6, 0x18, 0xC6, 0x18, 0xC6, 0x18, 0xC6, 0x18, 0xC6, 0x18, 0xC6, 0x18, 0xC6, 0x18, 0xC6,
    0x18, 0xC6, 0x18, 0xC6, 0x18, 0xC6, 0x18, 0xC6, 0x18, 0xC6, 0x18, 0xC6, 0x18, 0xC6, 0x18, 0xC6,
    0x18, 0xC6, 0x18, 0xC6, 0x18, 0xC6, 0x18, 0xC6, 0x18, 0xC6, 0x18, 0xC6, 0x17, 0xC6, 0x17, 0xC6,
    0x18, 0xC6, 0x17, 0xC6, 0x17, 0xC6, 0x17, 0xC6, 0x18, 0xC6, 0x18, 0xC6, 0xF7, 0xBD, 0xD7, 0xBD,
    0xBA, 0xD6, 0x1C, 0xE7, 0xDB, 0xDE, 0xFB, 0xDE, 0xDB, 0xDE, 0xDB, 0xDE, 0xDB, 0xDE, 0xDA, 0xD6,
    0xDA, 0xD6, 0xDA, 0xD6, 0xBA, 0xD6, 0xBA, 0xD6, 0xBA, 0xD6, 0x9A, 0xD6, 0x9A, 0xD6, 0x99, 0xD6,
    0x59, 0xCE, 0x58, 0xCE, 0x79, 0xCE, 0x79, 0xCE, 0x79, 0xCE, 0x59, 0xCE, 0x79, 0xCE, 0x79, 0xCE,
    0x79, 0xCE, 0x79, 0xCE, 0x9A, 0xD6, 0xBA, 0xD6, 0xB9, 0xD6, 0xB9, 0xD6, 0xD9, 0xDE, 0x37, 0xCE,
    0x2F, 0x8C, 0xCA, 0x62, 0xE6, 0x49, 0xC5, 0x41, 0xC5, 0x41, 0xE6, 0x41, 0xE6, 0x49, 0xE6, 0x49,
    0x06, 0x4A, 0x27, 0x52, 0x47, 0x52, 0x88, 0x5A, 0xC9, 0x62, 0xC9, 0x62, 0xC9, 0x62, 0xC9, 0x62,
    0xE9, 0x6A, 0x09, 0x6B, 0xE9, 0x6A, 0xE9, 0x62, 0xE9, 0x62, 0xE9, 0x62, 0xE9, 0x62, 0xE9, 0x62,
    0xA8, 0x5A, 0x2A, 0x6B, 0xB4, 0xBD, 0x5B, 0xF7, 0x3A, 0xF7, 0xB8, 0xE6, 0x16, 0xD6, 0x16, 0xDE,
    0x17, 0xDE, 0x37, 0xE6, 0xB5, 0xD5, 0x16, 0xE6, 0x36, 0xE6, 0x16, 0xE6, 0x77, 0xEE, 0x57, 0xEE,
    0x36, 0xE6, 0x16, 0xE6, 0x57, 0xEE, 0x36, 0xEE, 0x16, 0xE6, 0x37, 0xEE, 0xD5, 0xDD, 0x37, 0xE6,
    0x37, 0xE6, 0x98, 0xE6, 0x3B, 0xF7, 0x1B, 0xEF, 0x1B, 0xE7, 0x1B, 0xE7, 0x3B, 0xE7, 0x7C, 0xEF,
    0xD9, 0xDE, 0x17, 0xC6, 0x1A, 0xE7, 0xD9, 0xDE, 0xD9, 0xDE, 0xD9, 0xDE, 0xD9, 0xDE, 0xD9, 0xDE,
    0xD9, 0xDE, 0xD9, 0xDE, 0xD9, 0xDE, 0xD9, 0xDE, 0xD9, 0xDE, 0xD9, 0xDE, 0xD9, 0xDE, 0xB9, 0xDE,
    0xB9, 0xDE, 0xB9, 0xDE, 0xB9, 0xDE, 0xB9, 0xDE, 0xB9, 0xDE, 0xB9, 0xDE, 0xB9, 0xDE, 0xB9, 0xDE,
    0xB9, 0xDE, 0xB9, 0xDE, 0xB9, 0xDE, 0xB9, 0xDE, 0xB9, 0xDE, 0xB9, 0xDE, 0xB9, 0xDE, 0xB9, 0xDE,
    0xB9, 0xDE, 0x98, 0xDE, 0x98, 0xDE, 0x98, 0xDE, 0x98, 0xD6, 0x98, 0xD6, 0x98, 0xD6, 0x98, 0xD6,
    0x59, 0xC6, 0x59, 0xC6, 0x59, 0xC6, 0x39, 0xC6, 0x39, 0xC6, 0x39, 0xC6, 0x39, 0xC6, 0x39, 0xC6,
    0x39, 0xC6, 0x39, 0xC6, 0x39, 0xC6, 0x39, 0xC6, 0x39, 0xC6, 0x38, 0xC6, 0x38, 0xC6, 0x39, 0xC6,
    0x38, 0xC6, 0x38, 0xC6, 0x18, 0xC6, 0x18, 0xC6, 0x18, 0xC6, 0x38, 0xC6, 0x39, 0xC6, 0x38, 0xC6,
    0x39, 0xC6, 0x39, 0xC6, 0x39, 0xC6, 0x39, 0xC6, 0x38, 0xC6, 0x38, 0xC6, 0x38, 0xC6, 0x38, 0xC6,
    0x38, 0xC6, 0x38, 0xC6, 0x38, 0xC6, 0x38, 0xC6, 0x38, 0xC6, 0x38, 0xC6, 0x38, 0xC6, 0x38, 0xC6,
    0x38, 0xC6, 0x38, 0xC6, 0x38, 0xC6, 0x38, 0xC6, 0x38, 0xC6, 0x38, 0xC6, 0x38, 0xC6, 0x38, 0xC6,
    0x38, 0xC6, 0x38, 0xC6, 0x38, 0xC6, 0x38, 0xC6, 0x38, 0xC6, 0x38, 0xC6, 0x18, 0xC6, 0x18, 0xC6,
    0x18, 0xC6, 0x18, 0xC6, 0x18, 0xC6, 0x18, 0xC6, 0x18, 0xC6, 0x18, 0xC6, 0x18, 0xC6, 0x18, 0xC6,
    0x18, 0xC6, 0x18, 0xC6, 0x18, 0xC6, 0x38, 0xC6, 0x38, 0xC6, 0x38, 0xC6, 0x18, 0xC6, 0x18, 0xC6,
    0x38, 0xC6, 0x38, 0xC6, 0x18, 0xC6, 0x18, 0xC6, 0x18, 0xC6, 0x18, 0xC6, 0x18, 0xC6, 0x18, 0xC6,
    0x18, 0xC6, 0x18, 0xC6, 0x18, 0xC6, 0x18, 0xC6, 0x18, 0xC6, 0x18, 0xC6, 0x18, 0xC6, 0x18, 0xC6,
    0x18, 0xC6, 0x18, 0xC6, 0x18, 0xC6, 0x18, 0xC6, 0x18, 0xC6, 0x18, 0xC6, 0x18, 0xC6, 0x38, 0xC6,
    0x38, 0xC6, 0x38, 0xC6, 0x38, 0xC6, 0x38, 0xC6, 0x38, 0xC6, 0x38, 0xC6, 0x38, 0xC6, 0x38, 0xC6,
    0x38, 0xC6, 0x38, 0xC6, 0x38, 0xC6, 0x38, 0xC6, 0x38, 0xC6, 0x38, 0xC6, 0x38, 0xC6, 0x38, 0xC6,
    0x38, 0xC6, 0x38, 0xC6, 0x38, 0xC6, 0x38, 0xC6, 0x38, 0xC6, 0x38, 0xC6, 0x38, 0xC6, 0x38, 0xC6,
    0x38, 0xC6, 0x38, 0xC6, 0x38, 0xC6, 0x18, 0xC6, 0x38, 0xC6, 0x38, 0xC6, 0x38, 0xC6, 0x38, 0xC6,
    0x38, 0xC6, 0x38, 0xC6, 0x38, 0xC6, 0x38, 0xC6, 0x38, 0xC6, 0x38, 0xC6, 0x38, 0xC6, 0x38, 0xC6,
    0x38, 0xC6, 0x38, 0xC6, 0x38, 0xC6, 0x38, 0xC6, 0x38, 0xC6, 0x38, 0xC6, 0x38, 0xC6, 0x38, 0xC6,
    0x38, 0xC6, 0x38, 0xC6, 0x38, 0xC6, 0x38, 0xC6, 0x38, 0xC6, 0x38, 0xC6, 0x38, 0xC6, 0x38, 0xC6,
    0x38, 0xC6, 0x38, 0xC6, 0x38, 0xC6, 0x38, 0xC6, 0x38, 0xC6, 0x38, 0xC6, 0x38, 0xC6, 0x38, 0xC6,
    0x38, 0xC6, 0x18, 0xC6, 0x18, 0xC6, 0x18, 0xC6, 0x18, 0xC6, 0x18, 0xC6, 0x18, 0xC6, 0x18, 0xC6,
    0x18, 0xC6, 0x18, 0xC6, 0x18, 0xC6, 0x18, 0xC6, 0x18, 0xC6, 0x18, 0xC6, 0x18, 0xC6, 0x18, 0xC6,
    0x18, 0xC6, 0x18, 0xC6, 0x18, 0xC6, 0x18, 0xC6, 0x18, 0xC6, 0x18, 0xC6, 0x18, 0xC6, 0x38, 0xC6,
    0x38, 0xC6, 0x18, 0xC6, 0x18, 0xC6, 0x18, 0xC6, 0x18, 0xC6, 0x18, 0xC6, 0xF7, 0xBD, 0xD7, 0xBD,
    0xBA, 0xD6, 0x1C, 0xE7, 0xDB, 0xDE, 0xFB, 0xDE, 0xFB, 0xDE, 0xDB, 0xDE, 0xDB, 0xDE, 0xDA, 0xD6,
    0xDA, 0xD6, 0xDA, 0xD6, 0xBA, 0xD6, 0xBA, 0xD6, 0x9A, 0xD6, 0x9A, 0xD6, 0xBA, 0xD6, 0x99, 0xD6,
    0x59, 0xCE, 0x58, 0xCE, 0x99, 0xD6, 0x9A, 0xD6, 0x79, 0xCE, 0x79, 0xCE, 0x79, 0xCE, 0x79, 0xCE,
    0x79, 0xCE, 0x99, 0xD6, 0x99, 0xD6, 0xB9, 0xD6, 0xB9, 0xD6, 0xB9, 0xD6, 0x78, 0xD6, 0xF2, 0xA4,
    0xEA, 0x62, 0x48, 0x52, 0x07, 0x4A, 0xC5, 0x41, 0xC5, 0x41, 0xE6, 0x41, 0xE6, 0x49, 0x06, 0x4A,
    0x47, 0x52, 0x88, 0x62, 0xEA, 0x6A, 0xEA, 0x62, 0xA8, 0x62, 0xA9, 0x62, 0xC9, 0x62, 0xE9, 0x6A,
    0x0A, 0x6B, 0x0A, 0x6B, 0xE9, 0x6A, 0xE9, 0x6A, 0xE9, 0x6A, 0xE9, 0x62, 0xE9, 0x62, 0xE9, 0x62,
    0xA9, 0x62, 0x8C, 0x7B, 0xB4, 0xBD, 0x5B, 0xF7, 0x5B, 0xF7, 0x77, 0xDE, 0xB5, 0xCD, 0xB5, 0xCD,
    0xF6, 0xDD, 0xF6, 0xDD, 0x16, 0xDE, 0xF6, 0xDD, 0xD5, 0xDD, 0x16, 0xE6, 0x77, 0xEE, 0x56, 0xE6,
    0x16, 0xE6, 0xF5, 0xDD, 0x16, 0xE6, 0xF5, 0xE5, 0xD5, 0xE5, 0x16, 0xE6, 0xF6, 0xE5, 0x57, 0xEE,
    0xF6, 0xDD, 0xB9, 0xEE, 0x3B, 0xF7, 0x3B, 0xEF, 0x1B, 0xEF, 0x1B, 0xE7, 0x1B, 0xE7, 0x9C, 0xF7,
    0x1A, 0xE7, 0x58, 0xCE, 0x1A, 0xE7, 0xD9, 0xDE, 0xD9, 0xDE, 0xD9, 0xDE, 0xD9, 0xDE, 0xD9, 0xDE,
    0xD9, 0xDE, 0xD9, 0xDE, 0xD9, 0xDE, 0xD9, 0xDE, 0xD9, 0xDE, 0xD9, 0xDE, 0xD9, 0xDE, 0xB9, 0xDE,
    0xB9, 0xDE, 0xB9, 0xDE, 0xB9, 0xDE, 0xB9, 0xDE, 0xB9, 0xDE, 0xB9, 0xDE, 0xB9, 0xDE, 0xB9, 0xDE,
    0xB9, 0xDE, 0xB9, 0xDE, 0xB9, 0xDE, 0xB9, 0xDE, 0xB9, 0xDE, 0xB9, 0xDE, 0xB9, 0xDE, 0xB9, 0xDE,
    0xB9, 0xDE, 0x98, 0xD6, 0x98, 0xD6, 0x98, 0xD6, 0x98, 0xD6, 0x98, 0xD6, 0x98, 0xD6, 0x98, 0xD6,
    0x59, 0xC6, 0x59, 0xC6, 0x59, 0xC6, 0x59, 0xC6, 0x59, 0xC6, 0x59, 0xC6, 0x59, 0xC6, 0x59, 0xC6,
    0x59, 0xC6, 0x59, 0xC6, 0x59, 0xC6, 0x59, 0xC6, 0x59, 0xC6, 0x59, 0xC6, 0x39, 0xC6, 0x39, 0xC6,
    0x39, 0xC6, 0x39, 0xC6, 0x38, 0xC6, 0x38, 0xC6, 0x38, 0xC6, 0x39, 0xC6, 0x39, 0xC6, 0x59, 0xC6,
    0x59, 0xC6, 0x59, 0xC6, 0x59, 0xC6, 0x39, 0xC6, 0x58, 0xC6, 0x58, 0xC6, 0x58, 0xC6, 0x38, 0xC6,
    0x38, 0xC6, 0x38, 0xC6, 0x38, 0xC6, 0x38, 0xC6, 0x38, 0xC6, 0x38, 0xC6, 0x38, 0xC6, 0x38, 0xC6,
    0x38, 0xC6, 0x38, 0xC6, 0x38, 0xC6, 0x38, 0xC6, 0x38, 0xC6, 0x38, 0xC6, 0x38, 0xC6, 0x38, 0xC6,
    0x38, 0xC6, 0x38, 0xC6, 0x38, 0xC6, 0x38, 0xC6, 0x18, 0xC6, 0x18, 0xC6, 0x38, 0xC6, 0x38, 0xC6,
    0x38, 0xC6, 0x18, 0xBE, 0x18, 0xC6, 0x18, 0xC6, 0x18, 0xC6, 0x18, 0xC6, 0x18, 0xC6, 0x18, 0xC6,
    0x38, 0xC6, 0x38, 0xC6, 0x38, 0xC6, 0x38, 0xC6, 0x38, 0xC6, 0x38, 0xC6, 0x38, 0xC6, 0x38, 0xC6,
    0x38, 0xC6, 0x38, 0xC6, 0x38, 0xC6, 0x18, 0xC6, 0x18, 0xC6, 0x18, 0xC6, 0x18, 0xC6, 0x18, 0xC6,
    0x18, 0xC6, 0x18, 0xC6, 0x18, 0xC6, 0x18, 0xC6, 0x18, 0xC6, 0x38, 0xC6, 0x38, 0xC6, 0x38, 0xC6,
    0x38, 0xC6, 0x38, 0xC6, 0x38, 0xC6, 0x18, 0xC6, 0x17, 0xC6, 0x18, 0xC6, 0x18, 0xC6, 0x38, 0xC6,
    0x38, 0xC6, 0x38, 0xC6, 0x38, 0xC6, 0x38, 0xC6, 0x38, 0xC6, 0x38, 0xC6, 0x38, 0xC6, 0x38, 0xC6,
    0x38, 0xC6, 0x38, 0xC6, 0x38, 0xC6, 0x38, 0xC6, 0x38, 0xC6, 0x38, 0xC6, 0x38, 0xC6, 0x38, 0xC6,
    0x38, 0xC6, 0x38, 0xC6, 0x38, 0xC6, 0x38, 0xC6, 0x38, 0xC6, 0x38, 0xC6, 0x38, 0xC6, 0x38, 0xC6,
    0x38, 0xC6, 0x38, 0xC6, 0x38, 0xC6, 0x38, 0xC6, 0x38, 0xC6, 0x38, 0xC6, 0x38, 0xC6, 0x38, 0xC6,
    0x38, 0xC6, 0x38, 0xC6, 0x38, 0xC6, 0x38, 0xC6, 0x38, 0xC6, 0x38, 0xC6, 0x38, 0xC6, 0x38, 0xC6,
    0x38, 0xC6, 0x38, 0xC6, 0x38, 0xC6, 0x38, 0xC6, 0x38, 0xC6, 0x38, 0xC6, 0x38, 0xC6, 0x38, 0xC6,
    0x38, 0xC6, 0x38, 0xC6, 0x38, 0xC6, 0x38, 0xC6, 0x38, 0xC6, 0x38, 0xC6, 0x38, 0xC6, 0x38, 0xC6,
    0x38, 0xC6, 0x38, 0xC6, 0x38, 0xC6, 0x38, 0xC6, 0x38, 0xC6, 0x38, 0xC6, 0x38, 0xC6, 0x38, 0xC6,
    0x38, 0xC6, 0x38, 0xC6, 0x18, 0xC6, 0x18, 0xC6, 0x18, 0xC6, 0x18, 0xC6, 0x18, 0xC6, 0x18, 0xC6,
    0x18, 0xC6, 0x18, 0xC6, 0x18, 0xC6, 0x17, 0xC6, 0x17, 0xC6, 0x17, 0xC6, 0x17, 0xC6, 0x18, 0xC6,
    0x18, 0xC6, 0x18, 0xC6, 0x18, 0xC6, 0x18, 0xC6, 0x18, 0xC6, 0x18, 0xC6, 0x38, 0xC6, 0x38, 0xC6,
    0x38, 0xC6, 0x18, 0xC6, 0x18, 0xC6, 0x17, 0xC6, 0x18, 0xC6, 0x18, 0xC6, 0xF7, 0xBD, 0xF7, 0xBD,
    0xBA, 0xD6, 0x1C, 0xE7, 0xFB, 0xDE, 0xFB, 0xDE, 0xFB, 0xDE, 0xDB, 0xDE, 0xDB, 0xD6, 0xDA, 0xDE,
    0xDA, 0xDE, 0xDA, 0xD6, 0xBA, 0xD6, 0x9A, 0xD6, 0x9A, 0xD6, 0xBA, 0xD6, 0xBA, 0xD6, 0x99, 0xD6,
    0x59, 0xCE, 0x58, 0xCE, 0x79, 0xCE, 0x79, 0xCE, 0x79, 0xCE, 0x79, 0xCE, 0x79, 0xCE, 0x79, 0xCE,
    0x79, 0xCE, 0x99, 0xCE, 0x99, 0xD6, 0x99, 0xD6, 0xB9, 0xD6, 0x98, 0xD6, 0x53, 0xAD, 0x6C, 0x73,
    0x47, 0x52, 0x06, 0x4A, 0xE6, 0x49, 0xE6, 0x41, 0xC5, 0x41, 0xE6, 0x49, 0x68, 0x5A, 0xA8, 0x5A,
    0xA9, 0x62, 0xA9, 0x62, 0x88, 0x5A, 0x67, 0x52, 0x67, 0x5A, 0xA8, 0x5A, 0xC9, 0x62, 0xE9, 0x6A,
    0x0A, 0x6B, 0x0A, 0x6B, 0xE9, 0x62, 0xC9, 0x62, 0xC9, 0x62, 0xC9, 0x62, 0xC9, 0x62, 0xC9, 0x62,
    0xA9, 0x62, 0xCD, 0x83, 0x37, 0xD6, 0xFA, 0xEE, 0x1A, 0xEF, 0x78, 0xDE, 0x16, 0xD6, 0xF6, 0xD5,
    0x37, 0xE6, 0x37, 0xEE, 0x57, 0xEE, 0x16, 0xE6, 0xD5, 0xDD, 0x16, 0xE6, 0x16, 0xE6, 0x16, 0xE6,
    0x16, 0xE6, 0xD5, 0xE5, 0xF6, 0xE5, 0x16, 0xEE, 0x16, 0xE6, 0xF5, 0xE5, 0xF6, 0xE5, 0x37, 0xE6,
    0xF6, 0xD5, 0xDA, 0xEE, 0x5C, 0xF7, 0x3B, 0xF7, 0x1B, 0xEF, 0x3B, 0xEF, 0x3B, 0xEF, 0x7C, 0xF7,
    0x1A, 0xE7, 0xD9, 0xDE, 0xFA, 0xDE, 0xD9, 0xDE, 0xD9, 0xDE, 0xD9, 0xDE, 0xD9, 0xDE, 0xD9, 0xDE,
    0xD9, 0xDE, 0xF9, 0xDE, 0xFA, 0xDE, 0xFA, 0xDE, 0xF9, 0xDE, 0xD9, 0xDE, 0xD9, 0xDE, 0xD9, 0xDE,
    0xB9, 0xDE, 0xB9, 0xDE, 0xB9, 0xDE, 0xB9, 0xDE, 0xB9, 0xDE, 0xB9, 0xDE, 0xB9, 0xDE, 0xB9, 0xDE,
    0xB9, 0xDE, 0xB9, 0xDE, 0xB9, 0xDE, 0xB9, 0xDE, 0xB9, 0xDE, 0xB9, 0xDE, 0xB9, 0xDE, 0xB9, 0xDE,
    0xB9, 0xDE, 0xB9, 0xD6, 0xB9, 0xD6, 0xB8, 0xD6, 0x98, 0xD6, 0x98, 0xD6, 0x98, 0xD6, 0x98, 0xD6,
    0x59, 0xC6, 0x59, 0xC6, 0x59, 0xC6, 0x59, 0xC6, 0x59, 0xC6, 0x59, 0xC6, 0x59, 0xC6, 0x59, 0xC6,
    0x59, 0xC6, 0x59, 0xC6, 0x59, 0xC6, 0x59, 0xC6, 0x59, 0xC6, 0x59, 0xC6, 0x39, 0xC6, 0x39, 0xC6,
    0x39, 0xC6, 0x59, 0xC6, 0x39, 0xC6, 0x39, 0xC6, 0x59, 0xC6, 0x59, 0xC6, 0x39, 0xC6, 0x59, 0xC6,
    0x59, 0xC6, 0x59, 0xC6, 0x59, 0xC6, 0x59, 0xC6, 0x58, 0xC6, 0x58, 0xC6, 0x58, 0xC6, 0x58, 0xC6,
    0x58, 0xC6, 0x38, 0xC6, 0x38, 0xC6, 0x38, 0xC6, 0x38, 0xC6, 0x38, 0xC6, 0x38, 0xC6, 0x38, 0xC6,
    0x38, 0xC6, 0x38, 0xC6, 0x38, 0xC6, 0x39, 0xC6, 0x39, 0xC6, 0x39, 0xC6, 0x39, 0xC6, 0x39, 0xC6,
    0x38, 0xC6, 0x38, 0xC6, 0x38, 0xC6, 0x38, 0xC6, 0x38, 0xC6, 0x38, 0xC6, 0x38, 0xC6, 0x38, 0xC6,
    0x38, 0xC6, 0x38, 0xC6, 0x38, 0xC6, 0x38, 0xC6, 0x38, 0xC6, 0x38, 0xC6, 0x38, 0xC6, 0x38, 0xC6,
    0x38, 0xC6, 0x38, 0xC6, 0x38, 0xC6, 0x38, 0xC6, 0x38, 0xC6, 0x38, 0xC6, 0x38, 0xC6, 0x38, 0xC6,
    0x38, 0xC6, 0x38, 0xC6, 0x38, 0xC6, 0x38, 0xC6, 0x38, 0xC6, 0x38, 0xC6, 0x38, 0xC6, 0x38, 0xC6,
    0x38, 0xC6, 0x38, 0xC6, 0x38, 0xC6, 0x38, 0xC6, 0x38, 0xC6, 0x38, 0xC6, 0x38, 0xC6, 0x38, 0xC6,
    0x38, 0xC6, 0x38, 0xC6, 0x38, 0xC6, 0x38, 0xC6, 0x38, 0xC6, 0x18, 0xC6, 0x38, 0xC6, 0x38, 0xC6,
    0x38, 0xC6, 0x38, 0xC6, 0x38, 0xC6, 0x38, 0xC6, 0x38, 0xC6, 0x38, 0xC6, 0x38, 0xC6, 0x38, 0xC6,
    0x38, 0xC6, 0x38, 0xC6, 0x38, 0xC6, 0x38, 0xC6, 0x38, 0xC6, 0x38, 0xC6, 0x38, 0xC6, 0x38, 0xC6,
    0x58, 0xC6, 0x58, 0xCE, 0x38, 0xC6, 0x38, 0xC6, 0x38, 0xC6, 0x38, 0xC6, 0x38, 0xC6, 0x38, 0xC6,
    0x38, 0xC6, 0x38, 0xC6, 0x38, 0xC6, 0x38, 0xC6, 0x38, 0xC6, 0x38, 0xC6, 0x38, 0xC6, 0x38, 0xC6,
    0x38, 0xC6, 0x38, 0xC6, 0x38, 0xC6, 0x38, 0xC6, 0x38, 0xC6, 0x38, 0xC6, 0x38, 0xC6, 0x38, 0xC6,
    0x38, 0xC6, 0x38, 0xC6, 0x58, 0xC6, 0x58, 0xC6, 0x58, 0xC6, 0x58, 0xCE, 0x38, 0xC6, 0x38, 0xC6,
    0x38, 0xC6, 0x38, 0xC6, 0x38, 0xC6, 0x38, 0xC6, 0x38, 0xC6, 0x38, 0xC6, 0x38, 0xC6, 0x38, 0xC6,
    0x38, 0xC6, 0x38, 0xC6, 0x38, 0xC6, 0x38, 0xC6, 0x38, 0xC6, 0x38, 0xC6, 0x38, 0xC6, 0x38, 0xC6,
    0x38, 0xC6, 0x38, 0xC6, 0x38, 0xC6, 0x18, 0xC6, 0x18, 0xC6, 0x18, 0xC6, 0x18, 0xC6, 0x18, 0xC6,
    0x18, 0xC6, 0x18, 0xC6, 0x18, 0xC6, 0x17, 0xC6, 0x17, 0xC6, 0x17, 0xC6, 0x17, 0xC6, 0x17, 0xC6,
    0x18, 0xC6, 0x18, 0xC6, 0x18, 0xC6, 0x18, 0xC6, 0x18, 0xC6, 0x18, 0xC6, 0x38, 0xC6, 0x38, 0xC6,
    0x38, 0xC6, 0x18, 0xC6, 0x17, 0xC6, 0x17, 0xC6, 0x18, 0xC6, 0x18, 0xC6, 0x18, 0xC6, 0x18, 0xC6,
    0x79, 0xCE, 0x1C, 0xDF, 0xFB, 0xDE, 0xFB, 0xDE, 0xFB, 0xDE, 0xDB, 0xDE, 0xDB, 0xD6, 0xDA, 0xDE,
    0xDA, 0xDE, 0xBA, 0xD6, 0xBA, 0xD6, 0x9A, 0xD6, 0x9A, 0xD6, 0xBA, 0xD6, 0x9A, 0xD6, 0x79, 0xCE,
    0x59, 0xCE, 0x79, 0xCE, 0x79, 0xCE, 0x79, 0xCE, 0x79, 0xCE, 0x79, 0xCE, 0x79, 0xCE, 0x99, 0xD6,
    0x99, 0xCE, 0x99, 0xCE, 0x99, 0xD6, 0xB9, 0xD6, 0xB9, 0xD6, 0x16, 0xC6, 0x0E, 0x84, 0x88, 0x52,
    0x07, 0x4A, 0x06, 0x4A, 0xC5, 0x41, 0xA5, 0x41, 0x06, 0x4A, 0x47, 0x52, 0xC9, 0x62, 0xC9, 0x62,
    0x68, 0x5A, 0x47, 0x52, 0x47, 0x52, 0x67, 0x52, 0xC9, 0x62, 0xC9, 0x62, 0xA8, 0x62, 0xA8, 0x5A,
    0xA8, 0x62, 0xC9, 0x62, 0xA8, 0x62, 0xC9, 0x62, 0xC9, 0x62, 0xA8, 0x5A, 0xA8, 0x5A, 0xA9, 0x62,
    0xC9, 0x62, 0x2F, 0x94, 0xB9, 0xDE, 0xFA, 0xEE, 0xFA, 0xEE, 0xD9, 0xEE, 0xB9, 0xE6, 0x98, 0xE6,
    0x78, 0xE6, 0x78, 0xEE, 0x98, 0xEE, 0x58, 0xEE, 0x17, 0xE6, 0x57, 0xEE, 0x37, 0xE6, 0x37, 0xE6,
    0x17, 0xE6, 0x16, 0xE6, 0x16, 0xE6, 0x37, 0xEE, 0x37, 0xEE, 0xF6, 0xE5, 0xD5, 0xDD, 0x16, 0xDE,
    0x37, 0xDE, 0x1A, 0xF7, 0x5B, 0xF7, 0x3B, 0xEF, 0x5B, 0xF7, 0x5B, 0xF7, 0x5B, 0xF7, 0x1A, 0xE7,
    0x98, 0xD6, 0xFA, 0xE6, 0xFA, 0xDE, 0xD9, 0xDE, 0xD9, 0xDE, 0xF9, 0xDE, 0xD9, 0xDE, 0xD9, 0xDE,
    0xD9, 0xDE, 0xF9, 0xDE, 0xFA, 0xDE, 0xFA, 0xDE, 0xD9, 0xDE, 0xD9, 0xDE, 0xD9, 0xDE, 0xD9, 0xDE,
    0xB9, 0xDE, 0xB9, 0xDE, 0xB9, 0xDE, 0xB9, 0xDE, 0xB9, 0xDE, 0xB9, 0xDE, 0xB9, 0xDE, 0xB9, 0xDE,
    0xB9, 0xDE, 0xB9, 0xDE, 0xB9, 0xDE, 0xB9, 0xD6, 0xB9, 0xD6, 0xB9, 0xD6, 0xB9, 0xDE, 0xB9, 0xDE,
    0xB9, 0xDE, 0xB9, 0xD6, 0xB9, 0xD6, 0xB8, 0xD6, 0x98, 0xD6, 0x98, 0xD6, 0x98, 0xD6, 0x98, 0xD6,
    0x59, 0xC6, 0x59, 0xC6, 0x59, 0xC6, 0x59, 0xC6, 0x59, 0xC6, 0x59, 0xC6, 0x59, 0xC6, 0x59, 0xC6,
    0x59, 0xC6, 0x59, 0xC6, 0x59, 0xC6, 0x59, 0xC6, 0x59, 0xC6, 0x59, 0xC6, 0x59, 0xC6, 0x59, 0xC6,
    0x59, 0xC6, 0x59, 0xC6, 0x59, 0xC6, 0x59, 0xC6, 0x59, 0xC6, 0x59, 0xC6, 0x59, 0xC6, 0x59, 0xC6,
    0x59, 0xC6, 0x59, 0xC6, 0x59, 0xC6, 0x59, 0xC6, 0x58, 0xC6, 0x58, 0xC6, 0x58, 0xC6, 0x58, 0xC6,
    0x58, 0xC6, 0x38, 0xC6, 0x38, 0xC6, 0x38, 0xC6, 0x38, 0xC6, 0x38, 0xC6, 0x38, 0xC6, 0x38, 0xC6,
    0x58, 0xC6, 0x58, 0xC6, 0x59, 0xC6, 0x59, 0xC6, 0x59, 0xC6, 0x39, 0xC6, 0x39, 0xC6, 0x39, 0xC6,
    0x39, 0xC6, 0x39, 0xC6, 0x39, 0xC6, 0x59, 0xC6, 0x59, 0xC6, 0x59, 0xC6, 0x59, 0xC6, 0x59, 0xC6,
    0x59, 0xC6, 0x59, 0xC6, 0x59, 0xC6, 0x59, 0xC6, 0x59, 0xC6, 0x59, 0xC6, 0x39, 0xC6, 0x38, 0xC6,
    0x38, 0xC6, 0x38, 0xC6, 0x38, 0xC6, 0x38, 0xC6, 0x38, 0xC6, 0x38, 0xC6, 0x38, 0xC6, 0x38, 0xC6,
    0x38, 0xC6, 0x58, 0xC6, 0x38, 0xC6, 0x38, 0xC6, 0x38, 0xC6, 0x38, 0xC6, 0x38, 0xC6, 0x38, 0xC6,
    0x38, 0xC6, 0x38, 0xC6, 0x38, 0xC6, 0x38, 0xC6, 0x38, 0xC6, 0x38, 0xC6, 0x38, 0xC6, 0x38, 0xC6,
    0x38, 0xC6, 0x38, 0xC6, 0x38, 0xC6, 0x38, 0xC6, 0x38, 0xC6, 0x38, 0xC6, 0x38, 0xC6, 0x38, 0xC6,
    0x38, 0xC6, 0x38, 0xC6, 0x38, 0xC6, 0x38, 0xC6, 0x38, 0xC6, 0x38, 0xC6, 0x38, 0xC6, 0x38, 0xC6,
    0x38, 0xC6, 0x38, 0xC6, 0x38, 0xC6, 0x38, 0xC6, 0x38, 0xC6, 0x38, 0xC6, 0x38, 0xC6, 0x38, 0xC6,
    0x58, 0xCE, 0x58, 0xCE, 0x59, 0xCE, 0x38, 0xC6, 0x38, 0xC6, 0x38, 0xC6, 0x38, 0xC6, 0x38, 0xC6,
    0x38, 0xC6, 0x38, 0xC6, 0x38, 0xC6, 0x38, 0xC6, 0x38, 0xC6, 0x38, 0xC6, 0x38, 0xC6, 0x38, 0xC6,
    0x38, 0xC6, 0x38, 0xC6, 0x38, 0xC6, 0x38, 0xC6, 0x38, 0xC6, 0x38, 0xC6, 0x38, 0xC6, 0x38, 0xC6,
    0x38, 0xC6, 0x38, 0xC6, 0x58, 0xCE, 0x58, 0xCE, 0x58, 0xCE, 0x58, 0xC6, 0x38, 0xC6, 0x38, 0xC6,
    0x38, 0xC6, 0x38, 0xC6, 0x38, 0xC6, 0x38, 0xC6, 0x38, 0xC6, 0x38, 0xC6, 0x38, 0xC6, 0x38, 0xC6,
    0x38, 0xC6, 0x38, 0xC6, 0x38, 0xC6, 0x38, 0xC6, 0x38, 0xC6, 0x38, 0xC6, 0x38, 0xC6, 0x38, 0xC6,
    0x38, 0xC6, 0x38, 0xC6, 0x38, 0xC6, 0x18, 0xC6, 0x18, 0xC6, 0x18, 0xC6, 0x38, 0xC6, 0x18, 0xC6,
    0x18, 0xC6, 0x18, 0xC6, 0x18, 0xC6, 0x18, 0xC6, 0x17, 0xC6, 0x17, 0xC6, 0x18, 0xC6, 0x18, 0xC6,
    0x18, 0xC6, 0x18, 0xC6, 0x18, 0xC6, 0x18, 0xC6, 0x18, 0xC6, 0x18, 0xC6, 0x38, 0xC6, 0x38, 0xC6,
    0x38, 0xC6, 0x18, 0xC6, 0x17, 0xC6, 0xF7, 0xBD, 0xF8, 0xBD, 0x18, 0xC6, 0xF8, 0xC5, 0xF7, 0xBD,
    0x38, 0xC6, 0xFB, 0xDE, 0x1C, 0xDF, 0xFB, 0xDE, 0xFB, 0xDE, 0xDB, 0xDE, 0xDB, 0xD6, 0xDA, 0xD6,
    0xDA, 0xD6, 0xDA, 0xD6, 0xBA, 0xD6, 0x9A, 0xD6, 0xBA, 0xD6, 0xDA, 0xD6, 0x99, 0xD6, 0x58, 0xC6,
    0x79, 0xCE, 0xBA, 0xD6, 0x9A, 0xD6, 0x79, 0xCE, 0x79, 0xCE, 0x79, 0xCE, 0x9A, 0xD6, 0x9A, 0xD6,
    0x99, 0xD6, 0x99, 0xD6, 0x99, 0xD6, 0xB9, 0xD6, 0xB5, 0xB5, 0x4F, 0x84, 0xC9, 0x5A, 0x26, 0x4A,
    0xE6, 0x41, 0xE6, 0x49, 0x27, 0x4A, 0x47, 0x52, 0x88, 0x5A, 0xA9, 0x5A, 0x26, 0x4A, 0x06, 0x4A,
    0x06, 0x4A, 0x26, 0x52, 0x88, 0x5A, 0xE9, 0x62, 0xC9, 0x62, 0xC8, 0x62, 0xA8, 0x62, 0x87, 0x5A,
    0xA8, 0x5A, 0x88, 0x5A, 0xA8, 0x5A, 0xC9, 0x62, 0xC9, 0x62, 0x68, 0x52, 0x88, 0x5A, 0x68, 0x5A,
    0x88, 0x5A, 0x2F, 0x8C, 0xB9, 0xE6, 0x1A, 0xEF, 0x3B, 0xF7, 0x5B, 0xF7, 0x3B, 0xF7, 0x1B, 0xF7,
    0xFA, 0xEE, 0x99, 0xE6, 0xD9, 0xEE, 0xB9, 0xEE, 0x78, 0xE6, 0xB9, 0xEE, 0x58, 0xE6, 0x58, 0xE6,
    0x57, 0xE6, 0x37, 0xE6, 0x37, 0xE6, 0x58, 0xEE, 0x37, 0xEE, 0xF6, 0xDD, 0xD5, 0xD5, 0x16, 0xD6,
    0x57, 0xDE, 0x3A, 0xF7, 0x5B, 0xF7, 0x5B, 0xEF, 0x7C, 0xF7, 0x7C, 0xF7, 0x7C, 0xF7, 0xD9, 0xDE,
    0x57, 0xD6, 0xFA, 0xE6, 0xFA, 0xE6, 0xFA, 0xDE, 0xFA, 0xDE, 0xF9, 0xDE, 0xF9, 0xDE, 0xF9, 0xDE,
    0xF9, 0xDE, 0xF9, 0xDE, 0xFA, 0xDE, 0xFA, 0xDE, 0xD9, 0xDE, 0xD9, 0xDE, 0xD9, 0xDE, 0xD9, 0xDE,
    0xB9, 0xDE, 0xB9, 0xDE, 0xB9, 0xDE, 0xB9, 0xDE, 0xB9, 0xDE, 0xB9, 0xDE, 0xB9, 0xDE, 0xB9, 0xDE,
    0xB9, 0xDE, 0xB9, 0xDE, 0xB9, 0xDE, 0xB9, 0xD6, 0xB9, 0xD6, 0xB9, 0xD6, 0xB9, 0xD6, 0xB9, 0xD6,
    0xB9, 0xD6, 0xB9, 0xD6, 0xB9, 0xD6, 0x98, 0xD6, 0x98, 0xD6, 0x98, 0xD6, 0x98, 0xD6, 0x98, 0xD6,
    0x59, 0xC6, 0x59, 0xC6, 0x59, 0xC6, 0x59, 0xC6, 0x59, 0xC6, 0x59, 0xC6, 0x59, 0xC6, 0x59, 0xC6,
    0x59, 0xC6, 0x59, 0xC6, 0x59, 0xC6, 0x59, 0xC6, 0x59, 0xC6, 0x59, 0xC6, 0x59, 0xC6, 0x59, 0xC6,
    0x59, 0xC6, 0x59, 0xC6, 0x59, 0xC6, 0x59, 0xC6, 0x59, 0xC6, 0x59, 0xC6, 0x59, 0xC6, 0x59, 0xC6,
    0x59, 0xC6, 0x59, 0xC6, 0x59, 0xC6, 0x59, 0xC6, 0x58, 0xC6, 0x58, 0xC6, 0x58, 0xC6, 0x58, 0xC6,
    0x58, 0xC6, 0x58, 0xC6, 0x58, 0xC6, 0x58, 0xC6, 0x58, 0xC6, 0x58, 0xC6, 0x58, 0xC6, 0x58, 0xC6,
    0x58, 0xC6, 0x58, 0xC6, 0x59, 0xC6, 0x59, 0xC6, 0x59, 0xC6, 0x59, 0xC6, 0x59, 0xC6, 0x59, 0xC6,
    0x59, 0xC6, 0x59, 0xC6, 0x59, 0xC6, 0x59, 0xC6, 0x39, 0xC6, 0x39, 0xC6, 0x38, 0xC6, 0x39, 0xC6,
    0x39, 0xC6, 0x39, 0xC6, 0x59, 0xC6, 0x59, 0xC6, 0x59, 0xC6, 0x59, 0xC6, 0x39, 0xC6, 0x39, 0xC6,
    0x38, 0xC6, 0x38, 0xC6, 0x38, 0xC6, 0x38, 0xC6, 0x38, 0xC6, 0x38, 0xC6, 0x38, 0xC6, 0x38, 0xC6,
    0x18, 0xC6, 0x18, 0xC6, 0x18, 0xC6, 0x17, 0xC6, 0x17, 0xC6, 0x18, 0xC6, 0x18, 0xC6, 0x38, 0xC6,
    0x38, 0xC6, 0x38, 0xC6, 0x38, 0xC6, 0x38, 0xC6, 0x38, 0xC6, 0x38, 0xC6, 0x38, 0xC6, 0x38, 0xC6,
    0x38, 0xC6, 0x58, 0xC6, 0x58, 0xC6, 0x38, 0xC6, 0x38, 0xC6, 0x38, 0xC6, 0x38, 0xC6, 0x38, 0xC6,
    0x38, 0xC6, 0x59, 0xCE, 0x38, 0xC6, 0x38, 0xC6, 0x38, 0xC6, 0x38, 0xC6, 0x38, 0xC6, 0x38, 0xC6,
    0x38, 0xC6, 0x38, 0xC6, 0x38, 0xC6, 0x38, 0xC6, 0x38, 0xC6, 0x38, 0xC6, 0x38, 0xC6, 0x58, 0xCE,
    0x58, 0xCE, 0x58, 0xCE, 0x59, 0xCE, 0x59, 0xCE, 0x59, 0xCE, 0x38, 0xC6, 0x38, 0xC6, 0x38, 0xC6,
    0x38, 0xC6, 0x38, 0xC6, 0x38, 0xC6, 0x38, 0xC6, 0x38, 0xC6, 0x38, 0xC6, 0x38, 0xC6, 0x38, 0xC6,
    0x38, 0xC6, 0x38, 0xC6, 0x38, 0xC6, 0x38, 0xC6, 0x38, 0xC6, 0x38, 0xC6, 0x38, 0xC6, 0x58, 0xCE,
    0x58, 0xCE, 0x58, 0xCE, 0x58, 0xCE, 0x58, 0xCE, 0x59, 0xCE, 0x59, 0xCE, 0x59, 0xCE, 0x59, 0xCE,
    0x59, 0xCE, 0x38, 0xC6, 0x38, 0xC6, 0x38, 0xC6, 0x38, 0xC6, 0x38, 0xC6, 0x38, 0xC6, 0x38, 0xC6,
    0x38, 0xC6, 0x38, 0xC6, 0x38, 0xC6, 0x38, 0xC6, 0x38, 0xC6, 0x38, 0xC6, 0x38, 0xC6, 0x38, 0xC6,
    0x38, 0xC6, 0x38, 0xC6, 0x18, 0xC6, 0x18, 0xC6, 0x38, 0xC6, 0x38, 0xC6, 0x38, 0xC6, 0x38, 0xC6,
    0x38, 0xC6, 0x18, 0xC6, 0x38, 0xC6, 0x38, 0xC6, 0x18, 0xC6, 0x18, 0xC6, 0x18, 0xC6, 0x18, 0xC6,
    0x17, 0xC6, 0x17, 0xC6, 0x18, 0xC6, 0x17, 0xC6, 0x17, 0xC6, 0x17, 0xC6, 0x17, 0xC6, 0x38, 0xC6,
    0x38, 0xC6, 0x17, 0xC6, 0x17, 0xC6, 0x17, 0xC6, 0x17, 0xC6, 0x17, 0xC6, 0x17, 0xC6, 0xF7, 0xBD,
    0x59, 0xCE, 0xFB, 0xDE, 0xFB, 0xDE, 0x1B, 0xDF, 0xFB, 0xDE, 0xDB, 0xDE, 0xDB, 0xD6, 0xDA, 0xD6,
    0xDA, 0xD6, 0xBA, 0xD6, 0x99, 0xD6, 0x99, 0xD6, 0xBA, 0xD6, 0xBA, 0xD6, 0x79, 0xCE, 0x58, 0xC6,
    0x79, 0xCE, 0xBA, 0xD6, 0x99, 0xD6, 0x79, 0xCE, 0x99, 0xCE, 0x99, 0xD6, 0x9A, 0xD6, 0x9A, 0xD6,
    0xBA, 0xD6, 0x99, 0xD6, 0xB9, 0xD6, 0x57, 0xCE, 0x4F, 0x8C, 0xA9, 0x52, 0x47, 0x4A, 0x06, 0x42,
    0x06, 0x4A, 0x88, 0x5A, 0xCA, 0x62, 0xA9, 0x62, 0x68, 0x5A, 0x27, 0x52, 0xA5, 0x41, 0x84, 0x39,
    0x06, 0x52, 0x68, 0x5A, 0x88, 0x5A, 0x88, 0x5A, 0x88, 0x5A, 0x67, 0x5A, 0x88, 0x5A, 0xA8, 0x62,
    0xA8, 0x62, 0xA8, 0x62, 0xC9, 0x62, 0xC9, 0x62, 0xC9, 0x62, 0xC9, 0x62, 0xA8, 0x5A, 0x88, 0x5A,
    0x67, 0x52, 0xEE, 0x83, 0x98, 0xDE, 0x3B, 0xEF, 0x5B, 0xEF, 0x7C, 0xF7, 0x7C, 0xFF, 0x7C, 0xF7,
    0x7C, 0xF7, 0x5B, 0xF7, 0x5B, 0xF7, 0x5B, 0xF7, 0x1B, 0xF7, 0xFA, 0xEE, 0xD9, 0xEE, 0xD9, 0xEE,
    0xD9, 0xEE, 0xB9, 0xEE, 0x78, 0xE6, 0x99, 0xE6, 0x78, 0xE6, 0x17, 0xDE, 0xF6, 0xD5, 0x16, 0xD6,
    0xDA, 0xE6, 0x5B, 0xF7, 0x7C, 0xF7, 0x7C, 0xF7, 0x7C, 0xF7, 0x7C, 0xF7, 0x9C, 0xF7, 0x57, 0xCE,
    0x57, 0xCE, 0xD9, 0xDE, 0xFA, 0xDE, 0xFA, 0xDE, 0xFA, 0xDE, 0xFA, 0xDE, 0xFA, 0xDE, 0xFA, 0xDE,
    0xFA, 0xDE, 0xF9, 0xDE, 0xF9, 0xDE, 0xF9, 0xDE, 0xD9, 0xDE, 0xD9, 0xDE, 0xD9, 0xDE, 0xD9, 0xDE,
    0xD9, 0xDE, 0xD9, 0xDE, 0xB9, 0xDE, 0xB9, 0xDE, 0xB9, 0xDE, 0xB9, 0xDE, 0xB9, 0xDE, 0xB9, 0xDE,
    0xB9, 0xDE, 0xB9, 0xDE, 0xB9, 0xDE, 0xB9, 0xD6, 0xB9, 0xD6, 0xB9, 0xD6, 0xB9, 0xD6, 0xB9, 0xD6,
    0xB9, 0xD6, 0xB9, 0xD6, 0xB9, 0xD6, 0xB9, 0xD6, 0xB9, 0xD6, 0x98, 0xD6, 0x98, 0xD6, 0x98, 0xD6,
    0x59, 0xC6, 0x59, 0xC6, 0x59, 0xC6, 0x59, 0xC6, 0x59, 0xC6, 0x59, 0xC6, 0x59, 0xC6, 0x59, 0xC6,
    0x59, 0xC6, 0x59, 0xC6, 0x59, 0xC6, 0x59, 0xC6, 0x59, 0xC6, 0x59, 0xC6, 0x59, 0xC6, 0x59, 0xC6,
    0x59, 0xC6, 0x59, 0xC6, 0x59, 0xC6, 0x59, 0xC6, 0x59, 0xC6, 0x59, 0xC6, 0x59, 0xC6, 0x59, 0xC6,
    0x59, 0xC6, 0x59, 0xC6, 0x59, 0xC6, 0x59, 0xC6, 0x58, 0xC6, 0x58, 0xC6, 0x58, 0xC6, 0x58, 0xC6,
    0x58, 0xC6, 0x58, 0xC6, 0x58, 0xC6, 0x58, 0xC6, 0x58, 0xC6, 0x58, 0xC6, 0x58, 0xC6, 0x58, 0xC6,
    0x58, 0xC6, 0x58, 0xC6, 0x59, 0xC6, 0x59, 0xC6, 0x59, 0xC6, 0x59, 0xC6, 0x59, 0xC6, 0x59, 0xC6,
    0x59, 0xC6, 0x59, 0xC6, 0x59, 0xC6, 0x59, 0xC6, 0x39, 0xC6, 0x38, 0xC6, 0x18, 0xBE, 0x18, 0xBE,
    0x18, 0xBE, 0x38, 0xBE, 0x38, 0xBE, 0x38, 0xBE, 0x38, 0xBE, 0x38, 0xC6, 0x38, 0xC6, 0x38, 0xC6,
    0x38, 0xC6, 0x38, 0xC6, 0x38, 0xC6, 0x38, 0xC6, 0x38, 0xC6, 0x38, 0xC6, 0x38, 0xC6, 0x38, 0xC6,
    0x18, 0xC6, 0xB6, 0xB5, 0x75, 0xAD, 0xD7, 0xBD, 0xF7, 0xBD, 0x38, 0xC6, 0x17, 0xC6, 0x38, 0xC6,
    0x38, 0xC6, 0x38, 0xC6, 0x38, 0xC6, 0x38, 0xC6, 0x38, 0xC6, 0x38, 0xC6, 0x38, 0xC6, 0x38, 0xC6,
    0x38, 0xC6, 0x38, 0xC6, 0x38, 0xC6, 0x38, 0xC6, 0x38, 0xC6, 0x38, 0xC6, 0x38, 0xC6, 0x38, 0xC6,
    0x38, 0xC6, 0x59, 0xCE, 0x39, 0xC6, 0x38, 0xC6, 0x38, 0xC6, 0x38, 0xC6, 0x38, 0xC6, 0x38, 0xC6,
    0x38, 0xC6, 0x38, 0xC6, 0x38, 0xC6, 0x38, 0xC6, 0x38, 0xC6, 0x38, 0xC6, 0x38, 0xC6, 0x58, 0xCE,
    0x58, 0xCE, 0x58, 0xCE, 0x59, 0xCE, 0x59, 0xCE, 0x59, 0xCE, 0x38, 0xC6, 0x38, 0xC6, 0x38, 0xC6,
    0x38, 0xC6, 0x38, 0xC6, 0x38, 0xC6, 0x38, 0xC6, 0x38, 0xC6, 0x38, 0xC6, 0x38, 0xC6, 0x38, 0xC6,
    0x38, 0xC6, 0x38, 0xC6, 0x38, 0xC6, 0x38, 0xC6, 0x58, 0xC6, 0x58, 0xC6, 0x58, 0xC6, 0x58, 0xCE,
    0x58, 0xCE, 0x58, 0xCE, 0x58, 0xCE, 0x58, 0xCE, 0x59, 0xCE, 0x59, 0xCE, 0x59, 0xCE, 0x59, 0xCE,
    0x59, 0xCE, 0x39, 0xC6, 0x39, 0xC6, 0x38, 0xC6, 0x38, 0xC6, 0x38, 0xC6, 0x38, 0xC6, 0x38, 0xC6,
    0x38, 0xC6, 0x38, 0xC6, 0x38, 0xC6, 0x38, 0xC6, 0x38, 0xC6, 0x38, 0xC6, 0x38, 0xC6, 0x38, 0xC6,
    0x38, 0xC6, 0x38, 0xC6, 0x18, 0xC6, 0x18, 0xC6, 0x38, 0xC6, 0x38, 0xC6, 0x38, 0xC6, 0x38, 0xC6,
    0x38, 0xC6, 0x38, 0xC6, 0x38, 0xC6, 0x38, 0xC6, 0x18, 0xC6, 0x17, 0xC6, 0x17, 0xC6, 0x17, 0xC6,
    0x17, 0xC6, 0x17, 0xC6, 0xF7, 0xBD, 0xF7, 0xBD, 0x17, 0xBE, 0x17, 0xBE, 0x17, 0xBE, 0x17, 0xC6,
    0x38, 0xC6, 0x38, 0xC6, 0x17, 0xC6, 0x17, 0xC6, 0x17, 0xC6, 0x17, 0xBE, 0x18, 0xC6, 0x17, 0xC6,
    0x58, 0xC6, 0xFB, 0xDE, 0x1C, 0xDF, 0xFB, 0xDE, 0xFB, 0xDE, 0xDB, 0xDE, 0xDB, 0xD6, 0xDA, 0xD6,
    0xDA, 0xD6, 0xBA, 0xD6, 0x9A, 0xD6, 0xBA, 0xD6, 0xDA, 0xD6, 0xBA, 0xD6, 0x59, 0xCE, 0x58, 0xCE,
    0x9A, 0xD6, 0xBA, 0xD6, 0x79, 0xCE, 0x79, 0xCE, 0x9A, 0xD6, 0xBA, 0xD6, 0x9A, 0xD6, 0x99, 0xD6,
    0xB9, 0xD6, 0x79, 0xD6, 0x17, 0xC6, 0xD2, 0x9C, 0xCA, 0x5A, 0xE6, 0x41, 0x27, 0x4A, 0x47, 0x4A,
    0x47, 0x52, 0x68, 0x5A, 0x68, 0x5A, 0x06, 0x4A, 0xE6, 0x49, 0xC5, 0x49, 0xE6, 0x49, 0x27, 0x52,
    0x68, 0x5A, 0x68, 0x5A, 0x67, 0x5A, 0x67, 0x5A, 0x67, 0x5A, 0x67, 0x52, 0xA8, 0x5A, 0xC9, 0x62,
    0xC9, 0x62, 0xC9, 0x62, 0xE9, 0x6A, 0xE9, 0x6A, 0xE9, 0x6A, 0x0A, 0x6B, 0xE9, 0x62, 0xE9, 0x62,
    0xC9, 0x62, 0x0E, 0x8C, 0xB8, 0xDE, 0x5B, 0xEF, 0x5B, 0xEF, 0x7C, 0xF7, 0x7C, 0xF7, 0x7C, 0xF7,
    0x7C, 0xF7, 0x5C, 0xF7, 0x7C, 0xF7, 0x7C, 0xF7, 0x5C, 0xF7, 0x3C, 0xF7, 0x3B, 0xF7, 0x3B, 0xF7,
    0x3B, 0xF7, 0x1B, 0xF7, 0xDA, 0xEE, 0xDA, 0xEE, 0xBA, 0xEE, 0x79, 0xE6, 0x38, 0xD6, 0x58, 0xD6,
    0x5C, 0xEF, 0x9C, 0xF7, 0x9C, 0xF7, 0x9C, 0xF7, 0x7C, 0xF7, 0x9C, 0xF7, 0x3A, 0xE7, 0x36, 0xC6,
    0xB9, 0xD6, 0xFA, 0xDE, 0xFA, 0xDE, 0xFA, 0xDE, 0xFA, 0xDE, 0xFA, 0xDE, 0xFA, 0xDE, 0xFA, 0xDE,
    0xFA, 0xDE, 0xF9, 0xDE, 0xF9, 0xDE, 0xF9, 0xDE, 0xD9, 0xDE, 0xD9, 0xDE, 0xD9, 0xDE, 0xD9, 0xDE,
    0xD9, 0xDE, 0xD9, 0xDE, 0xB9, 0xDE, 0xB9, 0xDE, 0xB9, 0xDE, 0xB9, 0xDE, 0xB9, 0xDE, 0xB9, 0xDE,
    0xB9, 0xDE, 0xB9, 0xDE, 0xB9, 0xDE, 0xB9, 0xD6, 0xB9, 0xD6, 0xB9, 0xD6, 0xB9, 0xD6, 0xB9, 0xD6,
    0xB9, 0xD6, 0xB9, 0xD6, 0xB9, 0xD6, 0xB9, 0xD6, 0xB9, 0xD6, 0xB8, 0xD6, 0xB8, 0xD6, 0x98, 0xD6,
    0x59, 0xC6, 0x59, 0xC6, 0x59, 0xC6, 0x59, 0xC6, 0x59, 0xC6, 0x59, 0xC6, 0x59, 0xC6, 0x59, 0xC6,
    0x59, 0xC6, 0x59, 0xC6, 0x59, 0xC6, 0x59, 0xC6, 0x59, 0xC6, 0x59, 0xC6, 0x59, 0xC6, 0x59, 0xC6,
    0x59, 0xC6, 0x59, 0xC6, 0x59, 0xC6, 0x59, 0xC6, 0x59, 0xC6, 0x59, 0xC6, 0x59, 0xC6, 0x59, 0xC6,
    0x59, 0xC6, 0x59, 0xC6, 0x59, 0xC6, 0x59, 0xC6, 0x59, 0xC6, 0x58, 0xC6, 0x58, 0xC6, 0x58, 0xC6,
    0x58, 0xC6, 0x58, 0xC6, 0x58, 0xC6, 0x58, 0xC6, 0x58, 0xC6, 0x59, 0xC6, 0x59, 0xC6, 0x59, 0xC6,
    0x58, 0xC6, 0x58, 0xC6, 0x59, 0xC6, 0x59, 0xC6, 0x59, 0xC6, 0x59, 0xC6, 0x59, 0xC6, 0x59, 0xC6,
    0x59, 0xC6, 0x59, 0xC6, 0x59, 0xC6, 0x59, 0xC6, 0x39, 0xC6, 0x38, 0xC6, 0x38, 0xC6, 0x38, 0xC6,
    0x38, 0xC6, 0x38, 0xC6, 0x59, 0xC6, 0x59, 0xC6, 0x59, 0xC6, 0x59, 0xC6, 0x39, 0xC6, 0x39, 0xC6,
    0x39, 0xC6, 0x38, 0xC6, 0x39, 0xC6, 0x38, 0xC6, 0x38, 0xC6, 0x38, 0xC6, 0x38, 0xC6, 0x18, 0xC6,
    0x18, 0xC6, 0x55, 0xAD, 0x71, 0x8C, 0xF3, 0x9C, 0x95, 0xB5, 0x37, 0xC6, 0x17, 0xC6, 0x18, 0xC6,
    0x38, 0xC6, 0x38, 0xC6, 0x38, 0xC6, 0x38, 0xC6, 0x38, 0xC6, 0x38, 0xC6, 0x38, 0xC6, 0x38, 0xC6,
    0x38, 0xC6, 0x38, 0xC6, 0x38, 0xC6, 0x38, 0xC6, 0x38, 0xC6, 0x38, 0xC6, 0x38, 0xC6, 0x38, 0xC6,
    0x58, 0xCE, 0x59, 0xCE, 0x59, 0xCE, 0x38, 0xC6, 0x59, 0xCE, 0x59, 0xCE, 0x38, 0xC6, 0x38, 0xC6,
    0x38, 0xC6, 0x38, 0xC6, 0x38, 0xC6, 0x38, 0xC6, 0x38, 0xC6, 0x38, 0xC6, 0x38, 0xC6, 0x58, 0xCE,
    0x58, 0xCE, 0x58, 0xCE, 0x59, 0xCE, 0x59, 0xCE, 0x59, 0xCE, 0x38, 0xC6, 0x38, 0xC6, 0x38, 0xC6,
    0x38, 0xC6, 0x38, 0xC6, 0x38, 0xC6, 0x38, 0xC6, 0x38, 0xC6, 0x38, 0xC6, 0x38, 0xC6, 0x38, 0xC6,
    0x38, 0xC6, 0x38, 0xC6, 0x38, 0xC6, 0x38, 0xC6, 0x58, 0xCE, 0x58, 0xCE, 0x58, 0xCE, 0x58, 0xCE,
    0x58, 0xCE, 0x58, 0xCE, 0x58, 0xCE, 0x59, 0xCE, 0x59, 0xCE, 0x59, 0xCE, 0x59, 0xCE, 0x59, 0xCE,
    0x59, 0xCE, 0x59, 0xCE, 0x59, 0xCE, 0x38, 0xC6, 0x38, 0xC6, 0x38, 0xC6, 0x38, 0xC6, 0x38, 0xC6,
    0x38, 0xC6, 0x38, 0xC6, 0x38, 0xC6, 0x38, 0xC6, 0x38, 0xC6, 0x38, 0xC6, 0x38, 0xC6, 0x38, 0xC6,
    0x38, 0xC6, 0x38, 0xC6, 0x18, 0xC6, 0x18, 0xC6, 0x38, 0xC6, 0x38, 0xC6, 0x38, 0xC6, 0x38, 0xC6,
    0x38, 0xC6, 0x58, 0xCE, 0x58, 0xCE, 0x38, 0xC6, 0x18, 0xC6, 0x17, 0xC6, 0xF7, 0xBD, 0x17, 0xC6,
    0x17, 0xC6, 0xF7, 0xBD, 0xD6, 0xBD, 0xD7, 0xBD, 0xF7, 0xBD, 0xF7, 0xBD, 0xF7, 0xBD, 0x17, 0xBE,
    0x17, 0xC6, 0xF7, 0xBD, 0xF7, 0xBD, 0xF7, 0xBD, 0x17, 0xC6, 0x17, 0xC6, 0x38, 0xC6, 0x38, 0xC6,
    0x38, 0xC6, 0xDA, 0xD6, 0x1C, 0xDF, 0xFB, 0xDE, 0xFB, 0xDE, 0xFB, 0xDE, 0xDB, 0xD6, 0xDA, 0xD6,
    0xBA, 0xD6, 0xBA, 0xD6, 0xBA, 0xD6, 0xDA, 0xDE, 0xDB, 0xDE, 0x9A, 0xD6, 0x58, 0xCE, 0x79, 0xCE,
    0xDA, 0xD6, 0xDA, 0xDE, 0x58, 0xCE, 0x59, 0xCE, 0xBA, 0xD6, 0xBA, 0xD6, 0x9A, 0xD6, 0xB9, 0xD6,
    0x99, 0xD6, 0x58, 0xCE, 0xB1, 0x94, 0x2B, 0x6B, 0x68, 0x4A, 0x47, 0x4A, 0x68, 0x52, 0x68, 0x52,
    0x47, 0x52, 0x27, 0x4A, 0xE6, 0x49, 0x64, 0x39, 0xA5, 0x41, 0xE6, 0x49, 0x68, 0x5A, 0xA9, 0x62,
    0xA8, 0x62, 0x68, 0x5A, 0x47, 0x52, 0x47, 0x52, 0x47, 0x52, 0x47, 0x52, 0xC8, 0x62, 0xE9, 0x6A,
    0xE9, 0x6A, 0xE9, 0x6A, 0x0A, 0x6B, 0x0A, 0x6B, 0xEA, 0x6A, 0xC9, 0x62, 0xA8, 0x5A, 0xA9, 0x5A,
    0xC9, 0x62, 0xB1, 0x9C, 0x1A, 0xE7, 0x5B, 0xEF, 0x7B, 0xEF, 0x7C, 0xEF, 0x7C, 0xF7, 0x7C, 0xF7,
    0x5C, 0xF7, 0x5C, 0xF7, 0x5C, 0xF7, 0x5C, 0xF7, 0x5C, 0xF7, 0x5C, 0xF7, 0x5C, 0xF7, 0x7C, 0xF7,
    0x7C, 0xF7, 0x5C, 0xF7, 0x5C, 0xF7, 0x3B, 0xF7, 0x1B, 0xEF, 0xFB, 0xEE, 0xFB, 0xEE, 0xDA, 0xE6,
    0x5C, 0xEF, 0x3B, 0xEF, 0x3B, 0xE7, 0x3B, 0xEF, 0x5B, 0xEF, 0x9C, 0xF7, 0xB9, 0xDE, 0x37, 0xC6,
    0xFA, 0xE6, 0xFA, 0xDE, 0xFA, 0xDE, 0xFA, 0xDE, 0xFA, 0xDE, 0xFA, 0xDE, 0xFA, 0xDE, 0xFA, 0xDE,
    0xFA, 0xDE, 0xF9, 0xDE, 0xF9, 0xDE, 0xF9, 0xDE, 0xD9, 0xDE, 0xD9, 0xDE, 0xD9, 0xDE, 0xD9, 0xDE,
    0xD9, 0xDE, 0xD9, 0xDE, 0xD9, 0xDE, 0xB9, 0xDE, 0xB9, 0xDE, 0xB9, 0xDE, 0xB9, 0xDE, 0xB9, 0xDE,
    0xB9, 0xDE, 0xB9, 0xDE, 0xB9, 0xDE, 0xB9, 0xD6, 0xB9, 0xD6, 0xB9, 0xD6, 0xB9, 0xD6, 0xB9, 0xD6,
    0xB9, 0xD6, 0xB9, 0xD6, 0xB9, 0xD6, 0xB9, 0xD6, 0xB9, 0xD6, 0xB9, 0xD6, 0xB9, 0xD6, 0x98, 0xD6,
    0x59, 0xC6, 0x59, 0xC6, 0x59, 0xC6, 0x59, 0xC6, 0x59, 0xC6, 0x59, 0xC6, 0x59, 0xC6, 0x59, 0xC6,
    0x59, 0xC6, 0x59, 0xC6, 0x59, 0xC6, 0x59, 0xC6, 0x59, 0xC6, 0x59, 0xC6, 0x59, 0xC6, 0x59, 0xC6,
    0x59, 0xC6, 0x59, 0xC6, 0x59, 0xC6, 0x59, 0xC6, 0x59, 0xC6, 0x59, 0xC6, 0x59, 0xC6, 0x59, 0xC6,
    0x59, 0xC6, 0x59, 0xC6, 0x59, 0xC6, 0x59, 0xC6, 0x59, 0xC6, 0x59, 0xC6, 0x59, 0xC6, 0x59, 0xC6,
    0x59, 0xC6, 0x59, 0xC6, 0x59, 0xC6, 0x59, 0xC6, 0x59, 0xC6, 0x59, 0xC6, 0x59, 0xC6, 0x59, 0xC6,
    0x59, 0xC6, 0x59, 0xC6, 0x59, 0xC6, 0x59, 0xC6, 0x59, 0xC6, 0x59, 0xC6, 0x59, 0xC6, 0x59, 0xC6,
    0x59, 0xC6, 0x59, 0xC6, 0x59, 0xC6, 0x59, 0xC6, 0x39, 0xC6, 0x59, 0xC6, 0x59, 0xC6, 0x59, 0xC6,
    0x59, 0xC6, 0x59, 0xC6, 0x59, 0xC6, 0x59, 0xC6, 0x59, 0xC6, 0x59, 0xC6, 0x59, 0xC6, 0x58, 0xC6,
    0x58, 0xC6, 0x38, 0xC6, 0x38, 0xC6, 0x38, 0xC6, 0x38, 0xC6, 0x58, 0xC6, 0x38, 0xC6, 0x18, 0xC6,
    0x18, 0xC6, 0x54, 0xAD, 0x71, 0x8C, 0x50, 0x8C, 0xB2, 0x94, 0xD6, 0xB5, 0x17, 0xC6, 0x17, 0xC6,
    0x58, 0xCE, 0x38, 0xC6, 0x38, 0xC6, 0x38, 0xC6, 0x38, 0xC6, 0x38, 0xC6, 0x38, 0xC6, 0x38, 0xC6,
    0x38, 0xC6, 0x38, 0xC6, 0x38, 0xC6, 0x38, 0xC6, 0x38, 0xC6, 0x38, 0xC6, 0x38, 0xC6, 0x59, 0xCE,
    0x58, 0xCE, 0x58, 0xCE, 0x58, 0xCE, 0x58, 0xCE, 0x58, 0xCE, 0x58, 0xCE, 0x59, 0xCE, 0x59, 0xCE,
    0x59, 0xCE, 0x59, 0xCE, 0x59, 0xCE, 0x59, 0xCE, 0x38, 0xC6, 0x59, 0xCE, 0x59, 0xCE, 0x38, 0xC6,
    0x59, 0xCE, 0x59, 0xCE, 0x58, 0xCE, 0x58, 0xCE, 0x58, 0xCE, 0x38, 0xC6, 0x38, 0xC6, 0x38, 0xC6,
    0x38, 0xC6, 0x38, 0xC6, 0x38, 0xC6, 0x38, 0xC6, 0x38, 0xC6, 0x38, 0xC6, 0x38, 0xC6, 0x38, 0xC6,
    0x38, 0xC6, 0x38, 0xC6, 0x38, 0xC6, 0x38, 0xC6, 0x58, 0xCE, 0x58, 0xCE, 0x59, 0xCE, 0x59, 0xCE,
    0x59, 0xCE, 0x59, 0xCE, 0x59, 0xCE, 0x59, 0xCE, 0x59, 0xCE, 0x59, 0xCE, 0x58, 0xCE, 0x58, 0xCE,
    0x58, 0xCE, 0x58, 0xCE, 0x58, 0xCE, 0x38, 0xC6, 0x38, 0xC6, 0x38, 0xC6, 0x38, 0xC6, 0x38, 0xC6,
    0x38, 0xC6, 0x38, 0xC6, 0x38, 0xC6, 0x38, 0xC6, 0x38, 0xC6, 0x38, 0xC6, 0x38, 0xC6, 0x38, 0xC6,
    0x38, 0xC6, 0x38, 0xC6, 0x38, 0xC6, 0x38, 0xC6, 0x38, 0xC6, 0x18, 0xC6, 0x18, 0xC6, 0x38, 0xC6,
    0x38, 0xC6, 0x38, 0xCE, 0x38, 0xC6, 0x18, 0xC6, 0x17, 0xC6, 0xF7, 0xBD, 0xD7, 0xBD, 0xF7, 0xBD,
    0xD7, 0xBD, 0xB6, 0xB5, 0x75, 0xAD, 0x95, 0xB5, 0xD7, 0xBD, 0xB6, 0xB5, 0xD6, 0xBD, 0xF6, 0xBD,
    0xD6, 0xBD, 0x95, 0xB5, 0xB5, 0xB5, 0xD6, 0xBD, 0x17, 0xC6, 0x17, 0xC6, 0x18, 0xC6, 0x18, 0xC6,
    0x17, 0xBE, 0x99, 0xD6, 0x1B, 0xDF, 0xFB, 0xDE, 0xFB, 0xDE, 0xFB, 0xDE, 0xDA, 0xD6, 0xBA, 0xD6,
    0xBA, 0xD6, 0xBA, 0xD6, 0xBA, 0xD6, 0xDB, 0xD6, 0xDA, 0xD6, 0x79, 0xCE, 0x58, 0xC6, 0x99, 0xCE,
    0xDA, 0xDE, 0xBA, 0xD6, 0x58, 0xC6, 0x79, 0xCE, 0xDA, 0xD6, 0xBA, 0xD6, 0x99, 0xD6, 0x99, 0xD6,
    0x17, 0xC6, 0x33, 0xA5, 0x4C, 0x6B, 0x89, 0x52, 0x88, 0x52, 0x88, 0x52, 0x68, 0x52, 0x47, 0x4A,
    0x27, 0x4A, 0xE6, 0x41, 0xA5, 0x41, 0xA5, 0x41, 0x27, 0x52, 0x47, 0x52, 0x47, 0x5A, 0x47, 0x5A,
    0x67, 0x5A, 0x67, 0x5A, 0x67, 0x5A, 0x67, 0x5A, 0x67, 0x5A, 0x67, 0x52, 0x88, 0x5A, 0xC9, 0x62,
    0xE9, 0x6A, 0xE9, 0x6A, 0x0A, 0x6B, 0x0A, 0x6B, 0x0A, 0x6B, 0x0A, 0x6B, 0xEA, 0x62, 0xA9, 0x5A,
    0x68, 0x5A, 0xB1, 0x9C, 0x3B, 0xEF, 0x7C, 0xF7, 0x7B, 0xEF, 0x7C, 0xEF, 0x7C, 0xEF, 0x5C, 0xEF,
    0x7C, 0xF7, 0x7C, 0xEF, 0x5C, 0xEF, 0x5C, 0xF7, 0x5C, 0xF7, 0x5C, 0xF7, 0x5C, 0xF7, 0x7C, 0xF7,
    0x7C, 0xF7, 0x7C, 0xF7, 0x7C, 0xF7, 0x7C, 0xF7, 0x7C, 0xF7, 0x7C, 0xF7, 0x5C, 0xF7, 0x5C, 0xF7,
    0x5C, 0xF7, 0x3B, 0xEF, 0x3B, 0xEF, 0x3B, 0xEF, 0x5B, 0xEF, 0x9C, 0xF7, 0xDA, 0xDE, 0x98, 0xD6,
    0x1A, 0xE7, 0xFA, 0xDE, 0xFA, 0xDE, 0xFA, 0xDE, 0xFA, 0xDE, 0xF9, 0xDE, 0xF9, 0xDE, 0xF9, 0xDE,
    0xF9, 0xDE, 0xF9, 0xDE, 0xF9, 0xDE, 0xF9, 0xDE, 0xF9, 0xDE, 0xF9, 0xDE, 0xF9, 0xDE, 0xD9, 0xDE,
    0xD9, 0xDE, 0xD9, 0xDE, 0xD9, 0xDE, 0xD9, 0xDE, 0xB9, 0xDE, 0xB9, 0xDE, 0xB9, 0xDE, 0xB9, 0xDE,
    0xB9, 0xDE, 0xB9, 0xDE, 0xB9, 0xDE, 0xB9, 0xDE, 0xB9, 0xDE, 0xB9, 0xDE, 0xB9, 0xD6, 0xB9, 0xD6,
    0xB9, 0xD6, 0xB9, 0xD6, 0xB9, 0xD6, 0xB9, 0xD6, 0xB9, 0xD6, 0xB9, 0xD6, 0xB9, 0xD6, 0xB9, 0xD6,
    0x59, 0xC6, 0x59, 0xC6, 0x59, 0xC6, 0x59, 0xC6, 0x59, 0xC6, 0x59, 0xC6, 0x59, 0xC6, 0x59, 0xC6,
    0x59, 0xC6, 0x59, 0xC6, 0x59, 0xC6, 0x59, 0xC6, 0x59, 0xC6, 0x59, 0xC6, 0x59, 0xC6, 0x59, 0xC6,
    0x59, 0xC6, 0x59, 0xC6, 0x59, 0xC6, 0x59, 0xC6, 0x59, 0xC6, 0x59, 0xC6, 0x59, 0xC6, 0x59, 0xC6,
    0x59, 0xC6, 0x59, 0xC6, 0x59, 0xC6, 0x59, 0xC6, 0x59, 0xC6, 0x59, 0xC6, 0x59, 0xC6, 0x59, 0xC6,
    0x59, 0xC6, 0x59, 0xC6, 0x59, 0xC6, 0x59, 0xC6, 0x59, 0xC6, 0x59, 0xC6, 0x59, 0xC6, 0x59, 0xC6,
    0x59, 0xC6, 0x59, 0xC6, 0x59, 0xC6, 0x59, 0xC6, 0x59, 0xC6, 0x59, 0xC6, 0x59, 0xC6, 0x59, 0xC6,
    0x59, 0xC6, 0x59, 0xC6, 0x59, 0xC6, 0x59, 0xC6, 0x59, 0xC6, 0x59, 0xC6, 0x59, 0xC6, 0x59, 0xC6,
    0x59, 0xC6, 0x59, 0xC6, 0x59, 0xC6, 0x59, 0xC6, 0x59, 0xC6, 0x59, 0xC6, 0x59, 0xC6, 0x58, 0xC6,
    0x59, 0xC6, 0x59, 0xCE, 0x58, 0xCE, 0x59, 0xCE, 0x59, 0xCE, 0x58, 0xCE, 0x58, 0xCE, 0x38, 0xC6,
    0x18, 0xC6, 0x34, 0xA5, 0x50, 0x8C, 0x0F, 0x7C, 0x2F, 0x84, 0x54, 0xA5, 0x17, 0xBE, 0x37, 0xC6,
    0x58, 0xC6, 0x38, 0xC6, 0x38, 0xC6, 0x38, 0xC6, 0x38, 0xC6, 0x38, 0xC6, 0x38, 0xC6, 0x38, 0xC6,
    0x38, 0xC6, 0x38, 0xC6, 0x38, 0xC6, 0x38, 0xC6, 0x38, 0xC6, 0x38, 0xC6, 0x38, 0xC6, 0x59, 0xCE,
    0x58, 0xCE, 0x58, 0xCE, 0x58, 0xCE, 0x58, 0xCE, 0x58, 0xCE, 0x58, 0xCE, 0x59, 0xCE, 0x59, 0xCE,
    0x59, 0xCE, 0x59, 0xCE, 0x59, 0xCE, 0x59, 0xCE, 0x59, 0xCE, 0x59, 0xCE, 0x59, 0xCE, 0x38, 0xC6,
    0x38, 0xC6, 0x58, 0xC6, 0x58, 0xCE, 0x58, 0xCE, 0x58, 0xCE, 0x38, 0xC6, 0x38, 0xC6, 0x38, 0xC6,
    0x38, 0xC6, 0x38, 0xC6, 0x38, 0xC6, 0x38, 0xC6, 0x38, 0xC6, 0x38, 0xC6, 0x58, 0xC6, 0x58, 0xCE,
    0x58, 0xCE, 0x58, 0xCE, 0x58, 0xCE, 0x58, 0xCE, 0x58, 0xCE, 0x58, 0xCE, 0x59, 0xCE, 0x59, 0xCE,
    0x59, 0xCE, 0x59, 0xCE, 0x59, 0xCE, 0x59, 0xCE, 0x59, 0xCE, 0x59, 0xCE, 0x59, 0xCE, 0x59, 0xCE,
    0x59, 0xCE, 0x58, 0xCE, 0x58, 0xCE, 0x58, 0xCE, 0x58, 0xCE, 0x58, 0xC6, 0x38, 0xC6, 0x38, 0xC6,
    0x38, 0xC6, 0x38, 0xC6, 0x38, 0xC6, 0x38, 0xC6, 0x38, 0xC6, 0x38, 0xC6, 0x38, 0xC6, 0x38, 0xC6,
    0x38, 0xC6, 0x38, 0xC6, 0x38, 0xC6, 0x38, 0xC6, 0x38, 0xC6, 0x18, 0xC6, 0x18, 0xC6, 0x18, 0xC6,
    0x18, 0xC6, 0x17, 0xC6, 0xF7, 0xBD, 0xD6, 0xBD, 0xB6, 0xBD, 0x96, 0xB5, 0x75, 0xAD, 0x54, 0xAD,
    0x34, 0xA5, 0xF3, 0x9C, 0xB2, 0x94, 0xF3, 0x9C, 0x74, 0xAD, 0x54, 0xAD, 0x95, 0xB5, 0x95, 0xB5,
    0x54, 0xAD, 0x34, 0xAD, 0x95, 0xB5, 0xD6, 0xBD, 0xF7, 0xC5, 0xF7, 0xC5, 0xF7, 0xC5, 0x17, 0xC6,
    0xF7, 0xBD, 0x79, 0xCE, 0xFB, 0xDE, 0xDA, 0xD6, 0xFB, 0xDE, 0xDA, 0xD6, 0x9A, 0xD6, 0xBA, 0xD6,
    0xBA, 0xD6, 0xBA, 0xD6, 0xDB, 0xD6, 0xDB, 0xDE, 0x99, 0xCE, 0x58, 0xC6, 0x79, 0xCE, 0xBA, 0xD6,
    0xDA, 0xD6, 0x79, 0xCE, 0x78, 0xCE, 0xBA, 0xD6, 0xBA, 0xD6, 0xBA, 0xD6, 0x99, 0xD6, 0x37, 0xC6,
    0xF2, 0x9C, 0x8D, 0x73, 0xCA, 0x5A, 0x68, 0x4A, 0x68, 0x4A, 0x48, 0x4A, 0x47, 0x4A, 0x27, 0x4A,
    0xE6, 0x41, 0xE6, 0x41, 0x06, 0x42, 0x27, 0x52, 0x68, 0x5A, 0x68, 0x5A, 0x47, 0x52, 0x27, 0x52,
    0x47, 0x52, 0x47, 0x5A, 0x67, 0x5A, 0x67, 0x5A, 0x67, 0x5A, 0x47, 0x52, 0x88, 0x5A, 0xA8, 0x62,
    0xC9, 0x62, 0xE9, 0x6A, 0x0A, 0x6B, 0x0A, 0x6B, 0xEA, 0x6A, 0xEA, 0x6A, 0x0A, 0x6B, 0xA9, 0x5A,
    0xA9, 0x5A, 0x33, 0xAD, 0x5B, 0xF7, 0x7C, 0xF7, 0x7C, 0xF7, 0x7C, 0xF7, 0x5C, 0xEF, 0x5C, 0xEF,
    0x5C, 0xEF, 0x5C, 0xEF, 0x5C, 0xEF, 0x5C, 0xEF, 0x5C, 0xEF, 0x5C, 0xF7, 0x7C, 0xF7, 0x7C, 0xF7,
    0x7C, 0xF7, 0x7C, 0xF7, 0x7C, 0xF7, 0x7C, 0xF7, 0x7C, 0xF7, 0x7C, 0xF7, 0x7C, 0xF7, 0x7C, 0xF7,
    0x7C, 0xF7, 0x5C, 0xF7, 0x5C, 0xF7, 0x5C, 0xEF, 0x5C, 0xEF, 0x7C, 0xF7, 0xFA, 0xE6, 0xD9, 0xDE,
    0xFA, 0xE6, 0xFA, 0xE6, 0xFA, 0xDE, 0xFA, 0xDE, 0xFA, 0xDE, 0xF9, 0xDE, 0xF9, 0xDE, 0xF9, 0xDE,
    0xF9, 0xDE, 0xF9, 0xDE, 0xF9, 0xDE, 0xF9, 0xDE, 0xD9, 0xDE, 0xD9, 0xDE, 0xD9, 0xDE, 0xD9, 0xDE,
    0xD9, 0xDE, 0xD9, 0xDE, 0xD9, 0xDE, 0xD9, 0xDE, 0xD9, 0xDE, 0xD9, 0xDE, 0xB9, 0xDE, 0xB9, 0xDE,
    0xB9, 0xDE, 0xB9, 0xDE, 0xB9, 0xDE, 0xB9, 0xDE, 0xB9, 0xDE, 0xB9, 0xDE, 0xB9, 0xD6, 0xB9, 0xD6,
    0xB9, 0xD6, 0xB9, 0xD6, 0xB9, 0xD6, 0xB9, 0xD6, 0xB9, 0xD6, 0xB9, 0xD6, 0xB9, 0xD6, 0xB9, 0xD6,
    0x59, 0xC6, 0x59, 0xC6, 0x59, 0xC6, 0x59, 0xC6, 0x59, 0xC6, 0x59, 0xC6, 0x59, 0xC6, 0x59, 0xC6,
    0x59, 0xC6, 0x59, 0xC6, 0x59, 0xC6, 0x59, 0xC6, 0x59, 0xC6, 0x59, 0xC6, 0x59, 0xC6, 0x59, 0xC6,
    0x59, 0xC6, 0x59, 0xC6, 0x59, 0xC6, 0x59, 0xC6, 0x59, 0xC6, 0x59, 0xC6, 0x59, 0xC6, 0x59, 0xC6,
    0x59, 0xC6, 0x59, 0xC6, 0x59, 0xC6, 0x59, 0xC6, 0x59, 0xC6, 0x59, 0xC6, 0x59, 0xC6, 0x59, 0xC6,
    0x59, 0xC6, 0x59, 0xC6, 0x59, 0xC6, 0x59, 0xC6, 0x59, 0xC6, 0x59, 0xC6, 0x59, 0xC6, 0x59, 0xC6,
    0x59, 0xC6, 0x59, 0xC6, 0x59, 0xC6, 0x59, 0xC6, 0x59, 0xC6, 0x59, 0xC6, 0x59, 0xC6, 0x59, 0xC6,
    0x59, 0xC6, 0x59, 0xC6, 0x59, 0xC6, 0x59, 0xC6, 0x59, 0xC6, 0x59, 0xC6, 0x59, 0xC6, 0x59, 0xC6,
    0x59, 0xC6, 0x59, 0xC6, 0x59, 0xC6, 0x59, 0xC6, 0x59, 0xC6, 0x59, 0xC6, 0x59, 0xC6, 0x58, 0xC6,
    0x59, 0xC6, 0x59, 0xCE, 0x59, 0xCE, 0x59, 0xCE, 0x59, 0xCE, 0x59, 0xCE, 0x58, 0xCE, 0x59, 0xCE,
    0x38, 0xC6, 0x34, 0xA5, 0x50, 0x8C, 0xAE, 0x73, 0xAD, 0x73, 0xB1, 0x94, 0xB6, 0xB5, 0x58, 0xCE,
    0x58, 0xCE, 0x58, 0xCE, 0x58, 0xC6, 0x58, 0xCE, 0x58, 0xCE, 0x58, 0xC6, 0x58, 0xC6, 0x58, 0xC6,
    0x38, 0xC6, 0x38, 0xC6, 0x38, 0xC6, 0x38, 0xC6, 0x38, 0xC6, 0x38, 0xC6, 0x38, 0xC6, 0x38, 0xC6,
    0x38, 0xC6, 0x38, 0xC6, 0x58, 0xCE, 0x58, 0xCE, 0x58, 0xCE, 0x59, 0xCE, 0x59, 0xCE, 0x59, 0xCE,
    0x59, 0xCE, 0x59, 0xCE, 0x59, 0xCE, 0x59, 0xCE, 0x59, 0xCE, 0x59, 0xCE, 0x59, 0xCE, 0x38, 0xC6,
    0x38, 0xC6, 0x58, 0xC6, 0x58, 0xC6, 0x38, 0xC6, 0x38, 0xC6, 0x38, 0xC6, 0x38, 0xC6, 0x38, 0xC6,
    0x38, 0xC6, 0x38, 0xC6, 0x38, 0xC6, 0x38, 0xC6, 0x38, 0xC6, 0x38, 0xC6, 0x58, 0xC6, 0x58, 0xCE,
    0x58, 0xCE, 0x58, 0xCE, 0x58, 0xCE, 0x58, 0xCE, 0x58, 0xCE, 0x58, 0xCE, 0x59, 0xCE, 0x59, 0xCE,
    0x59, 0xCE, 0x59, 0xCE, 0x59, 0xCE, 0x59, 0xCE, 0x59, 0xCE, 0x79, 0xCE, 0x59, 0xCE, 0x59, 0xCE,
    0x59, 0xCE, 0x58, 0xCE, 0x58, 0xCE, 0x58, 0xCE, 0x58, 0xCE, 0x58, 0xCE, 0x58, 0xC6, 0x38, 0xC6,
    0x38, 0xC6, 0x38, 0xC6, 0x38, 0xC6, 0x38, 0xC6, 0x38, 0xC6, 0x58, 0xC6, 0x58, 0xC6, 0x38, 0xC6,
    0x38, 0xC6, 0x38, 0xC6, 0x38, 0xC6, 0x38, 0xC6, 0x38, 0xC6, 0x18, 0xC6, 0x17, 0xC6, 0xF7, 0xC5,
    0xD6, 0xBD, 0xD6, 0xBD, 0x95, 0xB5, 0x34, 0xA5, 0x54, 0xAD, 0x33, 0xAD, 0xF2, 0xA4, 0x91, 0x94,
    0x50, 0x8C, 0x2F, 0x8C, 0xEE, 0x83, 0x2F, 0x84, 0xB1, 0x94, 0xD2, 0x9C, 0xD2, 0x9C, 0xB1, 0x94,
    0x70, 0x8C, 0xF2, 0x9C, 0x74, 0xAD, 0xD6, 0xBD, 0xF6, 0xBD, 0xD6, 0xBD, 0xD6, 0xBD, 0xF7, 0xBD,
    0xD6, 0xBD, 0x79, 0xCE, 0xFB, 0xDE, 0xDB, 0xDE, 0xBA, 0xD6, 0xBA, 0xD6, 0x99, 0xCE, 0x9A, 0xCE,
    0x9A, 0xD6, 0xBA, 0xD6, 0xDB, 0xDE, 0xDA, 0xD6, 0x58, 0xCE, 0x38, 0xC6, 0x99, 0xCE, 0xDA, 0xD6,
    0x99, 0xD6, 0x58, 0xCE, 0x99, 0xD6, 0xBA, 0xD6, 0xBA, 0xD6, 0x99, 0xD6, 0x38, 0xCE, 0xF3, 0xA4,
    0xAD, 0x73, 0xEA, 0x5A, 0xA9, 0x52, 0x47, 0x4A, 0x48, 0x4A, 0x48, 0x4A, 0x27, 0x4A, 0xE6, 0x41,
    0xA5, 0x39, 0x27, 0x4A, 0xA8, 0x5A, 0x88, 0x5A, 0x47, 0x52, 0x27, 0x52, 0x06, 0x4A, 0x26, 0x52,
    0x47, 0x52, 0x67, 0x52, 0x67, 0x5A, 0x68, 0x5A, 0x68, 0x5A, 0x67, 0x52, 0x88, 0x5A, 0xA8, 0x62,
    0xA8, 0x62, 0xC9, 0x62, 0xE9, 0x6A, 0xE9, 0x6A, 0xC9, 0x62, 0xC9, 0x62, 0xC9, 0x62, 0xA9, 0x5A,
    0x0A, 0x6B, 0xB5, 0xBD, 0x7C, 0xF7, 0x5B, 0xEF, 0x7C, 0xF7, 0x7C, 0xF7, 0x7C, 0xEF, 0x7C, 0xEF,
    0x7C, 0xF7, 0x5C, 0xEF, 0x5C, 0xEF, 0x5C, 0xEF, 0x7C, 0xF7, 0x7C, 0xF7, 0x7D, 0xF7, 0x9C, 0xF7,
    0x7C, 0xF7, 0x7C, 0xF7, 0x7C, 0xF7, 0x7C, 0xF7, 0x7C, 0xF7, 0x7C, 0xF7, 0x7C, 0xF7, 0x7C, 0xF7,
    0x7C, 0xF7, 0x7C, 0xF7, 0x7C, 0xF7, 0x7C, 0xF7, 0x5C, 0xEF, 0x7C, 0xF7, 0xD9, 0xDE, 0xFA, 0xE6,
    0xFA, 0xE6, 0xFA, 0xE6, 0xFA, 0xDE, 0xFA, 0xDE, 0xFA, 0xDE, 0xF9, 0xDE, 0xF9, 0xDE, 0xF9, 0xDE,
    0xF9, 0xDE, 0xF9, 0xDE, 0xF9, 0xDE, 0xF9, 0xDE, 0xD9, 0xDE, 0xD9, 0xDE, 0xD9, 0xDE, 0xD9, 0xDE,
    0xD9, 0xDE, 0xD9, 0xDE, 0xD9, 0xDE, 0xD9, 0xDE, 0xD9, 0xDE, 0xD9, 0xDE, 0xB9, 0xDE, 0xB9, 0xDE,
    0xB9, 0xDE, 0xB9, 0xDE, 0xB9, 0xDE, 0xB9, 0xDE, 0xB9, 0xDE, 0xB9, 0xDE, 0xB9, 0xD6, 0xB9, 0xD6,
    0xB9, 0xD6, 0xB9, 0xD6, 0xB9, 0xD6, 0xB9, 0xD6, 0xB9, 0xD6, 0xB9, 0xD6, 0xB9, 0xD6, 0xB9, 0xD6,
    0x7A, 0xCE, 0x7A, 0xCE, 0x7A, 0xCE, 0x59, 0xC6, 0x59, 0xC6, 0x59, 0xC6, 0x59, 0xC6, 0x59, 0xC6,
    0x59, 0xC6, 0x59, 0xC6, 0x59, 0xC6, 0x59, 0xC6, 0x59, 0xC6, 0x59, 0xC6, 0x59, 0xC6, 0x59, 0xC6,
    0x59, 0xC6, 0x59, 0xC6, 0x59, 0xC6, 0x59, 0xC6, 0x59, 0xC6, 0x59, 0xC6, 0x59, 0xC6, 0x59, 0xC6,
    0x59, 0xC6, 0x59, 0xC6, 0x59, 0xC6, 0x59, 0xC6, 0x59, 0xC6, 0x59, 0xC6, 0x59, 0xC6, 0x79, 0xC6,
    0x79, 0xC6, 0x59, 0xC6, 0x59, 0xC6, 0x59, 0xC6, 0x59, 0xC6, 0x59, 0xC6, 0x59, 0xC6, 0x59, 0xC6,
    0x59, 0xC6, 0x59, 0xC6, 0x59, 0xC6, 0x59, 0xC6, 0x59, 0xC6, 0x59, 0xC6, 0x59, 0xC6, 0x59, 0xC6,
    0x79, 0xC6, 0x79, 0xC6, 0x79, 0xC6, 0x59, 0xC6, 0x59, 0xC6, 0x59, 0xC6, 0x59, 0xC6, 0x59, 0xC6,
    0x59, 0xC6, 0x59, 0xC6, 0x59, 0xC6, 0x59, 0xC6, 0x59, 0xC6, 0x59, 0xC6, 0x59, 0xC6, 0x59, 0xCE,
    0x79, 0xCE, 0x79, 0xCE, 0x79, 0xCE, 0x79, 0xCE, 0x79, 0xCE, 0x59, 0xCE, 0x59, 0xCE, 0x38, 0xCE,
    0x17, 0xC6, 0x54, 0xAD, 0x91, 0x94, 0xAE, 0x73, 0x6D, 0x6B, 0x0F, 0x7C, 0xF3, 0xA4, 0x37, 0xC6,
    0x99, 0xD6, 0x58, 0xCE, 0x58, 0xCE, 0x58, 0xCE, 0x58, 0xCE, 0x78, 0xCE, 0x58, 0xCE, 0x58, 0xCE,
    0x38, 0xC6, 0x38, 0xC6, 0x38, 0xC6, 0x18, 0xC6, 0x38, 0xC6, 0x38, 0xC6, 0x38, 0xC6, 0x38, 0xC6,
    0x38, 0xC6, 0x38, 0xC6, 0x58, 0xCE, 0x58, 0xCE, 0x58, 0xCE, 0x79, 0xCE, 0x79, 0xCE, 0x59, 0xCE,
    0x59, 0xCE, 0x59, 0xCE, 0x59, 0xCE, 0x59, 0xCE, 0x59, 0xCE, 0x59, 0xCE, 0x59, 0xCE, 0x59, 0xCE,
    0x59, 0xCE, 0x38, 0xC6, 0x38, 0xC6, 0x38, 0xC6, 0x38, 0xC6, 0x38, 0xC6, 0x38, 0xC6, 0x38, 0xC6,
    0x38, 0xC6, 0x38, 0xC6, 0x38, 0xC6, 0x58, 0xC6, 0x58, 0xCE, 0x58, 0xCE, 0x58, 0xCE, 0x58, 0xCE,
    0x58, 0xCE, 0x58, 0xCE, 0x58, 0xCE, 0x58, 0xCE, 0x58, 0xCE, 0x59, 0xCE, 0x59, 0xCE, 0x59, 0xCE,
    0x59, 0xCE, 0x59, 0xCE, 0x79, 0xCE, 0x79, 0xCE, 0x79, 0xCE, 0x79, 0xCE, 0x79, 0xCE, 0x79, 0xCE,
    0x79, 0xCE, 0x59, 0xCE, 0x59, 0xCE, 0x58, 0xCE, 0x58, 0xCE, 0x58, 0xCE, 0x58, 0xCE, 0x38, 0xC6,
    0x38, 0xC6, 0x38, 0xC6, 0x38, 0xC6, 0x38, 0xC6, 0x38, 0xC6, 0x38, 0xC6, 0x38, 0xC6, 0x58, 0xCE,
    0x58, 0xC6, 0x18, 0xC6, 0xF7, 0xC5, 0xF7, 0xC5, 0xF7, 0xC5, 0x17, 0xC6, 0xB6, 0xBD, 0x75, 0xB5,
    0x74, 0xAD, 0x33, 0xA5, 0xF2, 0x9C, 0xF2, 0x9C, 0x12, 0xA5, 0x33, 0xA5, 0xD1, 0x9C, 0x2F, 0x8C,
    0xEE, 0x7B, 0xAD, 0x7B, 0x8C, 0x73, 0x8C, 0x73, 0xEE, 0x83, 0xEE, 0x83, 0xEE, 0x83, 0x0F, 0x84,
    0x0F, 0x84, 0x2F, 0x8C, 0xD2, 0x9C, 0xB5, 0xBD, 0xF6, 0xBD, 0xF6, 0xBD, 0xD6, 0xBD, 0xD6, 0xBD,
    0xB6, 0xB5, 0x38, 0xC6, 0xDA, 0xDE, 0xBA, 0xD6, 0x38, 0xC6, 0x79, 0xCE, 0x79, 0xD6, 0x38, 0xC6,
    0x18, 0xC6, 0x59, 0xCE, 0xBA, 0xD6, 0x9A, 0xD6, 0x38, 0xC6, 0x38, 0xC6, 0x99, 0xCE, 0x99, 0xD6,
    0x58, 0xCE, 0x38, 0xC6, 0x99, 0xD6, 0xB9, 0xD6, 0x79, 0xD6, 0x38, 0xCE, 0xB6, 0xBD, 0x50, 0x8C,
    0xCA, 0x5A, 0x68, 0x52, 0x48, 0x4A, 0x27, 0x4A, 0x68, 0x52, 0x68, 0x52, 0xE6, 0x41, 0xE6, 0x41,
    0x47, 0x4A, 0x88, 0x52, 0xA9, 0x5A, 0x47, 0x52, 0x27, 0x4A, 0x06, 0x4A, 0x26, 0x4A, 0x47, 0x52,
    0x88, 0x5A, 0xA8, 0x5A, 0xA8, 0x5A, 0xA8, 0x5A, 0xA8, 0x62, 0xA8, 0x62, 0xA9, 0x62, 0xA9, 0x62,
    0xC9, 0x62, 0xC9, 0x62, 0xE9, 0x6A, 0xE9, 0x6A, 0xC9, 0x62, 0xA9, 0x5A, 0xC9, 0x62, 0xC9, 0x62,
    0x4B, 0x73, 0xF6, 0xC5, 0x7C, 0xF7, 0x5B, 0xEF, 0x7C, 0xF7, 0x7C, 0xF7, 0x7C, 0xF7, 0x7C, 0xF7,
    0x7C, 0xF7, 0x7C, 0xF7, 0x7C, 0xF7, 0x7C, 0xF7, 0x7D, 0xF7, 0x9D, 0xF7, 0x9C, 0xF7, 0x9C, 0xF7,
    0x9C, 0xF7, 0x7C, 0xF7, 0x7C, 0xF7, 0x7C, 0xF7, 0x7C, 0xF7, 0x7C, 0xF7, 0x7C, 0xF7, 0x5C, 0xF7,
    0x5C, 0xF7, 0x7C, 0xF7, 0x7C, 0xF7, 0x7C, 0xF7, 0x7C, 0xF7, 0x1B, 0xEF, 0x17, 0xCE, 0xFA, 0xDE,
    0xFA, 0xE6, 0xFA, 0xE6, 0xFA, 0xE6, 0xFA, 0xE6, 0xFA, 0xE6, 0xFA, 0xDE, 0xF9, 0xDE, 0xF9, 0xDE,
    0xFA, 0xDE, 0xF9, 0xDE, 0xF9, 0xDE, 0xF9, 0xDE, 0xD9, 0xDE, 0xD9, 0xDE, 0xB9, 0xDE, 0xB9, 0xDE,
    0xD9, 0xDE, 0xD9, 0xDE, 0xD9, 0xDE, 0xD9, 0xDE, 0xD9, 0xDE, 0xD9, 0xDE, 0xB9, 0xDE, 0xB9, 0xDE,
    0xB9, 0xDE, 0xB9, 0xDE, 0xB9, 0xDE, 0xB9, 0xDE, 0xB9, 0xDE, 0xB9, 0xDE, 0xB9, 0xD6, 0xB9, 0xD6,
    0xB9, 0xD6, 0xB9, 0xD6, 0xB9, 0xD6, 0xB9, 0xD6, 0xB9, 0xD6, 0xB9, 0xD6, 0xB9, 0xD6, 0xB9, 0xD6,
    0x7A, 0xCE, 0x7A, 0xCE, 0x7A, 0xCE, 0x7A, 0xCE, 0x59, 0xC6, 0x79, 0xC6, 0x79, 0xC6, 0x79, 0xC6,
    0x59, 0xC6, 0x59, 0xC6, 0x59, 0xC6, 0x59, 0xC6, 0x59, 0xC6, 0x59, 0xC6, 0x79, 0xC6, 0x59, 0xC6,
    0x59, 0xC6, 0x79, 0xC6, 0x79, 0xC6, 0x79, 0xC6, 0x79, 0xC6, 0x79, 0xC6, 0x79, 0xC6, 0x59, 0xC6,
    0x59, 0xC6, 0x59, 0xC6, 0x59, 0xC6, 0x59, 0xC6, 0x59, 0xC6, 0x59, 0xC6, 0x79, 0xC6, 0x79, 0xCE,
    0x79, 0xCE, 0x79, 0xC6, 0x79, 0xC6, 0x59, 0xC6, 0x59, 0xC6, 0x59, 0xC6, 0x59, 0xC6, 0x59, 0xC6,
    0x59, 0xC6, 0x59, 0xC6, 0x59, 0xC6, 0x59, 0xC6, 0x59, 0xC6, 0x79, 0xC6, 0x79, 0xC6, 0x79, 0xC6,
    0x79, 0xCE, 0x79, 0xCE, 0x79, 0xCE, 0x79, 0xCE, 0x79, 0xCE, 0x79, 0xCE, 0x79, 0xC6, 0x79, 0xC6,
    0x79, 0xC6, 0x79, 0xC6, 0x79, 0xC6, 0x79, 0xC6, 0x79, 0xCE, 0x79, 0xCE, 0x79, 0xCE, 0x79, 0xCE,
    0x79, 0xCE, 0x79, 0xCE, 0x79, 0xCE, 0x79, 0xCE, 0x79, 0xCE, 0x59, 0xCE, 0x58, 0xCE, 0x38, 0xC6,
    0x17, 0xC6, 0x95, 0xB5, 0xD2, 0x9C, 0x0F, 0x84, 0xAD, 0x73, 0xAD, 0x73, 0x0F, 0x84, 0x13, 0xA5,
    0xF6, 0xBD, 0x58, 0xCE, 0x78, 0xCE, 0x78, 0xCE, 0x78, 0xCE, 0x79, 0xCE, 0x79, 0xCE, 0x79, 0xCE,
    0x79, 0xCE, 0x59, 0xCE, 0x58, 0xCE, 0x58, 0xC6, 0x38, 0xC6, 0x38, 0xC6, 0x38, 0xC6, 0x18, 0xC6,
    0x18, 0xC6, 0x18, 0xC6, 0x38, 0xC6, 0x38, 0xC6, 0x38, 0xC6, 0x58, 0xCE, 0x79, 0xCE, 0x79, 0xCE,
    0x79, 0xCE, 0x79, 0xCE, 0x59, 0xCE, 0x59, 0xCE, 0x59, 0xCE, 0x59, 0xCE, 0x59, 0xCE, 0x59, 0xCE,
    0x59, 0xCE, 0x59, 0xCE, 0x58, 0xC6, 0x38, 0xC6, 0x38, 0xC6, 0x38, 0xC6, 0x38, 0xC6, 0x38, 0xC6,
    0x38, 0xC6, 0x38, 0xC6, 0x38, 0xC6, 0x58, 0xC6, 0x58, 0xCE, 0x58, 0xCE, 0x58, 0xCE, 0x58, 0xCE,
    0x58, 0xCE, 0x58, 0xCE, 0x58, 0xCE, 0x58, 0xCE, 0x58, 0xCE, 0x59, 0xCE, 0x59, 0xCE, 0x59, 0xCE,
    0x59, 0xCE, 0x59, 0xCE, 0x79, 0xCE, 0x79, 0xCE, 0x79, 0xCE, 0x79, 0xCE, 0x79, 0xCE, 0x79, 0xCE,
    0x79, 0xCE, 0x59, 0xCE, 0x59, 0xCE, 0x59, 0xCE, 0x58, 0xCE, 0x58, 0xCE, 0x38, 0xC6, 0x17, 0xC6,
    0x18, 0xC6, 0x18, 0xC6, 0x18, 0xC6, 0x18, 0xC6, 0xF7, 0xBD, 0xF7, 0xBD, 0xF7, 0xBD, 0x17, 0xC6,
    0xF7, 0xBD, 0xD6, 0xBD, 0x95, 0xB5, 0x95, 0xB5, 0x95, 0xB5, 0x95, 0xB5, 0x54, 0xAD, 0x13, 0xA5,
    0xF2, 0x9C, 0x91, 0x94, 0x90, 0x94, 0xD1, 0x9C, 0xF1, 0x9C, 0x32, 0xA5, 0xF1, 0x9C, 0x4F, 0x8C,
    0xCD, 0x7B, 0x6C, 0x73, 0x4B, 0x6B, 0x4B, 0x6B, 0xAC, 0x73, 0x8C, 0x73, 0x6C, 0x73, 0x8D, 0x73,
    0xCD, 0x7B, 0xEE, 0x7B, 0x91, 0x94, 0x74, 0xB5, 0xD5, 0xBD, 0xB5, 0xBD, 0xB5, 0xB5, 0x75, 0xAD,
    0x74, 0xAD, 0xF6, 0xBD, 0x17, 0xBE, 0xB6, 0xB5, 0xB6, 0xB5, 0xF7, 0xBD, 0xF7, 0xBD, 0xB6, 0xB5,
    0xB6, 0xB5, 0x17, 0xC6, 0x58, 0xCE, 0x58, 0xCE, 0x38, 0xC6, 0x59, 0xCE, 0x79, 0xCE, 0x78, 0xCE,
    0x58, 0xCE, 0x58, 0xCE, 0x99, 0xD6, 0x99, 0xD6, 0x58, 0xCE, 0x74, 0xAD, 0x2F, 0x8C, 0xEA, 0x62,
    0x48, 0x4A, 0x48, 0x4A, 0x88, 0x52, 0x89, 0x5A, 0x47, 0x4A, 0x06, 0x42, 0xE6, 0x41, 0x27, 0x4A,
    0x88, 0x52, 0x88, 0x52, 0x27, 0x4A, 0x27, 0x4A, 0x67, 0x52, 0x67, 0x52, 0x47, 0x52, 0x67, 0x52,
    0x88, 0x5A, 0xC9, 0x62, 0xE9, 0x62, 0xE9, 0x62, 0xC9, 0x62, 0xC9, 0x62, 0xE9, 0x6A, 0xC9, 0x62,
    0xC9, 0x62, 0xC9, 0x62, 0xC9, 0x62, 0xC9, 0x6A, 0xC9, 0x62, 0x88, 0x5A, 0xA9, 0x62, 0xA9, 0x5A,
    0x8C, 0x7B, 0x17, 0xCE, 0x7C, 0xF7, 0x5B, 0xEF, 0x9C, 0xF7, 0x9C, 0xF7, 0x7C, 0xF7, 0x9C, 0xF7,
    0x9C, 0xF7, 0x9C, 0xF7, 0x9C, 0xF7, 0x9D, 0xF7, 0x9D, 0xF7, 0x9D, 0xF7, 0x9C, 0xF7, 0x9C, 0xF7,
    0x9C, 0xF7, 0x9D, 0xF7, 0x9D, 0xF7, 0x9D, 0xF7, 0x7C, 0xF7, 0x7C, 0xF7, 0x7C, 0xF7, 0x5C, 0xF7,
    0x5C, 0xF7, 0x5C, 0xF7, 0x5C, 0xF7, 0x7C, 0xF7, 0x7C, 0xF7, 0x98, 0xD6, 0x37, 0xCE, 0xFA, 0xE6,
    0xFA, 0xE6, 0xFA, 0xE6, 0xFA, 0xE6, 0xFA, 0xE6, 0xFA, 0xE6, 0xFA, 0xDE, 0xF9, 0xDE, 0xF9, 0xDE,
    0xFA, 0xDE, 0xF9, 0xDE, 0xF9, 0xDE, 0xF9, 0xDE, 0xD9, 0xDE, 0xD9, 0xDE, 0xB9, 0xDE, 0xB9, 0xDE,
    0xD9, 0xDE, 0xD9, 0xDE, 0xD9, 0xDE, 0xD9, 0xDE, 0xD9, 0xDE, 0xD9, 0xDE, 0xB9, 0xDE, 0xB9, 0xDE,
    0xB9, 0xDE, 0xB9, 0xDE, 0xB9, 0xDE, 0xB9, 0xDE, 0xB9, 0xDE, 0xB9, 0xDE, 0xB9, 0xD6, 0xB9, 0xD6,
    0xB9, 0xD6, 0xB9, 0xD6, 0xB9, 0xD6, 0xB9, 0xD6, 0xB9, 0xD6, 0xB9, 0xD6, 0xB9, 0xD6, 0xB9, 0xD6,
    0x7A, 0xCE, 0x7A, 0xCE, 0x7A, 0xCE, 0x7A, 0xCE, 0x79, 0xCE, 0x79, 0xCE, 0x79, 0xCE, 0x79, 0xC6,
    0x59, 0xC6, 0x59, 0xC6, 0x59, 0xC6, 0x59, 0xC6, 0x59, 0xC6, 0x59, 0xC6, 0x79, 0xC6, 0x59, 0xC6,
    0x59, 0xC6, 0x79, 0xC6, 0x79, 0xC6, 0x79, 0xC6, 0x79, 0xC6, 0x79, 0xCE, 0x79, 0xC6, 0x59, 0xC6,
    0x59, 0xC6, 0x59, 0xC6, 0x59, 0xC6, 0x59, 0xC6, 0x59, 0xC6, 0x59, 0xC6, 0x79, 0xC6, 0x79, 0xCE,
    0x79, 0xCE, 0x79, 0xCE, 0x79, 0xC6, 0x59, 0xC6, 0x59, 0xC6, 0x59, 0xC6, 0x59, 0xC6, 0x59, 0xC6,
    0x59, 0xC6, 0x59, 0xC6, 0x59, 0xC6, 0x59, 0xC6, 0x59, 0xC6, 0x79, 0xC6, 0x79, 0xCE, 0x79, 0xCE,
    0x79, 0xCE, 0x79, 0xCE, 0x79, 0xCE, 0x79, 0xCE, 0x79, 0xCE, 0x79, 0xCE, 0x79, 0xCE, 0x79, 0xCE,
    0x79, 0xCE, 0x79, 0xCE, 0x79, 0xCE, 0x79, 0xCE, 0x79, 0xCE, 0x79, 0xCE, 0x79, 0xCE, 0x79, 0xCE,
    0x79, 0xCE, 0x79, 0xCE, 0x79, 0xCE, 0x79, 0xCE, 0x79, 0xCE, 0x79, 0xCE, 0x59, 0xCE, 0x58, 0xCE,
    0x38, 0xC6, 0xD6, 0xBD, 0x54, 0xAD, 0x91, 0x94, 0x0F, 0x84, 0xCE, 0x7B, 0xCE, 0x7B, 0x2F, 0x84,
    0xF2, 0x9C, 0x17, 0xC6, 0x78, 0xCE, 0x78, 0xCE, 0x78, 0xCE, 0x79, 0xCE, 0x78, 0xCE, 0x79, 0xCE,
    0x79, 0xCE, 0x79, 0xCE, 0x79, 0xCE, 0x79, 0xCE, 0x79, 0xCE, 0x59, 0xCE, 0x59, 0xCE, 0x59, 0xCE,
    0x18, 0xC6, 0xF7, 0xBD, 0xF7, 0xBD, 0x17, 0xC6, 0x38, 0xC6, 0x58, 0xC6, 0x59, 0xCE, 0x79, 0xCE,
    0x79, 0xCE, 0x79, 0xCE, 0x59, 0xCE, 0x59, 0xCE, 0x59, 0xCE, 0x59, 0xCE, 0x59, 0xCE, 0x59, 0xCE,
    0x59, 0xCE, 0x59, 0xCE, 0x58, 0xC6, 0x38, 0xC6, 0x38, 0xC6, 0x38, 0xC6, 0x38, 0xC6, 0x38, 0xC6,
    0x38, 0xC6, 0x58, 0xC6, 0x58, 0xC6, 0x58, 0xC6, 0x58, 0xCE, 0x58, 0xCE, 0x58, 0xCE, 0x59, 0xCE,
    0x59, 0xCE, 0x59, 0xCE, 0x59, 0xCE, 0x59, 0xCE, 0x59, 0xCE, 0x59, 0xCE, 0x59, 0xCE, 0x59, 0xCE,
    0x59, 0xCE, 0x59, 0xCE, 0x79, 0xCE, 0x59, 0xCE, 0x59, 0xCE, 0x59, 0xCE, 0x59, 0xCE, 0x59, 0xCE,
    0x59, 0xCE, 0x59, 0xCE, 0x79, 0xCE, 0x59, 0xCE, 0x59, 0xCE, 0x59, 0xCE, 0x38, 0xC6, 0xF7, 0xBD,
    0xF7, 0xBD, 0xD7, 0xBD, 0xD7, 0xBD, 0xF7, 0xBD, 0xD6, 0xBD, 0xB6, 0xB5, 0xB6, 0xB5, 0xB6, 0xB5,
    0xB6, 0xB5, 0x95, 0xB5, 0x54, 0xAD, 0x54, 0xAD, 0x34, 0xAD, 0x33, 0xAD, 0xF2, 0xA4, 0xD2, 0x9C,
    0xD1, 0x9C, 0x90, 0x94, 0x90, 0x94, 0xB0, 0x94, 0xD1, 0x9C, 0xF2, 0xA4, 0xF2, 0xA4, 0x4F, 0x8C,
    0xEE, 0x7B, 0xAC, 0x73, 0x6C, 0x73, 0x8C, 0x73, 0xAD, 0x7B, 0x4B, 0x6B, 0x4B, 0x6B, 0x4B, 0x6B,
    0x6C, 0x6B, 0x8D, 0x73, 0x2F, 0x8C, 0x12, 0xA5, 0x33, 0xA5, 0x33, 0xA5, 0x13, 0xA5, 0xF2, 0x9C,
    0x13, 0xA5, 0x54, 0xA5, 0xD2, 0x9C, 0x91, 0x94, 0x34, 0xA5, 0x54, 0xAD, 0xF2, 0x9C, 0x91, 0x94,
    0xF3, 0x9C, 0x95, 0xB5, 0xD6, 0xBD, 0xF6, 0xBD, 0xF7, 0xBD, 0x38, 0xC6, 0x58, 0xCE, 0x58, 0xCE,
    0x58, 0xC6, 0x99, 0xD6, 0x78, 0xCE, 0x17, 0xC6, 0x95, 0xB5, 0x50, 0x8C, 0x0B, 0x63, 0x27, 0x4A,
    0x68, 0x52, 0xCA, 0x5A, 0xEA, 0x62, 0x68, 0x52, 0x06, 0x42, 0x27, 0x4A, 0x68, 0x52, 0xA9, 0x5A,
    0x88, 0x5A, 0x68, 0x52, 0x67, 0x52, 0x88, 0x52, 0x68, 0x52, 0x67, 0x52, 0x47, 0x52, 0x67, 0x52,
    0x88, 0x5A, 0xC9, 0x62, 0xE9, 0x62, 0xE9, 0x62, 0xE9, 0x6A, 0xE9, 0x6A, 0xE9, 0x6A, 0xE9, 0x6A,
    0xE9, 0x62, 0xE9, 0x62, 0xC9, 0x62, 0xC9, 0x62, 0xA8, 0x5A, 0x88, 0x5A, 0x88, 0x5A, 0x68, 0x52,
    0xAD, 0x7B, 0x57, 0xD6, 0x7C, 0xF7, 0x5B, 0xEF, 0x7C, 0xF7, 0x9C, 0xF7, 0x7C, 0xF7, 0x9C, 0xF7,
    0x9C, 0xF7, 0x9C, 0xF7, 0x9C, 0xF7, 0x9C, 0xF7, 0x9C, 0xF7, 0x9C, 0xF7, 0x9C, 0xF7, 0x9C, 0xF7,
    0x9C, 0xF7, 0x9D, 0xF7, 0x9D, 0xF7, 0x9D, 0xF7, 0x7C, 0xF7, 0x7C, 0xF7, 0x7C, 0xF7, 0x5C, 0xF7,
    0x5C, 0xF7, 0x5C, 0xF7, 0x5C, 0xF7, 0x7C, 0xF7, 0x5C, 0xF7, 0x37, 0xCE, 0x98, 0xD6, 0x1A, 0xE7,
    0xFA, 0xE6, 0xFA, 0xE6, 0xFA, 0xE6, 0xFA, 0xE6, 0xFA, 0xE6, 0xFA, 0xDE, 0xF9, 0xDE, 0xF9, 0xDE,
    0xFA, 0xDE, 0xF9, 0xDE, 0xF9, 0xDE, 0xF9, 0xDE, 0xD9, 0xDE, 0xD9, 0xDE, 0xB9, 0xDE, 0xB9, 0xDE,
    0xD9, 0xDE, 0xD9, 0xDE, 0xD9, 0xDE, 0xD9, 0xDE, 0xD9, 0xDE, 0xD9, 0xDE, 0xB9, 0xDE, 0xB9, 0xDE,
    0xB9, 0xDE, 0xB9, 0xDE, 0xB9, 0xDE, 0xB9, 0xDE, 0xB9, 0xDE, 0xB9, 0xDE, 0xB9, 0xD6, 0xB9, 0xD6,
    0xB9, 0xD6, 0xB9, 0xD6, 0xB9, 0xD6, 0xB9, 0xD6, 0xB9, 0xD6, 0xB9, 0xD6, 0xB9, 0xD6, 0xB9, 0xD6,
    0x7A, 0xCE, 0x7A, 0xCE, 0x7A, 0xCE, 0x7A, 0xCE, 0x7A, 0xCE, 0x79, 0xCE, 0x79, 0xCE, 0x79, 0xC6,
    0x79, 0xC6, 0x79, 0xC6, 0x79, 0xC6, 0x79, 0xC6, 0x79, 0xC6, 0x79, 0xC6, 0x79, 0xC6, 0x79, 0xC6,
    0x79, 0xC6, 0x79, 0xC6, 0x79, 0xC6, 0x79, 0xC6, 0x79, 0xC6, 0x79, 0xCE, 0x79, 0xCE, 0x79, 0xC6,
    0x79, 0xC6, 0x59, 0xC6, 0x59, 0xC6, 0x59, 0xC6, 0x79, 0xC6, 0x79, 0xCE, 0x79, 0xCE, 0x79, 0xCE,
    0x79, 0xCE, 0x79, 0xCE, 0x79, 0xC6, 0x79, 0xC6, 0x79, 0xC6, 0x59, 0xC6, 0x79, 0xC6, 0x79, 0xC6,
    0x59, 0xC6, 0x79, 0xC6, 0x79, 0xC6, 0x79, 0xC6, 0x79, 0xC6, 0x79, 0xCE, 0x79, 0xCE, 0x79, 0xCE,
    0x79, 0xCE, 0x79, 0xCE, 0x79, 0xCE, 0x79, 0xCE, 0x79, 0xCE, 0x79, 0xCE, 0x79, 0xCE, 0x79, 0xCE,
    0x79, 0xCE, 0x79, 0xCE, 0x79, 0xCE, 0x79, 0xCE, 0x79, 0xCE, 0x79, 0xCE, 0x79, 0xCE, 0x79, 0xCE,
    0x79, 0xCE, 0x79, 0xCE, 0x79, 0xCE, 0x79, 0xCE, 0x79, 0xCE, 0x79, 0xCE, 0x79, 0xCE, 0x58, 0xCE,
    0x17, 0xC6, 0xF7, 0xBD, 0xB5, 0xB5, 0xF2, 0x9C, 0x50, 0x8C, 0xCE, 0x7B, 0xCD, 0x7B, 0xCE, 0x7B,
    0x2F, 0x84, 0x13, 0xA5, 0xF6, 0xBD, 0x58, 0xCE, 0x99, 0xD6, 0x78, 0xCE, 0x78, 0xCE, 0x78, 0xCE,
    0x79, 0xCE, 0x79, 0xCE, 0x79, 0xCE, 0x79, 0xCE, 0x79, 0xCE, 0x99, 0xD6, 0x9A, 0xD6, 0x9A, 0xD6,
    0x79, 0xCE, 0x38, 0xC6, 0xF7, 0xBD, 0x17, 0xBE, 0x18, 0xBE, 0x38, 0xC6, 0x59, 0xCE, 0x59, 0xCE,
    0x79, 0xCE, 0x79, 0xCE, 0x79, 0xCE, 0x79, 0xCE, 0x79, 0xCE, 0x79, 0xCE, 0x79, 0xCE, 0x59, 0xCE,
    0x59, 0xCE, 0x59, 0xCE, 0x38, 0xC6, 0x38, 0xC6, 0x38, 0xC6, 0x38, 0xC6, 0x38, 0xC6, 0x38, 0xC6,
    0x38, 0xC6, 0x58, 0xCE, 0x58, 0xCE, 0x58, 0xCE, 0x58, 0xCE, 0x58, 0xCE, 0x59, 0xCE, 0x59, 0xCE,
    0x59, 0xCE, 0x59, 0xCE, 0x59, 0xCE, 0x59, 0xCE, 0x59, 0xCE, 0x59, 0xCE, 0x59, 0xCE, 0x59, 0xCE,
    0x59, 0xCE, 0x79, 0xCE, 0x79, 0xCE, 0x59, 0xCE, 0x59, 0xCE, 0x59, 0xCE, 0x59, 0xCE, 0x59, 0xCE,
    0x59, 0xCE, 0x59, 0xCE, 0x79, 0xCE, 0x59, 0xCE, 0x59, 0xCE, 0x38, 0xC6, 0x17, 0xC6, 0xD6, 0xBD,
    0x95, 0xB5, 0x75, 0xAD, 0x75, 0xAD, 0x75, 0xAD, 0x75, 0xB5, 0x75, 0xAD, 0x34, 0xAD, 0x34, 0xAD,
    0x34, 0xAD, 0x33, 0xAD, 0x13, 0xA5, 0x13, 0xA5, 0x12, 0xA5, 0xF2, 0x9C, 0xB1, 0x9C, 0xB1, 0x94,
    0xB1, 0x9C, 0xB1, 0x9C, 0x90, 0x94, 0x90, 0x94, 0xB1, 0x9C, 0xD2, 0x9C, 0xD2, 0x9C, 0x90, 0x94,
    0x2F, 0x84, 0xAD, 0x7B, 0x8C, 0x73, 0xEE, 0x83, 0x0E, 0x84, 0x8C, 0x73, 0x4B, 0x6B, 0x6C, 0x73,
    0x8C, 0x73, 0x6C, 0x73, 0xCE, 0x7B, 0x70, 0x94, 0x50, 0x8C, 0x50, 0x8C, 0x70, 0x8C, 0x70, 0x8C,
    0x70, 0x8C, 0x50, 0x8C, 0x8D, 0x73, 0x8C, 0x73, 0xEE, 0x7B, 0xEE, 0x7B, 0xCE, 0x73, 0xCE, 0x7B,
    0x70, 0x8C, 0xF2, 0x9C, 0x54, 0xAD, 0x74, 0xAD, 0x95, 0xAD, 0xF6, 0xBD, 0x78, 0xCE, 0x58, 0xCE,
    0x37, 0xC6, 0x38, 0xCE, 0xD6, 0xBD, 0x54, 0xAD, 0xB1, 0x94, 0x6C, 0x73, 0xCA, 0x5A, 0xA9, 0x5A,
    0xEA, 0x62, 0x0B, 0x6B, 0xA9, 0x5A, 0x27, 0x4A, 0x47, 0x4A, 0x68, 0x52, 0xC9, 0x5A, 0xC9, 0x5A,
    0xA9, 0x5A, 0x88, 0x5A, 0x88, 0x52, 0x67, 0x52, 0x68, 0x52, 0x67, 0x52, 0x67, 0x52, 0x88, 0x5A,
    0xA8, 0x5A, 0xC9, 0x62, 0xE9, 0x62, 0xE9, 0x62, 0xE9, 0x6A, 0xEA, 0x6A, 0xEA, 0x6A, 0x0A, 0x6B,
    0x0A, 0x6B, 0x0A, 0x6B, 0x0A, 0x6B, 0xE9, 0x62, 0xC9, 0x62, 0x88, 0x5A, 0x88, 0x52, 0x47, 0x52,
    0xAD, 0x7B, 0x98, 0xDE, 0x9C, 0xF7, 0x7B, 0xEF, 0x7C, 0xF7, 0x7C, 0xF7, 0x7C, 0xF7, 0x7C, 0xF7,
    0x9C, 0xF7, 0x9C, 0xF7, 0x9C, 0xF7, 0x9C, 0xF7, 0x9C, 0xF7, 0x9C, 0xF7, 0x9C, 0xF7, 0x9C, 0xF7,
    0x9C, 0xF7, 0x9C, 0xF7, 0x9C, 0xF7, 0x9C, 0xF7, 0x9C, 0xF7, 0x9C, 0xF7, 0x7C, 0xF7, 0x5C, 0xF7,
    0x7C, 0xF7, 0x7C, 0xF7, 0x7C, 0xF7, 0x7C, 0xF7, 0xFA, 0xE6, 0x57, 0xCE, 0x1A, 0xE7, 0xFA, 0xE6,
    0xFA, 0xE6, 0xFA, 0xE6, 0xFA, 0xE6, 0xFA, 0xE6, 0xFA, 0xE6, 0xFA, 0xDE, 0xFA, 0xDE, 0xFA, 0xDE,
    0xFA, 0xDE, 0xFA, 0xDE, 0xF9, 0xDE, 0xF9, 0xDE, 0xD9, 0xDE, 0xD9, 0xDE, 0xD9, 0xDE, 0xB9, 0xDE,
    0xD9, 0xDE, 0xD9, 0xDE, 0xD9, 0xDE, 0xD9, 0xDE, 0xD9, 0xDE, 0xD9, 0xDE, 0xB9, 0xDE, 0xB9, 0xDE,
    0xB9, 0xDE, 0xB9, 0xDE, 0xB9, 0xDE, 0xB9, 0xDE, 0xB9, 0xDE, 0xB9, 0xDE, 0xB9, 0xDE, 0xB9, 0xDE,
    0xB9, 0xDE, 0xB9, 0xDE, 0xB9, 0xDE, 0xB9, 0xDE, 0xB9, 0xDE, 0xB9, 0xDE, 0xB9, 0xDE, 0xB9, 0xDE,
    0x7A, 0xCE, 0x7A, 0xCE, 0x7A, 0xCE, 0x7A, 0xCE, 0x7A, 0xCE, 0x79, 0xCE, 0x79, 0xCE, 0x79, 0xCE,
    0x79, 0xCE, 0x79, 0xC6, 0x79, 0xC6, 0x79, 0xC6, 0x79, 0xC6, 0x79, 0xC6, 0x79, 0xCE, 0x79, 0xCE,
    0x79, 0xCE, 0x79, 0xCE, 0x79, 0xCE, 0x79, 0xCE, 0x79, 0xCE, 0x79, 0xCE, 0x79, 0xCE, 0x79, 0xC6,
    0x79, 0xC6, 0x79, 0xC6, 0x79, 0xC6, 0x79, 0xC6, 0x79, 0xCE, 0x79, 0xCE, 0x79, 0xCE, 0x79, 0xCE,
    0x79, 0xCE, 0x79, 0xCE, 0x79, 0xCE, 0x79, 0xCE, 0x79, 0xCE, 0x79, 0xC6, 0x79, 0xC6, 0x79, 0xCE,
    0x79, 0xCE, 0x79, 0xCE, 0x79, 0xCE, 0x79, 0xC6, 0x79, 0xC6, 0x79, 0xCE, 0x79, 0xCE, 0x79, 0xCE,
    0x79, 0xCE, 0x79, 0xCE, 0x79, 0xCE, 0x79, 0xCE, 0x79, 0xCE, 0x79, 0xCE, 0x79, 0xCE, 0x79, 0xCE,
    0x79, 0xCE, 0x79, 0xCE, 0x79, 0xCE, 0x79, 0xCE, 0x79, 0xCE, 0x79, 0xCE, 0x79, 0xCE, 0x79, 0xCE,
    0x79, 0xCE, 0x79, 0xCE, 0x79, 0xCE, 0x79, 0xCE, 0x79, 0xCE, 0x79, 0xCE, 0x59, 0xCE, 0x38, 0xC6,
    0xF7, 0xBD, 0xD6, 0xBD, 0x74, 0xAD, 0xF2, 0x9C, 0x70, 0x8C, 0xCE, 0x7B, 0xAD, 0x73, 0xAD, 0x73,
    0xCD, 0x7B, 0x0E, 0x84, 0xB1, 0x94, 0xD6, 0xB5, 0x78, 0xCE, 0x78, 0xCE, 0x78, 0xCE, 0x78, 0xCE,
    0x79, 0xCE, 0x99, 0xCE, 0x99, 0xCE, 0x99, 0xCE, 0x99, 0xCE, 0x99, 0xCE, 0x79, 0xCE, 0x79, 0xCE,
    0x79, 0xCE, 0x79, 0xCE, 0x58, 0xC6, 0x18, 0xC6, 0x18, 0xC6, 0x18, 0xC6, 0x38, 0xC6, 0x38, 0xC6,
    0x38, 0xC6, 0x59, 0xCE, 0x79, 0xCE, 0x79, 0xCE, 0x79, 0xCE, 0x79, 0xCE, 0x79, 0xCE, 0x79, 0xCE,
    0x59, 0xCE, 0x59, 0xCE, 0x59, 0xCE, 0x59, 0xCE, 0x59, 0xCE, 0x38, 0xC6, 0x38, 0xC6, 0x38, 0xC6,
    0x38, 0xC6, 0x58, 0xCE, 0x58, 0xCE, 0x58, 0xCE, 0x58, 0xCE, 0x59, 0xCE, 0x59, 0xCE, 0x59, 0xCE,
    0x59, 0xCE, 0x59, 0xCE, 0x59, 0xCE, 0x59, 0xCE, 0x59, 0xCE, 0x59, 0xCE, 0x59, 0xCE, 0x59, 0xCE,
    0x59, 0xCE, 0x79, 0xCE, 0x79, 0xCE, 0x59, 0xCE, 0x59, 0xCE, 0x59, 0xCE, 0x59, 0xCE, 0x59, 0xCE,
    0x79, 0xCE, 0x59, 0xCE, 0x59, 0xCE, 0xF7, 0xBD, 0x96, 0xB5, 0x75, 0xAD, 0x54, 0xAD, 0x54, 0xAD,
    0x54, 0xA5, 0x54, 0xAD, 0x54, 0xAD, 0x54, 0xAD, 0x34, 0xA5, 0x13, 0xA5, 0xF2, 0x9C, 0xD2, 0x9C,
    0xF2, 0x9C, 0xF2, 0x9C, 0xD2, 0x9C, 0xD1, 0x9C, 0xD1, 0x9C, 0xB1, 0x94, 0xB0, 0x94, 0xB0, 0x94,
    0xB1, 0x94, 0xB1, 0x94, 0x90, 0x94, 0x90, 0x94, 0xB1, 0x9C, 0xB1, 0x9C, 0xF2, 0x9C, 0xD1, 0x9C,
    0x2F, 0x8C, 0xAD, 0x73, 0x6C, 0x6B, 0xEE, 0x83, 0x2F, 0x8C, 0xAD, 0x73, 0x4B, 0x6B, 0x6C, 0x73,
    0x8C, 0x73, 0x6C, 0x6B, 0xAC, 0x73, 0x0E, 0x84, 0xEE, 0x7B, 0xEE, 0x7B, 0xEE, 0x7B, 0xCD, 0x7B,
    0xEE, 0x7B, 0xAD, 0x73, 0x2B, 0x63, 0x0A, 0x5B, 0x2B, 0x63, 0x2B, 0x63, 0x0A, 0x5B, 0x2B, 0x63,
    0x8C, 0x73, 0xCD, 0x7B, 0xD1, 0x94, 0xF2, 0x9C, 0xF2, 0x9C, 0x95, 0xB5, 0xD5, 0xB5, 0x94, 0xB5,
    0x95, 0xB5, 0xB5, 0xBD, 0x33, 0xA5, 0x4F, 0x8C, 0x8D, 0x73, 0x2B, 0x6B, 0xEA, 0x62, 0xEA, 0x5A,
    0x4B, 0x6B, 0x4B, 0x6B, 0xA9, 0x5A, 0x68, 0x52, 0x89, 0x5A, 0xA9, 0x5A, 0xA9, 0x5A, 0xA9, 0x5A,
    0xA9, 0x5A, 0x88, 0x5A, 0x68, 0x52, 0x67, 0x52, 0x68, 0x52, 0x67, 0x52, 0x67, 0x52, 0x88, 0x5A,
    0x88, 0x5A, 0xC9, 0x62, 0xC9, 0x62, 0xE9, 0x62, 0xE9, 0x6A, 0x0A, 0x6B, 0x4B, 0x73, 0x4B, 0x73,
    0x4B, 0x73, 0x4B, 0x73, 0x6B, 0x73, 0x4B, 0x73, 0x2A, 0x6B, 0x0A, 0x6B, 0xEA, 0x62, 0xEA, 0x62,
    0x2F, 0x8C, 0xB9, 0xDE, 0x9C, 0xF7, 0x7C, 0xF7, 0x7C, 0xF7, 0x7C, 0xF7, 0x7C, 0xF7, 0x7C, 0xF7,
    0x9C, 0xF7, 0x9C, 0xF7, 0x9C, 0xF7, 0x9C, 0xF7, 0x9C, 0xF7, 0x9C, 0xF7, 0x9C, 0xF7, 0x9C, 0xF7,
    0x9C, 0xF7, 0x9C, 0xF7, 0x9C, 0xF7, 0x9C, 0xF7, 0x7C, 0xF7, 0x7C, 0xF7, 0x7C, 0xF7, 0x7C, 0xF7,
    0x7C, 0xF7, 0x7C, 0xF7, 0x7C, 0xF7, 0x7C, 0xF7, 0x78, 0xD6, 0x57, 0xCE, 0x3B, 0xEF, 0xFA, 0xE6,
    0xFA, 0xE6, 0xFA, 0xE6, 0xFA, 0xE6, 0xFA, 0xE6, 0xFA, 0xE6, 0xFA, 0xDE, 0xFA, 0xDE, 0xFA, 0xDE,
    0xFA, 0xDE, 0xFA, 0xDE, 0xF9, 0xDE, 0xF9, 0xDE, 0xF9, 0xDE, 0xF9, 0xDE, 0xD9, 0xDE, 0xD9, 0xDE,
    0xD9, 0xDE, 0xD9, 0xDE, 0xD9, 0xDE, 0xD9, 0xDE, 0xD9, 0xDE, 0xD9, 0xDE, 0xB9, 0xDE, 0xB9, 0xDE,
    0xB9, 0xDE, 0xB9, 0xDE, 0xB9, 0xDE, 0xB9, 0xDE, 0xB9, 0xDE, 0xB9, 0xDE, 0xB9, 0xDE, 0xB9, 0xDE,
    0xB9, 0xDE, 0xB9, 0xDE, 0xB9, 0xDE, 0xB9, 0xDE, 0xB9, 0xDE, 0xB9, 0xDE, 0xB9, 0xDE, 0xB9, 0xDE,
    0x7A, 0xCE, 0x9A, 0xCE, 0x9A, 0xCE, 0x7A, 0xCE, 0x7A, 0xCE, 0x79, 0xCE, 0x79, 0xCE, 0x79, 0xCE,
    0x79, 0xCE, 0x79, 0xCE, 0x79, 0xCE, 0x79, 0xCE, 0x79, 0xCE, 0x79, 0xCE, 0x79, 0xCE, 0x79, 0xCE,
    0x79, 0xCE, 0x79, 0xCE, 0x79, 0xCE, 0x79, 0xCE, 0x79, 0xCE, 0x79, 0xCE, 0x79, 0xCE, 0x79, 0xCE,
    0x79, 0xCE, 0x79, 0xCE, 0x79, 0xCE, 0x79, 0xCE, 0x79, 0xCE, 0x79, 0xCE, 0x79, 0xCE, 0x79, 0xCE,
    0x79, 0xCE, 0x79, 0xCE, 0x79, 0xCE, 0x79, 0xCE, 0x79, 0xCE, 0x79, 0xCE, 0x79, 0xCE, 0x79, 0xCE,
    0x79, 0xCE, 0x79, 0xCE, 0x79, 0xCE, 0x79, 0xCE, 0x79, 0xCE, 0x79, 0xCE, 0x79, 0xCE, 0x79, 0xCE,
    0x79, 0xCE, 0x79, 0xCE, 0x79, 0xCE, 0x7A, 0xCE, 0x7A, 0xCE, 0x7A, 0xCE, 0x79, 0xCE, 0x79, 0xCE,
    0x79, 0xCE, 0x79, 0xCE, 0x79, 0xCE, 0x79, 0xCE, 0x79, 0xCE, 0x79, 0xCE, 0x79, 0xCE, 0x79, 0xCE,
    0x79, 0xCE, 0x79, 0xCE, 0x79, 0xCE, 0x79, 0xCE, 0x79, 0xCE, 0x79, 0xCE, 0x79, 0xCE, 0x38, 0xC6,
    0xF7, 0xBD, 0xB6, 0xBD, 0x54, 0xAD, 0xF2, 0x9C, 0x90, 0x94, 0xAD, 0x7B, 0x6C, 0x6B, 0x6C, 0x6B,
    0xAD, 0x73, 0xAD, 0x73, 0xCD, 0x73, 0x90, 0x94, 0xB5, 0xB5, 0x58, 0xCE, 0x58, 0xCE, 0x78, 0xCE,
    0x79, 0xCE, 0x99, 0xCE, 0x99, 0xCE, 0x99, 0xCE, 0x99, 0xCE, 0x99, 0xCE, 0x79, 0xCE, 0x9A, 0xD6,
    0x79, 0xCE, 0x9A, 0xCE, 0x9A, 0xCE, 0x79, 0xCE, 0x59, 0xCE, 0x59, 0xC6, 0x38, 0xC6, 0x18, 0xC6,
    0xF7, 0xBD, 0x18, 0xC6, 0x38, 0xC6, 0x59, 0xCE, 0x79, 0xCE, 0x79, 0xCE, 0x59, 0xCE, 0x59, 0xCE,
    0x59, 0xCE, 0x59, 0xCE, 0x59, 0xCE, 0x59, 0xCE, 0x59, 0xCE, 0x38, 0xC6, 0x38, 0xC6, 0x38, 0xC6,
    0x38, 0xC6, 0x58, 0xCE, 0x58, 0xC6, 0x58, 0xC6, 0x58, 0xCE, 0x59, 0xCE, 0x59, 0xCE, 0x59, 0xCE,
    0x59, 0xCE, 0x59, 0xCE, 0x59, 0xCE, 0x59, 0xCE, 0x59, 0xCE, 0x59, 0xCE, 0x79, 0xCE, 0x79, 0xCE,
    0x79, 0xCE, 0x59, 0xCE, 0x59, 0xCE, 0x59, 0xCE, 0x58, 0xCE, 0x38, 0xC6, 0x58, 0xCE, 0x58, 0xCE,
    0x38, 0xC6, 0xD7, 0xBD, 0x95, 0xB5, 0x13, 0xA5, 0xB1, 0x94, 0x91, 0x94, 0xB2, 0x94, 0xF3, 0x9C,
    0x13, 0xA5, 0x34, 0xA5, 0x34, 0xA5, 0x34, 0xAD, 0x13, 0xA5, 0xD2, 0x9C, 0xD2, 0x9C, 0xD2, 0x9C,
    0xD2, 0x9C, 0xD1, 0x9C, 0xB1, 0x9C, 0xB1, 0x94, 0xB1, 0x94, 0x90, 0x94, 0xB0, 0x94, 0x90, 0x94,
    0x90, 0x94, 0xB1, 0x94, 0x90, 0x94, 0x90, 0x94, 0xB1, 0x9C, 0xB1, 0x9C, 0xD1, 0x9C, 0xD2, 0xA4,
    0x70, 0x94, 0xCD, 0x7B, 0xAD, 0x7B, 0x0E, 0x84, 0x2F, 0x8C, 0xCD, 0x7B, 0x4B, 0x6B, 0x4B, 0x6B,
    0xAD, 0x7B, 0x8C, 0x73, 0x4B, 0x6B, 0xCD, 0x7B, 0xEE, 0x7B, 0xEE, 0x7B, 0xEE, 0x83, 0xEE, 0x7B,
    0xAD, 0x7B, 0x8C, 0x73, 0x4C, 0x6B, 0x4B, 0x63, 0xEA, 0x5A, 0xC9, 0x5A, 0xA9, 0x52, 0x88, 0x4A,
    0xA9, 0x52, 0x0A, 0x63, 0xCD, 0x7B, 0x0E, 0x84, 0x4F, 0x8C, 0xD2, 0x9C, 0xD2, 0x9C, 0x91, 0x94,
    0xB1, 0x9C, 0xB1, 0x94, 0x0E, 0x84, 0x4B, 0x6B, 0x0A, 0x63, 0x0A, 0x63, 0xEA, 0x62, 0x0B, 0x63,
    0x6C, 0x73, 0x4C, 0x73, 0xEA, 0x62, 0xCA, 0x62, 0xCA, 0x62, 0xA9, 0x5A, 0x88, 0x5A, 0xA9, 0x5A,
    0xC9, 0x5A, 0xA9, 0x5A, 0x88, 0x5A, 0x67, 0x52, 0x67, 0x52, 0x67, 0x52, 0x88, 0x5A, 0x88, 0x5A,
    0xA9, 0x5A, 0xA9, 0x62, 0xC9, 0x62, 0xE9, 0x6A, 0x0A, 0x6B, 0x2A, 0x73, 0x6B, 0x73, 0x6B, 0x73,
    0x6B, 0x7B, 0x6B, 0x7B, 0x8C, 0x7B, 0x8C, 0x7B, 0x6C, 0x73, 0x8C, 0x7B, 0x6B, 0x73, 0x8C, 0x73,
    0xD1, 0x9C, 0x78, 0xD6, 0x3B, 0xEF, 0x5B, 0xEF, 0x7C, 0xEF, 0x7C, 0xF7, 0x7C, 0xF7, 0x7C, 0xF7,
    0x9C, 0xF7, 0x9C, 0xF7, 0x9C, 0xF7, 0x9C, 0xF7, 0x9C, 0xF7, 0x9C, 0xF7, 0x9C, 0xF7, 0x9C, 0xF7,
    0x9C, 0xF7, 0x9C, 0xF7, 0x9C, 0xF7, 0x9C, 0xF7, 0x9C, 0xF7, 0x7C, 0xF7, 0x7C, 0xF7, 0x7C, 0xF7,
    0x7C, 0xF7, 0x7C, 0xF7, 0x7C, 0xF7, 0x7C, 0xF7, 0xD9, 0xDE, 0x98, 0xDE, 0xD9, 0xE6, 0xFA, 0xDE,
    0xFA, 0xE6, 0xFA, 0xE6, 0xFA, 0xE6, 0xFA, 0xE6, 0xFA, 0xE6, 0xFA, 0xDE, 0xFA, 0xDE, 0xFA, 0xDE,
    0xFA, 0xDE, 0xFA, 0xDE, 0xFA, 0xDE, 0xF9, 0xDE, 0xFA, 0xDE, 0xF9, 0xDE, 0xF9, 0xDE, 0xF9, 0xDE,
    0xD9, 0xDE, 0xD9, 0xDE, 0xD9, 0xDE, 0xD9, 0xDE, 0xD9, 0xDE, 0xD9, 0xDE, 0xB9, 0xDE, 0xB9, 0xDE,
    0xB9, 0xDE, 0xB9, 0xDE, 0xB9, 0xDE, 0xB9, 0xDE, 0xB9, 0xDE, 0xB9, 0xDE, 0xB9, 0xDE, 0xB9, 0xDE,
    0xB9, 0xDE, 0xB9, 0xDE, 0xB9, 0xDE, 0xB9, 0xDE, 0xB9, 0xDE, 0xB9, 0xDE, 0xB9, 0xDE, 0xB9, 0xDE,
    0x9A, 0xCE, 0x9A, 0xCE, 0x9A, 0xCE, 0x7A, 0xCE, 0x7A, 0xCE, 0x7A, 0xCE, 0x79, 0xCE, 0x79, 0xCE,
    0x79, 0xCE, 0x79, 0xCE, 0x79, 0xCE, 0x79, 0xCE, 0x79, 0xCE, 0x79, 0xCE, 0x79, 0xCE, 0x79, 0xCE,
    0x79, 0xCE, 0x79, 0xCE, 0x79, 0xCE, 0x79, 0xCE, 0x79, 0xCE, 0x79, 0xCE, 0x79, 0xCE, 0x79, 0xCE,
    0x79, 0xCE, 0x79, 0xCE, 0x79, 0xC6, 0x79, 0xCE, 0x79, 0xCE, 0x79, 0xCE, 0x79, 0xCE, 0x79, 0xCE,
    0x79, 0xCE, 0x79, 0xCE, 0x79, 0xCE, 0x79, 0xCE, 0x79, 0xCE, 0x79, 0xCE, 0x79, 0xCE, 0x79, 0xCE,
    0x79, 0xCE, 0x79, 0xCE, 0x79, 0xCE, 0x79, 0xCE, 0x79, 0xCE, 0x79, 0xCE, 0x79, 0xCE, 0x79, 0xCE,
    0x79, 0xCE, 0x79, 0xCE, 0x79, 0xCE, 0x79, 0xCE, 0x7A, 0xCE, 0x79, 0xCE, 0x79, 0xCE, 0x79, 0xCE,
    0x79, 0xCE, 0x79, 0xCE, 0x79, 0xCE, 0x79, 0xCE, 0x79, 0xCE, 0x79, 0xCE, 0x79, 0xCE, 0x79, 0xCE,
    0x79, 0xCE, 0x79, 0xCE, 0x79, 0xCE, 0x79, 0xCE, 0x79, 0xCE, 0x79, 0xCE, 0x79, 0xCE, 0x59, 0xCE,
    0xF7, 0xC5, 0xB6, 0xBD, 0x74, 0xAD, 0x13, 0xA5, 0x91, 0x94, 0xEE, 0x7B, 0x6C, 0x73, 0x2A, 0x63,
    0x6B, 0x6B, 0xCD, 0x73, 0xCD, 0x7B, 0xCD, 0x7B, 0x70, 0x8C, 0xB5, 0xB5, 0x37, 0xC6, 0x98, 0xCE,
    0x99, 0xD6, 0x99, 0xCE, 0x99, 0xCE, 0x99, 0xCE, 0x99, 0xD6, 0x99, 0xD6, 0x9A, 0xD6, 0x7A, 0xCE,
    0x79, 0xCE, 0x99, 0xCE, 0x79, 0xCE, 0x79, 0xCE, 0x79, 0xCE, 0x79, 0xCE, 0x59, 0xCE, 0x38, 0xC6,
    0x38, 0xC6, 0x18, 0xC6, 0x18, 0xC6, 0x38, 0xC6, 0x38, 0xC6, 0x59, 0xCE, 0x79, 0xCE, 0x79, 0xCE,
    0x79, 0xCE, 0x59, 0xCE, 0x59, 0xCE, 0x59, 0xCE, 0x59, 0xCE, 0x59, 0xCE, 0x38, 0xC6, 0x38, 0xC6,
    0x58, 0xCE, 0x58, 0xCE, 0x38, 0xC6, 0x58, 0xC6, 0x59, 0xCE, 0x59, 0xCE, 0x59, 0xCE, 0x79, 0xCE,
    0x79, 0xCE, 0x79, 0xCE, 0x79, 0xCE, 0x79, 0xCE, 0x79, 0xCE, 0x79, 0xCE, 0x59, 0xCE, 0x59, 0xCE,
    0x59, 0xCE, 0x58, 0xCE, 0x58, 0xCE, 0x58, 0xCE, 0x38, 0xCE, 0x17, 0xC6, 0x17, 0xC6, 0xF7, 0xBD,
    0xB6, 0xBD, 0x54, 0xAD, 0xD2, 0x9C, 0x91, 0x94, 0x30, 0x8C, 0x70, 0x8C, 0xB1, 0x9C, 0x13, 0xA5,
    0x13, 0xA5, 0x33, 0xA5, 0x33, 0xA5, 0x33, 0xAD, 0x12, 0xA5, 0xD2, 0x9C, 0xD2, 0x9C, 0xD2, 0x9C,
    0xD2, 0x9C, 0xD1, 0x9C, 0xB1, 0x9C, 0xB1, 0x9C, 0xB1, 0x94, 0xB0, 0x94, 0x90, 0x94, 0x90, 0x94,
    0x90, 0x94, 0x90, 0x94, 0x90, 0x94, 0x90, 0x94, 0x90, 0x9C, 0xB1, 0x9C, 0xB1, 0x9C, 0xD1, 0xA4,
    0xB1, 0x9C, 0x0E, 0x84, 0xEE, 0x83, 0x2F, 0x8C, 0x2F, 0x8C, 0xCD, 0x7B, 0x8D, 0x7B, 0x8C, 0x73,
    0xCD, 0x83, 0x8C, 0x7B, 0x4B, 0x6B, 0x6C, 0x73, 0xAD, 0x73, 0xCD, 0x7B, 0xEE, 0x83, 0x0E, 0x84,
    0xCD, 0x7B, 0x8C, 0x73, 0x6C, 0x6B, 0x4B, 0x6B, 0xEA, 0x5A, 0x88, 0x52, 0x68, 0x52, 0x68, 0x4A,
    0x88, 0x52, 0x0A, 0x63, 0x4B, 0x6B, 0x8C, 0x73, 0xCD, 0x7B, 0x4F, 0x8C, 0x4F, 0x8C, 0xCD, 0x7B,
    0xAD, 0x73, 0x6C, 0x73, 0x0A, 0x63, 0xEA, 0x62, 0xEA, 0x62, 0x0A, 0x63, 0x0A, 0x63, 0x2B, 0x6B,
    0x4C, 0x73, 0x4B, 0x6B, 0x2B, 0x6B, 0x0A, 0x63, 0xCA, 0x62, 0xA9, 0x5A, 0x88, 0x52, 0xA9, 0x5A,
    0xA9, 0x5A, 0xA9, 0x5A, 0x88, 0x52, 0x47, 0x52, 0x47, 0x52, 0x88, 0x52, 0xA9, 0x5A, 0xC9, 0x62,
    0xC9, 0x62, 0xC9, 0x62, 0xC9, 0x62, 0xEA, 0x6A, 0x2A, 0x6B, 0x2B, 0x73, 0x4B, 0x73, 0x4B, 0x73,
    0x4B, 0x73, 0x4B, 0x73, 0x6B, 0x73, 0x6B, 0x73, 0x4B, 0x73, 0x8C, 0x7B, 0x6B, 0x73, 0xCD, 0x83,
    0x33, 0xAD, 0x37, 0xCE, 0xFA, 0xDE, 0x3B, 0xE7, 0x5B, 0xEF, 0x5C, 0xEF, 0x5C, 0xEF, 0x5C, 0xEF,
    0x7C, 0xF7, 0x9C, 0xF7, 0x9C, 0xF7, 0x9D, 0xF7, 0x9C, 0xF7, 0x9C, 0xF7, 0x9C, 0xF7, 0x9C, 0xF7,
    0x9C, 0xF7, 0x9C, 0xF7, 0x9C, 0xF7, 0x9C, 0xF7, 0x9C, 0xF7, 0x9C, 0xF7, 0x7C, 0xF7, 0x7C, 0xF7,
    0x7C, 0xF7, 0x7C, 0xF7, 0x7C, 0xF7, 0x5C, 0xEF, 0x3B, 0xEF, 0xD9, 0xE6, 0xFA, 0xE6, 0xFA, 0xE6,
    0xFA, 0xE6, 0xFA, 0xE6, 0xFA, 0xE6, 0xFA, 0xE6, 0xFA, 0xE6, 0xFA, 0xE6, 0xFA, 0xE6, 0xFA, 0xE6,
    0xFA, 0xE6, 0xFA, 0xE6, 0xFA, 0xDE, 0xFA, 0xDE, 0xFA, 0xDE, 0xF9, 0xDE, 0xF9, 0xDE, 0xF9, 0xDE,
    0xD9, 0xDE, 0xD9, 0xDE, 0xD9, 0xDE, 0xD9, 0xDE, 0xD9, 0xDE, 0xD9, 0xDE, 0xD9, 0xDE, 0xD9, 0xDE,
    0xD9, 0xDE, 0xD9, 0xDE, 0xB9, 0xDE, 0xB9, 0xDE, 0xB9, 0xDE, 0xB9, 0xDE, 0xB9, 0xDE, 0xB9, 0xDE,
    0xB9, 0xDE, 0xB9, 0xDE, 0xB9, 0xDE, 0xB9, 0xDE, 0xB9, 0xDE, 0xB9, 0xDE, 0xB9, 0xDE, 0xB9, 0xDE,
    0x9A, 0xCE, 0x9A, 0xCE, 0x9A, 0xCE, 0x9A, 0xCE, 0x9A, 0xCE, 0x7A, 0xCE, 0x79, 0xCE, 0x79, 0xCE,
    0x79, 0xCE, 0x79, 0xCE, 0x79, 0xCE, 0x79, 0xCE, 0x79, 0xCE, 0x79, 0xCE, 0x79, 0xCE, 0x79, 0xCE,
    0x79, 0xCE, 0x79, 0xCE, 0x79, 0xCE, 0x79, 0xCE, 0x79, 0xCE, 0x7A, 0xCE, 0x79, 0xCE, 0x79, 0xCE,
    0x79, 0xCE, 0x79, 0xCE, 0x79, 0xC6, 0x79, 0xCE, 0x79, 0xCE, 0x79, 0xCE, 0x79, 0xCE, 0x79, 0xCE,
    0x79, 0xCE, 0x79, 0xCE, 0x79, 0xCE, 0x79, 0xCE, 0x79, 0xCE, 0x79, 0xCE, 0x79, 0xCE, 0x79, 0xCE,
    0x79, 0xCE, 0x79, 0xCE, 0x79, 0xCE, 0x79, 0xCE, 0x79, 0xCE, 0x79, 0xCE, 0x79, 0xCE, 0x79, 0xCE,
    0x79, 0xCE, 0x79, 0xCE, 0x79, 0xCE, 0x79, 0xCE, 0x79, 0xCE, 0x79, 0xCE, 0x79, 0xCE, 0x79, 0xCE,
    0x79, 0xCE, 0x79, 0xCE, 0x79, 0xCE, 0x79, 0xCE, 0x79, 0xCE, 0x79, 0xCE, 0x79, 0xCE, 0x79, 0xCE,
    0x79, 0xCE, 0x79, 0xCE, 0x79, 0xCE, 0x79, 0xCE, 0x79, 0xCE, 0x79, 0xCE, 0x79, 0xCE, 0x59, 0xCE,
    0x18, 0xC6, 0xD7, 0xBD, 0x95, 0xB5, 0x34, 0xAD, 0xD2, 0x9C, 0x4F, 0x8C, 0xCD, 0x7B, 0x4B, 0x6B,
    0x0A, 0x63, 0x4B, 0x63, 0x8C, 0x73, 0xCE, 0x7B, 0x0E, 0x84, 0x70, 0x8C, 0x33, 0xA5, 0x17, 0xBE,
    0x99, 0xD6, 0x99, 0xD6, 0x99, 0xCE, 0x99, 0xCE, 0x99, 0xCE, 0x99, 0xD6, 0x9A, 0xD6, 0x9A, 0xD6,
    0x7A, 0xCE, 0x79, 0xCE, 0x79, 0xCE, 0x79, 0xCE, 0x79, 0xCE, 0x79, 0xCE, 0x79, 0xCE, 0x59, 0xCE,
    0x59, 0xCE, 0x38, 0xC6, 0xF7, 0xBD, 0xF7, 0xBD, 0xF7, 0xBD, 0x38, 0xC6, 0x79, 0xCE, 0x79, 0xCE,
    0x79, 0xCE, 0x79, 0xCE, 0x79, 0xCE, 0x79, 0xCE, 0x79, 0xCE, 0x59, 0xCE, 0x59, 0xCE, 0x59, 0xCE,
    0x59, 0xCE, 0x59, 0xCE, 0x38, 0xC6, 0x59, 0xCE, 0x79, 0xCE, 0x79, 0xCE, 0x79, 0xCE, 0x79, 0xCE,
    0x79, 0xCE, 0x79, 0xCE, 0x79, 0xCE, 0x79, 0xCE, 0x79, 0xCE, 0x59, 0xCE, 0x38, 0xC6, 0x58, 0xC6,
    0x38, 0xC6, 0x37, 0xC6, 0x37, 0xC6, 0x17, 0xC6, 0xF6, 0xBD, 0xD6, 0xBD, 0xB5, 0xB5, 0x74, 0xAD,
    0x33, 0xA5, 0xB2, 0x9C, 0x70, 0x8C, 0x4F, 0x8C, 0x50, 0x8C, 0x91, 0x94, 0xF2, 0x9C, 0x33, 0xA5,
    0x53, 0xAD, 0x53, 0xAD, 0x33, 0xA5, 0x53, 0xAD, 0x12, 0xA5, 0xD2, 0x9C, 0xF2, 0x9C, 0xD1, 0x9C,
    0xD1, 0x9C, 0xD1, 0x9C, 0xB1, 0x9C, 0xB0, 0x9C, 0xB0, 0x94, 0xB0, 0x94, 0x90, 0x94, 0x90, 0x94,
    0x90, 0x94, 0x90, 0x94, 0x90, 0x94, 0x90, 0x94, 0x90, 0x94, 0x90, 0x9C, 0xB1, 0x9C, 0xD1, 0xA4,
    0xB1, 0x9C, 0x4F, 0x8C, 0xEE, 0x83, 0x2F, 0x8C, 0x4F, 0x8C, 0xEE, 0x83, 0xCD, 0x7B, 0x6C, 0x73,
    0x8C, 0x7B, 0xAD, 0x7B, 0x6C, 0x73, 0x2B, 0x6B, 0x4C, 0x6B, 0x6C, 0x73, 0xAD, 0x7B, 0x0E, 0x84,
    0xEE, 0x7B, 0x8C, 0x73, 0x6C, 0x6B, 0x4B, 0x6B, 0xEA, 0x5A, 0x89, 0x52, 0x88, 0x52, 0x68, 0x4A,
    0x89, 0x52, 0x0B, 0x63, 0x2B, 0x63, 0x2A, 0x63, 0x2A, 0x63, 0xAC, 0x73, 0xAC, 0x73, 0x4B, 0x6B,
    0xE9, 0x5A, 0xC9, 0x5A, 0x0A, 0x63, 0xEA, 0x62, 0xEA, 0x62, 0x0B, 0x63, 0x2B, 0x6B, 0x4C, 0x6B,
    0x6C, 0x73, 0x4B, 0x6B, 0x0B, 0x6B, 0xCA, 0x62, 0xA9, 0x5A, 0x89, 0x52, 0x88, 0x52, 0x88, 0x52,
    0x88, 0x5A, 0xA9, 0x5A, 0x67, 0x52, 0x47, 0x4A, 0x67, 0x52, 0xA8, 0x5A, 0xC9, 0x62, 0xC9, 0x62,
    0xC9, 0x62, 0xA9, 0x62, 0xC9, 0x62, 0xE9, 0x6A, 0x0A, 0x6B, 0x2B, 0x73, 0x4B, 0x73, 0x4B, 0x73,
    0x4B, 0x73, 0x6B, 0x73, 0x4B, 0x73, 0x0A, 0x6B, 0xE9, 0x62, 0x0A, 0x63, 0xEA, 0x62, 0x2F, 0x8C,
    0xD5, 0xBD, 0x78, 0xD6, 0xF9, 0xDE, 0xFA, 0xE6, 0x1B, 0xE7, 0x3B, 0xEF, 0x3B, 0xEF, 0x3B, 0xEF,
    0x5B, 0xEF, 0x7C, 0xF7, 0x7C, 0xF7, 0x9C, 0xF7, 0x9D, 0xF7, 0x9C, 0xF7, 0x9C, 0xF7, 0x9C, 0xF7,
    0x9C, 0xF7, 0x9C, 0xF7, 0x9C, 0xF7, 0x9C, 0xF7, 0x9C, 0xF7, 0x9C, 0xF7, 0x7C, 0xF7, 0x7C, 0xF7,
    0x7C, 0xF7, 0x7C, 0xF7, 0x7C, 0xF7, 0x7C, 0xF7, 0xD9, 0xDE, 0xFA, 0xE6, 0x1A, 0xE7, 0xFA, 0xE6,
    0xFA, 0xE6, 0xFA, 0xE6, 0xFA, 0xE6, 0xFA, 0xE6, 0xFA, 0xE6, 0xFA, 0xE6, 0xFA, 0xE6, 0xFA, 0xE6,
    0xFA, 0xE6, 0xFA, 0xE6, 0xFA, 0xDE, 0xFA, 0xDE, 0xFA, 0xDE, 0xF9, 0xDE, 0xF9, 0xDE, 0xF9, 0xDE,
    0xD9, 0xDE, 0xD9, 0xDE, 0xD9, 0xDE, 0xD9, 0xDE, 0xD9, 0xDE, 0xD9, 0xDE, 0xD9, 0xDE, 0xD9, 0xDE,
    0xD9, 0xDE, 0xD9, 0xDE, 0xD9, 0xDE, 0xB9, 0xDE, 0xB9, 0xDE, 0xB9, 0xDE, 0xB9, 0xDE, 0xB9, 0xDE,
    0xB9, 0xDE, 0xB9, 0xDE, 0xB9, 0xDE, 0xB9, 0xDE, 0xB9, 0xDE, 0xB9, 0xDE, 0xB9, 0xDE, 0xB9, 0xDE,
    0x9A, 0xCE, 0x9A, 0xCE, 0x9A, 0xCE, 0x9A, 0xCE, 0x9A, 0xCE, 0x9A, 0xCE, 0x7A, 0xCE, 0x7A, 0xCE,
    0x7A, 0xCE, 0x7A, 0xCE, 0x7A, 0xCE, 0x7A, 0xCE, 0x7A, 0xCE, 0x7A, 0xCE, 0x7A, 0xCE, 0x7A, 0xCE,
    0x7A, 0xCE, 0x79, 0xCE, 0x7A, 0xCE, 0x7A, 0xCE, 0x7A, 0xCE, 0x7A, 0xCE, 0x7A, 0xCE, 0x79, 0xCE,
    0x79, 0xCE, 0x79, 0xCE, 0x79, 0xCE, 0x79, 0xCE, 0x79, 0xCE, 0x79, 0xCE, 0x79, 0xCE, 0x79, 0xCE,
    0x79, 0xCE, 0x79, 0xCE, 0x79, 0xCE, 0x79, 0xCE, 0x79, 0xCE, 0x79, 0xCE, 0x79, 0xCE, 0x79, 0xCE,
    0x79, 0xCE, 0x79, 0xCE, 0x79, 0xCE, 0x79, 0xCE, 0x79, 0xCE, 0x79, 0xCE, 0x79, 0xCE, 0x79, 0xCE,
    0x79, 0xCE, 0x79, 0xCE, 0x79, 0xCE, 0x79, 0xC6, 0x79, 0xC6, 0x79, 0xC6, 0x79, 0xC6, 0x79, 0xC6,
    0x79, 0xCE, 0x79, 0xCE, 0x79, 0xCE, 0x79, 0xCE, 0x79, 0xCE, 0x79, 0xCE, 0x79, 0xCE, 0x79, 0xCE,
    0x79, 0xCE, 0x79, 0xCE, 0x79, 0xCE, 0x79, 0xCE, 0x99, 0xCE, 0x99, 0xCE, 0x79, 0xCE, 0x59, 0xCE,
    0x38, 0xC6, 0x17, 0xC6, 0xF6, 0xBD, 0x75, 0xB5, 0x33, 0xA5, 0xD1, 0x9C, 0x4F, 0x8C, 0xED, 0x7B,
    0x6C, 0x6B, 0xEA, 0x5A, 0xEA, 0x5A, 0x8C, 0x73, 0x0E, 0x84, 0x8D, 0x73, 0xAD, 0x73, 0xF2, 0x9C,
    0x17, 0xC6, 0x99, 0xD6, 0xB9, 0xD6, 0x99, 0xD6, 0x9A, 0xD6, 0x9A, 0xD6, 0x9A, 0xD6, 0x7A, 0xD6,
    0x7A, 0xD6, 0x79, 0xCE, 0x79, 0xCE, 0x79, 0xCE, 0x79, 0xCE, 0x79, 0xCE, 0x79, 0xCE, 0x79, 0xCE,
    0x79, 0xCE, 0x79, 0xCE, 0x38, 0xC6, 0x18, 0xC6, 0xF7, 0xBD, 0x38, 0xC6, 0x79, 0xCE, 0x79, 0xCE,
    0x79, 0xCE, 0x79, 0xCE, 0x59, 0xCE, 0x79, 0xCE, 0x79, 0xCE, 0x79, 0xCE, 0x79, 0xCE, 0x59, 0xCE,
    0x58, 0xCE, 0x58, 0xCE, 0x38, 0xC6, 0x38, 0xC6, 0x99, 0xD6, 0x9A, 0xD6, 0x9A, 0xD6, 0x79, 0xCE,
    0x59, 0xCE, 0x7A, 0xCE, 0x7A, 0xCE, 0x59, 0xCE, 0x79, 0xCE, 0x58, 0xCE, 0x38, 0xCE, 0x38, 0xCE,
    0x17, 0xBE, 0xD5, 0xBD, 0xB5, 0xB5, 0x74, 0xAD, 0x74, 0xAD, 0x74, 0xAD, 0x33, 0xA5, 0xF2, 0x9C,
    0xB1, 0x94, 0x2F, 0x84, 0x2F, 0x84, 0x90, 0x94, 0x91, 0x94, 0xD1, 0x9C, 0xF2, 0xA4, 0x33, 0xA5,
    0x33, 0xAD, 0x33, 0xAD, 0x33, 0xA5, 0x12, 0xA5, 0xF2, 0xA4, 0xF2, 0xA4, 0xF2, 0x9C, 0xD1, 0x9C,
    0xD1, 0x9C, 0xD1, 0x9C, 0xB1, 0x9C, 0xB1, 0x9C, 0xB1, 0x9C, 0xB0, 0x94, 0x90, 0x94, 0x90, 0x94,
    0x90, 0x94, 0x90, 0x94, 0x90, 0x94, 0x90, 0x9C, 0x90, 0x9C, 0x90, 0x9C, 0x90, 0x9C, 0xB1, 0x9C,
    0xB1, 0x9C, 0x50, 0x94, 0x0F, 0x8C, 0x4F, 0x8C, 0x4F, 0x8C, 0xEE, 0x83, 0xAC, 0x7B, 0x4B, 0x73,
    0x4B, 0x73, 0xAD, 0x7B, 0x8C, 0x73, 0x2B, 0x6B, 0x2B, 0x63, 0x2B, 0x6B, 0x6C, 0x73, 0xCE, 0x7B,
    0xCD, 0x7B, 0x8C, 0x73, 0x4B, 0x6B, 0x2B, 0x6B, 0xEA, 0x62, 0xC9, 0x5A, 0x88, 0x52, 0x68, 0x52,
    0xA8, 0x52, 0xEA, 0x5A, 0xC9, 0x5A, 0xC9, 0x5A, 0xEA, 0x62, 0x8C, 0x73, 0x4B, 0x6B, 0xE9, 0x5A,
    0xE9, 0x5A, 0xEA, 0x62, 0x2A, 0x63, 0x2A, 0x63, 0x2B, 0x6B, 0x6C, 0x73, 0x6C, 0x73, 0x8C, 0x73,
    0x8C, 0x73, 0x6C, 0x73, 0x4B, 0x6B, 0xEA, 0x62, 0xA9, 0x5A, 0x88, 0x52, 0x88, 0x52, 0x88, 0x52,
    0x88, 0x52, 0x68, 0x52, 0x47, 0x52, 0x47, 0x52, 0x88, 0x5A, 0xA8, 0x5A, 0xE9, 0x62, 0xEA, 0x6A,
    0xE9, 0x62, 0xEA, 0x62, 0x0A, 0x6B, 0x0A, 0x6B, 0x0A, 0x6B, 0x2B, 0x73, 0x6B, 0x73, 0x4B, 0x73,
    0x2A, 0x73, 0x2A, 0x73, 0x4B, 0x73, 0x4B, 0x6B, 0x0A, 0x6B, 0xE9, 0x62, 0xA9, 0x5A, 0x70, 0x94,
    0x57, 0xCE, 0xFA, 0xE6, 0x1A, 0xE7, 0xFA, 0xE6, 0x1B, 0xE7, 0x1B, 0xE7, 0x1B, 0xE7, 0x1B, 0xE7,
    0x3B, 0xEF, 0x3B, 0xEF, 0x5B, 0xEF, 0x5B, 0xEF, 0x5B, 0xEF, 0x5B, 0xEF, 0x7C, 0xEF, 0x7C, 0xF7,
    0x9C, 0xF7, 0x9D, 0xF7, 0x9D, 0xF7, 0x9C, 0xF7, 0x9C, 0xF7, 0x9C, 0xF7, 0x7C, 0xF7, 0x7C, 0xF7,
    0x7C, 0xF7, 0x7C, 0xF7, 0xBD, 0xF7, 0xFA, 0xE6, 0x37, 0xCE, 0xFA, 0xE6, 0x1A, 0xE7, 0xFA, 0xE6,
    0xFA, 0xE6, 0xFA, 0xE6, 0xFA, 0xE6, 0xFA, 0xE6, 0xFA, 0xE6, 0xFA, 0xE6, 0xFA, 0xE6, 0xFA, 0xE6,
    0xFA, 0xE6, 0xFA, 0xE6, 0xFA, 0xDE, 0xFA, 0xDE, 0xFA, 0xDE, 0xF9, 0xDE, 0xF9, 0xDE, 0xF9, 0xDE,
    0xD9, 0xDE, 0xD9, 0xDE, 0xD9, 0xDE, 0xD9, 0xDE, 0xD9, 0xDE, 0xD9, 0xDE, 0xD9, 0xDE, 0xD9, 0xDE,
    0xD9, 0xDE, 0xD9, 0xDE, 0xD9, 0xDE, 0xB9, 0xDE, 0xB9, 0xDE, 0xB9, 0xDE, 0xB9, 0xDE, 0xB9, 0xDE,
    0xB9, 0xDE, 0xB9, 0xDE, 0xB9, 0xDE, 0xB9, 0xDE, 0xB9, 0xDE, 0xB9, 0xDE, 0xB9, 0xDE, 0xB9, 0xDE,
    0x9A, 0xCE, 0x9A, 0xCE, 0x9A, 0xCE, 0x9A, 0xCE, 0x9A, 0xCE, 0x9A, 0xCE, 0x7A, 0xCE, 0x7A, 0xCE,
    0x7A, 0xCE, 0x7A, 0xCE, 0x7A, 0xCE, 0x7A, 0xCE, 0x7A, 0xCE, 0x7A, 0xCE, 0x7A, 0xCE, 0x7A, 0xCE,
    0x7A, 0xCE, 0x79, 0xCE, 0x7A, 0xCE, 0x7A, 0xCE, 0x7A, 0xCE, 0x7A, 0xCE, 0x7A, 0xCE, 0x79, 0xCE,
    0x79, 0xCE, 0x79, 0xCE, 0x79, 0xCE, 0x79, 0xCE, 0x79, 0xCE, 0x99, 0xCE, 0x99, 0xCE, 0x79, 0xCE,
    0x79, 0xC6, 0x79, 0xC6, 0x79, 0xC6, 0x79, 0xC6, 0x79, 0xC6, 0x79, 0xCE, 0x79, 0xCE, 0x79, 0xCE,
    0x79, 0xCE, 0x79, 0xCE, 0x79, 0xCE, 0x79, 0xCE, 0x79, 0xCE, 0x79, 0xCE, 0x79, 0xCE, 0x79, 0xCE,
    0x79, 0xCE, 0x79, 0xCE, 0x79, 0xCE, 0x79, 0xC6, 0x79, 0xC6, 0x79, 0xC6, 0x79, 0xC6, 0x79, 0xC6,
    0x79, 0xCE, 0x79, 0xCE, 0x79, 0xCE, 0x79, 0xCE, 0x79, 0xCE, 0x79, 0xCE, 0x79, 0xCE, 0x79, 0xCE,
    0x79, 0xCE, 0x79, 0xCE, 0x99, 0xCE, 0x99, 0xCE, 0x9A, 0xCE, 0x99, 0xCE, 0x99, 0xCE, 0x79, 0xCE,
    0x59, 0xCE, 0x38, 0xC6, 0x17, 0xBE, 0x95, 0xB5, 0x54, 0xAD, 0xF2, 0x9C, 0x90, 0x8C, 0x0E, 0x84,
    0xAD, 0x73, 0x0A, 0x63, 0xC9, 0x5A, 0x0A, 0x63, 0x8C, 0x73, 0xCD, 0x7B, 0x8C, 0x73, 0xCD, 0x7B,
    0xD2, 0x9C, 0xB6, 0xBD, 0x78, 0xCE, 0xB9, 0xD6, 0xBA, 0xD6, 0x9A, 0xD6, 0x9A, 0xD6, 0x7A, 0xD6,
    0x7A, 0xD6, 0x7A, 0xCE, 0x79, 0xCE, 0x79, 0xCE, 0x79, 0xCE, 0x79, 0xCE, 0x79, 0xCE, 0x79, 0xCE,
    0x79, 0xCE, 0x79, 0xCE, 0x79, 0xCE, 0x79, 0xCE, 0x59, 0xCE, 0x38, 0xC6, 0x38, 0xC6, 0x38, 0xC6,
    0x59, 0xCE, 0x59, 0xCE, 0x59, 0xCE, 0x59, 0xCE, 0x59, 0xCE, 0x59, 0xCE, 0x59, 0xCE, 0x58, 0xCE,
    0x58, 0xCE, 0x58, 0xCE, 0x37, 0xC6, 0xF7, 0xBD, 0x79, 0xCE, 0x99, 0xD6, 0x79, 0xCE, 0x79, 0xCE,
    0x38, 0xC6, 0x39, 0xC6, 0x59, 0xCE, 0x79, 0xCE, 0x79, 0xCE, 0x38, 0xC6, 0x38, 0xC6, 0x17, 0xC6,
    0x75, 0xB5, 0x13, 0xA5, 0xD1, 0x9C, 0xD1, 0x9C, 0xD2, 0x9C, 0xF2, 0x9C, 0xD1, 0x9C, 0xD1, 0x9C,
    0xB1, 0x9C, 0x4F, 0x8C, 0x70, 0x8C, 0xD1, 0x9C, 0xD1, 0x9C, 0xF1, 0x9C, 0x12, 0xA5, 0x12, 0xA5,
    0x12, 0xA5, 0x12, 0xA5, 0xF2, 0xA4, 0xF2, 0xA4, 0xF1, 0xA4, 0xD1, 0xA4, 0xF1, 0x9C, 0xD1, 0x9C,
    0xD1, 0x9C, 0xD1, 0x9C, 0xB1, 0x9C, 0xB1, 0x9C, 0x90, 0x9C, 0x90, 0x94, 0x90, 0x94, 0x90, 0x94,
    0x70, 0x94, 0x70, 0x94, 0x70, 0x94, 0x70, 0x94, 0x70, 0x94, 0x70, 0x94, 0x70, 0x94, 0x90, 0x9C,
    0x90, 0x9C, 0x4F, 0x94, 0x2F, 0x8C, 0x4F, 0x94, 0x4F, 0x8C, 0xEE, 0x83, 0xAD, 0x7B, 0x6B, 0x73,
    0x6C, 0x73, 0xAD, 0x7B, 0x6C, 0x73, 0x2B, 0x6B, 0x2B, 0x63, 0x2B, 0x63, 0x4C, 0x6B, 0xAD, 0x73,
    0xAD, 0x7B, 0x8C, 0x73, 0x4B, 0x6B, 0x2B, 0x6B, 0xEA, 0x62, 0xA9, 0x5A, 0x68, 0x52, 0x68, 0x52,
    0xA8, 0x5A, 0xC9, 0x5A, 0xA9, 0x5A, 0xA9, 0x5A, 0x2B, 0x6B, 0x8C, 0x73, 0xE9, 0x62, 0xA8, 0x52,
    0xEA, 0x62, 0x2B, 0x63, 0x2B, 0x6B, 0x4B, 0x6B, 0x8C, 0x73, 0x8C, 0x73, 0xAC, 0x73, 0xAD, 0x7B,
    0x8C, 0x73, 0x6C, 0x73, 0x4B, 0x6B, 0x0A, 0x63, 0xC9, 0x5A, 0x88, 0x52, 0x88, 0x52, 0x88, 0x52,
    0xA9, 0x5A, 0x88, 0x52, 0x67, 0x52, 0x67, 0x52, 0x88, 0x5A, 0xA8, 0x5A, 0xC9, 0x62, 0xE9, 0x62,
    0xC9, 0x62, 0xE9, 0x62, 0xEA, 0x6A, 0xEA, 0x6A, 0xEA, 0x62, 0xEA, 0x62, 0x0A, 0x6B, 0xE9, 0x62,
    0xE9, 0x62, 0xE9, 0x62, 0x2A, 0x6B, 0x4B, 0x6B, 0x6B, 0x73, 0x6B, 0x73, 0x0A, 0x6B, 0xD1, 0x9C,
    0x98, 0xDE, 0xFA, 0xE6, 0x1A, 0xE7, 0x1A, 0xE7, 0x1B, 0xE7, 0x1B, 0xE7, 0x1B, 0xE7, 0x1B, 0xE7,
    0x3B, 0xE7, 0x3B, 0xE7, 0x3B, 0xE7, 0x3A, 0xE7, 0x1A, 0xE7, 0x1A, 0xE7, 0x1B, 0xE7, 0x3B, 0xEF,
    0x5C, 0xEF, 0x7C, 0xF7, 0x7C, 0xF7, 0x9C, 0xF7, 0x9C, 0xF7, 0x9C, 0xF7, 0x7C, 0xF7, 0x7C, 0xF7,
    0x7C, 0xF7, 0x9C, 0xF7, 0x9C, 0xF7, 0x58, 0xCE, 0x78, 0xD6, 0x1A, 0xE7, 0x1A, 0xE7, 0xFA, 0xE6,
    0xFA, 0xE6, 0xFA, 0xE6, 0xFA, 0xE6, 0xFA, 0xE6, 0xFA, 0xE6, 0xFA, 0xE6, 0xFA, 0xE6, 0xFA, 0xE6,
    0xFA, 0xE6, 0xFA, 0xE6, 0xFA, 0xDE, 0xFA, 0xDE, 0xFA, 0xDE, 0xF9, 0xDE, 0xF9, 0xDE, 0xF9, 0xDE,
    0xF9, 0xDE, 0xF9, 0xDE, 0xF9, 0xDE, 0xD9, 0xDE, 0xD9, 0xDE, 0xD9, 0xDE, 0xD9, 0xDE, 0xD9, 0xDE,
    0xD9, 0xDE, 0xD9, 0xDE, 0xD9, 0xDE, 0xB9, 0xDE, 0xB9, 0xDE, 0xB9, 0xDE, 0xB9, 0xDE, 0xB9, 0xDE,
    0xB9, 0xDE, 0xB9, 0xDE, 0xB9, 0xDE, 0xB9, 0xDE, 0xB9, 0xDE, 0xB9, 0xDE, 0xB9, 0xDE, 0xB9, 0xDE,
    0x9A, 0xCE, 0x9A, 0xCE, 0x9A, 0xCE, 0x9A, 0xCE, 0x9A, 0xCE, 0x9A, 0xCE, 0x9A, 0xCE, 0x7A, 0xCE,
    0x7A, 0xCE, 0x7A, 0xCE, 0x7A, 0xCE, 0x7A, 0xCE, 0x7A, 0xCE, 0x7A, 0xCE, 0x7A, 0xCE, 0x7A, 0xCE,
    0x7A, 0xCE, 0x79, 0xCE, 0x7A, 0xCE, 0x7A, 0xCE, 0x7A, 0xCE, 0x9A, 0xCE, 0x7A, 0xCE, 0x79, 0xCE,
    0x79, 0xCE, 0x79, 0xCE, 0x79, 0xCE, 0x79, 0xCE, 0x99, 0xCE, 0x99, 0xCE, 0x99, 0xCE, 0x79, 0xCE,
    0x79, 0xCE, 0x79, 0xCE, 0x79, 0xCE, 0x79, 0xCE, 0x79, 0xCE, 0x79, 0xCE, 0x79, 0xCE, 0x79, 0xCE,
    0x79, 0xCE, 0x79, 0xCE, 0x79, 0xCE, 0x79, 0xCE, 0x79, 0xCE, 0x79, 0xCE, 0x79, 0xCE, 0x79, 0xCE,
    0x79, 0xCE, 0x79, 0xCE, 0x79, 0xCE, 0x79, 0xCE, 0x79, 0xCE, 0x79, 0xCE, 0x79, 0xCE, 0x79, 0xCE,
    0x79, 0xCE, 0x79, 0xCE, 0x79, 0xCE, 0x79, 0xCE, 0x9A, 0xCE, 0x9A, 0xCE, 0x9A, 0xCE, 0x99, 0xCE,
    0x99, 0xCE, 0x9A, 0xCE, 0x9A, 0xCE, 0x99, 0xCE, 0x9A, 0xCE, 0x99, 0xCE, 0x99, 0xCE, 0x9A, 0xCE,
    0x79, 0xCE, 0x38, 0xC6, 0xF7, 0xBD, 0x95, 0xB5, 0x34, 0xAD, 0xD2, 0x9C, 0x4F, 0x8C, 0x2E, 0x84,
    0xCD, 0x7B, 0x4B, 0x6B, 0xEA, 0x5A, 0xE9, 0x5A, 0x0A, 0x63, 0x8C, 0x73, 0xAD, 0x73, 0xCE, 0x7B,
    0xAD, 0x73, 0xEE, 0x7B, 0xF2, 0x9C, 0xD6, 0xBD, 0x58, 0xCE, 0x99, 0xD6, 0x9A, 0xD6, 0x9A, 0xD6,
    0x7A, 0xD6, 0x7A, 0xCE, 0x79, 0xCE, 0x79, 0xCE, 0x79, 0xCE, 0x79, 0xCE, 0x79, 0xCE, 0x79, 0xCE,
    0x79, 0xCE, 0x79, 0xCE, 0x79, 0xCE, 0x79, 0xCE, 0x9A, 0xD6, 0x59, 0xCE, 0x18, 0xC6, 0xF7, 0xBD,
    0x18, 0xC6, 0x18, 0xC6, 0x38, 0xC6, 0x59, 0xCE, 0x38, 0xC6, 0x38, 0xC6, 0x58, 0xC6, 0x58, 0xC6,
    0x58, 0xCE, 0x58, 0xCE, 0x38, 0xC6, 0xF7, 0xBD, 0x17, 0xC6, 0x59, 0xCE, 0x59, 0xCE, 0x58, 0xCE,
    0x18, 0xC6, 0xF7, 0xBD, 0xF7, 0xBD, 0x38, 0xC6, 0x17, 0xC6, 0x95, 0xB5, 0x95, 0xB5, 0x33, 0xA5,
    0x90, 0x94, 0x70, 0x8C, 0x90, 0x94, 0x90, 0x94, 0x90, 0x94, 0x90, 0x94, 0xB0, 0x94, 0xD1, 0x9C,
    0xF2, 0x9C, 0xD1, 0x9C, 0xF2, 0x9C, 0xD1, 0x9C, 0xD1, 0x9C, 0xF1, 0x9C, 0xF2, 0xA4, 0xF2, 0xA4,
    0xF2, 0xA4, 0xF2, 0xA4, 0xF2, 0xA4, 0xF2, 0xA4, 0xD1, 0x9C, 0xB1, 0x9C, 0xD1, 0x9C, 0xD1, 0x9C,
    0xD1, 0x9C, 0xD1, 0x9C, 0x90, 0x94, 0x90, 0x94, 0x90, 0x94, 0x90, 0x94, 0x90, 0x94, 0x90, 0x94,
    0x90, 0x94, 0x90, 0x94, 0x70, 0x94, 0x70, 0x94, 0x70, 0x94, 0x4F, 0x94, 0x4F, 0x94, 0x90, 0x94,
    0x70, 0x94, 0x4F, 0x94, 0x2F, 0x8C, 0x4F, 0x8C, 0x4F, 0x8C, 0x0E, 0x84, 0xCD, 0x83, 0x8C, 0x7B,
    0x8C, 0x7B, 0xAD, 0x7B, 0x6C, 0x73, 0x2B, 0x6B, 0x2B, 0x6B, 0x2B, 0x63, 0x2B, 0x6B, 0x6C, 0x73,
    0xAD, 0x7B, 0x8C, 0x73, 0x2B, 0x6B, 0x2B, 0x63, 0x2B, 0x63, 0xEA, 0x62, 0xA9, 0x52, 0x88, 0x52,
    0xA9, 0x5A, 0xC9, 0x5A, 0xA9, 0x5A, 0xEA, 0x5A, 0x4B, 0x6B, 0x4B, 0x6B, 0xC9, 0x5A, 0xC9, 0x5A,
    0x2B, 0x6B, 0x4B, 0x6B, 0x6B, 0x6B, 0x6C, 0x73, 0x8C, 0x73, 0xAD, 0x7B, 0xAD, 0x7B, 0xAD, 0x7B,
    0x8C, 0x73, 0x4B, 0x6B, 0x2B, 0x6B, 0x0A, 0x63, 0xC9, 0x5A, 0x88, 0x52, 0x47, 0x52, 0x88, 0x52,
    0xC9, 0x5A, 0xA9, 0x5A, 0x88, 0x52, 0x68, 0x52, 0x88, 0x5A, 0xA8, 0x5A, 0xA8, 0x5A, 0xA8, 0x5A,
    0xA8, 0x5A, 0xA8, 0x5A, 0xA9, 0x62, 0xA9, 0x62, 0xE9, 0x62, 0xC9, 0x62, 0xA8, 0x5A, 0xA8, 0x5A,
    0xC9, 0x62, 0xE9, 0x62, 0x0A, 0x63, 0x0A, 0x6B, 0x0A, 0x6B, 0x0A, 0x6B, 0x6B, 0x73, 0x33, 0xAD,
    0xB9, 0xDE, 0xD9, 0xE6, 0x1A, 0xE7, 0x1B, 0xE7, 0x1B, 0xE7, 0x1B, 0xE7, 0x1B, 0xE7, 0x1B, 0xE7,
    0x3B, 0xE7, 0x3B, 0xE7, 0x3B, 0xE7, 0x3A, 0xE7, 0x1A, 0xE7, 0x1A, 0xE7, 0x1A, 0xE7, 0x1A, 0xE7,
    0x1A, 0xE7, 0x1B, 0xE7, 0x3B, 0xEF, 0x5B, 0xEF, 0x5B, 0xEF, 0x5B, 0xEF, 0x7C, 0xEF, 0x7C, 0xF7,
    0x7C, 0xF7, 0x9C, 0xF7, 0x3B, 0xE7, 0x37, 0xC6, 0xFA, 0xE6, 0x3B, 0xEF, 0xFA, 0xE6, 0xFA, 0xE6,
    0x1A, 0xE7, 0x1A, 0xE7, 0xFA, 0xE6, 0xFA, 0xE6, 0xFA, 0xE6, 0xFA, 0xE6, 0xFA, 0xE6, 0xFA, 0xE6,
    0xFA, 0xE6, 0xFA, 0xE6, 0xFA, 0xDE, 0xFA, 0xDE, 0xFA, 0xDE, 0xF9, 0xDE, 0xF9, 0xDE, 0xF9, 0xDE,
    0xF9, 0xDE, 0xF9, 0xDE, 0xF9, 0xDE, 0xD9, 0xDE, 0xD9, 0xDE, 0xD9, 0xDE, 0xD9, 0xDE, 0xD9, 0xDE,
    0xF9, 0xDE, 0xD9, 0xDE, 0xD9, 0xDE, 0xD9, 0xDE, 0xB9, 0xDE, 0xB9, 0xDE, 0xB9, 0xDE, 0xB9, 0xDE,
    0xB9, 0xDE, 0xB9, 0xDE, 0xB9, 0xDE, 0xB9, 0xDE, 0xB9, 0xDE, 0xB9, 0xDE, 0xB9, 0xDE, 0xB9, 0xDE,
    0x9A, 0xCE, 0x9A, 0xCE, 0x9A, 0xCE, 0x9A, 0xCE, 0x9A, 0xCE, 0x9A, 0xCE, 0x9A, 0xCE, 0x7A, 0xCE,
    0x7A, 0xCE, 0x7A, 0xCE, 0x7A, 0xCE, 0x7A, 0xCE, 0x7A, 0xCE, 0x7A, 0xCE, 0x7A, 0xCE, 0x7A, 0xCE,
    0x7A, 0xCE, 0x79, 0xCE, 0x79, 0xCE, 0x79, 0xCE, 0x79, 0xCE, 0x7A, 0xCE, 0x7A, 0xCE, 0x7A, 0xCE,
    0x7A, 0xCE, 0x7A, 0xCE, 0x7A, 0xCE, 0x79, 0xCE, 0x79, 0xCE, 0x79, 0xCE, 0x79, 0xC6, 0x79, 0xCE,
    0x99, 0xCE, 0x99, 0xCE, 0x79, 0xCE, 0x79, 0xCE, 0x79, 0xCE, 0x7A, 0xCE, 0x79, 0xCE, 0x79, 0xCE,
    0x79, 0xCE, 0x79, 0xCE, 0x79, 0xCE, 0x79, 0xCE, 0x79, 0xCE, 0x79, 0xCE, 0x79, 0xCE, 0x79, 0xCE,
    0x79, 0xCE, 0x79, 0xCE, 0x79, 0xCE, 0x79, 0xCE, 0x79, 0xCE, 0x79, 0xCE, 0x79, 0xCE, 0x79, 0xCE,
    0x79, 0xCE, 0x7A, 0xCE, 0x9A, 0xCE, 0x9A, 0xCE, 0x9A, 0xCE, 0x9A, 0xCE, 0x9A, 0xCE, 0x99, 0xCE,
    0x99, 0xCE, 0x99, 0xCE, 0x99, 0xCE, 0x99, 0xCE, 0x9A, 0xCE, 0x9A, 0xCE, 0x9A, 0xCE, 0x9A, 0xCE,
    0x79, 0xCE, 0x59, 0xCE, 0x38, 0xC6, 0xD6, 0xBD, 0x95, 0xB5, 0x53, 0xAD, 0xD1, 0x9C, 0x6F, 0x8C,
    0xEE, 0x83, 0x8C, 0x73, 0x0A, 0x63, 0xC9, 0x5A, 0xC9, 0x5A, 0x0A, 0x63, 0x0B, 0x63, 0xAD, 0x73,
    0xAD, 0x7B, 0x2B, 0x63, 0x8C, 0x73, 0x70, 0x8C, 0x53, 0xAD, 0x78, 0xD6, 0x99, 0xD6, 0x79, 0xD6,
    0x59, 0xCE, 0x79, 0xCE, 0x79, 0xCE, 0x79, 0xCE, 0x79, 0xCE, 0x79, 0xCE, 0x79, 0xCE, 0x79, 0xCE,
    0x79, 0xCE, 0x79, 0xCE, 0x79, 0xCE, 0x79, 0xCE, 0x79, 0xCE, 0x59, 0xCE, 0x38, 0xC6, 0x18, 0xC6,
    0xF7, 0xBD, 0xF7, 0xBD, 0xF7, 0xBD, 0x17, 0xC6, 0xF7, 0xC5, 0x17, 0xC6, 0x17, 0xC6, 0x17, 0xC6,
    0x38, 0xC6, 0x38, 0xC6, 0x37, 0xC6, 0xD6, 0xBD, 0xD6, 0xBD, 0x38, 0xC6, 0x38, 0xCE, 0x38, 0xCE,
    0xF7, 0xBD, 0xB6, 0xB5, 0x95, 0xB5, 0x95, 0xB5, 0x34, 0xAD, 0xB2, 0x94, 0xB1, 0x94, 0xB1, 0x94,
    0x4F, 0x8C, 0x2F, 0x8C, 0x70, 0x8C, 0x70, 0x94, 0x90, 0x94, 0x90, 0x94, 0x91, 0x94, 0xB1, 0x94,
    0xB1, 0x9C, 0xD1, 0x9C, 0xD1, 0x9C, 0xB1, 0x9C, 0xD1, 0x9C, 0xD1, 0x9C, 0xD2, 0x9C, 0xD2, 0x9C,
    0xD2, 0xA4, 0xD2, 0xA4, 0xD2, 0xA4, 0xB1, 0xA4, 0xB1, 0x9C, 0xB1, 0x9C, 0xB1, 0x9C, 0xB1, 0x9C,
    0xB1, 0x9C, 0xB1, 0x9C, 0x90, 0x9C, 0x90, 0x9C, 0x70, 0x94, 0x70, 0x94, 0x70, 0x94, 0x70, 0x94,
    0x6F, 0x94, 0x6F, 0x94, 0x4F, 0x94, 0x4F, 0x94, 0x4F, 0x94, 0x4F, 0x94, 0x4F, 0x94, 0x4F, 0x94,
    0x4F, 0x94, 0x4F, 0x94, 0x2F, 0x8C, 0x2F, 0x8C, 0x2F, 0x8C, 0x0E, 0x8C, 0xED, 0x83, 0xCD, 0x7B,
    0xAD, 0x7B, 0x8C, 0x73, 0x6C, 0x73, 0x0B, 0x6B, 0x0B, 0x6B, 0x0B, 0x63, 0x0B, 0x63, 0x2B, 0x63,
    0x4B, 0x6B, 0x4B, 0x6B, 0x2B, 0x6B, 0x2B, 0x63, 0x4B, 0x6B, 0x2B, 0x6B, 0xEA, 0x5A, 0xA9, 0x52,
    0xA9, 0x5A, 0xA9, 0x5A, 0xA9, 0x5A, 0xEA, 0x62, 0x0A, 0x63, 0xC9, 0x5A, 0xA9, 0x52, 0xA8, 0x52,
    0x0A, 0x63, 0x2B, 0x6B, 0x6B, 0x6B, 0x8C, 0x73, 0xAC, 0x73, 0xAD, 0x7B, 0xAD, 0x7B, 0xAD, 0x7B,
    0x8C, 0x73, 0x4B, 0x6B, 0x2B, 0x6B, 0x0A, 0x63, 0xC9, 0x5A, 0xA9, 0x52, 0x88, 0x52, 0xA9, 0x5A,
    0xA9, 0x5A, 0x88, 0x5A, 0x88, 0x52, 0x88, 0x52, 0x88, 0x52, 0xA8, 0x5A, 0x88, 0x5A, 0x88, 0x52,
    0x88, 0x5A, 0xA9, 0x5A, 0xC9, 0x5A, 0xC9, 0x5A, 0xC9, 0x62, 0xE9, 0x62, 0xE9, 0x62, 0xE9, 0x62,
    0xE9, 0x62, 0xE9, 0x62, 0xE9, 0x62, 0x0A, 0x63, 0xE9, 0x62, 0xEA, 0x62, 0x6C, 0x73, 0xD5, 0xBD,
    0xFA, 0xE6, 0x1A, 0xE7, 0x1A, 0xE7, 0x1B, 0xE7, 0x1B, 0xE7, 0x1B, 0xE7, 0x1B, 0xE7, 0x1B, 0xE7,
    0x1B, 0xE7, 0x1B, 0xE7, 0x1B, 0xE7, 0x1A, 0xE7, 0x1A, 0xE7, 0x1A, 0xE7, 0x1B, 0xE7, 0x1A, 0xE7,
    0x1A, 0xE7, 0xFA, 0xE6, 0x1A, 0xE7, 0x1B, 0xE7, 0x3B, 0xE7, 0x3B, 0xEF, 0x5B, 0xEF, 0x5C, 0xEF,
    0x5C, 0xEF, 0x9C, 0xF7, 0xB9, 0xDE, 0x57, 0xCE, 0xFA, 0xE6, 0x1A, 0xE7, 0xFA, 0xE6, 0xFA, 0xE6,
    0xFA, 0xE6, 0xFA, 0xE6, 0xFA, 0xE6, 0xFA, 0xE6, 0xFA, 0xE6, 0xFA, 0xE6, 0xFA, 0xE6, 0xFA, 0xE6,
    0xFA, 0xE6, 0xFA, 0xDE, 0xFA, 0xDE, 0xFA, 0xDE, 0xF9, 0xDE, 0xF9, 0xDE, 0xF9, 0xDE, 0xF9, 0xDE,
    0xF9, 0xDE, 0xF9, 0xDE, 0xF9, 0xDE, 0xF9, 0xDE, 0xF9, 0xDE, 0xF9, 0xDE, 0xF9, 0xDE, 0xF9, 0xDE,
    0xF9, 0xDE, 0xF9, 0xDE, 0xD9, 0xDE, 0xD9, 0xDE, 0xD9, 0xDE, 0xD9, 0xDE, 0xD9, 0xDE, 0xD9, 0xDE,
    0xD9, 0xDE, 0xD9, 0xDE, 0xD9, 0xDE, 0xD9, 0xDE, 0xD9, 0xDE, 0xD9, 0xDE, 0xD9, 0xDE, 0xB9, 0xDE,
    0x9A, 0xCE, 0x9A, 0xCE, 0x9A, 0xCE, 0x9A, 0xCE, 0x9A, 0xCE, 0x9A, 0xCE, 0x9A, 0xCE, 0x9A, 0xCE,
    0x9A, 0xCE, 0x9A, 0xCE, 0x7A, 0xCE, 0x9A, 0xCE, 0x7A, 0xCE, 0x7A, 0xCE, 0x7A, 0xCE, 0x7A, 0xCE,
    0x7A, 0xCE, 0x79, 0xCE, 0x79, 0xCE, 0x79, 0xCE, 0x79, 0xCE, 0x7A, 0xCE, 0x7A, 0xCE, 0x7A, 0xCE,
    0x7A, 0xCE, 0x7A, 0xCE, 0x7A, 0xCE, 0x7A, 0xCE, 0x99, 0xCE, 0x99, 0xCE, 0x99, 0xCE, 0x99, 0xCE,
    0x99, 0xCE, 0x99, 0xCE, 0x7A, 0xCE, 0x7A, 0xCE, 0x7A, 0xCE, 0x7A, 0xCE, 0x79, 0xCE, 0x79, 0xCE,
    0x79, 0xCE, 0x79, 0xCE, 0x79, 0xCE, 0x79, 0xCE, 0x7A, 0xCE, 0x79, 0xCE, 0x7A, 0xCE, 0x7A, 0xCE,
    0x7A, 0xCE, 0x7A, 0xCE, 0x7A, 0xCE, 0x99, 0xCE, 0x99, 0xCE, 0x99, 0xCE, 0x99, 0xCE, 0x99, 0xCE,
    0x99, 0xCE, 0x7A, 0xCE, 0x9A, 0xCE, 0x9A, 0xCE, 0x9A, 0xCE, 0x9A, 0xCE, 0x9A, 0xCE, 0x99, 0xCE,
    0x99, 0xCE, 0x99, 0xCE, 0x99, 0xCE, 0x99, 0xCE, 0x9A, 0xCE, 0x9A, 0xCE, 0x9A, 0xCE, 0x9A, 0xCE,
    0x79, 0xCE, 0x79, 0xCE, 0x38, 0xC6, 0xD7, 0xBD, 0x95, 0xB5, 0x74, 0xAD, 0xF2, 0x9C, 0x90, 0x94,
    0x2F, 0x84, 0xED, 0x7B, 0x4B, 0x6B, 0xE9, 0x5A, 0xC9, 0x5A, 0xC9, 0x5A, 0x68, 0x52, 0x89, 0x52,
    0xAD, 0x7B, 0xCD, 0x7B, 0x4B, 0x6B, 0x2B, 0x6B, 0xED, 0x7B, 0x32, 0xA5, 0xF6, 0xBD, 0x78, 0xCE,
    0x79, 0xCE, 0x79, 0xCE, 0x79, 0xCE, 0x79, 0xCE, 0x79, 0xCE, 0x79, 0xCE, 0x79, 0xCE, 0x79, 0xCE,
    0x79, 0xCE, 0x79, 0xCE, 0x79, 0xCE, 0x79, 0xCE, 0x79, 0xCE, 0x59, 0xCE, 0x38, 0xC6, 0xF7, 0xBD,
    0xD7, 0xBD, 0xB6, 0xB5, 0xD6, 0xBD, 0xD6, 0xBD, 0xB6, 0xBD, 0xB6, 0xBD, 0xF6, 0xBD, 0xF7, 0xBD,
    0xF7, 0xBD, 0xF7, 0xBD, 0xF6, 0xBD, 0x95, 0xB5, 0x75, 0xB5, 0xF6, 0xBD, 0xD6, 0xBD, 0xB5, 0xB5,
    0x54, 0xAD, 0x13, 0xA5, 0xF2, 0x9C, 0xB1, 0x94, 0x50, 0x8C, 0x2F, 0x84, 0x70, 0x8C, 0x90, 0x94,
    0x4F, 0x8C, 0x2F, 0x84, 0x6F, 0x8C, 0x70, 0x94, 0x90, 0x94, 0x90, 0x94, 0x90, 0x94, 0x91, 0x94,
    0xB1, 0x94, 0xB1, 0x9C, 0xB1, 0x9C, 0xB1, 0x9C, 0xD1, 0x9C, 0xD1, 0x9C, 0xD1, 0x9C, 0xD1, 0x9C,
    0xD1, 0x9C, 0xB1, 0x9C, 0xB1, 0x9C, 0x91, 0x9C, 0x91, 0x9C, 0xB1, 0x9C, 0xB1, 0x9C, 0x91, 0x9C,
    0x91, 0x94, 0x90, 0x94, 0x90, 0x9C, 0x70, 0x94, 0x70, 0x94, 0x70, 0x94, 0x50, 0x94, 0x4F, 0x94,
    0x4F, 0x94, 0x4F, 0x94, 0x4F, 0x94, 0x2F, 0x8C, 0x2F, 0x94, 0x2F, 0x94, 0x2F, 0x94, 0x2F, 0x94,
    0x4F, 0x94, 0x4F, 0x8C, 0x4F, 0x8C, 0x4F, 0x8C, 0x2F, 0x8C, 0x0E, 0x8C, 0xED, 0x83, 0xCD, 0x83,
    0xAD, 0x7B, 0x6C, 0x73, 0x4B, 0x6B, 0x0A, 0x63, 0x0A, 0x63, 0x0A, 0x63, 0xEA, 0x62, 0x0B, 0x63,
    0x2B, 0x6B, 0x4B, 0x6B, 0x2B, 0x6B, 0x2B, 0x63, 0x4B, 0x6B, 0x2B, 0x6B, 0xEA, 0x5A, 0xA9, 0x5A,
    0xA9, 0x5A, 0xA9, 0x5A, 0xA9, 0x52, 0xA9, 0x5A, 0xA9, 0x5A, 0x88, 0x52, 0x67, 0x4A, 0x47, 0x4A,
    0xA8, 0x52, 0xEA, 0x62, 0x4B, 0x6B, 0x6C, 0x73, 0x8C, 0x73, 0xAC, 0x73, 0x8C, 0x73, 0xAC, 0x73,
    0x8C, 0x73, 0x4B, 0x6B, 0x2B, 0x63, 0x0A, 0x63, 0xEA, 0x62, 0xC9, 0x5A, 0xA9, 0x5A, 0xA9, 0x5A,
    0x88, 0x52, 0x68, 0x52, 0x88, 0x52, 0x88, 0x52, 0x88, 0x52, 0x88, 0x52, 0xA8, 0x5A, 0xC9, 0x5A,
    0xC9, 0x5A, 0xC9, 0x5A, 0xC9, 0x62, 0xC9, 0x62, 0xC9, 0x62, 0xE9, 0x62, 0xEA, 0x6A, 0x0A, 0x6B,
    0x0A, 0x63, 0xEA, 0x62, 0xE9, 0x62, 0xE9, 0x62, 0xC9, 0x5A, 0xC9, 0x5A, 0x8C, 0x7B, 0x37, 0xCE,
    0x3B, 0xEF, 0x1A, 0xEF, 0x1B, 0xE7, 0x1B, 0xE7, 0x1B, 0xE7, 0x1B, 0xE7, 0x1B, 0xE7, 0x1B, 0xE7,
    0x1B, 0xE7, 0x1B, 0xE7, 0x1B, 0xE7, 0x1A, 0xE7, 0x1A, 0xE7, 0x1A, 0xE7, 0x1B, 0xE7, 0x1B, 0xE7,
    0x1B, 0xE7, 0x1A, 0xE7, 0x1A, 0xE7, 0x1A, 0xE7, 0x1B, 0xE7, 0x1B, 0xE7, 0x3B, 0xE7, 0x3B, 0xE7,
    0x3B, 0xE7, 0x3B, 0xEF, 0xDA, 0xDE, 0xDA, 0xDE, 0x1A, 0xE7, 0xFA, 0xE6, 0xFA, 0xE6, 0xFA, 0xE6,
    0xFA, 0xE6, 0xFA, 0xE6, 0xFA, 0xE6, 0xFA, 0xE6, 0xFA, 0xE6, 0xFA, 0xE6, 0xFA, 0xE6, 0xFA, 0xE6,
    0xFA, 0xE6, 0xFA, 0xDE, 0xFA, 0xDE, 0xFA, 0xDE, 0xF9, 0xDE, 0xF9, 0xDE, 0xF9, 0xDE, 0xF9, 0xDE,
    0xF9, 0xDE, 0xF9, 0xDE, 0xF9, 0xDE, 0xF9, 0xDE, 0xF9, 0xDE, 0xF9, 0xDE, 0xF9, 0xDE, 0xF9, 0xDE,
    0xF9, 0xDE, 0xF9, 0xDE, 0xD9, 0xDE, 0xD9, 0xDE, 0xD9, 0xDE, 0xD9, 0xDE, 0xD9, 0xDE, 0xD9, 0xDE,
    0xD9, 0xDE, 0xD9, 0xDE, 0xD9, 0xDE, 0xD9, 0xDE, 0xD9, 0xDE, 0xD9, 0xDE, 0xD9, 0xDE, 0xB9, 0xDE,
    0x9A, 0xCE, 0x9A, 0xCE, 0x9A, 0xCE, 0x9A, 0xCE, 0x9A, 0xCE, 0x9A, 0xCE, 0x9A, 0xCE, 0x9A, 0xCE,
    0x9A, 0xCE, 0x9A, 0xCE, 0x9A, 0xCE, 0x9A, 0xCE, 0x9A, 0xCE, 0x9A, 0xCE, 0x9A, 0xCE, 0x7A, 0xCE,
    0x7A, 0xCE, 0x79, 0xCE, 0x79, 0xCE, 0x79, 0xCE, 0x79, 0xCE, 0x7A, 0xCE, 0x7A, 0xCE, 0x9A, 0xCE,
    0x9A, 0xCE, 0x9A, 0xCE, 0x9A, 0xCE, 0x9A, 0xCE, 0x99, 0xCE, 0x99, 0xCE, 0x99, 0xCE, 0x99, 0xCE,
    0x99, 0xCE, 0x99, 0xCE, 0x9A, 0xCE, 0x9A, 0xCE, 0x9A, 0xCE, 0x9A, 0xCE, 0x79, 0xCE, 0x79, 0xCE,
    0x7A, 0xCE, 0x7A, 0xCE, 0x7A, 0xCE, 0x9A, 0xCE, 0x9A, 0xCE, 0x9A, 0xCE, 0x9A, 0xCE, 0x9A, 0xCE,
    0x9A, 0xCE, 0x9A, 0xCE, 0x9A, 0xCE, 0x99, 0xCE, 0x99, 0xCE, 0x99, 0xCE, 0x99, 0xCE, 0x99, 0xCE,
    0x99, 0xCE, 0x9A, 0xCE, 0x9A, 0xCE, 0x9A, 0xCE, 0x9A, 0xCE, 0x9A, 0xCE, 0x9A, 0xCE, 0x99, 0xCE,
    0x99, 0xCE, 0x99, 0xCE, 0x99, 0xCE, 0x99, 0xCE, 0x9A, 0xCE, 0x9A, 0xCE, 0x9A, 0xCE, 0x9A, 0xCE,
    0x7A, 0xCE, 0x79, 0xCE, 0x38, 0xC6, 0xD7, 0xBD, 0x74, 0xAD, 0xF2, 0x9C, 0x6F, 0x8C, 0x2F, 0x84,
    0x0E, 0x84, 0xAC, 0x73, 0x6C, 0x6B, 0x0A, 0x63, 0xC9, 0x5A, 0xEA, 0x62, 0x68, 0x52, 0x47, 0x4A,
    0xCA, 0x5A, 0xAD, 0x7B, 0xCD, 0x7B, 0x8C, 0x73, 0x6B, 0x73, 0xCD, 0x7B, 0x90, 0x94, 0x74, 0xAD,
    0x17, 0xC6, 0x58, 0xCE, 0x79, 0xCE, 0x79, 0xCE, 0x79, 0xCE, 0x79, 0xCE, 0x79, 0xCE, 0x79, 0xCE,
    0x79, 0xCE, 0x79, 0xCE, 0x79, 0xCE, 0x79, 0xCE, 0x79, 0xCE, 0x59, 0xCE, 0x38, 0xC6, 0xD7, 0xBD,
    0xB6, 0xB5, 0x96, 0xB5, 0xB6, 0xB5, 0xD6, 0xBD, 0x75, 0xAD, 0x13, 0xA5, 0x34, 0xAD, 0x74, 0xAD,
    0x95, 0xB5, 0x75, 0xB5, 0x74, 0xAD, 0x13, 0xA5, 0x13, 0xA5, 0x54, 0xAD, 0x13, 0xA5, 0xD1, 0x9C,
    0x50, 0x8C, 0x2F, 0x84, 0x0E, 0x84, 0xEE, 0x7B, 0xEE, 0x7B, 0x0E, 0x84, 0x6F, 0x8C, 0x6F, 0x8C,
    0x2E, 0x84, 0x4F, 0x8C, 0x6F, 0x8C, 0x70, 0x94, 0x90, 0x94, 0x90, 0x94, 0x90, 0x94, 0xB1, 0x94,
    0xB1, 0x9C, 0xB1, 0x9C, 0xD1, 0x9C, 0xD1, 0x9C, 0xD1, 0x9C, 0xD1, 0x9C, 0xB1, 0x9C, 0xB1, 0x9C,
    0xB1, 0x9C, 0x91, 0x9C, 0x91, 0x9C, 0x91, 0x9C, 0x91, 0x9C, 0x91, 0x9C, 0xB1, 0x9C, 0x90, 0x94,
    0x90, 0x94, 0x90, 0x94, 0x70, 0x94, 0x70, 0x94, 0x70, 0x94, 0x6F, 0x94, 0x4F, 0x94, 0x4F, 0x94,
    0x4F, 0x94, 0x4F, 0x94, 0x2F, 0x94, 0x2F, 0x8C, 0x2F, 0x8C, 0x2F, 0x8C, 0x2F, 0x8C, 0x2F, 0x94,
    0x4F, 0x8C, 0x4F, 0x8C, 0x4F, 0x8C, 0x4F, 0x8C, 0x2F, 0x8C, 0x0E, 0x8C, 0xEE, 0x83, 0xCD, 0x83,
    0xAD, 0x7B, 0x6C, 0x73, 0x4B, 0x6B, 0x0A, 0x63, 0x0A, 0x63, 0x0A, 0x63, 0xEA, 0x62, 0x0B, 0x63,
    0x2B, 0x6B, 0x2B, 0x6B, 0x2B, 0x6B, 0x2B, 0x63, 0x4B, 0x6B, 0x2B, 0x6B, 0xEA, 0x62, 0xA9, 0x5A,
    0xA9, 0x5A, 0xA9, 0x5A, 0x88, 0x52, 0x68, 0x4A, 0x47, 0x4A, 0x47, 0x4A, 0x27, 0x42, 0x06, 0x42,
    0x47, 0x4A, 0x88, 0x52, 0x0A, 0x63, 0x6B, 0x6B, 0x8C, 0x73, 0x8C, 0x73, 0x8C, 0x73, 0x8C, 0x73,
    0x8C, 0x73, 0x4B, 0x6B, 0x2B, 0x63, 0x2A, 0x63, 0x0A, 0x63, 0xE9, 0x5A, 0xA9, 0x5A, 0x68, 0x52,
    0x47, 0x4A, 0x68, 0x52, 0x67, 0x4A, 0x68, 0x52, 0xA8, 0x52, 0x88, 0x52, 0xA9, 0x5A, 0xE9, 0x62,
    0xC9, 0x62, 0xC9, 0x62, 0xC9, 0x62, 0xC9, 0x62, 0xC9, 0x62, 0xC9, 0x62, 0xEA, 0x6A, 0x0A, 0x6B,
    0x2A, 0x6B, 0x0A, 0x6B, 0x0A, 0x63, 0xE9, 0x62, 0xC9, 0x5A, 0xEA, 0x62, 0x2F, 0x8C, 0xD9, 0xDE,
    0x3B, 0xEF, 0x3A, 0xEF, 0x1B, 0xE7, 0x1B, 0xE7, 0x1B, 0xE7, 0x1B, 0xE7, 0x1B, 0xE7, 0x1B, 0xE7,
    0x1B, 0xE7, 0x1B, 0xE7, 0x1B, 0xE7, 0x1A, 0xE7, 0x1A, 0xE7, 0x1A, 0xE7, 0x1B, 0xE7, 0x1B, 0xE7,
    0x1B, 0xE7, 0x1B, 0xE7, 0x1B, 0xE7, 0x1B, 0xE7, 0x1A, 0xE7, 0x1A, 0xE7, 0xFA, 0xE6, 0xFA, 0xE6,
    0xFA, 0xE6, 0x1A, 0xE7, 0x1B, 0xE7, 0x1A, 0xE7, 0x1A, 0xE7, 0xFA, 0xE6, 0xFA, 0xE6, 0xFA, 0xE6,
    0xFA, 0xE6, 0xFA, 0xE6, 0xFA, 0xE6, 0xFA, 0xE6, 0xFA, 0xE6, 0xFA, 0xE6, 0xFA, 0xE6, 0xFA, 0xE6,
    0xFA, 0xE6, 0xFA, 0xDE, 0xFA, 0xDE, 0xFA, 0xDE, 0xF9, 0xDE, 0xF9, 0xDE, 0xF9, 0xDE, 0xF9, 0xDE,
    0xF9, 0xDE, 0xF9, 0xDE, 0xF9, 0xDE, 0xF9, 0xDE, 0xF9, 0xDE, 0xF9, 0xDE, 0xF9, 0xDE, 0xF9, 0xDE,
    0xF9, 0xDE, 0xF9, 0xDE, 0xD9, 0xDE, 0xD9, 0xDE, 0xD9, 0xDE, 0xD9, 0xDE, 0xD9, 0xDE, 0xD9, 0xDE,
    0xD9, 0xDE, 0xD9, 0xDE, 0xD9, 0xDE, 0xD9, 0xDE, 0xD9, 0xDE, 0xD9, 0xDE, 0xD9, 0xDE, 0xD9, 0xDE,
    0x9A, 0xCE, 0x9A, 0xCE, 0x9A, 0xCE, 0x9A, 0xCE, 0x9A, 0xCE, 0x9A, 0xCE, 0x9A, 0xCE, 0x9A, 0xCE,
    0x9A, 0xCE, 0x9A, 0xCE, 0x9A, 0xCE, 0x9A, 0xCE, 0x9A, 0xCE, 0x9A, 0xCE, 0x9A, 0xCE, 0x7A, 0xCE,
    0x7A, 0xCE, 0x79, 0xCE, 0x79, 0xCE, 0x79, 0xCE, 0x79, 0xCE, 0x7A, 0xCE, 0x7A, 0xCE, 0x9A, 0xCE,
    0x9A, 0xCE, 0x9A, 0xCE, 0x9A, 0xCE, 0x9A, 0xCE, 0x9A, 0xCE, 0x9A, 0xCE, 0x9A, 0xCE, 0x9A, 0xCE,
    0x9A, 0xCE, 0x9A, 0xCE, 0x99, 0xCE, 0x99, 0xCE, 0x99, 0xCE, 0x99, 0xCE, 0x99, 0xCE, 0x99, 0xCE,
    0x99, 0xCE, 0x99, 0xCE, 0x99, 0xCE, 0x99, 0xCE, 0x99, 0xCE, 0x9A, 0xCE, 0x9A, 0xCE, 0x9A, 0xCE,
    0x9A, 0xCE, 0x9A, 0xCE, 0x9A, 0xCE, 0x9A, 0xCE, 0x9A, 0xCE, 0x9A, 0xCE, 0x9A, 0xCE, 0x9A, 0xCE,
    0x9A, 0xCE, 0x9A, 0xCE, 0x9A, 0xCE, 0x9A, 0xCE, 0x9A, 0xCE, 0x9A, 0xCE, 0x9A, 0xCE, 0x9A, 0xCE,
    0x9A, 0xCE, 0x9A, 0xCE, 0x9A, 0xCE, 0x9A, 0xCE, 0x9A, 0xCE, 0x9A, 0xCE, 0x9A, 0xCE, 0x9A, 0xCE,
    0x7A, 0xCE, 0x79, 0xCE, 0x38, 0xC6, 0xD7, 0xBD, 0x74, 0xAD, 0xF2, 0x9C, 0x70, 0x8C, 0x0E, 0x84,
    0xCD, 0x7B, 0xAD, 0x73, 0x6C, 0x6B, 0x0B, 0x6B, 0xEA, 0x62, 0xEA, 0x62, 0x0B, 0x63, 0xA9, 0x5A,
    0x89, 0x5A, 0x2B, 0x6B, 0x8C, 0x7B, 0xED, 0x83, 0xCD, 0x7B, 0x8B, 0x73, 0x4B, 0x6B, 0xEE, 0x7B,
    0xF2, 0x9C, 0xB6, 0xB5, 0x38, 0xC6, 0x79, 0xCE, 0x79, 0xCE, 0x9A, 0xD6, 0x59, 0xCE, 0x38, 0xC6,
    0x38, 0xC6, 0x38, 0xC6, 0x38, 0xC6, 0x58, 0xC6, 0x38, 0xC6, 0x17, 0xBE, 0xD7, 0xBD, 0x96, 0xB5,
    0x75, 0xAD, 0x75, 0xAD, 0x74, 0xAD, 0x54, 0xAD, 0x13, 0xA5, 0xD2, 0x9C, 0x91, 0x94, 0x91, 0x94,
    0x91, 0x94, 0x70, 0x94, 0x70, 0x8C, 0x70, 0x8C, 0x70, 0x8C, 0x90, 0x94, 0x4F, 0x8C, 0xEE, 0x7B,
    0x8C, 0x73, 0x6C, 0x6B, 0x6C, 0x6B, 0x8C, 0x73, 0xCD, 0x7B, 0xEE, 0x7B, 0x4F, 0x8C, 0x4F, 0x8C,
    0x0E, 0x84, 0x4F, 0x8C, 0x6F, 0x8C, 0x4F, 0x8C, 0x4F, 0x8C, 0x70, 0x94, 0x90, 0x94, 0xB0, 0x94,
    0xB1, 0x94, 0xB1, 0x9C, 0xB0, 0x9C, 0xB0, 0x9C, 0xB0, 0x9C, 0xB0, 0x9C, 0x90, 0x94, 0x90, 0x94,
    0x90, 0x94, 0x90, 0x94, 0x90, 0x94, 0x90, 0x9C, 0x90, 0x94, 0x70, 0x94, 0x70, 0x94, 0x70, 0x94,
    0x70, 0x94, 0x70, 0x94, 0x70, 0x94, 0x6F, 0x94, 0x4F, 0x94, 0x4F, 0x94, 0x4F, 0x94, 0x4F, 0x94,
    0x4F, 0x94, 0x2F, 0x94, 0x2F, 0x8C, 0x2E, 0x8C, 0x2F, 0x8C, 0x2F, 0x8C, 0x2F, 0x8C, 0x2F, 0x94,
    0x4F, 0x8C, 0x4F, 0x8C, 0x4F, 0x8C, 0x2F, 0x8C, 0x2F, 0x8C, 0x0E, 0x8C, 0x0E, 0x84, 0xCD, 0x83,
    0xCD, 0x83, 0x8C, 0x73, 0x8C, 0x73, 0x6C, 0x73, 0x2B, 0x6B, 0x0B, 0x6B, 0x0A, 0x63, 0x2A, 0x63,
    0x2B, 0x6B, 0x2B, 0x6B, 0x2B, 0x63, 0x2B, 0x63, 0x2B, 0x63, 0x0B, 0x63, 0xEA, 0x62, 0xEA, 0x62,
    0xA9, 0x5A, 0x88, 0x52, 0x88, 0x52, 0x47, 0x4A, 0x06, 0x42, 0xE6, 0x39, 0xC5, 0x39, 0xC5, 0x39,
    0x47, 0x4A, 0x88, 0x52, 0xC9, 0x5A, 0x0A, 0x63, 0x2B, 0x63, 0x4B, 0x6B, 0x4B, 0x6B, 0x4B, 0x6B,
    0x4B, 0x6B, 0x2B, 0x6B, 0x2A, 0x63, 0x2B, 0x63, 0x0A, 0x63, 0xC9, 0x5A, 0x68, 0x52, 0x68, 0x52,
    0x47, 0x4A, 0x47, 0x4A, 0x27, 0x4A, 0x47, 0x4A, 0x88, 0x52, 0x88, 0x52, 0x88, 0x52, 0x88, 0x52,
    0x88, 0x52, 0x88, 0x5A, 0xA8, 0x5A, 0xC9, 0x5A, 0xA9, 0x5A, 0xC9, 0x62, 0xEA, 0x62, 0xEA, 0x62,
    0xE9, 0x62, 0xC9, 0x62, 0xC9, 0x62, 0xC9, 0x62, 0x0A, 0x6B, 0x4B, 0x6B, 0x90, 0x94, 0x98, 0xD6,
    0xDA, 0xE6, 0xD9, 0xDE, 0xD9, 0xDE, 0xFA, 0xDE, 0x1A, 0xE7, 0x1B, 0xE7, 0x1B, 0xE7, 0x1B, 0xE7,
    0x1B, 0xE7, 0x1B, 0xE7, 0x1B, 0xE7, 0x3A, 0xE7, 0x3A, 0xE7, 0x3A, 0xE7, 0x3A, 0xE7, 0x3A, 0xE7,
    0x3A, 0xE7, 0x3A, 0xE7, 0x3A, 0xE7, 0x3A, 0xE7, 0x1A, 0xE7, 0x1A, 0xE7, 0x1A, 0xE7, 0x1A, 0xE7,
    0x1A, 0xE7, 0x1A, 0xE7, 0x3A, 0xE7, 0x1A, 0xE7, 0x1A, 0xE7, 0x1A, 0xE7, 0x1A, 0xE7, 0x1A, 0xE7,
    0xFA, 0xE6, 0xFA, 0xE6, 0x1A, 0xE7, 0x1A, 0xE7, 0x1A, 0xE7, 0xFA, 0xE6, 0xFA, 0xE6, 0xFA, 0xE6,
    0xFA, 0xE6, 0xFA, 0xE6, 0xFA, 0xE6, 0xFA, 0xE6, 0xFA, 0xDE, 0xFA, 0xDE, 0xFA, 0xDE, 0xFA, 0xDE,
    0xF9, 0xDE, 0xF9, 0xDE, 0xF9, 0xDE, 0xF9, 0xDE, 0xF9, 0xDE, 0xF9, 0xDE, 0xF9, 0xDE, 0xF9, 0xDE,
    0xF9, 0xDE, 0xF9, 0xDE, 0xF9, 0xDE, 0xD9, 0xDE, 0xD9, 0xDE, 0xD9, 0xDE, 0xD9, 0xDE, 0xD9, 0xDE,
    0xD9, 0xDE, 0xD9, 0xDE, 0xD9, 0xDE, 0xD9, 0xDE, 0xD9, 0xDE, 0xD9, 0xDE, 0xD9, 0xDE, 0xD9, 0xDE,
    0x9A, 0xCE, 0x9A, 0xCE, 0x9A, 0xCE, 0x9A, 0xCE, 0x9A, 0xCE, 0x9A, 0xCE, 0x9A, 0xCE, 0x9A, 0xCE,
    0x9A, 0xCE, 0x9A, 0xCE, 0x9A, 0xCE, 0x9A, 0xCE, 0x9A, 0xCE, 0x9A, 0xCE, 0x9A, 0xCE, 0x9A, 0xCE,
    0x9A, 0xCE, 0x7A, 0xCE, 0x7A, 0xCE, 0x7A, 0xCE, 0x9A, 0xCE, 0x9A, 0xCE, 0x7A, 0xCE, 0x9A, 0xCE,
    0x9A, 0xCE, 0x9A, 0xCE, 0x9A, 0xCE, 0x9A, 0xCE, 0x9A, 0xCE, 0x9A, 0xCE, 0x9A, 0xCE, 0x9A, 0xCE,
    0x9A, 0xCE, 0x9A, 0xCE, 0x99, 0xCE, 0x99, 0xCE, 0x99, 0xCE, 0x99, 0xCE, 0x99, 0xCE, 0x99, 0xCE,
    0x99, 0xCE, 0x99, 0xCE, 0x99, 0xCE, 0x99, 0xCE, 0x99, 0xCE, 0x9A, 0xCE, 0x9A, 0xCE, 0x9A, 0xCE,
    0x9A, 0xCE, 0x9A, 0xCE, 0x9A, 0xCE, 0x9A, 0xCE, 0x9A, 0xCE, 0x9A, 0xCE, 0x9A, 0xCE, 0x9A, 0xCE,
    0x9A, 0xCE, 0x9A, 0xCE, 0x9A, 0xCE, 0x9A, 0xCE, 0x9A, 0xCE, 0x9A, 0xCE, 0x9A, 0xCE, 0x9A, 0xCE,
    0x9A, 0xCE, 0x9A, 0xCE, 0x9A, 0xCE, 0x9A, 0xCE, 0x9A, 0xCE, 0x9A, 0xCE, 0x9A, 0xCE, 0x9A, 0xCE,
    0x9A, 0xCE, 0x9A, 0xCE, 0x59, 0xCE, 0xF7, 0xBD, 0xB6, 0xB5, 0x74, 0xAD, 0xF2, 0xA4, 0x70, 0x8C,
    0x2F, 0x84, 0x0F, 0x84, 0xCE, 0x83, 0x8D, 0x73, 0x2B, 0x6B, 0xCA, 0x5A, 0x0A, 0x63, 0xEA, 0x62,
    0xCA, 0x5A, 0x0A, 0x63, 0x4B, 0x73, 0xAC, 0x7B, 0xCD, 0x83, 0xAC, 0x7B, 0x6B, 0x6B, 0x8C, 0x73,
    0xCD, 0x7B, 0xB1, 0x94, 0x74, 0xAD, 0x17, 0xBE, 0x58, 0xCE, 0x79, 0xCE, 0x38, 0xC6, 0xF7, 0xBD,
    0xF7, 0xBD, 0x17, 0xBE, 0xF7, 0xBD, 0xD6, 0xBD, 0xD6, 0xBD, 0xB6, 0xB5, 0x95, 0xB5, 0x75, 0xAD,
    0x54, 0xAD, 0x13, 0xA5, 0x13, 0xA5, 0xF2, 0x9C, 0xB1, 0x94, 0x50, 0x8C, 0x4F, 0x8C, 0x2F, 0x84,
    0x2F, 0x84, 0x0E, 0x84, 0xCD, 0x7B, 0xEE, 0x7B, 0x0E, 0x84, 0x0E, 0x84, 0x0E, 0x84, 0xCD, 0x7B,
    0x4B, 0x6B, 0x4B, 0x6B, 0x4B, 0x6B, 0x6C, 0x73, 0x8C, 0x73, 0xCD, 0x7B, 0x2E, 0x84, 0x2E, 0x84,
    0xEE, 0x83, 0x0E, 0x84, 0x2F, 0x8C, 0x2F, 0x8C, 0x4F, 0x8C, 0x70, 0x8C, 0x70, 0x94, 0x90, 0x94,
    0xB0, 0x94, 0x90, 0x9C, 0x90, 0x94, 0x90, 0x94, 0x90, 0x94, 0x90, 0x94, 0x6F, 0x94, 0x6F, 0x94,
    0x6F, 0x94, 0x6F, 0x94, 0x6F, 0x94, 0x6F, 0x94, 0x6F, 0x94, 0x4F, 0x94, 0x4F, 0x94, 0x4F, 0x94,
    0x4F, 0x94, 0x6F, 0x8C, 0x4F, 0x94, 0x4F, 0x94, 0x4F, 0x8C, 0x4F, 0x94, 0x4F, 0x94, 0x4F, 0x94,
    0x2F, 0x94, 0x2F, 0x94, 0x2F, 0x8C, 0x0E, 0x8C, 0x0E, 0x8C, 0x0E, 0x8C, 0x0E, 0x8C, 0x0E, 0x8C,
    0x2E, 0x8C, 0x2E, 0x8C, 0x2E, 0x8C, 0x0E, 0x8C, 0x0E, 0x8C, 0x0E, 0x8C, 0x0E, 0x84, 0xCD, 0x83,
    0xCD, 0x83, 0xAD, 0x7B, 0x8C, 0x73, 0x8C, 0x73, 0x6C, 0x73, 0x4B, 0x6B, 0x2B, 0x6B, 0x2B, 0x63,
    0x2A, 0x63, 0x0A, 0x63, 0x0A, 0x63, 0x0A, 0x63, 0x0A, 0x63, 0xEA, 0x62, 0xCA, 0x5A, 0xEA, 0x62,
    0xC9, 0x5A, 0x68, 0x52, 0x68, 0x52, 0x27, 0x42, 0xE6, 0x39, 0xC5, 0x39, 0xA4, 0x31, 0xA4, 0x31,
    0x27, 0x42, 0x68, 0x52, 0xA9, 0x5A, 0xC9, 0x5A, 0x0A, 0x63, 0x2A, 0x63, 0x2B, 0x63, 0x2B, 0x63,
    0x2B, 0x63, 0x2B, 0x63, 0x0A, 0x63, 0x0A, 0x63, 0xC9, 0x5A, 0x88, 0x52, 0x48, 0x52, 0x47, 0x4A,
    0x27, 0x4A, 0x27, 0x4A, 0x27, 0x4A, 0x27, 0x4A, 0x68, 0x52, 0x67, 0x52, 0x67, 0x52, 0x67, 0x52,
    0x67, 0x52, 0x88, 0x5A, 0xC9, 0x5A, 0xC9, 0x62, 0xC9, 0x62, 0xC9, 0x62, 0xC9, 0x62, 0xA9, 0x5A,
    0xA8, 0x5A, 0xA8, 0x5A, 0xA8, 0x5A, 0xC9, 0x5A, 0x0A, 0x63, 0xAC, 0x7B, 0x12, 0xA5, 0x78, 0xD6,
    0xB9, 0xDE, 0xB9, 0xDE, 0xB9, 0xDE, 0xB9, 0xDE, 0xFA, 0xDE, 0x1A, 0xE7, 0x1A, 0xE7, 0x1B, 0xE7,
    0x3B, 0xE7, 0x3B, 0xE7, 0x3B, 0xE7, 0x3A, 0xE7, 0x3A, 0xE7, 0x3A, 0xE7, 0x3A, 0xE7, 0x3A, 0xE7,
    0x3A, 0xE7, 0x3A, 0xE7, 0x3A, 0xE7, 0x3A, 0xE7, 0x1A, 0xE7, 0x1A, 0xE7, 0x1A, 0xE7, 0x1A, 0xE7,
    0x1A, 0xE7, 0x1A, 0xE7, 0x1A, 0xE7, 0x1A, 0xE7, 0x1A, 0xE7, 0x1A, 0xE7, 0x1A, 0xE7, 0x1A, 0xE7,
    0x1A, 0xE7, 0x1A, 0xE7, 0x1A, 0xE7, 0x1A, 0xE7, 0x1A, 0xE7, 0xFA, 0xE6, 0xFA, 0xE6, 0xFA, 0xE6,
    0xFA, 0xE6, 0xFA, 0xE6, 0xFA, 0xE6, 0xFA, 0xE6, 0xFA, 0xDE, 0xFA, 0xDE, 0xFA, 0xDE, 0xFA, 0xDE,
    0xF9, 0xDE, 0xF9, 0xDE, 0xF9, 0xDE, 0xF9, 0xDE, 0xF9, 0xDE, 0xF9, 0xDE, 0xF9, 0xDE, 0xF9, 0xDE,
    0xF9, 0xDE, 0xF9, 0xDE, 0xF9, 0xDE, 0xF9, 0xDE, 0xD9, 0xDE, 0xD9, 0xDE, 0xD9, 0xDE, 0xD9, 0xDE,
    0xD9, 0xDE, 0xD9, 0xDE, 0xD9, 0xDE, 0xD9, 0xDE, 0xD9, 0xDE, 0xD9, 0xDE, 0xD9, 0xDE, 0xD9, 0xDE,
    0xBA, 0xD6, 0xBA, 0xD6, 0x9A, 0xCE, 0x9A, 0xCE, 0x9A, 0xCE, 0x9A, 0xCE, 0x9A, 0xCE, 0x9A, 0xCE,
    0x9A, 0xCE, 0x9A, 0xCE, 0x9A, 0xCE, 0x9A, 0xCE, 0x9A, 0xCE, 0x9A, 0xCE, 0x9A, 0xCE, 0x9A, 0xCE,
    0x9A, 0xCE, 0x9A, 0xCE, 0x9A, 0xCE, 0x9A, 0xCE, 0x9A, 0xCE, 0x9A, 0xCE, 0x9A, 0xCE, 0x9A, 0xCE,
    0x9A, 0xCE, 0x9A, 0xCE, 0x9A, 0xCE, 0x9A, 0xCE, 0x9A, 0xCE, 0x9A, 0xCE, 0x9A, 0xCE, 0x9A, 0xCE,
    0x9A, 0xCE, 0x9A, 0xCE, 0x99, 0xCE, 0x99, 0xCE, 0x99, 0xCE, 0x99, 0xCE, 0x99, 0xCE, 0x99, 0xCE,
    0x99, 0xCE, 0x99, 0xCE, 0x99, 0xCE, 0x99, 0xCE, 0x99, 0xCE, 0x9A, 0xCE, 0x9A, 0xCE, 0x9A, 0xCE,
    0x9A, 0xCE, 0x9A, 0xCE, 0x9A, 0xCE, 0x9A, 0xCE, 0x9A, 0xCE, 0x9A, 0xCE, 0x9A, 0xCE, 0x9A, 0xCE,
    0x9A, 0xCE, 0x9A, 0xCE, 0x9A, 0xCE, 0x9A, 0xCE, 0x9A, 0xCE, 0x9A, 0xCE, 0x9A, 0xCE, 0x9A, 0xCE,
    0x9A, 0xCE, 0x9A, 0xCE, 0x9A, 0xCE, 0x9A, 0xCE, 0x9A, 0xCE, 0x9A, 0xCE, 0x9A, 0xCE, 0x9A, 0xCE,
    0x9A, 0xCE, 0x9A, 0xCE, 0x7A, 0xCE, 0x18, 0xC6, 0xD6, 0xBD, 0x95, 0xB5, 0x12, 0xA5, 0x90, 0x94,
    0x6F, 0x8C, 0x2F, 0x84, 0x0F, 0x84, 0xCD, 0x7B, 0x4C, 0x6B, 0xA9, 0x5A, 0x0A, 0x63, 0x0B, 0x63,
    0x0B, 0x63, 0x0B, 0x6B, 0x4B, 0x73, 0x6C, 0x73, 0xAD, 0x7B, 0xCD, 0x83, 0xAC, 0x7B, 0xAC, 0x73,
    0xAC, 0x73, 0xED, 0x7B, 0x70, 0x8C, 0x12, 0xA5, 0xB5, 0xB5, 0x17, 0xC6, 0xF7, 0xBD, 0xD6, 0xBD,
    0xD6, 0xBD, 0x17, 0xBE, 0xB6, 0xB5, 0x74, 0xAD, 0x54, 0xA5, 0x33, 0xA5, 0xF2, 0x9C, 0xF2, 0x9C,
    0x13, 0xA5, 0x91, 0x94, 0xB1, 0x94, 0x90, 0x94, 0x50, 0x8C, 0x2F, 0x8C, 0x2F, 0x8C, 0x2F, 0x84,
    0xEE, 0x7B, 0xEE, 0x7B, 0x4B, 0x6B, 0x6B, 0x6B, 0xCD, 0x7B, 0xCD, 0x7B, 0xED, 0x7B, 0xED, 0x7B,
    0x4B, 0x6B, 0x2B, 0x63, 0x2B, 0x63, 0x4B, 0x6B, 0x8C, 0x73, 0xAC, 0x73, 0xEE, 0x83, 0xEE, 0x83,
    0xCD, 0x7B, 0x0E, 0x84, 0x0E, 0x84, 0x2F, 0x8C, 0x4F, 0x8C, 0x70, 0x8C, 0x70, 0x94, 0x70, 0x94,
    0x90, 0x94, 0x90, 0x94, 0x90, 0x94, 0x90, 0x94, 0x90, 0x94, 0x90, 0x94, 0x6F, 0x94, 0x6F, 0x94,
    0x6F, 0x94, 0x6F, 0x94, 0x6F, 0x94, 0x4F, 0x94, 0x4F, 0x94, 0x4F, 0x8C, 0x4F, 0x8C, 0x4F, 0x8C,
    0x4F, 0x8C, 0x4E, 0x8C, 0x2E, 0x8C, 0x2E, 0x8C, 0x2E, 0x8C, 0x2F, 0x8C, 0x2F, 0x8C, 0x2F, 0x8C,
    0x2F, 0x8C, 0x2F, 0x8C, 0x2F, 0x8C, 0x0E, 0x8C, 0x0E, 0x8C, 0x0E, 0x8C, 0x0E, 0x8C, 0x0E, 0x8C,
    0x0E, 0x8C, 0x0E, 0x8C, 0x0E, 0x8C, 0x0E, 0x8C, 0x0E, 0x8C, 0x0E, 0x8C, 0x0E, 0x84, 0xCD, 0x83,
    0xCD, 0x83, 0xCD, 0x7B, 0xAD, 0x7B, 0x8C, 0x7B, 0x8C, 0x73, 0x8C, 0x73, 0x6B, 0x6B, 0x2B, 0x63,
    0x2B, 0x6B, 0x0A, 0x63, 0xC9, 0x5A, 0xE9, 0x5A, 0xCA, 0x5A, 0xCA, 0x5A, 0xCA, 0x5A, 0xEA, 0x62,
    0xC9, 0x5A, 0x68, 0x52, 0x47, 0x4A, 0xE6, 0x41, 0xA5, 0x39, 0xA4, 0x31, 0x64, 0x31, 0x64, 0x31,
    0xE6, 0x41, 0x47, 0x4A, 0x88, 0x52, 0xA9, 0x5A, 0xEA, 0x62, 0x0A, 0x63, 0x2A, 0x63, 0x2A, 0x63,
    0x2A, 0x63, 0x0A, 0x63, 0xEA, 0x62, 0xC9, 0x5A, 0x88, 0x52, 0x47, 0x4A, 0x47, 0x4A, 0x27, 0x4A,
    0x06, 0x42, 0x06, 0x42, 0x06, 0x42, 0x06, 0x4A, 0x47, 0x4A, 0x47, 0x4A, 0x47, 0x52, 0x67, 0x52,
    0x47, 0x52, 0x88, 0x5A, 0xC9, 0x62, 0xEA, 0x62, 0xEA, 0x62, 0xC9, 0x62, 0xA8, 0x5A, 0x68, 0x5A,
    0x88, 0x52, 0x88, 0x52, 0xA8, 0x5A, 0xC9, 0x5A, 0xE9, 0x62, 0xEE, 0x83, 0x94, 0xB5, 0x57, 0xD6,
    0x98, 0xD6, 0x78, 0xD6, 0x98, 0xD6, 0x98, 0xD6, 0xD9, 0xDE, 0x1A, 0xE7, 0x1B, 0xE7, 0x1B, 0xE7,
    0x3A, 0xE7, 0x3A, 0xE7, 0x3A, 0xE7, 0x3A, 0xE7, 0x3A, 0xE7, 0x3A, 0xE7, 0x3A, 0xE7, 0x3A, 0xE7,
    0x3A, 0xE7, 0x3A, 0xE7, 0x3A, 0xE7, 0x3A, 0xE7, 0x1A, 0xE7, 0x1A, 0xE7, 0x1A, 0xE7, 0x1A, 0xE7,
    0x1A, 0xE7, 0x1A, 0xE7, 0x1A, 0xE7, 0x1A, 0xE7, 0x1A, 0xE7, 0x1A, 0xE7, 0x1A, 0xE7, 0x1A, 0xE7,
    0x1A, 0xE7, 0x1A, 0xE7, 0x1A, 0xE7, 0x1A, 0xE7, 0x1A, 0xE7, 0xFA, 0xE6, 0xFA, 0xE6, 0xFA, 0xE6,
    0xFA, 0xE6, 0xFA, 0xE6, 0xFA, 0xE6, 0xFA, 0xE6, 0xFA, 0xDE, 0xFA, 0xDE, 0xFA, 0xDE, 0xFA, 0xDE,
    0xF9, 0xDE, 0xF9, 0xDE, 0xF9, 0xDE, 0xF9, 0xDE, 0xF9, 0xDE, 0xF9, 0xDE, 0xF9, 0xDE, 0xF9, 0xDE,
    0xF9, 0xDE, 0xF9, 0xDE, 0xF9, 0xDE, 0xF9, 0xDE, 0xF9, 0xDE, 0xF9, 0xDE, 0xF9, 0xDE, 0xF9, 0xDE,
    0xF9, 0xDE, 0xF9, 0xDE, 0xD9, 0xDE, 0xD9, 0xDE, 0xD9, 0xDE, 0xD9, 0xDE, 0xD9, 0xDE, 0xD9, 0xDE,
    0xBB, 0xD6, 0x9B, 0xD6, 0x9B, 0xCE, 0x9A, 0xCE, 0x9A, 0xCE, 0x9A, 0xCE, 0x9A, 0xCE, 0x9A, 0xCE,
    0x9A, 0xCE, 0x9A, 0xCE, 0x9A, 0xCE, 0x9A, 0xCE, 0x9A, 0xCE, 0x9A, 0xCE, 0x9A, 0xCE, 0x9A, 0xCE,
    0x9A, 0xCE, 0x9A, 0xCE, 0x9A, 0xCE, 0x9A, 0xCE, 0x9A, 0xCE, 0x9A, 0xCE, 0x9A, 0xCE, 0x9A, 0xCE,
    0x9A, 0xCE, 0x9A, 0xCE, 0x9A, 0xCE, 0x9A, 0xCE, 0x9A, 0xCE, 0x9A, 0xCE, 0x9A, 0xCE, 0x9A, 0xCE,
    0x9A, 0xCE, 0x9A, 0xCE, 0x9A, 0xCE, 0x9A, 0xCE, 0x9A, 0xCE, 0x9A, 0xCE, 0x9A, 0xCE, 0x9A, 0xCE,
    0x99, 0xCE, 0x99, 0xCE, 0x99, 0xCE, 0x99, 0xCE, 0x99, 0xCE, 0x9A, 0xCE, 0x7A, 0xCE, 0x9A, 0xCE,
    0x9A, 0xCE, 0x9A, 0xCE, 0x9A, 0xCE, 0xBA, 0xCE, 0xBA, 0xCE, 0x9A, 0xCE, 0x9A, 0xCE, 0x9A, 0xCE,
    0x9A, 0xCE, 0x9A, 0xCE, 0x9A, 0xCE, 0x9A, 0xCE, 0x9A, 0xCE, 0xBA, 0xD6, 0x9A, 0xCE, 0x9A, 0xCE,
    0x9A, 0xCE, 0x9A, 0xCE, 0x9A, 0xCE, 0x9A, 0xCE, 0x9A, 0xCE, 0x9A, 0xCE, 0x9A, 0xCE, 0x9A, 0xD6,
    0x9A, 0xD6, 0x9A, 0xD6, 0x9A, 0xCE, 0x59, 0xC6, 0xF7, 0xBD, 0x95, 0xB5, 0x12, 0x9D, 0x90, 0x94,
    0x70, 0x8C, 0x50, 0x8C, 0x2F, 0x84, 0xCE, 0x7B, 0x8D, 0x73, 0xCA, 0x62, 0xCA, 0x62, 0x0B, 0x63,
    0x2B, 0x6B, 0x6C, 0x73, 0x6C, 0x73, 0x8C, 0x7B, 0xAD, 0x7B, 0xAD, 0x7B, 0xCD, 0x7B, 0xEE, 0x7B,
    0xED, 0x7B, 0xCD, 0x7B, 0xED, 0x7B, 0x0E, 0x84, 0x70, 0x8C, 0xD1, 0x9C, 0xF2, 0x9C, 0xF2, 0x9C,
    0x13, 0xA5, 0x74, 0xAD, 0x13, 0xA5, 0x91, 0x94, 0x70, 0x8C, 0x4F, 0x8C, 0x2F, 0x84, 0x2F, 0x84,
    0x70, 0x8C, 0x4F, 0x8C, 0x4F, 0x8C, 0x70, 0x8C, 0x70, 0x94, 0x50, 0x8C, 0x2F, 0x8C, 0xEE, 0x7B,
    0xAD, 0x7B, 0x8C, 0x73, 0x4B, 0x6B, 0xEA, 0x62, 0x2B, 0x6B, 0x4B, 0x6B, 0x6C, 0x73, 0xAD, 0x73,
    0x2B, 0x6B, 0xC9, 0x5A, 0xEA, 0x62, 0x2B, 0x6B, 0x4B, 0x6B, 0x8C, 0x73, 0xAD, 0x7B, 0x8C, 0x73,
    0xCD, 0x7B, 0xEE, 0x83, 0x0E, 0x84, 0x2E, 0x84, 0x2F, 0x8C, 0x4F, 0x8C, 0x6F, 0x8C, 0x4F, 0x8C,
    0x70, 0x8C, 0x70, 0x94, 0x4F, 0x94, 0x4F, 0x94, 0x4F, 0x94, 0x6F, 0x94, 0x6F, 0x94, 0x4F, 0x94,
    0x4F, 0x94, 0x4F, 0x94, 0x4F, 0x8C, 0x4F, 0x8C, 0x2E, 0x8C, 0x4F, 0x8C, 0x4F, 0x8C, 0x2E, 0x8C,
    0x2E, 0x8C, 0x2E, 0x8C, 0x2E, 0x8C, 0x2E, 0x8C, 0x2E, 0x8C, 0x0E, 0x8C, 0x0E, 0x8C, 0x0E, 0x8C,
    0x0E, 0x8C, 0x0E, 0x8C, 0x0E, 0x8C, 0x0E, 0x8C, 0x0E, 0x8C, 0x0E, 0x8C, 0x0E, 0x8C, 0x0E, 0x8C,
    0x0E, 0x8C, 0x0E, 0x8C, 0x0E, 0x8C, 0x0E, 0x8C, 0x0E, 0x84, 0x0E, 0x84, 0x0E, 0x84, 0xED, 0x83,
    0xCD, 0x83, 0xCD, 0x7B, 0xCD, 0x7B, 0xAC, 0x7B, 0x8C, 0x73, 0x6C, 0x73, 0x4B, 0x6B, 0x2B, 0x63,
    0x2B, 0x6B, 0xEA, 0x62, 0xC9, 0x5A, 0xC9, 0x5A, 0xC9, 0x5A, 0xC9, 0x5A, 0xC9, 0x5A, 0xEA, 0x62,
    0xA8, 0x52, 0x27, 0x4A, 0x06, 0x42, 0xC5, 0x39, 0x84, 0x31, 0x84, 0x31, 0x23, 0x29, 0x64, 0x31,
    0xC5, 0x39, 0xE6, 0x41, 0x27, 0x4A, 0x88, 0x52, 0xC9, 0x5A, 0xEA, 0x62, 0xEA, 0x62, 0xEA, 0x62,
    0xEA, 0x62, 0xC9, 0x5A, 0xA9, 0x52, 0x88, 0x52, 0x88, 0x52, 0x88, 0x52, 0x68, 0x52, 0x27, 0x4A,
    0x06, 0x42, 0x06, 0x42, 0x06, 0x42, 0x06, 0x42, 0x27, 0x4A, 0x27, 0x4A, 0x68, 0x52, 0x88, 0x5A,
    0x88, 0x52, 0x88, 0x52, 0x88, 0x5A, 0x88, 0x5A, 0x88, 0x5A, 0x68, 0x52, 0x47, 0x52, 0x47, 0x52,
    0x67, 0x52, 0x88, 0x52, 0x68, 0x52, 0xC9, 0x5A, 0x2A, 0x6B, 0x4F, 0x8C, 0xB5, 0xBD, 0x37, 0xCE,
    0x57, 0xCE, 0x78, 0xD6, 0x98, 0xD6, 0xB9, 0xDE, 0xD9, 0xDE, 0x1A, 0xE7, 0x1B, 0xE7, 0x1B, 0xE7,
    0x1A, 0xE7, 0x1A, 0xE7, 0x3A, 0xE7, 0x3A, 0xE7, 0x3A, 0xE7, 0x3A, 0xE7, 0x3A, 0xE7, 0x3A, 0xE7,
    0x3A, 0xE7, 0x3A, 0xE7, 0x3A, 0xE7, 0x3A, 0xE7, 0x3A, 0xE7, 0x3A, 0xE7, 0x3A, 0xE7, 0x3A, 0xE7,
    0x3A, 0xE7, 0x1A, 0xE7, 0x1A, 0xE7, 0x1A, 0xE7, 0x1A, 0xE7, 0x1A, 0xE7, 0x1A, 0xE7, 0x1A, 0xE7,
    0x1A, 0xE7, 0x1A, 0xE7, 0x1A, 0xE7, 0x1A, 0xE7, 0x1A, 0xE7, 0xFA, 0xE6, 0xFA, 0xE6, 0xFA, 0xE6,
    0xFA, 0xE6, 0xFA, 0xE6, 0xFA, 0xE6, 0xFA, 0xE6, 0xFA, 0xE6, 0xFA, 0xDE, 0xF9, 0xDE, 0xF9, 0xDE,
    0xF9, 0xDE, 0xF9, 0xDE, 0xF9, 0xDE, 0xF9, 0xDE, 0xF9, 0xDE, 0xF9, 0xDE, 0xF9, 0xDE, 0xF9, 0xDE,
    0xF9, 0xDE, 0xF9, 0xDE, 0xF9, 0xDE, 0xF9, 0xDE, 0xF9, 0xDE, 0xF9, 0xDE, 0xF9, 0xDE, 0xF9, 0xDE,
    0xF9, 0xDE, 0xF9, 0xDE, 0xD9, 0xDE, 0xD9, 0xDE, 0xD9, 0xDE, 0xD9, 0xDE, 0xD9, 0xDE, 0xD9, 0xDE,
    0xBB, 0xD6, 0xBB, 0xD6, 0x9B, 0xD6, 0x9B, 0xCE, 0x9B, 0xCE, 0x9A, 0xCE, 0x9A, 0xCE, 0x9A, 0xCE,
    0x9A, 0xCE, 0x9A, 0xCE, 0x9A, 0xCE, 0x9A, 0xCE, 0x9A, 0xCE, 0x9A, 0xCE, 0x9A, 0xCE, 0x9A, 0xCE,
    0x9A, 0xCE, 0x9A, 0xCE, 0x9A, 0xCE, 0x9A, 0xCE, 0x9A, 0xCE, 0x9A, 0xCE, 0x9A, 0xCE, 0x9A, 0xCE,
    0x9A, 0xCE, 0x9A, 0xCE, 0x9A, 0xCE, 0x9A, 0xCE, 0x9A, 0xCE, 0x9A, 0xCE, 0x9A, 0xCE, 0x9A, 0xCE,
    0x9A, 0xCE, 0x9A, 0xCE, 0x9A, 0xCE, 0x9A, 0xCE, 0x9A, 0xCE, 0x9A, 0xCE, 0x9A, 0xCE, 0x9A, 0xCE,
    0x99, 0xCE, 0x99, 0xCE, 0x99, 0xCE, 0x99, 0xCE, 0x9A, 0xCE, 0x9A, 0xCE, 0x9A, 0xCE, 0xBA, 0xD6,
    0xBA, 0xCE, 0x9A, 0xCE, 0x9A, 0xCE, 0xBA, 0xCE, 0xBA, 0xCE, 0x9A, 0xCE, 0x9A, 0xCE, 0x9A, 0xCE,
    0x9A, 0xCE, 0x9A, 0xCE, 0x9A, 0xCE, 0x9A, 0xCE, 0x9A, 0xCE, 0x9A, 0xCE, 0x9A, 0xCE, 0x9A, 0xCE,
    0x9A, 0xCE, 0x9A, 0xCE, 0x9A, 0xCE, 0x9A, 0xCE, 0x9A, 0xCE, 0x9A, 0xCE, 0x9A, 0xCE, 0x9A, 0xD6,
    0x9A, 0xD6, 0x9A, 0xD6, 0x9A, 0xD6, 0x7A, 0xCE, 0x18, 0xC6, 0xD6, 0xBD, 0x75, 0xAD, 0x33, 0xA5,
    0xF2, 0x9C, 0xD1, 0x9C, 0x90, 0x94, 0x2F, 0x8C, 0xCE, 0x7B, 0x2B, 0x6B, 0x0A, 0x63, 0x0B, 0x63,
    0x2B, 0x6B, 0x6C, 0x73, 0x8C, 0x7B, 0xAD, 0x7B, 0xCD, 0x83, 0xAC, 0x7B, 0xAC, 0x7B, 0xCD, 0x7B,
    0xED, 0x7B, 0xED, 0x7B, 0xED, 0x7B, 0xED, 0x7B, 0xED, 0x7B, 0xEE, 0x7B, 0xEE, 0x7B, 0x0E, 0x84,
    0x2F, 0x84, 0x70, 0x8C, 0x4F, 0x8C, 0xEE, 0x7B, 0xEE, 0x7B, 0xCD, 0x7B, 0xAC, 0x73, 0xED, 0x7B,
    0x2E, 0x84, 0x0E, 0x84, 0x2F, 0x84, 0x6F, 0x8C, 0x70, 0x8C, 0x4F, 0x8C, 0x0F, 0x84, 0xAD, 0x7B,
    0x6C, 0x73, 0x6C, 0x6B, 0xEA, 0x62, 0x88, 0x52, 0x88, 0x52, 0xC9, 0x5A, 0xEA, 0x62, 0x2A, 0x63,
    0xEA, 0x5A, 0x88, 0x52, 0xA9, 0x5A, 0x0A, 0x63, 0x2B, 0x6B, 0x6B, 0x6B, 0x8C, 0x73, 0x6C, 0x73,
    0x8C, 0x73, 0xCD, 0x7B, 0xEE, 0x83, 0xEE, 0x83, 0x0E, 0x84, 0x2F, 0x8C, 0x4F, 0x8C, 0x4F, 0x8C,
    0x4F, 0x8C, 0x2F, 0x8C, 0x2F, 0x8C, 0x2F, 0x8C, 0x2F, 0x8C, 0x2F, 0x8C, 0x2E, 0x8C, 0x4F, 0x8C,
    0x2E, 0x8C, 0x2E, 0x8C, 0x2E, 0x8C, 0x2E, 0x8C, 0x4F, 0x8C, 0x4F, 0x8C, 0x4E, 0x8C, 0x2E, 0x8C,
    0x2E, 0x8C, 0x2E, 0x8C, 0x2E, 0x8C, 0x2E, 0x8C, 0x2E, 0x8C, 0x0E, 0x8C, 0x0E, 0x8C, 0x0E, 0x8C,
    0x0E, 0x8C, 0x0E, 0x8C, 0x0E, 0x8C, 0x0E, 0x8C, 0x0E, 0x8C, 0x0E, 0x8C, 0x0E, 0x8C, 0x0E, 0x8C,
    0x0E, 0x8C, 0x0E, 0x8C, 0x0E, 0x8C, 0x0E, 0x8C, 0x0E, 0x84, 0x0E, 0x84, 0x0E, 0x84, 0xED, 0x83,
    0xCD, 0x83, 0xCD, 0x7B, 0xCD, 0x7B, 0xAD, 0x7B, 0x8C, 0x73, 0x6C, 0x73, 0x4B, 0x6B, 0x2B, 0x63,
    0x2B, 0x63, 0xEA, 0x62, 0xC9, 0x5A, 0xC9, 0x5A, 0xC9, 0x5A, 0xC9, 0x5A, 0xC9, 0x5A, 0xC9, 0x5A,
    0x68, 0x52, 0x06, 0x42, 0xE6, 0x41, 0xA5, 0x39, 0x64, 0x31, 0x63, 0x29, 0x43, 0x29, 0x84, 0x31,
    0xC5, 0x39, 0xE6, 0x41, 0x27, 0x42, 0x88, 0x52, 0xA9, 0x5A, 0xC9, 0x5A, 0xC9, 0x5A, 0xC9, 0x5A,
    0xC9, 0x5A, 0xA9, 0x5A, 0xC9, 0x5A, 0xA9, 0x5A, 0x88, 0x52, 0x68, 0x52, 0x27, 0x4A, 0x27, 0x4A,
    0x06, 0x42, 0x06, 0x42, 0x06, 0x42, 0x06, 0x42, 0x06, 0x4A, 0x27, 0x4A, 0x47, 0x52, 0x48, 0x52,
    0x47, 0x52, 0x47, 0x52, 0x47, 0x52, 0x47, 0x4A, 0x47, 0x52, 0x47, 0x52, 0x47, 0x52, 0x67, 0x52,
    0x88, 0x52, 0xA8, 0x5A, 0x88, 0x5A, 0xE9, 0x62, 0x4B, 0x6B, 0x70, 0x94, 0xB4, 0xBD, 0x16, 0xCE,
    0x78, 0xD6, 0x98, 0xD6, 0xB9, 0xDE, 0xFA, 0xDE, 0xFA, 0xE6, 0x1A, 0xE7, 0x1B, 0xE7, 0x1B, 0xE7,
    0x1A, 0xE7, 0x1A, 0xE7, 0x1A, 0xE7, 0x1A, 0xE7, 0x3A, 0xE7, 0x3A, 0xE7, 0x3A, 0xE7, 0x3A, 0xE7,
    0x3A, 0xE7, 0x3A, 0xE7, 0x3A, 0xE7, 0x3A, 0xE7, 0x3A, 0xE7, 0x3A, 0xE7, 0x3A, 0xE7, 0x3A, 0xE7,
    0x3A, 0xE7, 0x1A, 0xE7, 0x1A, 0xE7, 0x1A, 0xE7, 0x1A, 0xE7, 0x1A, 0xE7, 0x1A, 0xE7, 0x3A, 0xE7,
    0x3A, 0xE7, 0x3A, 0xE7, 0x1A, 0xE7, 0x1A, 0xE7, 0x1A, 0xE7, 0x1A, 0xE7, 0xFA, 0xE6, 0xFA, 0xE6,
    0xFA, 0xE6, 0xFA, 0xE6, 0xFA, 0xE6, 0xFA, 0xE6, 0xFA, 0xDE, 0xFA, 0xDE, 0xFA, 0xDE, 0xFA, 0xDE,
    0xF9, 0xDE, 0xF9, 0xDE, 0xF9, 0xDE, 0xF9, 0xDE, 0xF9, 0xDE, 0xF9, 0xDE, 0xF9, 0xDE, 0xF9, 0xDE,
    0xF9, 0xDE, 0xF9, 0xDE, 0xF9, 0xDE, 0xF9, 0xDE, 0xF9, 0xDE, 0xF9, 0xDE, 0xF9, 0xDE, 0xF9, 0xDE,
    0xF9, 0xDE, 0xF9, 0xDE, 0xD9, 0xDE, 0xD9, 0xDE, 0xD9, 0xDE, 0xD9, 0xDE, 0xD9, 0xDE, 0xD9, 0xDE,
    0xBB, 0xD6, 0xBB, 0xD6, 0xBB, 0xD6, 0x9B, 0xD6, 0x9B, 0xD6, 0x9A, 0xCE, 0x9A, 0xCE, 0x9A, 0xCE,
    0x9A, 0xCE, 0x9A, 0xCE, 0x9A, 0xCE, 0x9A, 0xCE, 0x9A, 0xCE, 0x9A, 0xCE, 0x9A, 0xCE, 0x9A, 0xCE,
    0x9A, 0xCE, 0x9A, 0xCE, 0x9A, 0xCE, 0x9A, 0xCE, 0x9A, 0xCE, 0x9A, 0xCE, 0x9A, 0xCE, 0x9A, 0xCE,
    0x9A, 0xCE, 0x9A, 0xCE, 0x9A, 0xCE, 0x9A, 0xCE, 0xBA, 0xCE, 0xBA, 0xCE, 0xBA, 0xCE, 0xBA, 0xCE,
    0xBA, 0xCE, 0xBA, 0xCE, 0x9A, 0xCE, 0x9A, 0xCE, 0x9A, 0xCE, 0x9A, 0xCE, 0x9A, 0xCE, 0x9A, 0xCE,
    0x9A, 0xCE, 0x9A, 0xCE, 0x9A, 0xCE, 0xBA, 0xCE, 0xBA, 0xCE, 0xBA, 0xD6, 0xBA, 0xD6, 0xBA, 0xD6,
    0xBA, 0xD6, 0x9A, 0xCE, 0x9A, 0xCE, 0xBA, 0xCE, 0xBA, 0xCE, 0xBA, 0xCE, 0x9A, 0xCE, 0x9A, 0xCE,
    0x9A, 0xCE, 0x9A, 0xCE, 0x9A, 0xCE, 0x9A, 0xCE, 0x9A, 0xCE, 0x9A, 0xCE, 0x9A, 0xCE, 0x9A, 0xCE,
    0x9A, 0xCE, 0x9A, 0xCE, 0x9A, 0xCE, 0x9A, 0xCE, 0x9A, 0xCE, 0x9A, 0xCE, 0x9A, 0xCE, 0x9A, 0xD6,
    0x9A, 0xD6, 0x9A, 0xD6, 0x7A, 0xCE, 0x7A, 0xCE, 0x38, 0xC6, 0xF7, 0xBD, 0xD6, 0xBD, 0xB5, 0xB5,
    0x94, 0xAD, 0x33, 0xA5, 0x13, 0xA5, 0xB1, 0x9C, 0x70, 0x94, 0xEE, 0x83, 0xAD, 0x7B, 0x6C, 0x73,
    0x4C, 0x73, 0x6C, 0x73, 0x8C, 0x7B, 0xAD, 0x7B, 0xAD, 0x7B, 0x8C, 0x73, 0x8C, 0x73, 0xAC, 0x73,
    0xCD, 0x7B, 0x0E, 0x84, 0xCD, 0x7B, 0xAC, 0x73, 0xAC, 0x73, 0x8C, 0x73, 0x4B, 0x6B, 0x4B, 0x6B,
    0x6B, 0x6B, 0x8C, 0x73, 0x8C, 0x73, 0x8C, 0x73, 0xED, 0x7B, 0xCD, 0x7B, 0xAC, 0x73, 0xED, 0x7B,
    0x2E, 0x84, 0x0E, 0x84, 0x2F, 0x84, 0x2F, 0x84, 0x4F, 0x8C, 0x2F, 0x8C, 0x0E, 0x84, 0xAD, 0x73,
    0x4B, 0x6B, 0x4B, 0x6B, 0x0A, 0x63, 0x88, 0x52, 0x68, 0x4A, 0x67, 0x4A, 0x68, 0x52, 0xA9, 0x5A,
    0xC9, 0x5A, 0x88, 0x52, 0x88, 0x52, 0x0A, 0x63, 0x4B, 0x6B, 0x4B, 0x6B, 0x6B, 0x6B, 0x6B, 0x6B,
    0x6C, 0x73, 0xAD, 0x7B, 0xCD, 0x7B, 0xED, 0x7B, 0xEE, 0x83, 0x0E, 0x84, 0x2F, 0x8C, 0x2F, 0x8C,
    0x2F, 0x8C, 0x2F, 0x8C, 0x2F, 0x8C, 0x2E, 0x8C, 0x2E, 0x8C, 0x2E, 0x8C, 0x2E, 0x8C, 0x2E, 0x8C,
    0x2E, 0x8C, 0x2E, 0x8C, 0x2E, 0x8C, 0x2E, 0x8C, 0x4F, 0x8C, 0x4F, 0x8C, 0x2E, 0x8C, 0x2E, 0x8C,
    0x2E, 0x8C, 0x2E, 0x8C, 0x2E, 0x8C, 0x2E, 0x8C, 0x2E, 0x8C, 0x0E, 0x8C, 0x0E, 0x8C, 0x0E, 0x8C,
    0x0E, 0x8C, 0x0E, 0x8C, 0x0E, 0x8C, 0x0E, 0x8C, 0x0E, 0x8C, 0x0E, 0x8C, 0x0E, 0x8C, 0x0E, 0x8C,
    0x0E, 0x8C, 0x0E, 0x8C, 0x0E, 0x8C, 0x0E, 0x8C, 0x0E, 0x84, 0x0E, 0x84, 0x0E, 0x84, 0xED, 0x83,
    0xCD, 0x83, 0xCD, 0x7B, 0xCD, 0x7B, 0xAD, 0x7B, 0x8C, 0x73, 0x6C, 0x73, 0x4B, 0x6B, 0x2B, 0x6B,
    0x2B, 0x63, 0xEA, 0x62, 0xC9, 0x5A, 0xA9, 0x5A, 0xC9, 0x5A, 0xC9, 0x5A, 0xC9, 0x5A, 0xA9, 0x5A,
    0x68, 0x52, 0x06, 0x42, 0xE6, 0x41, 0xA5, 0x39, 0x64, 0x29, 0x43, 0x29, 0x63, 0x29, 0xA5, 0x31,
    0xE5, 0x39, 0xE6, 0x41, 0x06, 0x42, 0x67, 0x4A, 0x88, 0x52, 0xC9, 0x5A, 0xC9, 0x5A, 0xC9, 0x5A,
    0xA9, 0x5A, 0xA9, 0x5A, 0xC9, 0x5A, 0x88, 0x52, 0x47, 0x4A, 0x06, 0x42, 0x06, 0x42, 0x06, 0x42,
    0x06, 0x42, 0x06, 0x42, 0x06, 0x42, 0x06, 0x42, 0x06, 0x4A, 0x27, 0x4A, 0x27, 0x4A, 0x27, 0x4A,
    0x27, 0x4A, 0x47, 0x4A, 0x47, 0x52, 0x47, 0x52, 0x47, 0x52, 0x47, 0x52, 0x47, 0x52, 0x88, 0x5A,
    0xA8, 0x5A, 0xA9, 0x5A, 0xC9, 0x5A, 0x0A, 0x63, 0x6C, 0x73, 0x90, 0x9C, 0x94, 0xB5, 0x36, 0xCE,
    0x98, 0xDE, 0xB9, 0xDE, 0xD9, 0xDE, 0xFA, 0xE6, 0xFA, 0xE6, 0x1A, 0xE7, 0x1B, 0xE7, 0x1B, 0xE7,
    0x1A, 0xE7, 0x1A, 0xE7, 0x1A, 0xE7, 0x1A, 0xE7, 0x3A, 0xE7, 0x3A, 0xE7, 0x3A, 0xE7, 0x3A, 0xE7,
    0x3A, 0xE7, 0x3A, 0xE7, 0x3A, 0xE7, 0x3A, 0xE7, 0x3A, 0xE7, 0x3A, 0xE7, 0x3A, 0xE7, 0x3A, 0xE7,
    0x3A, 0xE7, 0x1A, 0xE7, 0x1A, 0xE7, 0x1A, 0xE7, 0x1A, 0xE7, 0x1A, 0xE7, 0x1A, 0xE7, 0x3A, 0xE7,
    0x3A, 0xE7, 0x3A, 0xE7, 0x1A, 0xE7, 0x1A, 0xE7, 0x1A, 0xE7, 0x1A, 0xE7, 0xFA, 0xE6, 0xFA, 0xE6,
    0xFA, 0xE6, 0xFA, 0xE6, 0xFA, 0xE6, 0xFA, 0xE6, 0xFA, 0xDE, 0xFA, 0xDE, 0xFA, 0xDE, 0xFA, 0xDE,
    0xF9, 0xDE, 0xF9, 0xDE, 0xF9, 0xDE, 0xF9, 0xDE, 0xF9, 0xDE, 0xF9, 0xDE, 0xF9, 0xDE, 0xF9, 0xDE,
    0xF9, 0xDE, 0xF9, 0xDE, 0xF9, 0xDE, 0xF9, 0xDE, 0xF9, 0xDE, 0xF9, 0xDE, 0xF9, 0xDE, 0xF9, 0xDE,
    0xF9, 0xDE, 0xF9, 0xDE, 0xD9, 0xDE, 0xD9, 0xDE, 0xD9, 0xDE, 0xD9, 0xDE, 0xD9, 0xDE, 0xD9, 0xDE,
    0xBB, 0xD6, 0xBB, 0xD6, 0xBB, 0xD6, 0x9B, 0xD6, 0x9B, 0xD6, 0x9A, 0xCE, 0x9A, 0xCE, 0x9A, 0xCE,
    0x9A, 0xCE, 0x9A, 0xCE, 0x9A, 0xCE, 0x9A, 0xCE, 0x9A, 0xCE, 0x9A, 0xCE, 0x9A, 0xCE, 0x9A, 0xCE,
    0x9A, 0xCE, 0x9A, 0xCE, 0x9A, 0xCE, 0x9A, 0xCE, 0x9A, 0xCE, 0x9A, 0xCE, 0x9A, 0xCE, 0x9A, 0xCE,
    0x9A, 0xCE, 0x9A, 0xCE, 0x9A, 0xCE, 0x9A, 0xCE, 0x9A, 0xCE, 0x9A, 0xCE, 0x9A, 0xCE, 0x9A, 0xCE,
    0x9A, 0xCE, 0x9A, 0xCE, 0x9A, 0xCE, 0x9A, 0xCE, 0x9A, 0xCE, 0x9A, 0xCE, 0x9A, 0xCE, 0x9A, 0xCE,
    0x9A, 0xCE, 0x9A, 0xCE, 0x9A, 0xCE, 0x9A, 0xCE, 0x9A, 0xCE, 0xBA, 0xCE, 0xBA, 0xD6, 0xBA, 0xD6,
    0xBA, 0xD6, 0xBA, 0xD6, 0xBA, 0xD6, 0xBA, 0xD6, 0xBA, 0xD6, 0x9A, 0xCE, 0x9A, 0xCE, 0x9A, 0xCE,
    0x9A, 0xCE, 0x9A, 0xCE, 0x9A, 0xCE, 0x9A, 0xCE, 0x9A, 0xCE, 0x9A, 0xCE, 0x9A, 0xCE, 0x9A, 0xCE,
    0x9A, 0xCE, 0x9A, 0xCE, 0x9A, 0xCE, 0x9A, 0xCE, 0xBA, 0xD6, 0xBA, 0xD6, 0xBA, 0xD6, 0xBA, 0xD6,
    0xBB, 0xD6, 0x9B, 0xCE, 0x7A, 0xCE, 0x79, 0xC6, 0x18, 0xC6, 0xD6, 0xBD, 0xB6, 0xB5, 0x94, 0xAD,
    0x34, 0xA5, 0x33, 0xA5, 0xF2, 0xA4, 0xB1, 0x94, 0x4F, 0x8C, 0x2E, 0x8C, 0xEE, 0x83, 0xAC, 0x7B,
    0x8C, 0x7B, 0x6C, 0x73, 0x8C, 0x7B, 0xAD, 0x7B, 0xAD, 0x7B, 0x8C, 0x73, 0x6B, 0x6B, 0x6B, 0x6B,
    0x8C, 0x73, 0xAD, 0x7B, 0x8C, 0x73, 0x6C, 0x6B, 0x4B, 0x6B, 0x2A, 0x63, 0x4B, 0x6B, 0x4B, 0x6B,
    0x0A, 0x63, 0x0A, 0x63, 0x2B, 0x63, 0x4B, 0x6B, 0x8C, 0x73, 0xAC, 0x73, 0xAC, 0x73, 0xCD, 0x7B,
    0xEE, 0x7B, 0x0E, 0x84, 0x0E, 0x84, 0x0E, 0x84, 0x0E, 0x84, 0xEE, 0x7B, 0xED, 0x7B, 0x8C, 0x73,
    0x4B, 0x6B, 0x2A, 0x63, 0xEA, 0x5A, 0xA8, 0x52, 0x47, 0x4A, 0x27, 0x42, 0x06, 0x42, 0x47, 0x4A,
    0xEA, 0x5A, 0xC9, 0x5A, 0xA8, 0x52, 0xEA, 0x62, 0x6C, 0x73, 0x4B, 0x6B, 0x4B, 0x6B, 0x4B, 0x6B,
    0x4B, 0x6B, 0x6C, 0x73, 0xAD, 0x7B, 0xCD, 0x83, 0xEE, 0x83, 0x0F, 0x84, 0x2F, 0x84, 0x2F, 0x8C,
    0x2F, 0x8C, 0x2F, 0x8C, 0x2E, 0x8C, 0x2E, 0x8C, 0x2E, 0x8C, 0x2E, 0x8C, 0x2E, 0x8C, 0x2E, 0x8C,
    0x2E, 0x8C, 0x2E, 0x8C, 0x2E, 0x8C, 0x2E, 0x8C, 0x2E, 0x8C, 0x2E, 0x8C, 0x2E, 0x8C, 0x2E, 0x8C,
    0x2E, 0x8C, 0x2E, 0x8C, 0x2E, 0x8C, 0x2E, 0x8C, 0x0E, 0x8C, 0x0E, 0x8C, 0x0E, 0x8C, 0x0E, 0x8C,
    0x0E, 0x8C, 0x0E, 0x8C, 0x0E, 0x8C, 0x0E, 0x8C, 0x0E, 0x8C, 0x0E, 0x8C, 0x0E, 0x8C, 0x0E, 0x8C,
    0x0E, 0x8C, 0x0E, 0x8C, 0x0E, 0x8C, 0x0E, 0x8C, 0x0E, 0x8C, 0x0E, 0x8C, 0x0E, 0x8C, 0xEE, 0x83,
    0xCD, 0x83, 0xCD, 0x7B, 0xCD, 0x7B, 0xAD, 0x7B, 0x8C, 0x73, 0x8C, 0x73, 0x6C, 0x73, 0x2B, 0x6B,
    0x2B, 0x6B, 0xEA, 0x62, 0xA9, 0x5A, 0xA9, 0x5A, 0xA9, 0x5A, 0xA9, 0x5A, 0xA9, 0x5A, 0xA9, 0x5A,
    0x68, 0x52, 0x06, 0x4A, 0x06, 0x42, 0xC5, 0x39, 0x84, 0x31, 0x64, 0x31, 0x64, 0x31, 0x84, 0x31,
    0xE6, 0x41, 0xC5, 0x39, 0xE6, 0x41, 0x47, 0x4A, 0x68, 0x52, 0xA9, 0x52, 0xC9, 0x5A, 0xC9, 0x5A,
    0xA9, 0x5A, 0xA9, 0x52, 0xA8, 0x52, 0x47, 0x4A, 0x06, 0x42, 0x06, 0x42, 0x07, 0x42, 0x06, 0x42,
    0x06, 0x42, 0x07, 0x42, 0x07, 0x42, 0x07, 0x42, 0x07, 0x4A, 0x27, 0x4A, 0x27, 0x4A, 0x27, 0x4A,
    0x27, 0x4A, 0x27, 0x4A, 0x47, 0x4A, 0x68, 0x52, 0x88, 0x52, 0x88, 0x52, 0x88, 0x52, 0xA8, 0x5A,
    0xA9, 0x5A, 0xC9, 0x5A, 0x0A, 0x63, 0x4B, 0x6B, 0x8C, 0x73, 0x50, 0x94, 0x53, 0xAD, 0xF6, 0xC5,
    0x57, 0xD6, 0x78, 0xD6, 0xB9, 0xDE, 0xD9, 0xDE, 0xFA, 0xE6, 0x1A, 0xE7, 0x1A, 0xE7, 0x1A, 0xE7,
    0x1A, 0xE7, 0x1A, 0xE7, 0x1A, 0xE7, 0x1A, 0xE7, 0x1A, 0xE7, 0x1A, 0xE7, 0x3A, 0xE7, 0x3A, 0xE7,
    0x3A, 0xE7, 0x3A, 0xE7, 0x3A, 0xE7, 0x3A, 0xE7, 0x3B, 0xE7, 0x3B, 0xE7, 0x3B, 0xE7, 0x3B, 0xE7,
    0x3B, 0xE7, 0x3A, 0xE7, 0x1A, 0xE7, 0x1A, 0xE7, 0x1A, 0xE7, 0x1A, 0xE7, 0x1A, 0xE7, 0x3A, 0xE7,
    0x3A, 0xE7, 0x3A, 0xE7, 0x3A, 0xE7, 0x3A, 0xE7, 0x3A, 0xE7, 0x1A, 0xE7, 0x1A, 0xE7, 0x1A, 0xE7,
    0x1A, 0xE7, 0xFA, 0xE6, 0xFA, 0xE6, 0xFA, 0xE6, 0xFA, 0xE6, 0xFA, 0xE6, 0xFA, 0xDE, 0xFA, 0xDE,
    0xFA, 0xDE, 0xFA, 0xDE, 0xFA, 0xDE, 0xF9, 0xDE, 0xF9, 0xDE, 0xF9, 0xDE, 0xF9, 0xDE, 0xF9, 0xDE,
    0xF9, 0xDE, 0xF9, 0xDE, 0xF9, 0xDE, 0xF9, 0xDE, 0xF9, 0xDE, 0xF9, 0xDE, 0xF9, 0xDE, 0xF9, 0xDE,
    0xF9, 0xDE, 0xD9, 0xDE, 0xD9, 0xDE, 0xD9, 0xDE, 0xD9, 0xDE, 0xD9, 0xDE, 0xD9, 0xDE, 0xD9, 0xDE,
    0xBB, 0xD6, 0xBB, 0xD6, 0xBB, 0xD6, 0xBB, 0xD6, 0xBB, 0xD6, 0xBB, 0xD6, 0xBA, 0xCE, 0x9A, 0xCE,
    0x9A, 0xCE, 0x9A, 0xCE, 0x9A, 0xCE, 0x9A, 0xCE, 0x9A, 0xCE, 0x9A, 0xCE, 0x9A, 0xCE, 0x9A, 0xCE,
    0x9A, 0xCE, 0x9A, 0xCE, 0x9A, 0xCE, 0x9A, 0xCE, 0x9A, 0xCE, 0x9A, 0xCE, 0x9A, 0xCE, 0x9A, 0xCE,
    0x9A, 0xCE, 0x9A, 0xCE, 0x9A, 0xCE, 0x9A, 0xCE, 0xBA, 0xD6, 0xBA, 0xD6, 0xBA, 0xD6, 0xBA, 0xD6,
    0xBA, 0xD6, 0xBA, 0xD6, 0xBA, 0xD6, 0xBA, 0xD6, 0xBA, 0xD6, 0xBA, 0xD6, 0x9A, 0xCE, 0x9A, 0xCE,
    0x9A, 0xCE, 0x9A, 0xCE, 0x9A, 0xCE, 0x9A, 0xCE, 0xBA, 0xCE, 0xBA, 0xD6, 0xBA, 0xD6, 0xBA, 0xD6,
    0xBB, 0xD6, 0xBB, 0xD6, 0xBB, 0xD6, 0xBA, 0xD6, 0xBA, 0xD6, 0xBA, 0xD6, 0x9A, 0xCE, 0x9A, 0xCE,
    0x9A, 0xCE, 0x9A, 0xCE, 0x9A, 0xCE, 0x9A, 0xCE, 0x9A, 0xCE, 0x9A, 0xCE, 0x9A, 0xCE, 0x9A, 0xCE,
    0x9A, 0xCE, 0x9A, 0xCE, 0x9A, 0xCE, 0x9A, 0xCE, 0xBA, 0xD6, 0xBA, 0xD6, 0xBA, 0xD6, 0xBA, 0xD6,
    0x9B, 0xD6, 0x9B, 0xD6, 0x9A, 0xCE, 0x7A, 0xCE, 0x38, 0xC6, 0xF6, 0xBD, 0x75, 0xAD, 0x34, 0xA5,
    0x13, 0xA5, 0xF2, 0x9C, 0xD2, 0x9C, 0x70, 0x94, 0x2F, 0x8C, 0xEE, 0x83, 0xCD, 0x83, 0xCD, 0x7B,
    0x8C, 0x7B, 0x8C, 0x7B, 0x8C, 0x7B, 0xAD, 0x7B, 0xCD, 0x7B, 0x8C, 0x73, 0x2B, 0x6B, 0x4B, 0x6B,
    0x4B, 0x6B, 0x4B, 0x6B, 0x6B, 0x6B, 0x4B, 0x6B, 0x2B, 0x63, 0x0A, 0x63, 0x4B, 0x6B, 0x4B, 0x63,
    0x0A, 0x63, 0xC9, 0x5A, 0xEA, 0x5A, 0x0A, 0x63, 0x6B, 0x6B, 0x8C, 0x73, 0xAD, 0x73, 0xAD, 0x7B,
    0xCD, 0x7B, 0xED, 0x7B, 0xED, 0x7B, 0xCD, 0x7B, 0xCD, 0x7B, 0xAD, 0x7B, 0xAD, 0x73, 0x6C, 0x73,
    0x2B, 0x6B, 0xEA, 0x5A, 0x88, 0x52, 0x47, 0x4A, 0x27, 0x4A, 0xE6, 0x41, 0xE5, 0x39, 0x47, 0x4A,
    0xC9, 0x5A, 0x88, 0x52, 0x68, 0x52, 0xA9, 0x5A, 0x0A, 0x63, 0x0A, 0x63, 0x2B, 0x6B, 0x2B, 0x6B,
    0x4B, 0x6B, 0x4B, 0x6B, 0x6C, 0x73, 0xCD, 0x7B, 0xEE, 0x83, 0x0F, 0x84, 0x2F, 0x84, 0x2F, 0x84,
    0x2F, 0x8C, 0x2F, 0x8C, 0x2E, 0x8C, 0x2E, 0x8C, 0x2E, 0x8C, 0x2E, 0x8C, 0x2E, 0x8C, 0x2E, 0x8C,
    0x2E, 0x8C, 0x2E, 0x8C, 0x2E, 0x8C, 0x2E, 0x8C, 0x2E, 0x8C, 0x2E, 0x8C, 0x0E, 0x8C, 0x2E, 0x8C,
    0x2E, 0x8C, 0x2E, 0x8C, 0x0E, 0x8C, 0x0E, 0x8C, 0x0E, 0x8C, 0x0E, 0x8C, 0x0E, 0x8C, 0x0E, 0x8C,
    0x0E, 0x8C, 0x0E, 0x8C, 0x0E, 0x8C, 0xEE, 0x8B, 0x0E, 0x8C, 0x0E, 0x8C, 0x0E, 0x8C, 0x0E, 0x8C,
    0x0E, 0x8C, 0x0E, 0x8C, 0x0E, 0x8C, 0x0E, 0x8C, 0x0E, 0x8C, 0x0E, 0x8C, 0x0E, 0x8C, 0xED, 0x83,
    0xCD, 0x83, 0xCD, 0x7B, 0xAD, 0x7B, 0xAD, 0x7B, 0xAD, 0x7B, 0x8C, 0x73, 0x6C, 0x73, 0x4B, 0x6B,
    0x2B, 0x6B, 0x0A, 0x63, 0xA9, 0x5A, 0xA9, 0x5A, 0x88, 0x52, 0x88, 0x52, 0x88, 0x52, 0x47, 0x4A,
    0x27, 0x4A, 0x27, 0x4A, 0x06, 0x42, 0xC5, 0x41, 0x84, 0x31, 0x64, 0x31, 0x64, 0x31, 0x84, 0x31,
    0xC5, 0x39, 0xA5, 0x39, 0xC5, 0x39, 0x06, 0x42, 0x47, 0x4A, 0x88, 0x52, 0xA8, 0x52, 0xA8, 0x52,
    0x88, 0x52, 0x88, 0x52, 0x88, 0x52, 0x47, 0x4A, 0x27, 0x4A, 0x27, 0x4A, 0x07, 0x4A, 0x07, 0x42,
    0x06, 0x42, 0x07, 0x4A, 0x07, 0x4A, 0x07, 0x4A, 0x07, 0x4A, 0x27, 0x4A, 0x27, 0x4A, 0x27, 0x4A,
    0x27, 0x4A, 0x27, 0x4A, 0x47, 0x4A, 0x68, 0x52, 0xA8, 0x5A, 0xA9, 0x5A, 0xA9, 0x5A, 0xC9, 0x5A,
    0xC9, 0x5A, 0xC9, 0x5A, 0xEA, 0x62, 0x4B, 0x6B, 0x8C, 0x73, 0x4F, 0x8C, 0xF2, 0xA4, 0x74, 0xB5,
    0xD5, 0xBD, 0x37, 0xCE, 0x98, 0xD6, 0xD9, 0xDE, 0xFA, 0xE6, 0xFA, 0xE6, 0xFA, 0xE6, 0xFA, 0xE6,
    0xFA, 0xE6, 0x1A, 0xE7, 0x1A, 0xE7, 0x1A, 0xE7, 0x1A, 0xE7, 0x1A, 0xE7, 0x3A, 0xE7, 0x3A, 0xE7,
    0x3A, 0xE7, 0x3A, 0xE7, 0x3A, 0xE7, 0x3A, 0xE7, 0x3B, 0xE7, 0x3B, 0xE7, 0x3B, 0xE7, 0x3B, 0xE7,
    0x3B, 0xE7, 0x3A, 0xE7, 0x1A, 0xE7, 0x1A, 0xE7, 0x1A, 0xE7, 0x1A, 0xE7, 0x1A, 0xE7, 0x3A, 0xE7,
    0x3A, 0xE7, 0x3A, 0xE7, 0x3A, 0xE7, 0x3A, 0xE7, 0x3A, 0xE7, 0x1A, 0xE7, 0x1A, 0xE7, 0x1A, 0xE7,
    0x1A, 0xE7, 0xFA, 0xE6, 0xFA, 0xE6, 0xFA, 0xE6, 0xFA, 0xE6, 0xFA, 0xE6, 0xFA, 0xE6, 0xFA, 0xE6,
    0xFA, 0xDE, 0xFA, 0xDE, 0xFA, 0xDE, 0xFA, 0xDE, 0xFA, 0xDE, 0xFA, 0xDE, 0xF9, 0xDE, 0xF9, 0xDE,
    0xF9, 0xDE, 0xF9, 0xDE, 0xF9, 0xDE, 0xF9, 0xDE, 0xF9, 0xDE, 0xF9, 0xDE, 0xF9, 0xDE, 0xF9, 0xDE,
    0xF9, 0xDE, 0xF9, 0xDE, 0xF9, 0xDE, 0xF9, 0xDE, 0xF9, 0xDE, 0xF9, 0xDE, 0xF9, 0xDE, 0xD9, 0xDE,
    0xBB, 0xD6, 0xBB, 0xD6, 0xBB, 0xD6, 0xBB, 0xD6, 0xBB, 0xD6, 0xBB, 0xD6, 0xBB, 0xD6, 0x9A, 0xCE,
    0x9A, 0xCE, 0x9A, 0xCE, 0x9A, 0xCE, 0x9A, 0xCE, 0x9A, 0xCE, 0x9A, 0xCE, 0x9A, 0xCE, 0x9A, 0xCE,
    0x9A, 0xCE, 0x9A, 0xCE, 0x9A, 0xCE, 0x9A, 0xCE, 0x9A, 0xCE, 0x9A, 0xCE, 0x9A, 0xCE, 0x9A, 0xCE,
    0x9A, 0xCE, 0x9A, 0xCE, 0x9A, 0xCE, 0x9A, 0xCE, 0xBA, 0xD6, 0xBA, 0xD6, 0xBA, 0xD6, 0xBA, 0xD6,
    0xBA, 0xD6, 0xBA, 0xD6, 0xBA, 0xD6, 0xBA, 0xD6, 0xBA, 0xD6, 0xBA, 0xD6, 0x9A, 0xCE, 0x9A, 0xCE,
    0x9A, 0xCE, 0x9A, 0xCE, 0x9A, 0xCE, 0x9A, 0xCE, 0xBA, 0xD6, 0xBA, 0xD6, 0xBA, 0xD6, 0xBA, 0xD6,
    0xBB, 0xD6, 0xBB, 0xD6, 0xBB, 0xD6, 0xBA, 0xD6, 0xBA, 0xD6, 0xBA, 0xD6, 0x9A, 0xCE, 0x9A, 0xCE,
    0x9A, 0xCE, 0x9A, 0xCE, 0x9A, 0xCE, 0x9A, 0xCE, 0x9A, 0xCE, 0x9A, 0xCE, 0x9A, 0xCE, 0x9A, 0xCE,
    0x9A, 0xCE, 0x9A, 0xCE, 0x9A, 0xCE, 0x9A, 0xCE, 0x9A, 0xCE, 0x9A, 0xD6, 0xBB, 0xD6, 0xBB, 0xD6,
    0x9B, 0xD6, 0x9B, 0xD6, 0x9B, 0xD6, 0x9A, 0xCE, 0x79, 0xCE, 0x58, 0xC6, 0xD6, 0xBD, 0x95, 0xB5,
    0x75, 0xAD, 0x54, 0xA5, 0x13, 0xA5, 0xB1, 0x9C, 0x4F, 0x8C, 0xEE, 0x7B, 0xCD, 0x7B, 0xCD, 0x7B,
    0xAD, 0x7B, 0x8C, 0x73, 0x8C, 0x73, 0x8C, 0x7B, 0x8C, 0x7B, 0x6C, 0x73, 0x2B, 0x6B, 0x2B, 0x63,
    0x0A, 0x63, 0x0A, 0x63, 0x4B, 0x6B, 0x4B, 0x6B, 0x0A, 0x63, 0xC9, 0x5A, 0xE9, 0x5A, 0xC9, 0x5A,
    0xA9, 0x52, 0x88, 0x52, 0xA8, 0x52, 0xC9, 0x5A, 0x0A, 0x63, 0x4B, 0x6B, 0x8C, 0x73, 0x8C, 0x73,
    0xAD, 0x73, 0xAD, 0x7B, 0xAD, 0x7B, 0xAD, 0x7B, 0xAC, 0x73, 0x8C, 0x73, 0x8C, 0x73, 0x6B, 0x6B,
    0x0A, 0x63, 0xA9, 0x52, 0x67, 0x4A, 0x47, 0x4A, 0x27, 0x42, 0xC5, 0x39, 0xC5, 0x39, 0x06, 0x42,
    0x88, 0x52, 0x88, 0x52, 0x68, 0x52, 0x68, 0x52, 0xC9, 0x5A, 0xC9, 0x5A, 0xEA, 0x62, 0x0A, 0x63,
    0x2B, 0x6B, 0x4B, 0x6B, 0x4B, 0x6B, 0xAD, 0x7B, 0xEE, 0x83, 0x0E, 0x84, 0x0F, 0x84, 0x0F, 0x84,
    0x0E, 0x84, 0x0E, 0x8C, 0x0E, 0x8C, 0x0E, 0x8C, 0x0E, 0x8C, 0x0E, 0x8C, 0x0E, 0x8C, 0x0E, 0x8C,
    0x0E, 0x8C, 0x0E, 0x8C, 0x0E, 0x8C, 0x0E, 0x8C, 0x2E, 0x8C, 0x2E, 0x8C, 0x0E, 0x8C, 0x0E, 0x8C,
    0x2E, 0x8C, 0x2E, 0x8C, 0x0E, 0x8C, 0x0E, 0x8C, 0x0E, 0x8C, 0x0E, 0x8C, 0x0E, 0x8C, 0x0E, 0x8C,
    0x0E, 0x8C, 0x0E, 0x8C, 0x0E, 0x8C, 0xEE, 0x8B, 0x0E, 0x8C, 0x0E, 0x8C, 0x0E, 0x8C, 0x0E, 0x8C,
    0x0E, 0x8C, 0x0E, 0x8C, 0x0E, 0x8C, 0x0E, 0x8C, 0x0E, 0x8C, 0x0E, 0x8C, 0x0E, 0x8C, 0xEE, 0x83,
    0xCD, 0x83, 0xCD, 0x7B, 0xAD, 0x7B, 0xAD, 0x7B, 0xAD, 0x7B, 0x8C, 0x7B, 0x6C, 0x73, 0x4B, 0x73,
    0x2B, 0x6B, 0x0A, 0x63, 0xA9, 0x5A, 0x88, 0x52, 0x68, 0x52, 0x68, 0x52, 0x68, 0x52, 0x27, 0x4A,
    0x27, 0x4A, 0x47, 0x4A, 0x27, 0x4A, 0xE6, 0x41, 0xA5, 0x39, 0x84, 0x39, 0x84, 0x31, 0x84, 0x31,
    0x84, 0x31, 0x84, 0x39, 0xC5, 0x39, 0x26, 0x42, 0x47, 0x4A, 0x68, 0x52, 0x88, 0x52, 0x68, 0x52,
    0x88, 0x52, 0x68, 0x52, 0x68, 0x52, 0x47, 0x4A, 0x47, 0x4A, 0x47, 0x4A, 0x07, 0x42, 0xE6, 0x41,
    0xE6, 0x41, 0xE6, 0x41, 0xE6, 0x41, 0xE6, 0x41, 0xE6, 0x41, 0x07, 0x42, 0x07, 0x4A, 0x27, 0x4A,
    0x27, 0x4A, 0x27, 0x4A, 0x47, 0x4A, 0x68, 0x52, 0x88, 0x5A, 0xA9, 0x5A, 0xA9, 0x5A, 0xA9, 0x5A,
    0xC9, 0x5A, 0xC9, 0x5A, 0xEA, 0x62, 0x4B, 0x6B, 0x8C, 0x7B, 0x90, 0x94, 0x12, 0xAD, 0x53, 0xAD,
    0xB5, 0xBD, 0x37, 0xCE, 0x98, 0xDE, 0xD9, 0xDE, 0xD9, 0xDE, 0xD9, 0xE6, 0xD9, 0xE6, 0xFA, 0xE6,
    0x1A, 0xE7, 0x1A, 0xE7, 0x1A, 0xE7, 0x1A, 0xE7, 0x1A, 0xE7, 0x1A, 0xE7, 0x3A, 0xE7, 0x3A, 0xE7,
    0x3A, 0xE7, 0x3A, 0xE7, 0x3A, 0xE7, 0x3A, 0xE7, 0x3B, 0xE7, 0x3B, 0xE7, 0x3B, 0xE7, 0x3B, 0xE7,
    0x3B, 0xE7, 0x3A, 0xE7, 0x1A, 0xE7, 0x1A, 0xE7, 0x1A, 0xE7, 0x1A, 0xE7, 0x1A, 0xE7, 0x3A, 0xE7,
    0x3A, 0xE7, 0x3A, 0xE7, 0x3A, 0xE7, 0x3A, 0xE7, 0x3A, 0xE7, 0x1A, 0xE7, 0x1A, 0xE7, 0x1A, 0xE7,
    0x1A, 0xE7, 0xFA, 0xE6, 0xFA, 0xE6, 0xFA, 0xE6, 0xFA, 0xE6, 0xFA, 0xE6, 0xFA, 0xE6, 0xFA, 0xE6,
    0xFA, 0xDE, 0xFA, 0xDE, 0xFA, 0xDE, 0xFA, 0xDE, 0xFA, 0xDE, 0xFA, 0xDE, 0xF9, 0xDE, 0xF9, 0xDE,
    0xF9, 0xDE, 0xF9, 0xDE, 0xF9, 0xDE, 0xF9, 0xDE, 0xF9, 0xDE, 0xF9, 0xDE, 0xF9, 0xDE, 0xF9, 0xDE,
    0xF9, 0xDE, 0xF9, 0xDE, 0xF9, 0xDE, 0xF9, 0xDE, 0xF9, 0xDE, 0xF9, 0xDE, 0xF9, 0xDE, 0xD9, 0xDE,
    0xBB, 0xD6, 0xBB, 0xD6, 0xBB, 0xD6, 0xBB, 0xD6, 0xBB, 0xD6, 0xBB, 0xD6, 0x9B, 0xD6, 0x9B, 0xD6,
    0x9A, 0xCE, 0x9A, 0xCE, 0x9A, 0xCE, 0x9A, 0xCE, 0x9A, 0xCE, 0x9A, 0xCE, 0x9A, 0xCE, 0x9A, 0xCE,
    0x9A, 0xCE, 0x9A, 0xCE, 0x9A, 0xCE, 0x9A, 0xCE, 0x9A, 0xCE, 0xBA, 0xD6, 0xBA, 0xD6, 0xBA, 0xD6,
    0xBA, 0xD6, 0xBA, 0xD6, 0xBA, 0xD6, 0xBA, 0xD6, 0xBA, 0xD6, 0xBA, 0xD6, 0xBA, 0xD6, 0xBA, 0xD6,
    0xBA, 0xD6, 0xBA, 0xD6, 0xBA, 0xD6, 0xBA, 0xD6, 0xBA, 0xD6, 0xBA, 0xD6, 0xBA, 0xD6, 0xBA, 0xCE,
    0x9A, 0xCE, 0x9A, 0xCE, 0xBA, 0xCE, 0xBA, 0xD6, 0xBA, 0xD6, 0xBA, 0xD6, 0xBA, 0xD6, 0xBA, 0xD6,
    0xBB, 0xD6, 0xBB, 0xD6, 0xBB, 0xD6, 0xBB, 0xD6, 0xBB, 0xD6, 0xBB, 0xD6, 0x9B, 0xD6, 0xBB, 0xD6,
    0xBA, 0xD6, 0xBA, 0xD6, 0xBA, 0xD6, 0x9A, 0xCE, 0x9A, 0xCE, 0x9A, 0xCE, 0x9A, 0xCE, 0x9A, 0xCE,
    0x9A, 0xCE, 0x9A, 0xCE, 0x9B, 0xCE, 0x9B, 0xD6, 0x9B, 0xCE, 0x9B, 0xCE, 0x9B, 0xD6, 0x9B, 0xD6,
    0x9B, 0xD6, 0x9B, 0xD6, 0x9B, 0xD6, 0x9A, 0xCE, 0x9A, 0xCE, 0x79, 0xCE, 0x79, 0xCE, 0x58, 0xC6,
    0x17, 0xC6, 0xD6, 0xBD, 0x75, 0xB5, 0x13, 0xA5, 0xB1, 0x9C, 0x2F, 0x84, 0xED, 0x7B, 0xCD, 0x7B,
    0x8C, 0x73, 0x6C, 0x73, 0x4B, 0x6B, 0x4B, 0x6B, 0x4B, 0x6B, 0x4B, 0x6B, 0x2B, 0x6B, 0x0A, 0x63,
    0x0A, 0x63, 0x2B, 0x6B, 0x2B, 0x6B, 0x2B, 0x63, 0xC9, 0x5A, 0x88, 0x52, 0xA9, 0x5A, 0xA9, 0x52,
    0x68, 0x52, 0x47, 0x4A, 0x47, 0x4A, 0x88, 0x52, 0xA9, 0x5A, 0x0A, 0x63, 0x4B, 0x6B, 0x6B, 0x6B,
    0x6C, 0x6B, 0x6C, 0x6B, 0x6C, 0x73, 0x6C, 0x73, 0x6C, 0x73, 0x4B, 0x6B, 0x6C, 0x6B, 0x4B, 0x6B,
    0xEA, 0x5A, 0x88, 0x52, 0x47, 0x4A, 0x27, 0x4A, 0xE6, 0x41, 0xC5, 0x39, 0xC5, 0x39, 0xC5, 0x39,
    0x27, 0x4A, 0x68, 0x52, 0x88, 0x52, 0x88, 0x52, 0x68, 0x52, 0x88, 0x52, 0xEA, 0x62, 0x0A, 0x63,
    0x2B, 0x6B, 0x4B, 0x6B, 0x4B, 0x6B, 0xAD, 0x7B, 0xEE, 0x83, 0x0E, 0x84, 0x0E, 0x84, 0x0E, 0x84,
    0x0E, 0x84, 0xEE, 0x83, 0xEE, 0x83, 0x0E, 0x8C, 0x0E, 0x8C, 0x0E, 0x8C, 0x0E, 0x8C, 0x0E, 0x8C,
    0x0E, 0x8C, 0x0E, 0x8C, 0x0E, 0x8C, 0x0E, 0x8C, 0x0E, 0x8C, 0x0E, 0x8C, 0x0E, 0x8C, 0x2E, 0x8C,
    0x2E, 0x8C, 0x0E, 0x8C, 0x0E, 0x8C, 0x0E, 0x8C, 0x0E, 0x8C, 0x0E, 0x8C, 0x0E, 0x8C, 0x0E, 0x8C,
    0x0E, 0x8C, 0x0E, 0x8C, 0x0E, 0x8C, 0x0E, 0x8C, 0x0E, 0x8C, 0x0E, 0x8C, 0x0E, 0x8C, 0x2E, 0x8C,
    0x2E, 0x8C, 0x2E, 0x8C, 0x2E, 0x8C, 0x2E, 0x8C, 0x0E, 0x8C, 0x0E, 0x8C, 0x0E, 0x8C, 0x0E, 0x84,
    0xED, 0x83, 0xCD, 0x83, 0xAD, 0x7B, 0xAD, 0x7B, 0xCD, 0x7B, 0xAD, 0x7B, 0x8C, 0x73, 0x4B, 0x73,
    0x2B, 0x6B, 0x0A, 0x63, 0xC9, 0x5A, 0x88, 0x5A, 0x88, 0x52, 0x68, 0x52, 0x47, 0x4A, 0x47, 0x4A,
    0x47, 0x52, 0x47, 0x4A, 0x27, 0x4A, 0x06, 0x42, 0xC5, 0x41, 0xE6, 0x41, 0xC5, 0x39, 0xA5, 0x39,
    0x84, 0x31, 0xA5, 0x39, 0x06, 0x42, 0x47, 0x4A, 0x47, 0x4A, 0x67, 0x4A, 0x68, 0x4A, 0x48, 0x4A,
    0x48, 0x4A, 0x47, 0x4A, 0x47, 0x4A, 0x07, 0x42, 0x07, 0x42, 0x07, 0x42, 0x07, 0x42, 0xE6, 0x41,
    0xA6, 0x39, 0xA5, 0x39, 0xA5, 0x39, 0x85, 0x39, 0x85, 0x31, 0xA6, 0x39, 0xC6, 0x41, 0xC6, 0x41,
    0xC6, 0x41, 0x06, 0x42, 0x27, 0x4A, 0x47, 0x4A, 0x47, 0x4A, 0x68, 0x52, 0x88, 0x5A, 0xA9, 0x5A,
    0xA9, 0x5A, 0xA9, 0x5A, 0xEA, 0x62, 0x2B, 0x6B, 0x8C, 0x73, 0x70, 0x94, 0x12, 0xA5, 0x53, 0xAD,
    0x94, 0xB5, 0xF6, 0xC5, 0x57, 0xD6, 0x98, 0xD6, 0x98, 0xDE, 0xD9, 0xDE, 0xFA, 0xE6, 0x1A, 0xEF,
    0x1A, 0xE7, 0x1A, 0xE7, 0x1A, 0xE7, 0x1A, 0xE7, 0x1A, 0xE7, 0x1A, 0xE7, 0x3A, 0xE7, 0x3A, 0xE7,
    0x3A, 0xE7, 0x3A, 0xE7, 0x3A, 0xE7, 0x3A, 0xE7, 0x3A, 0xE7, 0x3A, 0xE7, 0x3A, 0xE7, 0x3A, 0xE7,
    0x3A, 0xE7, 0x3A, 0xE7, 0x3A, 0xE7, 0x3A, 0xE7, 0x3A, 0xE7, 0x3A, 0xE7, 0x3A, 0xE7, 0x3A, 0xE7,
    0x3A, 0xE7, 0x3A, 0xE7, 0x3A, 0xE7, 0x3A, 0xE7, 0x3A, 0xE7, 0x1A, 0xE7, 0x1A, 0xE7, 0x1A, 0xE7,
    0x1A, 0xE7, 0x1A, 0xE7, 0xFA, 0xE6, 0xFA, 0xE6, 0xFA, 0xE6, 0xFA, 0xE6, 0xFA, 0xE6, 0xFA, 0xE6,
    0xFA, 0xE6, 0xFA, 0xE6, 0xFA, 0xE6, 0xFA, 0xDE, 0xFA, 0xDE, 0xFA, 0xDE, 0xFA, 0xDE, 0xFA, 0xDE,
    0xFA, 0xDE, 0xF9, 0xDE, 0xF9, 0xDE, 0xF9, 0xDE, 0xF9, 0xDE, 0xF9, 0xDE, 0xF9, 0xDE, 0xF9, 0xDE,
    0xF9, 0xDE, 0xF9, 0xDE, 0xF9, 0xDE, 0xF9, 0xDE, 0xF9, 0xDE, 0xF9, 0xDE, 0xF9, 0xDE, 0xD9, 0xDE,
    0xBB, 0xD6, 0xBB, 0xD6, 0xBB, 0xD6, 0xBB, 0xD6, 0xBB, 0xD6, 0xBB, 0xD6, 0xBB, 0xD6, 0xBB, 0xD6,
    0xBB, 0xD6, 0xBA, 0xD6, 0x9A, 0xCE, 0x9A, 0xCE, 0x9A, 0xCE, 0x9A, 0xCE, 0x9A, 0xCE, 0x9A, 0xCE,
    0x9A, 0xCE, 0x9A, 0xCE, 0x9A, 0xCE, 0x9A, 0xCE, 0x9A, 0xCE, 0xBA, 0xD6, 0xBA, 0xD6, 0xBA, 0xD6,
    0xBA, 0xD6, 0xBA, 0xD6, 0xBA, 0xD6, 0xBA, 0xD6, 0xBA, 0xD6, 0xBA, 0xD6, 0xBA, 0xD6, 0xBA, 0xD6,
    0xBA, 0xD6, 0xBA, 0xD6, 0xBA, 0xD6, 0xBA, 0xD6, 0xBA, 0xD6, 0xBA, 0xD6, 0xBA, 0xD6, 0xBA, 0xD6,
    0xBA, 0xD6, 0xBA, 0xD6, 0xBA, 0xD6, 0xBA, 0xD6, 0xBA, 0xD6, 0xBA, 0xD6, 0xBA, 0xD6, 0xBA, 0xD6,
    0xBB, 0xD6, 0xBB, 0xD6, 0xBB, 0xD6, 0xBB, 0xD6, 0xBB, 0xD6, 0xBB, 0xD6, 0xBA, 0xD6, 0xBA, 0xD6,
    0xBA, 0xD6, 0xBB, 0xD6, 0xBA, 0xD6, 0xBA, 0xD6, 0x9A, 0xCE, 0x9A, 0xCE, 0x9A, 0xCE, 0x9A, 0xCE,
    0x9A, 0xCE, 0x9A, 0xCE, 0x9B, 0xCE, 0x9B, 0xD6, 0x9B, 0xCE, 0x9B, 0xCE, 0x9B, 0xD6, 0x9B, 0xD6,
    0x9B, 0xD6, 0x9B, 0xD6, 0x9B, 0xD6, 0x9A, 0xCE, 0x9A, 0xCE, 0x9A, 0xCE, 0x99, 0xCE, 0x79, 0xCE,
    0x18, 0xC6, 0xD6, 0xBD, 0x95, 0xB5, 0x53, 0xAD, 0x12, 0xA5, 0x90, 0x94, 0x2F, 0x8C, 0xED, 0x7B,
    0x6C, 0x73, 0x4B, 0x6B, 0x2B, 0x6B, 0x2B, 0x6B, 0x2B, 0x6B, 0x4B, 0x6B, 0x2B, 0x6B, 0x0A, 0x63,
    0xEA, 0x62, 0x0A, 0x63, 0x0A, 0x63, 0x0A, 0x63, 0xA9, 0x5A, 0xC9, 0x5A, 0xA9, 0x5A, 0x88, 0x52,
    0x67, 0x4A, 0x26, 0x42, 0x27, 0x4A, 0x68, 0x4A, 0x88, 0x52, 0xEA, 0x5A, 0x4B, 0x6B, 0x2B, 0x6B,
    0x2B, 0x6B, 0x4B, 0x6B, 0x4B, 0x6B, 0x4B, 0x6B, 0x4B, 0x6B, 0x2B, 0x6B, 0x2B, 0x6B, 0x0A, 0x63,
    0xA9, 0x52, 0x68, 0x52, 0x26, 0x42, 0xE5, 0x39, 0xA5, 0x31, 0xC5, 0x39, 0xC5, 0x39, 0xC5, 0x39,
    0xE6, 0x41, 0x47, 0x4A, 0x88, 0x52, 0x88, 0x52, 0x88, 0x52, 0xA9, 0x5A, 0xEA, 0x62, 0x0A, 0x63,
    0x0A, 0x6B, 0x2B, 0x6B, 0x4B, 0x6B, 0x8C, 0x7B, 0xEE, 0x83, 0x0E, 0x84, 0x0E, 0x84, 0x0E, 0x84,
    0xEE, 0x83, 0xEE, 0x83, 0xEE, 0x83, 0x0E, 0x8C, 0x0E, 0x8C, 0x0E, 0x8C, 0x0E, 0x8C, 0x0E, 0x8C,
    0x0E, 0x8C, 0x0E, 0x8C, 0x0E, 0x8C, 0x0E, 0x8C, 0x0E, 0x8C, 0x0E, 0x8C, 0x0E, 0x8C, 0x2E, 0x8C,
    0x2E, 0x8C, 0x0E, 0x8C, 0x0E, 0x8C, 0x0E, 0x8C, 0x0E, 0x8C, 0x0E, 0x8C, 0x0E, 0x8C, 0x0E, 0x8C,
    0x0E, 0x8C, 0x0E, 0x8C, 0x0E, 0x8C, 0x0E, 0x8C, 0x0E, 0x8C, 0x0E, 0x8C, 0x2E, 0x8C, 0x2E, 0x8C,
    0x2F, 0x8C, 0x2F, 0x8C, 0x2F, 0x8C, 0x2F, 0x8C, 0x2E, 0x8C, 0x0E, 0x8C, 0x0E, 0x8C, 0x0E, 0x84,
    0xEE, 0x83, 0xED, 0x83, 0xCD, 0x7B, 0xAD, 0x7B, 0xCD, 0x7B, 0xAD, 0x7B, 0x8C, 0x73, 0x4B, 0x6B,
    0x2B, 0x6B, 0x0A, 0x63, 0xA9, 0x5A, 0x88, 0x5A, 0x88, 0x52, 0x68, 0x52, 0x47, 0x4A, 0x47, 0x4A,
    0x47, 0x4A, 0x47, 0x4A, 0x47, 0x4A, 0x27, 0x4A, 0xE6, 0x41, 0x06, 0x42, 0xE6, 0x41, 0xC5, 0x39,
    0x84, 0x31, 0xA5, 0x39, 0xE6, 0x41, 0x06, 0x42, 0x27, 0x4A, 0x27, 0x4A, 0x47, 0x4A, 0x27, 0x4A,
    0x27, 0x4A, 0x27, 0x4A, 0x27, 0x4A, 0xC6, 0x39, 0xC6, 0x39, 0xC6, 0x39, 0xC6, 0x39, 0xA5, 0x39,
    0x85, 0x31, 0x44, 0x29, 0x44, 0x29, 0x23, 0x29, 0x23, 0x29, 0x64, 0x31, 0x84, 0x31, 0x84, 0x31,
    0x64, 0x31, 0xA5, 0x39, 0xE6, 0x41, 0x06, 0x42, 0x06, 0x42, 0x47, 0x4A, 0x68, 0x52, 0x88, 0x52,
    0xA9, 0x5A, 0xC9, 0x5A, 0xEA, 0x62, 0x0A, 0x63, 0x6C, 0x73, 0x4F, 0x8C, 0xD1, 0x9C, 0x53, 0xB5,
    0xD5, 0xBD, 0xB5, 0xBD, 0xB5, 0xBD, 0x16, 0xC6, 0x78, 0xD6, 0xB9, 0xDE, 0xFA, 0xE6, 0x3B, 0xEF,
    0x1A, 0xE7, 0x1A, 0xE7, 0x1A, 0xE7, 0x1A, 0xE7, 0x1A, 0xE7, 0x1A, 0xE7, 0x3A, 0xE7, 0x3A, 0xE7,
    0x3A, 0xE7, 0x3A, 0xE7, 0x3A, 0xE7, 0x3A, 0xE7, 0x3A, 0xE7, 0x3A, 0xE7, 0x3A, 0xE7, 0x3A, 0xE7,
    0x3A, 0xE7, 0x3A, 0xE7, 0x3A, 0xE7, 0x3A, 0xE7, 0x3A, 0xE7, 0x3A, 0xE7, 0x3A, 0xE7, 0x3A, 0xE7,
    0x3A, 0xE7, 0x3A, 0xE7, 0x3A, 0xE7, 0x3A, 0xE7, 0x3A, 0xE7, 0x1A, 0xE7, 0x1A, 0xE7, 0x1A, 0xE7,
    0x1A, 0xE7, 0x1A, 0xE7, 0x1A, 0xE7, 0x1A, 0xE7, 0x1A, 0xE7, 0xFA, 0xE6, 0xFA, 0xE6, 0xFA, 0xE6,
    0xFA, 0xE6, 0xFA, 0xE6, 0xFA, 0xE6, 0xFA, 0xE6, 0xFA, 0xE6, 0xFA, 0xE6, 0xFA, 0xDE, 0xFA, 0xDE,
    0xFA, 0xDE, 0xF9, 0xDE, 0xF9, 0xDE, 0xF9, 0xDE, 0xF9, 0xDE, 0xF9, 0xDE, 0xF9, 0xDE, 0xF9, 0xDE,
    0xF9, 0xDE, 0xFA, 0xDE, 0xFA, 0xDE, 0xFA, 0xDE, 0xFA, 0xDE, 0xFA, 0xDE, 0xFA, 0xDE, 0xF9, 0xDE,
    0xBB, 0xD6, 0xBB, 0xD6, 0xBB, 0xD6, 0xBB, 0xD6, 0xBB, 0xD6, 0xBB, 0xD6, 0xBB, 0xD6, 0xBB, 0xD6,
    0xBB, 0xD6, 0xBA, 0xD6, 0xBA, 0xD6, 0x9A, 0xCE, 0x9A, 0xCE, 0x9A, 0xCE, 0x9A, 0xCE, 0x9A, 0xCE,
    0x9A, 0xCE, 0x9A, 0xCE, 0x9A, 0xCE, 0x9A, 0xCE, 0x9A, 0xCE, 0xBA, 0xD6, 0xBA, 0xD6, 0xBA, 0xD6,
    0xBA, 0xD6, 0xBB, 0xD6, 0xBB, 0xD6, 0xBB, 0xD6, 0xBA, 0xD6, 0xBA, 0xD6, 0xBA, 0xD6, 0xBA, 0xD6,
    0xBA, 0xD6, 0xBA, 0xD6, 0xBA, 0xD6, 0xBA, 0xD6, 0xBA, 0xD6, 0xBA, 0xD6, 0xBA, 0xD6, 0xBA, 0xCE,
    0xBA, 0xCE, 0xBA, 0xCE, 0xBA, 0xD6, 0xBA, 0xD6, 0xBA, 0xD6, 0xBA, 0xD6, 0xBA, 0xD6, 0xBA, 0xD6,
    0xBB, 0xD6, 0xBB, 0xD6, 0xBB, 0xD6, 0xBA, 0xD6, 0xBA, 0xD6, 0xBA, 0xD6, 0xBB, 0xD6, 0xBA, 0xD6,
    0xBA, 0xD6, 0xBA, 0xD6, 0xBA, 0xD6, 0xBA, 0xD6, 0xBA, 0xD6, 0x9A, 0xCE, 0x9A, 0xCE, 0x9A, 0xCE,
    0x9A, 0xCE, 0x9B, 0xCE, 0x9B, 0xCE, 0xBB, 0xCE, 0x9B, 0xCE, 0x9B, 0xD6, 0xBB, 0xD6, 0xBB, 0xD6,
    0xBB, 0xD6, 0xBB, 0xD6, 0x9A, 0xCE, 0x9A, 0xCE, 0x9A, 0xCE, 0x79, 0xCE, 0x79, 0xCE, 0x59, 0xC6,
    0x17, 0xBE, 0xD6, 0xB5, 0x74, 0xAD, 0x53, 0xAD, 0x33, 0xAD, 0xD1, 0x9C, 0x90, 0x94, 0x2F, 0x8C,
    0x8C, 0x73, 0x6C, 0x73, 0x2B, 0x6B, 0xEA, 0x62, 0xEA, 0x62, 0x0A, 0x63, 0x4B, 0x6B, 0x0A, 0x63,
    0x0A, 0x63, 0xEA, 0x62, 0xC9, 0x5A, 0xA9, 0x52, 0x88, 0x52, 0x88, 0x52, 0x88, 0x52, 0x27, 0x4A,
    0x06, 0x42, 0x06, 0x42, 0x06, 0x42, 0x27, 0x4A, 0x67, 0x4A, 0xA9, 0x52, 0xEA, 0x62, 0x2A, 0x63,
    0x2B, 0x6B, 0x2B, 0x6B, 0x2B, 0x6B, 0x2B, 0x6B, 0x2B, 0x6B, 0x2A, 0x63, 0x2B, 0x6B, 0x0A, 0x63,
    0xA9, 0x5A, 0x68, 0x52, 0x06, 0x42, 0xA5, 0x39, 0x84, 0x31, 0xA5, 0x39, 0xA5, 0x39, 0xC5, 0x39,
    0xC5, 0x39, 0x27, 0x4A, 0x88, 0x5A, 0x88, 0x52, 0x68, 0x52, 0x88, 0x5A, 0xC9, 0x62, 0x0A, 0x63,
    0x0A, 0x63, 0x0A, 0x63, 0x2B, 0x6B, 0x8C, 0x7B, 0xCD, 0x83, 0xEE, 0x83, 0xEE, 0x83, 0x0E, 0x84,
    0xEE, 0x83, 0xEE, 0x83, 0xEE, 0x83, 0xEE, 0x83, 0xEE, 0x83, 0x0E, 0x8C, 0xEE, 0x8B, 0x0E, 0x8C,
    0x0E, 0x8C, 0x0E, 0x8C, 0x0E, 0x8C, 0x0E, 0x8C, 0x0E, 0x8C, 0x0E, 0x8C, 0x0E, 0x8C, 0x2E, 0x8C,
    0x2E, 0x8C, 0x0E, 0x8C, 0x0E, 0x8C, 0x0E, 0x8C, 0x0E, 0x8C, 0x0E, 0x8C, 0x0E, 0x8C, 0x0E, 0x8C,
    0x0E, 0x8C, 0x0E, 0x8C, 0x0E, 0x8C, 0x0E, 0x8C, 0x0E, 0x8C, 0x2E, 0x8C, 0x2E, 0x8C, 0x2E, 0x8C,
    0x2E, 0x8C, 0x2F, 0x8C, 0x2F, 0x8C, 0x2F, 0x8C, 0x2F, 0x8C, 0x2E, 0x8C, 0x0E, 0x8C, 0x0E, 0x8C,
    0x0E, 0x84, 0xED, 0x83, 0xCD, 0x83, 0xCD, 0x7B, 0xCD, 0x7B, 0xCD, 0x7B, 0x8C, 0x73, 0x4B, 0x73,
    0x2B, 0x6B, 0x0A, 0x63, 0xC9, 0x62, 0xA9, 0x5A, 0xA9, 0x5A, 0x88, 0x52, 0x47, 0x52, 0x47, 0x4A,
    0x47, 0x4A, 0x47, 0x4A, 0x47, 0x4A, 0x27, 0x4A, 0x27, 0x4A, 0x27, 0x4A, 0x27, 0x4A, 0xE6, 0x41,
    0xA5, 0x39, 0xA5, 0x39, 0xE6, 0x41, 0x06, 0x42, 0x27, 0x4A, 0x27, 0x42, 0x07, 0x42, 0x07, 0x42,
    0x06, 0x42, 0xE6, 0x41, 0xE6, 0x41, 0xA5, 0x39, 0x85, 0x31, 0x64, 0x31, 0x44, 0x29, 0x03, 0x21,
    0x03, 0x21, 0xE2, 0x20, 0xE2, 0x20, 0xE2, 0x20, 0xE2, 0x20, 0xE2, 0x20, 0x03, 0x21, 0x03, 0x21,
    0x23, 0x29, 0x43, 0x29, 0x64, 0x31, 0xA5, 0x39, 0xE6, 0x41, 0x06, 0x42, 0x47, 0x4A, 0x68, 0x52,
    0x88, 0x52, 0xA9, 0x5A, 0xC9, 0x5A, 0xEA, 0x62, 0x2B, 0x6B, 0x0E, 0x8C, 0xD1, 0x9C, 0x33, 0xAD,
    0x74, 0xB5, 0x33, 0xAD, 0x12, 0xAD, 0x94, 0xBD, 0x57, 0xCE, 0xB9, 0xDE, 0xD9, 0xE6, 0x1A, 0xE7,
    0x3B, 0xE7, 0x3A, 0xE7, 0x1A, 0xE7, 0x1A, 0xE7, 0x1A, 0xE7, 0x1A, 0xE7, 0x3A, 0xE7, 0x3A, 0xE7,
    0x3A, 0xE7, 0x3A, 0xE7, 0x3A, 0xE7, 0x3A, 0xE7, 0x3A, 0xE7, 0x3A, 0xE7, 0x3A, 0xE7, 0x3A, 0xE7,
    0x3A, 0xE7, 0x3A, 0xE7, 0x3A, 0xE7, 0x3A, 0xE7, 0x3A, 0xE7, 0x3A, 0xE7, 0x3A, 0xE7, 0x3A, 0xE7,
    0x3A, 0xE7, 0x3A, 0xE7, 0x3A, 0xE7, 0x3A, 0xE7, 0x3A, 0xE7, 0x3A, 0xE7, 0x3A, 0xE7, 0x3A, 0xE7,
    0x1A, 0xE7, 0x1A, 0xE7, 0x1A, 0xE7, 0x1A, 0xE7, 0x1A, 0xE7, 0xFA, 0xE6, 0xFA, 0xE6, 0xFA, 0xE6,
    0xFA, 0xE6, 0xFA, 0xE6, 0xFA, 0xE6, 0xFA, 0xE6, 0xFA, 0xE6, 0xFA, 0xE6, 0xFA, 0xE6, 0xFA, 0xE6,
    0xFA, 0xE6, 0xFA, 0xDE, 0xFA, 0xDE, 0xFA, 0xDE, 0xFA, 0xDE, 0xFA, 0xDE, 0xFA, 0xDE, 0xFA, 0xDE,
    0xFA, 0xDE, 0xFA, 0xDE, 0xFA, 0xDE, 0xFA, 0xDE, 0xFA, 0xDE, 0xFA, 0xDE, 0xFA, 0xDE, 0xF9, 0xDE,
    0xBB, 0xD6, 0xBB, 0xD6, 0xBB, 0xD6, 0xBB, 0xD6, 0xBB, 0xD6, 0xBB, 0xD6, 0xBB, 0xD6, 0xBB, 0xD6,
    0xBB, 0xD6, 0xBA, 0xD6, 0xBA, 0xD6, 0x9A, 0xCE, 0x9A, 0xCE, 0x9A, 0xCE, 0x9A, 0xCE, 0x9A, 0xCE,
    0x9A, 0xCE, 0x9A, 0xCE, 0x9A, 0xCE, 0xBA, 0xD6, 0xBA, 0xD6, 0xBA, 0xD6, 0xBA, 0xD6, 0xBA, 0xD6,
    0xBA, 0xD6, 0xBB, 0xD6, 0xBB, 0xD6, 0xBB, 0xD6, 0xBA, 0xD6, 0xBA, 0xD6, 0xBA, 0xD6, 0xBA, 0xD6,
    0xBA, 0xD6, 0xBA, 0xD6, 0xBA, 0xD6, 0xBA, 0xD6, 0xBA, 0xD6, 0xBA, 0xD6, 0xBA, 0xD6, 0xBA, 0xCE,
    0xBA, 0xCE, 0xBA, 0xCE, 0xBA, 0xCE, 0xBA, 0xCE, 0xBA, 0xD6, 0xBA, 0xD6, 0xBA, 0xD6, 0xBA, 0xD6,
    0xBA, 0xD6, 0xBA, 0xD6, 0xBA, 0xD6, 0xBA, 0xD6, 0xBA, 0xD6, 0xBA, 0xD6, 0xBB, 0xD6, 0xBA, 0xD6,
    0xBA, 0xD6, 0xBA, 0xD6, 0xBA, 0xD6, 0xBA, 0xD6, 0xBA, 0xD6, 0x9A, 0xCE, 0x9A, 0xCE, 0x9A, 0xCE,
    0x9A, 0xCE, 0xBB, 0xCE, 0xBB, 0xCE, 0xBB, 0xCE, 0x9B, 0xD6, 0x9B, 0xD6, 0xBB, 0xD6, 0xBB, 0xD6,
    0xBB, 0xD6, 0xBB, 0xD6, 0x9A, 0xCE, 0x9A, 0xCE, 0x9A, 0xCE, 0x79, 0xCE, 0x59, 0xC6, 0x38, 0xC6,
    0x17, 0xBE, 0xB6, 0xB5, 0x74, 0xAD, 0x33, 0xAD, 0x12, 0xA5, 0xB1, 0x94, 0x70, 0x8C, 0x2F, 0x8C,
    0xEE, 0x83, 0xCD, 0x7B, 0xAC, 0x73, 0x2B, 0x6B, 0x0A, 0x63, 0x0A, 0x63, 0x2B, 0x6B, 0x0A, 0x63,
    0x0A, 0x63, 0xE9, 0x5A, 0x88, 0x52, 0x47, 0x4A, 0x47, 0x4A, 0x47, 0x4A, 0x47, 0x4A, 0x27, 0x4A,
    0x06, 0x42, 0x26, 0x42, 0x26, 0x42, 0x26, 0x42, 0x27, 0x42, 0x47, 0x4A, 0x88, 0x52, 0xA9, 0x5A,
    0xEA, 0x62, 0x0A, 0x63, 0x2A, 0x63, 0x2A, 0x63, 0x0A, 0x63, 0x0A, 0x63, 0x0A, 0x63, 0xEA, 0x62,
    0xA9, 0x5A, 0x68, 0x4A, 0x06, 0x42, 0xA5, 0x39, 0x84, 0x39, 0x84, 0x31, 0xA5, 0x39, 0xC5, 0x39,
    0xC6, 0x41, 0x06, 0x42, 0x68, 0x52, 0x68, 0x52, 0x68, 0x52, 0x88, 0x52, 0xA9, 0x5A, 0xEA, 0x62,
    0x0A, 0x63, 0xC9, 0x62, 0x2B, 0x6B, 0x8C, 0x7B, 0xCD, 0x7B, 0xED, 0x7B, 0xEE, 0x83, 0xEE, 0x83,
    0xEE, 0x83, 0xEE, 0x83, 0xEE, 0x83, 0xEE, 0x83, 0xEE, 0x83, 0xEE, 0x83, 0xEE, 0x8B, 0xEE, 0x8B,
    0x0E, 0x8C, 0x0E, 0x8C, 0x0E, 0x8C, 0x0E, 0x8C, 0x0E, 0x8C, 0x0E, 0x8C, 0x0E, 0x8C, 0x2E, 0x8C,
    0x2E, 0x8C, 0x2E, 0x8C, 0x2E, 0x8C, 0x2E, 0x8C, 0x2E, 0x8C, 0x2E, 0x8C, 0x2E, 0x8C, 0x2E, 0x8C,
    0x2E, 0x8C, 0x2E, 0x8C, 0x2E, 0x8C, 0x2E, 0x8C, 0x2E, 0x8C, 0x2E, 0x8C, 0x2E, 0x8C, 0x2E, 0x8C,
    0x2E, 0x8C, 0x2E, 0x8C, 0x2E, 0x8C, 0x2E, 0x8C, 0x4F, 0x8C, 0x2E, 0x8C, 0x2E, 0x8C, 0x0E, 0x8C,
    0x0E, 0x8C, 0xED, 0x83, 0xCD, 0x83, 0xCD, 0x7B, 0xCD, 0x7B, 0xAD, 0x7B, 0x8C, 0x73, 0x4B, 0x73,
    0x2B, 0x6B, 0x2B, 0x6B, 0x0A, 0x63, 0xC9, 0x5A, 0xC9, 0x5A, 0x88, 0x52, 0x47, 0x52, 0x47, 0x4A,
    0x47, 0x4A, 0x47, 0x4A, 0x27, 0x4A, 0x27, 0x4A, 0x27, 0x52, 0x47, 0x52, 0x27, 0x4A, 0x06, 0x4A,
    0xA5, 0x39, 0xA5, 0x39, 0xE6, 0x41, 0xE6, 0x41, 0xE6, 0x41, 0xE6, 0x41, 0xE6, 0x39, 0xE6, 0x39,
    0xC6, 0x39, 0xA5, 0x39, 0x85, 0x31, 0x44, 0x29, 0x03, 0x21, 0xC2, 0x18, 0xC2, 0x18, 0xA1, 0x18,
    0xA1, 0x18, 0xA1, 0x18, 0xA1, 0x18, 0xA1, 0x18, 0xA1, 0x18, 0xA1, 0x18, 0xA1, 0x18, 0xA1, 0x18,
    0xE2, 0x18, 0xE2, 0x20, 0x23, 0x29, 0x43, 0x29, 0x85, 0x39, 0xE6, 0x41, 0x06, 0x42, 0x27, 0x4A,
    0x47, 0x4A, 0x68, 0x52, 0x88, 0x52, 0xA9, 0x5A, 0xC9, 0x5A, 0x6C, 0x73, 0xEE, 0x83, 0x4F, 0x8C,
    0x70, 0x94, 0xD1, 0x9C, 0x33, 0xAD, 0xB5, 0xBD, 0x57, 0xCE, 0xB9, 0xDE, 0xD9, 0xE6, 0xFA, 0xE6,
    0x1A, 0xE7, 0x3B, 0xE7, 0x3B, 0xE7, 0x3A, 0xE7, 0x1A, 0xE7, 0x1A, 0xE7, 0x3A, 0xE7, 0x3A, 0xE7,
    0x3A, 0xE7, 0x3A, 0xE7, 0x3A, 0xE7, 0x3A, 0xE7, 0x3A, 0xE7, 0x3A, 0xE7, 0x3A, 0xE7, 0x3A, 0xE7,
    0x3A, 0xE7, 0x3A, 0xE7, 0x3A, 0xE7, 0x3A, 0xE7, 0x3A, 0xE7, 0x3A, 0xE7, 0x3A, 0xE7, 0x3A, 0xE7,
    0x3A, 0xE7, 0x3A, 0xE7, 0x3A, 0xE7, 0x3A, 0xE7, 0x3A, 0xE7, 0x3A, 0xE7, 0x3A, 0xE7, 0x3A, 0xE7,
    0x1A, 0xE7, 0x1A, 0xE7, 0x1A, 0xE7, 0x1A, 0xE7, 0x1A, 0xE7, 0xFA, 0xE6, 0xFA, 0xE6, 0xFA, 0xE6,
    0xFA, 0xE6, 0xFA, 0xE6, 0xFA, 0xE6, 0xFA, 0xE6, 0xFA, 0xE6, 0xFA, 0xE6, 0xFA, 0xE6, 0xFA, 0xE6,
    0xFA, 0xE6, 0xFA, 0xDE, 0xFA, 0xDE, 0xFA, 0xDE, 0xFA, 0xDE, 0xFA, 0xDE, 0xFA, 0xDE, 0xFA, 0xDE,
    0xFA, 0xDE, 0xFA, 0xDE, 0xFA, 0xDE, 0xFA, 0xDE, 0xFA, 0xDE, 0xFA, 0xDE, 0xFA, 0xDE, 0xF9, 0xDE,
    0xBC, 0xD6, 0xBC, 0xD6, 0xBB, 0xD6, 0xBB, 0xD6, 0xBB, 0xD6, 0xBB, 0xD6, 0xBB, 0xD6, 0xBB, 0xD6,
    0xBB, 0xD6, 0xBA, 0xD6, 0xBA, 0xD6, 0x9A, 0xCE, 0x9A, 0xCE, 0x9A, 0xCE, 0x9A, 0xCE, 0x9A, 0xCE,
    0x9A, 0xCE, 0xBA, 0xD6, 0xBA, 0xD6, 0xBA, 0xD6, 0xBA, 0xD6, 0xBA, 0xD6, 0xBA, 0xD6, 0xBA, 0xD6,
    0xBA, 0xD6, 0xBB, 0xD6, 0xBB, 0xD6, 0xBB, 0xD6, 0xBA, 0xD6, 0xBA, 0xD6, 0xBA, 0xD6, 0xBA, 0xD6,
    0xBA, 0xD6, 0xBA, 0xD6, 0xBA, 0xD6, 0xBA, 0xD6, 0xBA, 0xD6, 0xBA, 0xD6, 0xBA, 0xD6, 0xBA, 0xD6,
    0xBA, 0xCE, 0xBA, 0xCE, 0xBA, 0xD6, 0xBA, 0xD6, 0xBA, 0xD6, 0xBA, 0xD6, 0xBA, 0xD6, 0xBA, 0xD6,
    0xBA, 0xD6, 0xBA, 0xD6, 0xBA, 0xD6, 0xBA, 0xD6, 0xBA, 0xD6, 0xBA, 0xD6, 0xBA, 0xD6, 0xBA, 0xD6,
    0xBA, 0xD6, 0xBA, 0xD6, 0xBA, 0xD6, 0xBA, 0xD6, 0xBA, 0xD6, 0x9A, 0xCE, 0x9A, 0xCE, 0x9A, 0xCE,
    0x9A, 0xCE, 0xBB, 0xCE, 0xBB, 0xCE, 0xBB, 0xCE, 0x9B, 0xD6, 0x9B, 0xD6, 0xBB, 0xD6, 0xBB, 0xD6,
    0xBB, 0xD6, 0xBB, 0xD6, 0x9A, 0xCE, 0x9A, 0xCE, 0x9A, 0xCE, 0x79, 0xCE, 0x59, 0xC6, 0x38, 0xC6,
    0x17, 0xBE, 0xB6, 0xB5, 0x75, 0xB5, 0x33, 0xA5, 0xD1, 0x9C, 0x70, 0x8C, 0x4F, 0x8C, 0x0E, 0x84,
    0xCD, 0x7B, 0xAD, 0x7B, 0x8C, 0x73, 0x6C, 0x73, 0x2B, 0x6B, 0x0A, 0x63, 0x0A, 0x63, 0xEA, 0x62,
    0xC9, 0x5A, 0x88, 0x52, 0x47, 0x4A, 0x27, 0x42, 0x27, 0x4A, 0x27, 0x4A, 0x27, 0x4A, 0x47, 0x4A,
    0x68, 0x52, 0x47, 0x4A, 0x47, 0x4A, 0x47, 0x4A, 0x67, 0x4A, 0x68, 0x52, 0x68, 0x52, 0x68, 0x52,
    0x88, 0x52, 0xC9, 0x5A, 0x0A, 0x63, 0x0A, 0x63, 0x0A, 0x63, 0xE9, 0x5A, 0x88, 0x52, 0xA9, 0x5A,
    0x88, 0x52, 0x47, 0x4A, 0xE6, 0x41, 0xA5, 0x39, 0x84, 0x39, 0x84, 0x31, 0xA5, 0x39, 0xC5, 0x39,
    0xE6, 0x41, 0xE6, 0x41, 0x27, 0x4A, 0x68, 0x52, 0x68, 0x52, 0x68, 0x52, 0xA9, 0x5A, 0xC9, 0x62,
    0xEA, 0x62, 0xC9, 0x5A, 0x0A, 0x63, 0x8C, 0x7B, 0xCD, 0x7B, 0xED, 0x7B, 0xEE, 0x83, 0xEE, 0x83,
    0xEE, 0x83, 0xCD, 0x83, 0xEE, 0x83, 0xEE, 0x83, 0xEE, 0x83, 0xEE, 0x83, 0xEE, 0x8B, 0xEE, 0x8B,
    0x0E, 0x8C, 0x0E, 0x8C, 0x0E, 0x8C, 0x0E, 0x8C, 0x0E, 0x8C, 0x0E, 0x8C, 0x0E, 0x8C, 0x2E, 0x8C,
    0x2E, 0x8C, 0x2E, 0x8C, 0x2E, 0x8C, 0x2E, 0x8C, 0x4F, 0x8C, 0x4F, 0x94, 0x4F, 0x94, 0x4F, 0x94,
    0x4F, 0x8C, 0x2E, 0x8C, 0x2E, 0x8C, 0x2E, 0x8C, 0x2E, 0x8C, 0x2E, 0x8C, 0x4F, 0x8C, 0x4F, 0x8C,
    0x4F, 0x8C, 0x4F, 0x8C, 0x4F, 0x8C, 0x4F, 0x8C, 0x4F, 0x8C, 0x2E, 0x8C, 0x2F, 0x8C, 0x2E, 0x8C,
    0x0E, 0x8C, 0x0E, 0x84, 0xED, 0x83, 0xCD, 0x83, 0xCD, 0x7B, 0xAD, 0x7B, 0x8C, 0x73, 0x4B, 0x73,
    0x2B, 0x6B, 0x2B, 0x6B, 0x2B, 0x6B, 0xEA, 0x62, 0xC9, 0x5A, 0x88, 0x5A, 0x68, 0x52, 0x47, 0x4A,
    0x47, 0x4A, 0x47, 0x4A, 0x27, 0x4A, 0x27, 0x4A, 0x27, 0x4A, 0x47, 0x52, 0x27, 0x4A, 0x06, 0x4A,
    0xC5, 0x39, 0xC5, 0x39, 0xC5, 0x39, 0x84, 0x39, 0xA5, 0x39, 0xA5, 0x39, 0xA5, 0x31, 0xA5, 0x39,
    0x85, 0x31, 0x44, 0x29, 0xE3, 0x20, 0xC2, 0x18, 0xA2, 0x18, 0xA2, 0x18, 0xA1, 0x10, 0xA1, 0x10,
    0x81, 0x10, 0x81, 0x10, 0x81, 0x10, 0x81, 0x10, 0x81, 0x10, 0x81, 0x10, 0x81, 0x10, 0x81, 0x10,
    0xA1, 0x18, 0xC2, 0x18, 0xE2, 0x20, 0x02, 0x21, 0x23, 0x29, 0xA5, 0x39, 0xE6, 0x41, 0x06, 0x42,
    0x07, 0x4A, 0x27, 0x4A, 0x47, 0x4A, 0x68, 0x52, 0x88, 0x52, 0xA9, 0x5A, 0x0A, 0x63, 0x0E, 0x84,
    0xD1, 0x9C, 0x33, 0xAD, 0xB5, 0xBD, 0x16, 0xC6, 0x78, 0xD6, 0xB9, 0xDE, 0xB9, 0xDE, 0xD9, 0xE6,
    0xFA, 0xE6, 0x1A, 0xE7, 0x1A, 0xE7, 0x3B, 0xE7, 0x3B, 0xE7, 0x3A, 0xE7, 0x3A, 0xE7, 0x3A, 0xE7,
    0x3A, 0xE7, 0x3A, 0xE7, 0x3A, 0xE7, 0x3A, 0xE7, 0x3A, 0xE7, 0x3A, 0xE7, 0x3A, 0xE7, 0x3A, 0xE7,
    0x3B, 0xE7, 0x3A, 0xE7, 0x3A, 0xE7, 0x3A, 0xE7, 0x3A, 0xE7, 0x3A, 0xE7, 0x3A, 0xE7, 0x3A, 0xE7,
    0x3A, 0xE7, 0x3A, 0xE7, 0x3A, 0xE7, 0x3A, 0xE7, 0x3A, 0xE7, 0x3A, 0xE7, 0x3A, 0xE7, 0x3B, 0xE7,
    0x3A, 0xE7, 0x1A, 0xE7, 0x1A, 0xE7, 0x1A, 0xE7, 0x1A, 0xE7, 0x1A, 0xE7, 0x1A, 0xE7, 0x1A, 0xE7,
    0x1A, 0xE7, 0xFA, 0xE6, 0xFA, 0xE6, 0xFA, 0xE6, 0xFA, 0xE6, 0xFA, 0xE6, 0xFA, 0xE6, 0xFA, 0xE6,
    0xFA, 0xE6, 0xFA, 0xE6, 0xFA, 0xE6, 0xFA, 0xE6, 0xFA, 0xE6, 0xFA, 0xE6, 0xFA, 0xDE, 0xFA, 0xDE,
    0xFA, 0xDE, 0xFA, 0xDE, 0xFA, 0xDE, 0xFA, 0xDE, 0xFA, 0xDE, 0xFA, 0xDE, 0xFA, 0xDE, 0xF9, 0xDE,
    0xBC, 0xD6, 0xBC, 0xD6, 0xBB, 0xD6, 0xBB, 0xD6, 0xBB, 0xD6, 0xBB, 0xD6, 0xBB, 0xD6, 0xBB, 0xD6,
    0xBB, 0xD6, 0xBB, 0xD6, 0xBB, 0xD6, 0x9A, 0xCE, 0x9A, 0xCE, 0x9A, 0xCE, 0x9A, 0xCE, 0x9A, 0xCE,
    0x9A, 0xCE, 0xBA, 0xD6, 0xBA, 0xD6, 0xBA, 0xD6, 0xBA, 0xD6, 0xBA, 0xD6, 0xBA, 0xD6, 0xBA, 0xD6,
    0xBB, 0xD6, 0xBB, 0xD6, 0xBB, 0xD6, 0xBB, 0xD6, 0xBB, 0xD6, 0xBB, 0xD6, 0xBA, 0xD6, 0xBA, 0xD6,
    0xBA, 0xD6, 0xBA, 0xD6, 0xBA, 0xD6, 0xBA, 0xD6, 0xBA, 0xD6, 0xBA, 0xD6, 0xBA, 0xD6, 0xBA, 0xD6,
    0xBA, 0xCE, 0xBA, 0xCE, 0xBA, 0xD6, 0xBA, 0xD6, 0xBA, 0xD6, 0xBA, 0xD6, 0xBA, 0xD6, 0xBA, 0xD6,
    0xBA, 0xD6, 0xBA, 0xD6, 0xBA, 0xD6, 0xBA, 0xD6, 0xBA, 0xD6, 0xBA, 0xD6, 0xBA, 0xD6, 0xBA, 0xD6,
    0xBA, 0xD6, 0xBA, 0xD6, 0xBA, 0xD6, 0xBA, 0xD6, 0xBA, 0xD6, 0x9A, 0xCE, 0x9A, 0xCE, 0x9A, 0xCE,
    0x9A, 0xCE, 0xBB, 0xCE, 0xBB, 0xCE, 0xBB, 0xCE, 0xBB, 0xD6, 0xBB, 0xD6, 0xBB, 0xD6, 0xBB, 0xD6,
    0xBB, 0xD6, 0xBB, 0xD6, 0x9A, 0xCE, 0x9A, 0xCE, 0x9A, 0xCE, 0x59, 0xCE, 0x59, 0xCE, 0x38, 0xC6,
    0xF7, 0xBD, 0xB6, 0xB5, 0x75, 0xAD, 0x33, 0xA5, 0xB1, 0x94, 0x6F, 0x8C, 0x2E, 0x84, 0xCD, 0x7B,
    0x6C, 0x73, 0x4B, 0x6B, 0x2B, 0x63, 0x2B, 0x6B, 0x0A, 0x63, 0xC9, 0x5A, 0xEA, 0x62, 0xEA, 0x62,
    0xC9, 0x5A, 0x68, 0x52, 0x27, 0x4A, 0x06, 0x42, 0x27, 0x42, 0x06, 0x42, 0x48, 0x4A, 0x88, 0x52,
    0x89, 0x52, 0x88, 0x52, 0x68, 0x52, 0x68, 0x52, 0x88, 0x52, 0x88, 0x52, 0x68, 0x52, 0x68, 0x52,
    0x68, 0x52, 0x88, 0x52, 0xA9, 0x5A, 0xC9, 0x5A, 0xC9, 0x5A, 0xC9, 0x5A, 0x88, 0x52, 0x68, 0x52,
    0x67, 0x4A, 0x47, 0x4A, 0x06, 0x42, 0xA5, 0x39, 0x84, 0x39, 0x84, 0x31, 0xA5, 0x39, 0xC5, 0x41,
    0xE6, 0x41, 0xC5, 0x41, 0x26, 0x4A, 0x68, 0x52, 0x68, 0x52, 0x47, 0x52, 0x47, 0x4A, 0xA9, 0x5A,
    0xC9, 0x5A, 0xA9, 0x5A, 0x0A, 0x63, 0x8C, 0x73, 0xCD, 0x7B, 0xCD, 0x7B, 0xEE, 0x83, 0xEE, 0x83,
    0xCD, 0x7B, 0xCD, 0x7B, 0xCD, 0x83, 0xEE, 0x83, 0xEE, 0x83, 0xEE, 0x83, 0xED, 0x83, 0xEE, 0x8B,
    0xEE, 0x8B, 0x0E, 0x8C, 0x0E, 0x8C, 0x0E, 0x8C, 0x0E, 0x8C, 0x0E, 0x8C, 0x0E, 0x8C, 0x2E, 0x8C,
    0x2E, 0x8C, 0x2E, 0x8C, 0x4F, 0x8C, 0x4F, 0x8C, 0x4F, 0x8C, 0x4F, 0x8C, 0x4F, 0x8C, 0x4F, 0x8C,
    0x4F, 0x8C, 0x4F, 0x94, 0x4F, 0x94, 0x4F, 0x94, 0x4F, 0x94, 0x4F, 0x94, 0x4F, 0x8C, 0x4F, 0x8C,
    0x4F, 0x8C, 0x4F, 0x8C, 0x4F, 0x8C, 0x4F, 0x8C, 0x4F, 0x8C, 0x2E, 0x8C, 0x2F, 0x8C, 0x2F, 0x8C,
    0x2E, 0x8C, 0x0E, 0x8C, 0xEE, 0x83, 0xCD, 0x83, 0xCD, 0x7B, 0xCD, 0x7B, 0xAD, 0x7B, 0x6C, 0x73,
    0x4B, 0x6B, 0x2B, 0x6B, 0x2B, 0x6B, 0x0A, 0x63, 0xC9, 0x5A, 0x88, 0x5A, 0x47, 0x52, 0x47, 0x4A,
    0x47, 0x4A, 0x47, 0x4A, 0x27, 0x4A, 0x27, 0x4A, 0x47, 0x4A, 0x47, 0x52, 0x27, 0x4A, 0x06, 0x42,
    0xC5, 0x39, 0xC5, 0x39, 0xA5, 0x39, 0x84, 0x31, 0x64, 0x31, 0x64, 0x31, 0x64, 0x31, 0x64, 0x29,
    0x23, 0x21, 0xC2, 0x18, 0x81, 0x10, 0x61, 0x10, 0x61, 0x08, 0x40, 0x08, 0x60, 0x08, 0x61, 0x08,
    0x60, 0x08, 0x60, 0x10, 0x61, 0x10, 0x61, 0x10, 0x61, 0x10, 0x61, 0x10, 0x61, 0x10, 0x81, 0x10,
    0x81, 0x10, 0xA1, 0x10, 0xC1, 0x18, 0xC2, 0x18, 0xE2, 0x20, 0x43, 0x29, 0xA5, 0x39, 0xA5, 0x31,
    0xA5, 0x39, 0xC6, 0x39, 0x07, 0x4A, 0x27, 0x4A, 0x48, 0x52, 0x88, 0x52, 0xEA, 0x62, 0xCD, 0x83,
    0x50, 0x94, 0xB1, 0x9C, 0x33, 0xAD, 0x94, 0xB5, 0xD5, 0xBD, 0xF6, 0xC5, 0x37, 0xCE, 0x78, 0xD6,
    0xB9, 0xDE, 0xD9, 0xDE, 0xFA, 0xDE, 0x1A, 0xE7, 0x1A, 0xE7, 0x1A, 0xE7, 0x3B, 0xE7, 0x3B, 0xE7,
    0x3B, 0xE7, 0x3B, 0xE7, 0x3A, 0xE7, 0x3A, 0xE7, 0x3A, 0xE7, 0x3A, 0xE7, 0x3B, 0xE7, 0x3B, 0xE7,
    0x3B, 0xE7, 0x3B, 0xE7, 0x3A, 0xE7, 0x3A, 0xE7, 0x3A, 0xE7, 0x3A, 0xE7, 0x3A, 0xE7, 0x3A, 0xE7,
    0x3A, 0xE7, 0x3A, 0xE7, 0x3A, 0xE7, 0x3A, 0xE7, 0x3A, 0xE7, 0x3A, 0xE7, 0x3A, 0xE7, 0x3A, 0xE7,
    0x3A, 0xE7, 0x1A, 0xE7, 0x1A, 0xE7, 0x1A, 0xE7, 0x1A, 0xE7, 0x1A, 0xE7, 0x1A, 0xE7, 0x1A, 0xE7,
    0x1A, 0xE7, 0x1A, 0xE7, 0x1A, 0xE7, 0xFA, 0xE6, 0xFA, 0xE6, 0xFA, 0xE6, 0xFA, 0xE6, 0xFA, 0xE6,
    0xFA, 0xE6, 0xFA, 0xE6, 0xFA, 0xE6, 0xFA, 0xE6, 0xFA, 0xE6, 0xFA, 0xE6, 0xFA, 0xE6, 0xFA, 0xE6,
    0xFA, 0xE6, 0xFA, 0xDE, 0xFA, 0xDE, 0xFA, 0xDE, 0xFA, 0xDE, 0xFA, 0xDE, 0xFA, 0xDE, 0xF9, 0xDE,
    0xBC, 0xD6, 0xBC, 0xD6, 0xBB, 0xD6, 0xBB, 0xD6, 0xBB, 0xD6, 0xBB, 0xD6, 0xBB, 0xD6, 0xBB, 0xD6,
    0xBB, 0xD6, 0xBB, 0xD6, 0xBB, 0xD6, 0xBA, 0xD6, 0xBA, 0xD6, 0xBA, 0xD6, 0xBA, 0xD6, 0xBA, 0xD6,
    0xBA, 0xD6, 0xBA, 0xD6, 0xBA, 0xD6, 0xBA, 0xD6, 0xBA, 0xD6, 0xBA, 0xD6, 0xBA, 0xD6, 0xBA, 0xD6,
    0xBB, 0xD6, 0xBB, 0xD6, 0xBB, 0xD6, 0xBB, 0xD6, 0xBB, 0xD6, 0xBB, 0xD6, 0xBA, 0xD6, 0xBA, 0xD6,
    0xBA, 0xD6, 0xBA, 0xD6, 0xBA, 0xD6, 0xBA, 0xD6, 0xBA, 0xD6, 0xBA, 0xD6, 0xBA, 0xD6, 0xBA, 0xD6,
    0xBA, 0xCE, 0xBA, 0xCE, 0xBA, 0xD6, 0xBA, 0xD6, 0xBA, 0xD6, 0xBA, 0xD6, 0xBA, 0xD6, 0xBA, 0xD6,
    0xBA, 0xD6, 0xBA, 0xD6, 0xBA, 0xD6, 0xBA, 0xD6, 0xBA, 0xD6, 0xBA, 0xD6, 0xBA, 0xD6, 0xBA, 0xD6,
    0xBA, 0xD6, 0xBA, 0xD6, 0xBA, 0xD6, 0xBA, 0xD6, 0xBA, 0xD6, 0xBA, 0xD6, 0x9A, 0xCE, 0x9A, 0xCE,
    0x9A, 0xCE, 0xBB, 0xCE, 0xBB, 0xCE, 0xBB, 0xCE, 0xBB, 0xD6, 0xBB, 0xD6, 0xBB, 0xD6, 0xBB, 0xD6,
    0xBB, 0xD6, 0xBB, 0xD6, 0x9A, 0xCE, 0x9A, 0xCE, 0x9A, 0xCE, 0x9A, 0xD6, 0xBA, 0xD6, 0x59, 0xCE,
    0xD7, 0xBD, 0xB6, 0xB5, 0x95, 0xB5, 0x54, 0xAD, 0xD2, 0x9C, 0x90, 0x94, 0x2F, 0x84, 0xCD, 0x7B,
    0x4B, 0x6B, 0x2B, 0x6B, 0x2B, 0x6B, 0x0B, 0x63, 0xCA, 0x5A, 0xA9, 0x5A, 0xC9, 0x5A, 0xEA, 0x62,
    0xEA, 0x62, 0xA9, 0x5A, 0x68, 0x4A, 0x27, 0x4A, 0x47, 0x4A, 0x27, 0x4A, 0x68, 0x52, 0x88, 0x52,
    0x88, 0x52, 0x68, 0x52, 0x68, 0x52, 0x68, 0x52, 0x68, 0x4A, 0x67, 0x4A, 0x68, 0x4A, 0x67, 0x4A,
    0x68, 0x52, 0x68, 0x52, 0x68, 0x52, 0x68, 0x52, 0x68, 0x52, 0xA9, 0x5A, 0xA9, 0x5A, 0x67, 0x52,
    0x47, 0x4A, 0x27, 0x4A, 0x27, 0x4A, 0xE6, 0x41, 0xA5, 0x39, 0x84, 0x31, 0xA5, 0x39, 0xC6, 0x41,
    0xE6, 0x41, 0xE6, 0x41, 0x27, 0x4A, 0x47, 0x4A, 0x47, 0x4A, 0x47, 0x4A, 0x27, 0x4A, 0x68, 0x52,
    0xA9, 0x5A, 0xA9, 0x5A, 0x0A, 0x63, 0x8C, 0x73, 0xAD, 0x7B, 0xCD, 0x7B, 0xEE, 0x7B, 0xCD, 0x7B,
    0xAD, 0x7B, 0xAD, 0x7B, 0xCD, 0x83, 0xCD, 0x83, 0xEE, 0x83, 0xEE, 0x83, 0xED, 0x83, 0xEE, 0x8B,
    0xEE, 0x8B, 0x0E, 0x8C, 0x0E, 0x8C, 0x0E, 0x8C, 0x0E, 0x8C, 0x0E, 0x8C, 0x0E, 0x8C, 0x2E, 0x8C,
    0x2E, 0x8C, 0x2E, 0x8C, 0x4F, 0x8C, 0x4F, 0x8C, 0x4F, 0x8C, 0x4F, 0x8C, 0x4F, 0x8C, 0x4F, 0x8C,
    0x4F, 0x8C, 0x4F, 0x94, 0x4F, 0x94, 0x4F, 0x94, 0x4F, 0x94, 0x4F, 0x94, 0x4F, 0x94, 0x4F, 0x8C,
    0x4F, 0x8C, 0x4F, 0x8C, 0x4F, 0x94, 0x4F, 0x8C, 0x4F, 0x8C, 0x4F, 0x8C, 0x2F, 0x8C, 0x2F, 0x8C,
    0x2F, 0x8C, 0x0E, 0x8C, 0xEE, 0x8B, 0xCD, 0x83, 0xED, 0x83, 0xCD, 0x7B, 0xAD, 0x7B, 0x8C, 0x73,
    0x4B, 0x6B, 0x2B, 0x6B, 0x2B, 0x6B, 0x2B, 0x6B, 0xEA, 0x62, 0xA9, 0x5A, 0x68, 0x52, 0x47, 0x4A,
    0x47, 0x4A, 0x47, 0x4A, 0x47, 0x52, 0x27, 0x4A, 0x47, 0x52, 0x47, 0x52, 0x06, 0x4A, 0xC5, 0x41,
    0xC5, 0x39, 0x84, 0x39, 0x84, 0x31, 0x64, 0x31, 0x44, 0x29, 0x43, 0x29, 0x23, 0x21, 0xE2, 0x18,
    0x81, 0x10, 0x40, 0x08, 0x20, 0x00, 0x20, 0x08, 0x20, 0x00, 0x20, 0x00, 0x20, 0x00, 0x20, 0x08,
    0x20, 0x08, 0x40, 0x08, 0x40, 0x08, 0x40, 0x08, 0x40, 0x08, 0x40, 0x08, 0x40, 0x08, 0x60, 0x10,
    0x61, 0x10, 0x81, 0x10, 0x81, 0x10, 0xA1, 0x10, 0xC2, 0x18, 0xE2, 0x20, 0x44, 0x29, 0x64, 0x29,
    0x64, 0x31, 0xA5, 0x31, 0xE6, 0x41, 0x07, 0x4A, 0x48, 0x4A, 0x88, 0x52, 0xA9, 0x5A, 0x2B, 0x6B,
    0x6C, 0x73, 0xEE, 0x83, 0x4F, 0x94, 0x90, 0x9C, 0xF2, 0xA4, 0x74, 0xB5, 0xD5, 0xBD, 0x16, 0xCE,
    0x57, 0xCE, 0xB9, 0xDE, 0xD9, 0xDE, 0xD9, 0xDE, 0xFA, 0xE6, 0x1A, 0xE7, 0x3B, 0xE7, 0x3B, 0xE7,
    0x3B, 0xE7, 0x3B, 0xE7, 0x3B, 0xE7, 0x3B, 0xE7, 0x3B, 0xE7, 0x3B, 0xE7, 0x3B, 0xEF, 0x3B, 0xEF,
    0x3B, 0xE7, 0x3B, 0xE7, 0x3A, 0xE7, 0x3A, 0xE7, 0x3A, 0xE7, 0x3A, 0xE7, 0x3A, 0xE7, 0x3A, 0xE7,
    0x3A, 0xE7, 0x3A, 0xE7, 0x3A, 0xE7, 0x3A, 0xE7, 0x3A, 0xE7, 0x3A, 0xE7, 0x3A, 0xE7, 0x3A, 0xE7,
    0x3A, 0xE7, 0x1A, 0xE7, 0x1A, 0xE7, 0x1A, 0xE7, 0x1A, 0xE7, 0x1A, 0xE7, 0x1A, 0xE7, 0x1A, 0xE7,
    0x1A, 0xE7, 0x1A, 0xE7, 0x1A, 0xE7, 0xFA, 0xE6, 0xFA, 0xE6, 0xFA, 0xE6, 0xFA, 0xE6, 0xFA, 0xE6,
    0xFA, 0xE6, 0xFA, 0xE6, 0xFA, 0xE6, 0xFA, 0xE6, 0xFA, 0xE6, 0xFA, 0xE6, 0xFA, 0xE6, 0xFA, 0xE6,
    0xFA, 0xE6, 0xFA, 0xDE, 0xFA, 0xDE, 0xFA, 0xDE, 0xFA, 0xDE, 0xFA, 0xDE, 0xFA, 0xDE, 0xF9, 0xDE,
    0xBC, 0xD6, 0xBC, 0xD6, 0xBC, 0xD6, 0xBB, 0xD6, 0xBB, 0xD6, 0xBB, 0xD6, 0xBB, 0xD6, 0xBB, 0xD6,
    0xBB, 0xD6, 0xBB, 0xD6, 0xBB, 0xD6, 0xBA, 0xD6, 0xBA, 0xD6, 0xBA, 0xD6, 0xBA, 0xD6, 0xBA, 0xD6,
    0xBA, 0xD6, 0xBA, 0xD6, 0xBA, 0xD6, 0xBA, 0xD6, 0xBA, 0xD6, 0xBA, 0xD6, 0xBA, 0xD6, 0xBA, 0xD6,
    0xBB, 0xD6, 0xBB, 0xD6, 0xBB, 0xD6, 0xBB, 0xD6, 0xBB, 0xD6, 0xBB, 0xD6, 0xBA, 0xD6, 0xBA, 0xD6,
    0xBA, 0xD6, 0xBA, 0xD6, 0xBA, 0xD6, 0xBA, 0xD6, 0xBA, 0xD6, 0xBA, 0xD6, 0xBA, 0xD6, 0xBA, 0xD6,
    0xBA, 0xCE, 0xBA, 0xCE, 0xBA, 0xD6, 0xBA, 0xD6, 0xBA, 0xD6, 0xBA, 0xD6, 0xBA, 0xD6, 0xBA, 0xD6,
    0xBA, 0xD6, 0xBA, 0xD6, 0xBA, 0xD6, 0xBA, 0xD6, 0xBA, 0xD6, 0xBA, 0xD6, 0xBA, 0xD6, 0xBA, 0xD6,
    0xBA, 0xD6, 0xBA, 0xD6, 0xBA, 0xD6, 0xBA, 0xD6, 0xBA, 0xD6, 0xBA, 0xD6, 0x9A, 0xCE, 0x9A, 0xCE,
    0x9A, 0xCE, 0xBB, 0xCE, 0xBB, 0xCE, 0xBB, 0xCE, 0xBB, 0xD6, 0xBB, 0xD6, 0xBB, 0xD6, 0xBB, 0xD6,
    0xBB, 0xD6, 0xBB, 0xD6, 0xBA, 0xCE, 0x9A, 0xCE, 0x9A, 0xCE, 0x79, 0xCE, 0x79, 0xCE, 0x59, 0xC6,
    0xF7, 0xBD, 0x96, 0xB5, 0x95, 0xB5, 0x54, 0xAD, 0xB1, 0x94, 0x4F, 0x8C, 0xEE, 0x7B, 0xAC, 0x73,
    0x0B, 0x63, 0x2B, 0x6B, 0x6C, 0x6B, 0x6C, 0x73, 0x0B, 0x63, 0xC9, 0x5A, 0xC9, 0x5A, 0xC9, 0x5A,
    0xEA, 0x5A, 0xA9, 0x52, 0x48, 0x4A, 0x27, 0x4A, 0x27, 0x4A, 0x47, 0x4A, 0x47, 0x4A, 0x48, 0x4A,
    0x68, 0x4A, 0x48, 0x4A, 0x48, 0x4A, 0x47, 0x4A, 0x47, 0x4A, 0x47, 0x4A, 0x47, 0x4A, 0x47, 0x4A,
    0x47, 0x4A, 0x67, 0x4A, 0x47, 0x4A, 0x47, 0x4A, 0x47, 0x4A, 0x67, 0x4A, 0x67, 0x52, 0x47, 0x4A,
    0x27, 0x4A, 0x27, 0x42, 0x27, 0x4A, 0x06, 0x42, 0xC5, 0x39, 0xA5, 0x39, 0xC5, 0x39, 0xE6, 0x41,
    0xE6, 0x41, 0xE6, 0x41, 0x27, 0x4A, 0x47, 0x52, 0x68, 0x52, 0x47, 0x4A, 0x06, 0x42, 0x47, 0x4A,
    0xA9, 0x5A, 0xA9, 0x5A, 0x0A, 0x63, 0x8C, 0x73, 0xAD, 0x7B, 0xCD, 0x7B, 0xCD, 0x7B, 0xAD, 0x7B,
    0xAD, 0x7B, 0xAD, 0x7B, 0xCD, 0x83, 0xCD, 0x83, 0xEE, 0x83, 0xED, 0x83, 0xED, 0x83, 0x0E, 0x8C,
    0x0E, 0x8C, 0x0E, 0x8C, 0x0E, 0x8C, 0x0E, 0x8C, 0x0E, 0x8C, 0x0E, 0x8C, 0x0E, 0x8C, 0x2E, 0x8C,
    0x2E, 0x8C, 0x2E, 0x8C, 0x4F, 0x8C, 0x4F, 0x8C, 0x4F, 0x8C, 0x4F, 0x94, 0x4F, 0x8C, 0x4F, 0x8C,
    0x4F, 0x8C, 0x4F, 0x94, 0x4F, 0x94, 0x4F, 0x94, 0x4F, 0x94, 0x4F, 0x94, 0x4F, 0x94, 0x4F, 0x94,
    0x4F, 0x94, 0x4F, 0x94, 0x4F, 0x94, 0x4F, 0x94, 0x4F, 0x94, 0x4F, 0x8C, 0x4F, 0x8C, 0x2F, 0x8C,
    0x2F, 0x8C, 0x0E, 0x8C, 0x0E, 0x8C, 0xEE, 0x83, 0xED, 0x83, 0xED, 0x83, 0xCD, 0x7B, 0xAD, 0x7B,
    0x6C, 0x73, 0x4B, 0x6B, 0x2B, 0x6B, 0x2B, 0x6B, 0xEA, 0x62, 0xC9, 0x5A, 0x88, 0x52, 0x68, 0x52,
    0x47, 0x4A, 0x47, 0x4A, 0x47, 0x52, 0x47, 0x52, 0x47, 0x52, 0x27, 0x4A, 0x06, 0x42, 0xC5, 0x39,
    0xA5, 0x39, 0x64, 0x31, 0x64, 0x31, 0x44, 0x29, 0x24, 0x29, 0xE2, 0x20, 0x81, 0x10, 0x40, 0x08,
    0x20, 0x00, 0x00, 0x00, 0x00, 0x00, 0x20, 0x00, 0x20, 0x00, 0x20, 0x00, 0x20, 0x00, 0x20, 0x00,
    0x20, 0x00, 0x00, 0x00, 0x00, 0x00, 0x00, 0x00, 0x00, 0x00, 0x00, 0x00, 0x20, 0x00, 0x20, 0x08,
    0x40, 0x08, 0x60, 0x08, 0x60, 0x10, 0x81, 0x10, 0xA1, 0x10, 0xC2, 0x18, 0xE2, 0x20, 0x23, 0x29,
    0x64, 0x29, 0x85, 0x31, 0xC6, 0x39, 0x07, 0x4A, 0x27, 0x4A, 0x68, 0x52, 0xA8, 0x5A, 0xEA, 0x62,
    0x4B, 0x73, 0xCD, 0x7B, 0x2F, 0x8C, 0x70, 0x94, 0xD1, 0x9C, 0x74, 0xB5, 0xD5, 0xBD, 0x16, 0xC6,
    0x37, 0xC6, 0x57, 0xCE, 0xB9, 0xDE, 0xD9, 0xDE, 0xD9, 0xDE, 0x1A, 0xE7, 0x3B, 0xE7, 0x3B, 0xE7,
    0x3B, 0xE7, 0x3B, 0xE7, 0x3B, 0xEF, 0x3B, 0xEF, 0x3B, 0xEF, 0x5B, 0xEF, 0x3B, 0xEF, 0x3B, 0xE7,
    0x3B, 0xE7, 0x3B, 0xE7, 0x3A, 0xE7, 0x3A, 0xE7, 0x3A, 0xE7, 0x3A, 0xE7, 0x3A, 0xE7, 0x3A, 0xE7,
    0x3A, 0xE7, 0x3A, 0xE7, 0x3A, 0xE7, 0x3A, 0xE7, 0x3A, 0xE7, 0x3A, 0xE7, 0x3A, 0xE7, 0x3A, 0xE7,
    0x3A, 0xE7, 0x3A, 0xE7, 0x1A, 0xE7, 0x1A, 0xE7, 0x1A, 0xE7, 0x1A, 0xE7, 0x1A, 0xE7, 0x1A, 0xE7,
    0x1A, 0xE7, 0x1A, 0xE7, 0x1A, 0xE7, 0xFA, 0xE6, 0xFA, 0xE6, 0xFA, 0xE6, 0xFA, 0xE6, 0xFA, 0xE6,
    0xFA, 0xE6, 0x1A, 0xE7, 0x1A, 0xE7, 0xFA, 0xE6, 0xFA, 0xE6, 0xFA, 0xE6, 0xFA, 0xE6, 0xFA, 0xE6,
    0xFA, 0xE6, 0xFA, 0xDE, 0xFA, 0xDE, 0xFA, 0xDE, 0xFA, 0xDE, 0xFA, 0xDE, 0xFA, 0xDE, 0xF9, 0xDE,
    0xBB, 0xD6, 0xBB, 0xD6, 0xBB, 0xD6, 0xBB, 0xD6, 0xBB, 0xD6, 0xBB, 0xD6, 0xBB, 0xD6, 0xBB, 0xD6,
    0xBB, 0xD6, 0xBB, 0xD6, 0xBB, 0xD6, 0xBB, 0xD6, 0xBB, 0xD6, 0xBB, 0xD6, 0xBB, 0xD6, 0xBB, 0xD6,
    0xBB, 0xD6, 0xBB, 0xD6, 0xBB, 0xD6, 0xBB, 0xD6, 0xBB, 0xD6, 0xBB, 0xD6, 0xBB, 0xD6, 0xBB, 0xD6,
    0xBB, 0xD6, 0xBB, 0xD6, 0xBB, 0xD6, 0xBB, 0xD6, 0xBB, 0xD6, 0xBB, 0xD6, 0xBB, 0xD6, 0xBA, 0xD6,
    0xBA, 0xD6, 0xBA, 0xD6, 0xBA, 0xD6, 0xBA, 0xD6, 0xBA, 0xD6, 0xBA, 0xD6, 0xBA, 0xD6, 0xBA, 0xD6,
    0xBA, 0xCE, 0xBA, 0xCE, 0xBA, 0xD6, 0xBA, 0xD6, 0xBA, 0xD6, 0xBA, 0xD6, 0xBA, 0xD6, 0xBA, 0xD6,
    0xBA, 0xD6, 0xBA, 0xD6, 0xBA, 0xD6, 0xBA, 0xD6, 0xBA, 0xD6, 0xBA, 0xD6, 0xBA, 0xD6, 0xBA, 0xD6,
    0xBA, 0xD6, 0xBA, 0xD6, 0xBA, 0xD6, 0xBA, 0xD6, 0xBA, 0xCE, 0xBA, 0xCE, 0xBA, 0xD6, 0xBA, 0xD6,
    0xBA, 0xD6, 0xBA, 0xD6, 0xBA, 0xD6, 0xBA, 0xD6, 0xBB, 0xD6, 0xBB, 0xD6, 0xBB, 0xD6, 0xBA, 0xD6,
    0xBA, 0xD6, 0xBA, 0xD6, 0x9A, 0xD6, 0x9A, 0xCE, 0x59, 0xCE, 0x38, 0xC6, 0x18, 0xC6, 0xF7, 0xBD,
    0xB6, 0xB5, 0x75, 0xAD, 0x13, 0xA5, 0xB1, 0x9C, 0x50, 0x8C, 0xEE, 0x83, 0xAD, 0x73, 0x4B, 0x6B,
    0x2B, 0x6B, 0x2B, 0x6B, 0x2B, 0x63, 0x6C, 0x73, 0x2B, 0x63, 0xCA, 0x5A, 0xC9, 0x5A, 0x89, 0x52,
    0x89, 0x52, 0x88, 0x52, 0x27, 0x42, 0x27, 0x42, 0x07, 0x42, 0xE6, 0x39, 0xE6, 0x39, 0x06, 0x42,
    0x06, 0x42, 0xE6, 0x41, 0xE6, 0x41, 0xE6, 0x41, 0x27, 0x4A, 0x27, 0x4A, 0x07, 0x42, 0x06, 0x42,
    0x27, 0x4A, 0x47, 0x4A, 0x47, 0x4A, 0x47, 0x4A, 0x27, 0x4A, 0x27, 0x4A, 0x27, 0x4A, 0x27, 0x4A,
    0x26, 0x42, 0x26, 0x42, 0x06, 0x42, 0xE6, 0x41, 0xC5, 0x39, 0xC5, 0x39, 0xE6, 0x41, 0xE6, 0x41,
    0xE6, 0x41, 0x06, 0x4A, 0x47, 0x4A, 0x68, 0x52, 0x68, 0x52, 0x47, 0x4A, 0x06, 0x42, 0x27, 0x4A,
    0xA9, 0x5A, 0xC9, 0x5A, 0x0A, 0x63, 0x8C, 0x7B, 0xCD, 0x7B, 0xEE, 0x83, 0xAD, 0x7B, 0x8C, 0x73,
    0x8C, 0x73, 0xAD, 0x7B, 0xCD, 0x83, 0xCD, 0x83, 0xEE, 0x83, 0xED, 0x83, 0xEE, 0x83, 0x0E, 0x8C,
    0x0E, 0x8C, 0x0E, 0x8C, 0x0E, 0x8C, 0x0E, 0x8C, 0x0E, 0x8C, 0x0E, 0x8C, 0x0E, 0x8C, 0x2E, 0x8C,
    0x2E, 0x8C, 0x2E, 0x8C, 0x2E, 0x8C, 0x2E, 0x8C, 0x4F, 0x94, 0x4F, 0x94, 0x4F, 0x8C, 0x2E, 0x8C,
    0x4F, 0x8C, 0x4F, 0x94, 0x4F, 0x94, 0x4F, 0x94, 0x4F, 0x94, 0x4F, 0x94, 0x4F, 0x94, 0x4F, 0x94,
    0x4F, 0x94, 0x4F, 0x94, 0x4F, 0x94, 0x4F, 0x94, 0x4F, 0x94, 0x4F, 0x94, 0x4F, 0x94, 0x2F, 0x94,
    0x2F, 0x8C, 0x2E, 0x8C, 0x0E, 0x8C, 0xEE, 0x83, 0xEE, 0x83, 0xED, 0x83, 0xCD, 0x83, 0xAC, 0x7B,
    0x6C, 0x73, 0x4B, 0x73, 0x2B, 0x6B, 0x2A, 0x6B, 0xEA, 0x62, 0xC9, 0x62, 0xC9, 0x5A, 0x88, 0x52,
    0x68, 0x52, 0x48, 0x52, 0x47, 0x52, 0x47, 0x52, 0x47, 0x4A, 0x47, 0x4A, 0xE6, 0x41, 0xA5, 0x39,
    0x64, 0x29, 0x43, 0x29, 0x23, 0x29, 0x23, 0x29, 0xE2, 0x20, 0x81, 0x10, 0x40, 0x08, 0x00, 0x00,
    0x00, 0x00, 0x00, 0x00, 0x00, 0x00, 0x00, 0x00, 0x20, 0x00, 0x20, 0x00, 0x20, 0x08, 0x20, 0x08,
    0x20, 0x08, 0x20, 0x08, 0x20, 0x08, 0x20, 0x08, 0x40, 0x08, 0x40, 0x08, 0x40, 0x08, 0x20, 0x00,
    0x20, 0x00, 0x40, 0x08, 0x40, 0x08, 0x60, 0x08, 0x60, 0x10, 0xA1, 0x10, 0xC2, 0x18, 0x23, 0x21,
    0x44, 0x29, 0x85, 0x31, 0xA5, 0x39, 0x07, 0x42, 0x47, 0x4A, 0x48, 0x52, 0x68, 0x52, 0xA9, 0x5A,
    0x0A, 0x63, 0x6C, 0x73, 0x8C, 0x73, 0xAD, 0x7B, 0xEE, 0x83, 0x70, 0x94, 0x12, 0xA5, 0x53, 0xAD,
    0x74, 0xB5, 0xF6, 0xC5, 0x37, 0xCE, 0x78, 0xD6, 0xB9, 0xDE, 0xFA, 0xE6, 0xFA, 0xE6, 0x1A, 0xE7,
    0x1A, 0xE7, 0x1A, 0xE7, 0x3B, 0xEF, 0x5B, 0xEF, 0x3B, 0xEF, 0x3B, 0xEF, 0x1A, 0xEF, 0x3B, 0xEF,
    0x3B, 0xE7, 0x3A, 0xE7, 0x3A, 0xE7, 0x3A, 0xE7, 0x3A, 0xE7, 0x3A, 0xE7, 0x3A, 0xE7, 0x3A, 0xE7,
    0x3A, 0xE7, 0x3A, 0xE7, 0x3A, 0xE7, 0x3A, 0xE7, 0x3A, 0xE7, 0x3A, 0xE7, 0x3A, 0xE7, 0x3A, 0xE7,
    0x3A, 0xE7, 0x3A, 0xE7, 0x1A, 0xE7, 0x1A, 0xE7, 0x1A, 0xE7, 0x1A, 0xE7, 0x1A, 0xE7, 0x1A, 0xE7,
    0x1A, 0xE7, 0x1A, 0xE7, 0x1A, 0xE7, 0x1A, 0xE7, 0x1A, 0xE7, 0x1A, 0xE7, 0xFA, 0xE6, 0xFA, 0xE6,
    0xFA, 0xE6, 0xFA, 0xE6, 0xFA, 0xE6, 0xFA, 0xE6, 0xFA, 0xE6, 0xFA, 0xE6, 0xFA, 0xE6, 0xFA, 0xE6,
    0xFA, 0xE6, 0xFA, 0xDE, 0xFA, 0xDE, 0xFA, 0xDE, 0xFA, 0xDE, 0xFA, 0xDE, 0xFA, 0xDE, 0xFA, 0xDE,
    0xBB, 0xD6, 0xBB, 0xD6, 0xBB, 0xD6, 0xBB, 0xD6, 0xBB, 0xD6, 0xBB, 0xD6, 0xBB, 0xD6, 0xBB, 0xD6,
    0xBB, 0xD6, 0xBB, 0xD6, 0xBB, 0xD6, 0xBB, 0xD6, 0xBB, 0xD6, 0xBB, 0xD6, 0xBB, 0xD6, 0xBB, 0xD6,
    0xBB, 0xD6, 0xBB, 0xD6, 0xBB, 0xD6, 0xBB, 0xD6, 0xBB, 0xD6, 0xBB, 0xD6, 0xBB, 0xD6, 0xBB, 0xD6,
    0xBB, 0xD6, 0xBB, 0xD6, 0xBB, 0xD6, 0xBB, 0xD6, 0xBB, 0xD6, 0xBB, 0xD6, 0xBB, 0xD6, 0xBA, 0xD6,
    0xBA, 0xD6, 0xBA, 0xD6, 0xBA, 0xD6, 0xBA, 0xD6, 0xBA, 0xD6, 0xBA, 0xD6, 0xBA, 0xD6, 0xBA, 0xD6,
    0xBA, 0xCE, 0xBA, 0xCE, 0xBA, 0xD6, 0xBA, 0xD6, 0xBA, 0xD6, 0xBA, 0xD6, 0xBA, 0xD6, 0xBA, 0xD6,
    0xBA, 0xD6, 0xBA, 0xD6, 0xBA, 0xD6, 0xBA, 0xD6, 0xBA, 0xD6, 0xBA, 0xD6, 0xBA, 0xD6, 0xBA, 0xD6,
    0xBA, 0xD6, 0xBA, 0xD6, 0xBA, 0xD6, 0xBA, 0xD6, 0xBA, 0xCE, 0xBA, 0xCE, 0xBA, 0xD6, 0xBA, 0xD6,
    0xBA, 0xD6, 0xBA, 0xD6, 0xBA, 0xD6, 0xBA, 0xD6, 0xBB, 0xD6, 0xBB, 0xD6, 0xBB, 0xD6, 0xBA, 0xD6,
    0xBA, 0xD6, 0xBA, 0xD6, 0x9A, 0xCE, 0x9A, 0xCE, 0x79, 0xCE, 0x59, 0xCE, 0x38, 0xC6, 0xF7, 0xBD,
    0x75, 0xAD, 0x54, 0xAD, 0xD2, 0x9C, 0x91, 0x94, 0x2F, 0x8C, 0x0F, 0x84, 0xCD, 0x7B, 0x6C, 0x73,
    0x4C, 0x6B, 0x2B, 0x6B, 0x0B, 0x63, 0x6C, 0x6B, 0x0B, 0x63, 0xCA, 0x5A, 0xC9, 0x5A, 0x89, 0x52,
    0x88, 0x52, 0x68, 0x4A, 0x07, 0x42, 0xE6, 0x39, 0xE6, 0x39, 0xA5, 0x31, 0x85, 0x31, 0x85, 0x31,
    0x85, 0x31, 0x85, 0x31, 0x85, 0x31, 0xA5, 0x31, 0xA5, 0x39, 0xA5, 0x39, 0xA5, 0x39, 0xA5, 0x39,
    0xC5, 0x39, 0xE6, 0x41, 0x06, 0x42, 0x26, 0x4A, 0x27, 0x4A, 0x27, 0x4A, 0x26, 0x42, 0x26, 0x42,
    0x26, 0x42, 0x06, 0x42, 0x07, 0x42, 0xE6, 0x41, 0xC6, 0x39, 0xC6, 0x41, 0xE6, 0x41, 0xE6, 0x41,
    0xE6, 0x41, 0x06, 0x4A, 0x27, 0x4A, 0x68, 0x52, 0x68, 0x52, 0x68, 0x52, 0x27, 0x4A, 0x47, 0x52,
    0xA9, 0x5A, 0xA9, 0x5A, 0xC9, 0x5A, 0x4B, 0x6B, 0x8C, 0x73, 0xAD, 0x73, 0x8C, 0x73, 0x6C, 0x73,
    0x8C, 0x73, 0xAD, 0x7B, 0xCD, 0x83, 0xCD, 0x83, 0xEE, 0x83, 0xED, 0x83, 0xEE, 0x83, 0x0E, 0x8C,
    0x0E, 0x8C, 0x0E, 0x8C, 0x0E, 0x8C, 0x0E, 0x8C, 0x0E, 0x8C, 0x0E, 0x8C, 0x0E, 0x8C, 0x2F, 0x8C,
    0x2E, 0x8C, 0x2E, 0x8C, 0x2E, 0x8C, 0x2E, 0x8C, 0x4F, 0x94, 0x4F, 0x94, 0x4F, 0x8C, 0x2E, 0x8C,
    0x4F, 0x8C, 0x4F, 0x8C, 0x4F, 0x8C, 0x4F, 0x8C, 0x4F, 0x8C, 0x4F, 0x8C, 0x4F, 0x94, 0x4F, 0x94,
    0x4F, 0x94, 0x4F, 0x94, 0x4F, 0x94, 0x4F, 0x94, 0x4F, 0x94, 0x6F, 0x94, 0x4F, 0x94, 0x4F, 0x94,
    0x4F, 0x94, 0x2E, 0x8C, 0x0E, 0x8C, 0xEE, 0x83, 0xEE, 0x83, 0xED, 0x83, 0xCD, 0x83, 0xAD, 0x7B,
    0x8C, 0x7B, 0x4B, 0x73, 0x4B, 0x6B, 0x2A, 0x6B, 0x0A, 0x6B, 0xEA, 0x62, 0xCA, 0x62, 0xA9, 0x5A,
    0x68, 0x52, 0x68, 0x52, 0x47, 0x52, 0x47, 0x52, 0x47, 0x4A, 0x27, 0x4A, 0xC6, 0x41, 0x84, 0x31,
    0x44, 0x29, 0x23, 0x29, 0x03, 0x21, 0xE2, 0x18, 0x61, 0x10, 0x20, 0x08, 0x20, 0x00, 0x00, 0x00,
    0x00, 0x00, 0x00, 0x00, 0x00, 0x00, 0x00, 0x00, 0x20, 0x00, 0x00, 0x00, 0x00, 0x00, 0x20, 0x00,
    0x40, 0x08, 0x61, 0x08, 0x81, 0x10, 0xA2, 0x10, 0xC2, 0x18, 0xC2, 0x18, 0xC2, 0x18, 0xA1, 0x10,
    0x60, 0x08, 0x40, 0x08, 0x40, 0x08, 0x40, 0x08, 0x60, 0x08, 0x60, 0x10, 0xA1, 0x10, 0xE2, 0x20,
    0x23, 0x29, 0x64, 0x31, 0x85, 0x31, 0xC6, 0x39, 0x07, 0x4A, 0x27, 0x4A, 0x27, 0x4A, 0x27, 0x4A,
    0x68, 0x52, 0xA9, 0x5A, 0xA9, 0x5A, 0xC9, 0x62, 0xEA, 0x62, 0x4B, 0x6B, 0xAD, 0x7B, 0x0E, 0x84,
    0x70, 0x94, 0xF2, 0xA4, 0x33, 0xAD, 0x94, 0xBD, 0xF6, 0xC5, 0x37, 0xCE, 0x57, 0xCE, 0x78, 0xD6,
    0x78, 0xD6, 0x78, 0xD6, 0x98, 0xDE, 0x98, 0xDE, 0x98, 0xD6, 0x78, 0xD6, 0xFA, 0xE6, 0x3B, 0xEF,
    0x3A, 0xE7, 0x3A, 0xE7, 0x3A, 0xE7, 0x3A, 0xE7, 0x3A, 0xE7, 0x3A, 0xE7, 0x3A, 0xE7, 0x3A, 0xE7,
    0x3A, 0xE7, 0x3A, 0xE7, 0x3A, 0xE7, 0x3A, 0xE7, 0x3A, 0xE7, 0x3A, 0xE7, 0x3A, 0xE7, 0x3A, 0xE7,
    0x3A, 0xE7, 0x3A, 0xE7, 0x1A, 0xE7, 0x1A, 0xE7, 0x1A, 0xE7, 0x1A, 0xE7, 0x1A, 0xE7, 0x1A, 0xE7,
    0x1A, 0xE7, 0x1A, 0xE7, 0x1A, 0xE7, 0x1A, 0xE7, 0x1A, 0xE7, 0x1A, 0xE7, 0xFA, 0xE6, 0xFA, 0xE6,
    0xFA, 0xE6, 0xFA, 0xE6, 0xFA, 0xE6, 0xFA, 0xE6, 0xFA, 0xE6, 0xFA, 0xE6, 0xFA, 0xE6, 0xFA, 0xE6,
    0xFA, 0xE6, 0xFA, 0xDE, 0xFA, 0xDE, 0xFA, 0xDE, 0xFA, 0xDE, 0xFA, 0xDE, 0xFA, 0xDE, 0xFA, 0xDE,
    0xBB, 0xD6, 0xBB, 0xD6, 0xBB, 0xD6, 0xBB, 0xD6, 0xBB, 0xD6, 0xBB, 0xD6, 0xBB, 0xD6, 0xBB, 0xD6,
    0xBB, 0xD6, 0xBB, 0xD6, 0xBB, 0xD6, 0xBB, 0xD6, 0xBB, 0xD6, 0xBB, 0xD6, 0xBB, 0xD6, 0xBB, 0xD6,
    0xBB, 0xD6, 0xBB, 0xD6, 0xBB, 0xD6, 0xBB, 0xD6, 0xBB, 0xD6, 0xBB, 0xD6, 0xBB, 0xD6, 0xBB, 0xD6,
    0xBB, 0xD6, 0xBB, 0xD6, 0xBB, 0xD6, 0xBB, 0xD6, 0xBB, 0xD6, 0xBB, 0xD6, 0xBB, 0xD6, 0xBB, 0xD6,
    0xBB, 0xD6, 0xBA, 0xD6, 0xBA, 0xD6, 0xBA, 0xD6, 0xBA, 0xD6, 0xBA, 0xD6, 0xBA, 0xD6, 0xBA, 0xD6,
    0xBA, 0xCE, 0xBA, 0xCE, 0xBA, 0xD6, 0xBA, 0xD6, 0xBA, 0xD6, 0xBA, 0xD6, 0xBA, 0xD6, 0xBA, 0xD6,
    0xBA, 0xD6, 0xBA, 0xD6, 0xBA, 0xD6, 0xBA, 0xD6, 0xBA, 0xD6, 0xBA, 0xD6, 0xBA, 0xD6, 0xBA, 0xD6,
    0xBA, 0xD6, 0xBA, 0xD6, 0xBA, 0xD6, 0xBA, 0xD6, 0xBA, 0xCE, 0xBA, 0xCE, 0xBA, 0xD6, 0xBA, 0xD6,
    0xBA, 0xD6, 0xBB, 0xD6, 0xBB, 0xD6, 0xBB, 0xD6, 0xBB, 0xD6, 0xBB, 0xD6, 0xBB, 0xD6, 0xBA, 0xD6,
    0xBA, 0xD6, 0x9A, 0xCE, 0x7A, 0xCE, 0x9A, 0xD6, 0x9A, 0xD6, 0x79, 0xCE, 0x59, 0xCE, 0xF7, 0xBD,
    0x74, 0xAD, 0x34, 0xA5, 0xD2, 0x9C, 0x70, 0x94, 0x0F, 0x84, 0xEE, 0x7B, 0x8C, 0x73, 0x6C, 0x73,
    0x4C, 0x6B, 0x2B, 0x6B, 0x0B, 0x63, 0x6C, 0x6B, 0x0A, 0x63, 0xCA, 0x5A, 0xC9, 0x5A, 0xA9, 0x52,
    0x68, 0x4A, 0x27, 0x4A, 0xE6, 0x39, 0xC5, 0x39, 0xA5, 0x31, 0x64, 0x29, 0x44, 0x29, 0x44, 0x29,
    0x44, 0x29, 0x44, 0x29, 0x44, 0x29, 0x44, 0x29, 0x44, 0x29, 0x44, 0x29, 0x44, 0x29, 0x44, 0x29,
    0x85, 0x31, 0xA5, 0x31, 0xC5, 0x39, 0xE6, 0x41, 0x06, 0x42, 0x06, 0x42, 0xE6, 0x41, 0xE6, 0x41,
    0xE6, 0x41, 0xE6, 0x39, 0x07, 0x42, 0x07, 0x42, 0xE6, 0x41, 0xE6, 0x41, 0xE6, 0x41, 0x06, 0x42,
    0xE6, 0x41, 0x06, 0x4A, 0x27, 0x4A, 0x47, 0x52, 0x68, 0x52, 0x68, 0x52, 0x47, 0x52, 0x88, 0x52,
    0xA9, 0x5A, 0x88, 0x52, 0x88, 0x52, 0xEA, 0x62, 0x4B, 0x6B, 0x4B, 0x6B, 0x4B, 0x6B, 0x6C, 0x6B,
    0x8C, 0x73, 0xCD, 0x7B, 0xCD, 0x83, 0xCD, 0x83, 0xEE, 0x83, 0xED, 0x83, 0xEE, 0x83, 0x0E, 0x8C,
    0x0E, 0x8C, 0x0E, 0x8C, 0x0E, 0x8C, 0x2E, 0x8C, 0x2E, 0x8C, 0x2E, 0x8C, 0x2E, 0x8C, 0x2F, 0x8C,
    0x2F, 0x8C, 0x2E, 0x8C, 0x2E, 0x8C, 0x2E, 0x8C, 0x4F, 0x94, 0x4F, 0x94, 0x4F, 0x94, 0x4F, 0x8C,
    0x4F, 0x94, 0x4F, 0x8C, 0x2E, 0x8C, 0x2E, 0x8C, 0x2E, 0x8C, 0x2E, 0x8C, 0x4F, 0x8C, 0x4F, 0x94,
    0x4F, 0x94, 0x4F, 0x94, 0x6F, 0x94, 0x4F, 0x94, 0x4F, 0x94, 0x6F, 0x94, 0x6F, 0x94, 0x6F, 0x94,
    0x4F, 0x94, 0x2F, 0x8C, 0x0E, 0x8C, 0xEE, 0x83, 0xEE, 0x83, 0xEE, 0x83, 0xCD, 0x83, 0xCD, 0x83,
    0xAC, 0x7B, 0x6C, 0x73, 0x4B, 0x73, 0x2B, 0x6B, 0x0A, 0x6B, 0x0A, 0x63, 0xEA, 0x62, 0xCA, 0x62,
    0x88, 0x5A, 0x68, 0x52, 0x48, 0x52, 0x68, 0x52, 0x47, 0x4A, 0xE6, 0x41, 0xA5, 0x39, 0x64, 0x31,
    0x44, 0x29, 0x23, 0x29, 0xE2, 0x20, 0x81, 0x10, 0x20, 0x08, 0x00, 0x00, 0x00, 0x00, 0x00, 0x00,
    0x00, 0x00, 0x00, 0x00, 0x00, 0x00, 0x00, 0x00, 0x00, 0x00, 0x20, 0x00, 0x20, 0x08, 0x81, 0x10,
    0xA2, 0x18, 0xC2, 0x18, 0x03, 0x21, 0x44, 0x29, 0x44, 0x29, 0x44, 0x29, 0x64, 0x29, 0x44, 0x29,
    0x03, 0x21, 0xC2, 0x18, 0x81, 0x10, 0x40, 0x08, 0x40, 0x08, 0x40, 0x08, 0x61, 0x10, 0xC2, 0x18,
    0xE2, 0x20, 0x23, 0x29, 0x44, 0x31, 0x64, 0x31, 0xC5, 0x39, 0xC6, 0x41, 0xE6, 0x41, 0xE6, 0x41,
    0x06, 0x4A, 0x27, 0x4A, 0x27, 0x4A, 0x47, 0x52, 0x88, 0x52, 0xA9, 0x5A, 0xEA, 0x62, 0x4B, 0x6B,
    0x8C, 0x73, 0x0E, 0x84, 0x4F, 0x94, 0x90, 0x94, 0xD1, 0xA4, 0x12, 0xAD, 0x53, 0xAD, 0x94, 0xB5,
    0xB5, 0xBD, 0xD5, 0xBD, 0xD5, 0xC5, 0x37, 0xCE, 0x98, 0xD6, 0xB9, 0xDE, 0x1A, 0xE7, 0x3B, 0xEF,
    0x3A, 0xE7, 0x3A, 0xE7, 0x3A, 0xE7, 0x3A, 0xE7, 0x3A, 0xE7, 0x3A, 0xE7, 0x3A, 0xE7, 0x3A, 0xE7,
    0x3A, 0xE7, 0x3A, 0xE7, 0x3A, 0xE7, 0x3A, 0xE7, 0x3A, 0xE7, 0x3A, 0xE7, 0x3A, 0xE7, 0x3A, 0xE7,
    0x3A, 0xE7, 0x3A, 0xE7, 0x1A, 0xE7, 0x1A, 0xE7, 0x1A, 0xE7, 0x1A, 0xE7, 0x1A, 0xE7, 0x1A, 0xE7,
    0x1A, 0xE7, 0x1A, 0xE7, 0x1A, 0xE7, 0x1A, 0xE7, 0x1A, 0xE7, 0x1A, 0xE7, 0xFA, 0xE6, 0xFA, 0xE6,
    0xFA, 0xE6, 0xFA, 0xE6, 0xFA, 0xE6, 0xFA, 0xE6, 0xFA, 0xE6, 0xFA, 0xE6, 0xFA, 0xE6, 0xFA, 0xE6,
    0xFA, 0xE6, 0xFA, 0xDE, 0xFA, 0xDE, 0xFA, 0xDE, 0xFA, 0xDE, 0xFA, 0xDE, 0xFA, 0xDE, 0xFA, 0xDE,
    0xDC, 0xD6, 0xDC, 0xD6, 0xDC, 0xD6, 0xBB, 0xD6, 0xBB, 0xD6, 0xBB, 0xD6, 0xBB, 0xD6, 0xBB, 0xD6,
    0xBB, 0xD6, 0xBB, 0xD6, 0xBB, 0xD6, 0xBB, 0xD6, 0xBB, 0xD6, 0xBB, 0xD6, 0xBB, 0xD6, 0xBB, 0xD6,
    0xBB, 0xD6, 0xBB, 0xD6, 0xBB, 0xD6, 0xBB, 0xD6, 0xBB, 0xD6, 0xBB, 0xD6, 0xBB, 0xD6, 0xBB, 0xD6,
    0xBB, 0xD6, 0xBB, 0xD6, 0xBB, 0xD6, 0xBB, 0xD6, 0xBB, 0xD6, 0xBB, 0xD6, 0xBB, 0xD6, 0xBB, 0xD6,
    0xBB, 0xD6, 0xBB, 0xD6, 0xBA, 0xCE, 0x9A, 0xCE, 0xBA, 0xD6, 0xBA, 0xD6, 0xBB, 0xD6, 0xBA, 0xD6,
    0xBA, 0xCE, 0xBA, 0xCE, 0xBA, 0xD6, 0xBA, 0xD6, 0xBA, 0xD6, 0xBA, 0xD6, 0xBA, 0xD6, 0xBA, 0xD6,
    0xBA, 0xD6, 0xBA, 0xD6, 0xBA, 0xD6, 0xBA, 0xD6, 0xBA, 0xD6, 0xBA, 0xD6, 0xBA, 0xD6, 0xBA, 0xD6,
    0xBA, 0xD6, 0xBA, 0xD6, 0xBA, 0xD6, 0xBA, 0xD6, 0xBA, 0xD6, 0xBA, 0xD6, 0xBB, 0xD6, 0xBB, 0xD6,
    0xBB, 0xD6, 0xBB, 0xD6, 0xBB, 0xD6, 0xBB, 0xD6, 0xBB, 0xD6, 0xBB, 0xD6, 0xBB, 0xD6, 0xDB, 0xD6,
    0xDB, 0xD6, 0xDB, 0xD6, 0xBA, 0xD6, 0xBA, 0xD6, 0x79, 0xCE, 0x79, 0xCE, 0x58, 0xCE, 0x17, 0xC6,
    0xB6, 0xBD, 0x13, 0xA5, 0x91, 0x94, 0x2F, 0x8C, 0xCE, 0x7B, 0x8C, 0x73, 0x4C, 0x6B, 0x4B, 0x6B,
    0x2B, 0x6B, 0x2B, 0x63, 0x0B, 0x63, 0x0B, 0x63, 0xEA, 0x5A, 0xA9, 0x5A, 0xA9, 0x52, 0x89, 0x52,
    0x48, 0x4A, 0x07, 0x42, 0xC6, 0x39, 0x65, 0x31, 0x44, 0x29, 0x23, 0x21, 0x03, 0x21, 0x03, 0x21,
    0x03, 0x21, 0xE3, 0x20, 0xE3, 0x20, 0xE3, 0x20, 0xE3, 0x20, 0xE3, 0x20, 0xC3, 0x20, 0xE3, 0x20,
    0x03, 0x21, 0x24, 0x29, 0x64, 0x31, 0xA5, 0x39, 0xC5, 0x39, 0xC6, 0x39, 0xC6, 0x39, 0xA5, 0x39,
    0xA5, 0x39, 0xA5, 0x39, 0xC6, 0x39, 0xE6, 0x41, 0xE6, 0x41, 0xE6, 0x41, 0xE6, 0x41, 0xE6, 0x41,
    0xE6, 0x41, 0x07, 0x4A, 0x27, 0x4A, 0x47, 0x4A, 0x47, 0x4A, 0x47, 0x4A, 0x68, 0x52, 0x68, 0x52,
    0x68, 0x52, 0x68, 0x52, 0x88, 0x52, 0xA9, 0x5A, 0x0A, 0x63, 0x2B, 0x6B, 0x6B, 0x6B, 0x6C, 0x73,
    0x8C, 0x7B, 0xAD, 0x7B, 0xAD, 0x7B, 0xAD, 0x83, 0xCD, 0x83, 0xED, 0x83, 0xEE, 0x8B, 0x0E, 0x8C,
    0x2E, 0x8C, 0x2E, 0x8C, 0x2E, 0x8C, 0x2F, 0x8C, 0x2F, 0x8C, 0x2F, 0x8C, 0x2E, 0x8C, 0x2F, 0x8C,
    0x2F, 0x8C, 0x2F, 0x8C, 0x2F, 0x8C, 0x2F, 0x94, 0x4F, 0x94, 0x4F, 0x94, 0x4F, 0x94, 0x4F, 0x94,
    0x4F, 0x94, 0x4F, 0x94, 0x2E, 0x8C, 0x2E, 0x8C, 0x2E, 0x8C, 0x2E, 0x8C, 0x2E, 0x8C, 0x4F, 0x94,
    0x4F, 0x94, 0x4F, 0x94, 0x6F, 0x94, 0x4F, 0x94, 0x6F, 0x94, 0x6F, 0x94, 0x6F, 0x94, 0x6F, 0x94,
    0x4F, 0x94, 0x2F, 0x94, 0x2E, 0x8C, 0x0E, 0x8C, 0x0E, 0x8C, 0x0E, 0x8C, 0xEE, 0x83, 0xED, 0x83,
    0xCD, 0x7B, 0x8C, 0x7B, 0x6B, 0x73, 0x4B, 0x73, 0x0B, 0x6B, 0x0A, 0x6B, 0xEA, 0x62, 0xEA, 0x62,
    0xA9, 0x5A, 0x88, 0x52, 0x88, 0x52, 0x48, 0x52, 0x27, 0x4A, 0xC5, 0x39, 0x85, 0x31, 0x85, 0x31,
    0x64, 0x29, 0xE2, 0x18, 0xA1, 0x10, 0x20, 0x08, 0x00, 0x00, 0x00, 0x00, 0x00, 0x00, 0x00, 0x00,
    0x00, 0x00, 0x00, 0x00, 0x20, 0x00, 0x20, 0x00, 0x20, 0x00, 0x40, 0x08, 0xC2, 0x18, 0x03, 0x21,
    0x24, 0x29, 0x44, 0x29, 0x44, 0x29, 0x44, 0x29, 0x65, 0x29, 0x85, 0x31, 0xC6, 0x39, 0xE7, 0x39,
    0x07, 0x42, 0xE6, 0x39, 0x65, 0x29, 0xC2, 0x18, 0x40, 0x08, 0x40, 0x08, 0x40, 0x08, 0x81, 0x10,
    0xA2, 0x18, 0xC2, 0x18, 0x03, 0x29, 0x43, 0x29, 0x64, 0x31, 0x64, 0x31, 0xA5, 0x39, 0xA5, 0x39,
    0xA5, 0x41, 0xC5, 0x41, 0xC5, 0x41, 0xE6, 0x41, 0x27, 0x4A, 0x47, 0x4A, 0x68, 0x52, 0xA9, 0x5A,
    0xC9, 0x5A, 0xC9, 0x5A, 0xC9, 0x62, 0x0A, 0x63, 0x8C, 0x73, 0xEE, 0x83, 0x0E, 0x84, 0xF2, 0xA4,
    0x74, 0xB5, 0x94, 0xB5, 0xD5, 0xBD, 0x16, 0xC6, 0x78, 0xD6, 0xFA, 0xE6, 0x1A, 0xE7, 0x1A, 0xE7,
    0x1A, 0xE7, 0x3B, 0xE7, 0x3B, 0xEF, 0x3B, 0xEF, 0x3B, 0xE7, 0x3A, 0xE7, 0x3A, 0xE7, 0x3A, 0xE7,
    0x3A, 0xE7, 0x3A, 0xE7, 0x3A, 0xE7, 0x3A, 0xE7, 0x3A, 0xE7, 0x3A, 0xE7, 0x3A, 0xE7, 0x3A, 0xE7,
    0x3A, 0xE7, 0x3A, 0xE7, 0x3A, 0xE7, 0x3A, 0xE7, 0x3A, 0xE7, 0x3A, 0xE7, 0x3A, 0xE7, 0x3A, 0xE7,
    0x1A, 0xE7, 0x1A, 0xE7, 0x1A, 0xE7, 0x1A, 0xE7, 0x1A, 0xE7, 0x1A, 0xE7, 0x1A, 0xE7, 0xFA, 0xE6,
    0xFA, 0xE6, 0xFA, 0xE6, 0xFA, 0xE6, 0xFA, 0xE6, 0xFA, 0xE6, 0xFA, 0xE6, 0xFA, 0xE6, 0xFA, 0xE6,
    0xFA, 0xE6, 0xFA, 0xDE, 0xFA, 0xDE, 0xFA, 0xDE, 0xFA, 0xDE, 0xFA, 0xDE, 0xF9, 0xDE, 0xF9, 0xDE,
    0xDC, 0xD6, 0xDC, 0xD6, 0xDC, 0xD6, 0xBB, 0xD6, 0xBB, 0xD6, 0xBB, 0xD6, 0xBB, 0xD6, 0xBB, 0xD6,
    0xBB, 0xD6, 0xBB, 0xD6, 0xBB, 0xD6, 0xBB, 0xD6, 0xBB, 0xD6, 0xBB, 0xD6, 0xBB, 0xD6, 0xBB, 0xD6,
    0xBB, 0xD6, 0xBB, 0xD6, 0xBB, 0xD6, 0xBB, 0xD6, 0xBB, 0xD6, 0xBB, 0xD6, 0xBB, 0xD6, 0xBB, 0xD6,
    0xBB, 0xD6, 0xBB, 0xD6, 0xBB, 0xD6, 0xBB, 0xD6, 0xBB, 0xD6, 0xBB, 0xD6, 0xBB, 0xD6, 0xBB, 0xD6,
    0xBB, 0xD6, 0xBB, 0xD6, 0xBB, 0xD6, 0xBB, 0xD6, 0xBB, 0xD6, 0xBB, 0xD6, 0xBB, 0xD6, 0xBB, 0xD6,
    0xBA, 0xD6, 0xBA, 0xD6, 0xBA, 0xD6, 0xBA, 0xD6, 0xBA, 0xD6, 0xBA, 0xD6, 0xBA, 0xD6, 0xDB, 0xD6,
    0xDB, 0xD6, 0xDB, 0xD6, 0xBA, 0xD6, 0xDB, 0xD6, 0xDB, 0xD6, 0xDB, 0xD6, 0xDA, 0xD6, 0xDB, 0xD6,
    0xDB, 0xD6, 0xBA, 0xD6, 0xBA, 0xD6, 0xBA, 0xD6, 0xBA, 0xD6, 0xBA, 0xD6, 0xBB, 0xD6, 0xBB, 0xD6,
    0xBB, 0xD6, 0xBB, 0xD6, 0xBB, 0xD6, 0xBB, 0xD6, 0xBB, 0xD6, 0xBB, 0xD6, 0xBB, 0xD6, 0xBA, 0xD6,
    0xBA, 0xD6, 0xBA, 0xD6, 0xBA, 0xD6, 0x7A, 0xCE, 0x59, 0xC6, 0xF7, 0xBD, 0xD6, 0xBD, 0xB6, 0xBD,
    0x54, 0xAD, 0x91, 0x94, 0x2F, 0x8C, 0x2F, 0x8C, 0xEF, 0x83, 0x6C, 0x73, 0x4B, 0x6B, 0x2B, 0x6B,
    0x0B, 0x63, 0xEA, 0x62, 0xCA, 0x5A, 0xCA, 0x5A, 0xA9, 0x5A, 0x89, 0x52, 0x68, 0x4A, 0x48, 0x4A,
    0x07, 0x42, 0xC6, 0x39, 0x85, 0x31, 0x24, 0x21, 0xE3, 0x20, 0xC2, 0x18, 0xA2, 0x18, 0xA2, 0x18,
    0xA2, 0x18, 0xA2, 0x18, 0xA2, 0x18, 0xA2, 0x18, 0xA2, 0x10, 0xA2, 0x10, 0x82, 0x10, 0x82, 0x10,
    0xC2, 0x18, 0xC3, 0x18, 0xE3, 0x20, 0x03, 0x21, 0x64, 0x29, 0xA5, 0x31, 0xA6, 0x39, 0xA5, 0x39,
    0xA5, 0x39, 0xA5, 0x39, 0x85, 0x39, 0x85, 0x39, 0x85, 0x39, 0xA5, 0x39, 0xC6, 0x41, 0xE6, 0x41,
    0xE6, 0x41, 0x06, 0x42, 0x27, 0x4A, 0x47, 0x4A, 0x47, 0x4A, 0x47, 0x4A, 0x47, 0x52, 0x68, 0x52,
    0x68, 0x52, 0x68, 0x52, 0x88, 0x52, 0xA8, 0x5A, 0xEA, 0x62, 0x2B, 0x63, 0x6B, 0x6B, 0x6C, 0x73,
    0xAD, 0x7B, 0xAD, 0x7B, 0xAD, 0x7B, 0xAD, 0x83, 0xCD, 0x83, 0xCD, 0x83, 0xEE, 0x8B, 0x0E, 0x8C,
    0x2E, 0x8C, 0x2E, 0x8C, 0x2E, 0x8C, 0x2F, 0x8C, 0x2F, 0x8C, 0x2F, 0x8C, 0x2E, 0x8C, 0x2F, 0x8C,
    0x2F, 0x8C, 0x2F, 0x8C, 0x2F, 0x8C, 0x2F, 0x8C, 0x2F, 0x8C, 0x2E, 0x8C, 0x4F, 0x8C, 0x4F, 0x8C,
    0x2E, 0x8C, 0x2E, 0x8C, 0x2E, 0x8C, 0x2E, 0x8C, 0x2E, 0x8C, 0x2E, 0x8C, 0x2E, 0x8C, 0x2E, 0x8C,
    0x4F, 0x8C, 0x4F, 0x94, 0x4F, 0x94, 0x4F, 0x94, 0x4F, 0x94, 0x6F, 0x94, 0x6F, 0x94, 0x70, 0x94,
    0x6F, 0x94, 0x4F, 0x94, 0x2F, 0x94, 0x2F, 0x8C, 0x2E, 0x8C, 0x0E, 0x8C, 0x0E, 0x8C, 0xEE, 0x83,
    0xCD, 0x83, 0x8C, 0x7B, 0x6C, 0x73, 0x6B, 0x73, 0x2B, 0x6B, 0x2B, 0x6B, 0x0B, 0x6B, 0xEA, 0x62,
    0xC9, 0x62, 0x89, 0x5A, 0x88, 0x52, 0x48, 0x52, 0x27, 0x4A, 0xA5, 0x39, 0xA5, 0x31, 0x85, 0x31,
    0xE2, 0x20, 0x61, 0x10, 0x40, 0x08, 0x00, 0x00, 0x00, 0x00, 0x00, 0x00, 0x00, 0x00, 0x20, 0x00,
    0x20, 0x00, 0x20, 0x00, 0x40, 0x08, 0x40, 0x08, 0x41, 0x08, 0x61, 0x08, 0xE3, 0x18, 0x03, 0x21,
    0x24, 0x29, 0x44, 0x29, 0x24, 0x29, 0x44, 0x29, 0x65, 0x29, 0x85, 0x31, 0xC6, 0x39, 0xE7, 0x39,
    0x07, 0x42, 0x68, 0x4A, 0x89, 0x52, 0x27, 0x42, 0x85, 0x31, 0xC2, 0x18, 0x40, 0x08, 0x60, 0x08,
    0x61, 0x10, 0x81, 0x10, 0xC2, 0x18, 0x03, 0x29, 0x24, 0x29, 0x44, 0x31, 0x64, 0x31, 0x85, 0x39,
    0x84, 0x39, 0x84, 0x39, 0x85, 0x39, 0xA5, 0x39, 0xE6, 0x41, 0xE6, 0x41, 0xE6, 0x41, 0xE6, 0x41,
    0xE6, 0x41, 0xE6, 0x41, 0xE6, 0x41, 0x06, 0x42, 0x47, 0x4A, 0x88, 0x52, 0x0A, 0x63, 0xEE, 0x83,
    0x0E, 0x84, 0x2F, 0x8C, 0xB1, 0x9C, 0x12, 0xA5, 0x74, 0xB5, 0xD5, 0xC5, 0x57, 0xCE, 0x78, 0xD6,
    0x98, 0xD6, 0xFA, 0xDE, 0x1A, 0xE7, 0x3B, 0xE7, 0x3A, 0xE7, 0x3A, 0xE7, 0x3A, 0xE7, 0x3A, 0xE7,
    0x3A, 0xE7, 0x3A, 0xE7, 0x3A, 0xE7, 0x3A, 0xE7, 0x3A, 0xE7, 0x3A, 0xE7, 0x3A, 0xE7, 0x3A, 0xE7,
    0x3A, 0xE7, 0x3A, 0xE7, 0x3A, 0xE7, 0x3A, 0xE7, 0x3A, 0xE7, 0x3A, 0xE7, 0x3A, 0xE7, 0x3A, 0xE7,
    0x1A, 0xE7, 0x1A, 0xE7, 0x1A, 0xE7, 0x1A, 0xE7, 0x1A, 0xE7, 0x1A, 0xE7, 0x1A, 0xE7, 0x1A, 0xE7,
    0x1A, 0xE7, 0x1A, 0xE7, 0x1A, 0xE7, 0xFA, 0xE6, 0xFA, 0xE6, 0xFA, 0xE6, 0xFA, 0xE6, 0xFA, 0xE6,
    0xFA, 0xE6, 0xFA, 0xDE, 0xFA, 0xDE, 0xFA, 0xDE, 0xFA, 0xDE, 0xFA, 0xDE, 0xF9, 0xDE, 0xD9, 0xDE,
    0xDC, 0xD6, 0xDC, 0xD6, 0xDC, 0xD6, 0xBB, 0xD6, 0xBB, 0xD6, 0xBB, 0xD6, 0xBB, 0xD6, 0xBB, 0xD6,
    0xBB, 0xD6, 0xBB, 0xD6, 0xBB, 0xD6, 0xBB, 0xD6, 0xBB, 0xD6, 0xBB, 0xD6, 0xBB, 0xD6, 0xBB, 0xD6,
    0xBB, 0xD6, 0xBB, 0xD6, 0xBB, 0xD6, 0xBB, 0xD6, 0xBB, 0xD6, 0xBB, 0xD6, 0xBB, 0xD6, 0xBB, 0xD6,
    0xBB, 0xD6, 0xBB, 0xD6, 0xBB, 0xD6, 0xBB, 0xD6, 0xBB, 0xD6, 0xBB, 0xD6, 0xBB, 0xD6, 0xBB, 0xD6,
    0xDB, 0xD6, 0xBB, 0xD6, 0xBB, 0xD6, 0xBB, 0xD6, 0xBB, 0xD6, 0xBB, 0xD6, 0xBB, 0xD6, 0xBB, 0xD6,
    0xBA, 0xD6, 0xBA, 0xD6, 0xBA, 0xD6, 0xBA, 0xD6, 0xBA, 0xD6, 0xBA, 0xD6, 0xBA, 0xD6, 0xDB, 0xD6,
    0xDB, 0xD6, 0xDB, 0xD6, 0xDB, 0xD6, 0xDB, 0xD6, 0xDB, 0xD6, 0xDB, 0xD6, 0xDB, 0xD6, 0xDB, 0xD6,
    0xDB, 0xD6, 0xBA, 0xD6, 0xBA, 0xD6, 0xBA, 0xD6, 0xBB, 0xD6, 0xBB, 0xD6, 0xBB, 0xD6, 0xBB, 0xD6,
    0xBB, 0xD6, 0xBB, 0xD6, 0xBB, 0xD6, 0xBB, 0xD6, 0xBB, 0xD6, 0xBB, 0xD6, 0xBB, 0xD6, 0xBA, 0xCE,
    0x9A, 0xCE, 0x9A, 0xCE, 0x7A, 0xCE, 0x59, 0xC6, 0x38, 0xC6, 0xB6, 0xB5, 0x54, 0xA5, 0x13, 0xA5,
    0xB1, 0x94, 0x0F, 0x84, 0xAD, 0x7B, 0xAD, 0x7B, 0x8D, 0x73, 0x4C, 0x6B, 0x2B, 0x63, 0x0B, 0x63,
    0x0B, 0x63, 0xEA, 0x62, 0xCA, 0x5A, 0xCA, 0x5A, 0xA9, 0x52, 0x68, 0x4A, 0x28, 0x42, 0x07, 0x42,
    0xC6, 0x39, 0x85, 0x31, 0x44, 0x29, 0x03, 0x21, 0xC2, 0x18, 0xA1, 0x10, 0x81, 0x10, 0x81, 0x10,
    0x81, 0x10, 0x81, 0x10, 0x81, 0x10, 0x81, 0x10, 0x61, 0x10, 0x61, 0x10, 0x61, 0x10, 0x61, 0x10,
    0x82, 0x10, 0x82, 0x10, 0x82, 0x10, 0xA2, 0x10, 0xE3, 0x20, 0x64, 0x29, 0x64, 0x29, 0x85, 0x31,
    0xA5, 0x39, 0xA5, 0x39, 0x64, 0x31, 0x64, 0x31, 0x64, 0x31, 0x64, 0x31, 0x85, 0x39, 0xA5, 0x39,
    0xE6, 0x41, 0x06, 0x42, 0x07, 0x4A, 0x27, 0x4A, 0x47, 0x4A, 0x47, 0x4A, 0x47, 0x52, 0x68, 0x52,
    0x68, 0x52, 0x68, 0x52, 0x88, 0x52, 0x88, 0x52, 0xA9, 0x5A, 0x0A, 0x63, 0x6B, 0x6B, 0x6C, 0x73,
    0xAD, 0x7B, 0xAD, 0x7B, 0xAD, 0x7B, 0xCD, 0x83, 0xCD, 0x83, 0xCD, 0x83, 0x0E, 0x8C, 0x2E, 0x8C,
    0x2E, 0x8C, 0x2E, 0x8C, 0x2E, 0x8C, 0x2F, 0x8C, 0x2F, 0x8C, 0x2F, 0x8C, 0x2F, 0x8C, 0x2F, 0x8C,
    0x2F, 0x8C, 0x2F, 0x8C, 0x2F, 0x8C, 0x0E, 0x8C, 0x0E, 0x8C, 0x2E, 0x8C, 0x2E, 0x8C, 0x2E, 0x8C,
    0x2E, 0x8C, 0x2E, 0x8C, 0x2E, 0x8C, 0x0E, 0x8C, 0x0E, 0x8C, 0x0E, 0x8C, 0x0E, 0x8C, 0x2E, 0x8C,
    0x2E, 0x8C, 0x2E, 0x8C, 0x4F, 0x8C, 0x4F, 0x94, 0x4F, 0x94, 0x6F, 0x94, 0x6F, 0x94, 0x70, 0x94,
    0x70, 0x94, 0x4F, 0x94, 0x4F, 0x94, 0x2F, 0x8C, 0x2E, 0x8C, 0x2E, 0x8C, 0x0E, 0x8C, 0x0E, 0x84,
    0xCD, 0x83, 0xAC, 0x7B, 0x8C, 0x73, 0x6B, 0x73, 0x4B, 0x73, 0x4C, 0x73, 0x4B, 0x6B, 0x0A, 0x6B,
    0xEA, 0x62, 0xA9, 0x5A, 0x88, 0x52, 0x68, 0x52, 0x27, 0x4A, 0xA5, 0x39, 0xA5, 0x39, 0x44, 0x29,
    0x81, 0x10, 0x00, 0x00, 0x00, 0x00, 0x00, 0x00, 0x00, 0x00, 0x00, 0x00, 0x00, 0x00, 0x00, 0x00,
    0x40, 0x00, 0x41, 0x08, 0x61, 0x08, 0x61, 0x08, 0x61, 0x08, 0x81, 0x08, 0x81, 0x10, 0xA2, 0x18,
    0xC2, 0x18, 0xC2, 0x18, 0xC2, 0x18, 0xE3, 0x20, 0x24, 0x29, 0x44, 0x29, 0x85, 0x31, 0xC6, 0x39,
    0xE7, 0x39, 0x28, 0x42, 0xCA, 0x5A, 0xEA, 0x5A, 0x89, 0x52, 0xC6, 0x39, 0xC2, 0x18, 0x61, 0x10,
    0x60, 0x08, 0x60, 0x10, 0x81, 0x10, 0xC2, 0x18, 0x03, 0x21, 0x23, 0x29, 0x44, 0x31, 0x64, 0x31,
    0x64, 0x31, 0x64, 0x31, 0x64, 0x31, 0x84, 0x39, 0xA5, 0x39, 0xA5, 0x39, 0x84, 0x31, 0x43, 0x31,
    0x84, 0x31, 0x84, 0x31, 0x84, 0x31, 0xA5, 0x39, 0xA5, 0x39, 0xC5, 0x39, 0x27, 0x4A, 0xA9, 0x5A,
    0x88, 0x52, 0xC9, 0x5A, 0x4B, 0x73, 0xEE, 0x83, 0x90, 0x94, 0xF2, 0xA4, 0x74, 0xB5, 0xF6, 0xC5,
    0x57, 0xCE, 0x98, 0xD6, 0xB9, 0xDE, 0xFA, 0xE6, 0x3A, 0xE7, 0x3A, 0xE7, 0x1A, 0xE7, 0x3A, 0xE7,
    0x3A, 0xE7, 0x3A, 0xE7, 0x3A, 0xE7, 0x3A, 0xE7, 0x3A, 0xE7, 0x3A, 0xE7, 0x3A, 0xE7, 0x3A, 0xE7,
    0x3A, 0xE7, 0x3A, 0xE7, 0x3A, 0xE7, 0x3A, 0xE7, 0x3A, 0xE7, 0x3A, 0xE7, 0x3A, 0xE7, 0x3A, 0xE7,
    0x1A, 0xE7, 0x1A, 0xE7, 0x1A, 0xE7, 0x1A, 0xE7, 0x1A, 0xE7, 0x1A, 0xE7, 0x1A, 0xE7, 0x1A, 0xE7,
    0x1A, 0xE7, 0x1A, 0xE7, 0x1A, 0xE7, 0xFA, 0xE6, 0xFA, 0xE6, 0xFA, 0xE6, 0xFA, 0xE6, 0xFA, 0xE6,
    0xFA, 0xE6, 0xFA, 0xDE, 0xFA, 0xDE, 0xFA, 0xDE, 0xFA, 0xDE, 0xFA, 0xDE, 0xF9, 0xDE, 0xD9, 0xDE,
    0xDC, 0xD6, 0xDC, 0xD6, 0xDC, 0xD6, 0xDB, 0xD6, 0xDB, 0xD6, 0xBB, 0xD6, 0xBB, 0xD6, 0xBB, 0xD6,
    0xBB, 0xD6, 0xBB, 0xD6, 0xBB, 0xD6, 0xBB, 0xD6, 0xBB, 0xD6, 0xBB, 0xD6, 0xBB, 0xD6, 0xBB, 0xD6,
    0xBB, 0xD6, 0xBB, 0xD6, 0xDB, 0xD6, 0xDB, 0xD6, 0xBB, 0xD6, 0xBB, 0xD6, 0xBB, 0xD6, 0xBB, 0xD6,
    0xBB, 0xD6, 0xBB, 0xD6, 0xBB, 0xD6, 0xBB, 0xD6, 0xBB, 0xD6, 0xDB, 0xD6, 0xDB, 0xD6, 0xDB, 0xD6,
    0xDB, 0xD6, 0xDB, 0xD6, 0xDB, 0xD6, 0xDB, 0xD6, 0xDB, 0xD6, 0xDB, 0xD6, 0xDB, 0xD6, 0xDB, 0xD6,
    0xBA, 0xD6, 0xBA, 0xD6, 0xBA, 0xD6, 0xBA, 0xD6, 0xDB, 0xD6, 0xDB, 0xD6, 0xDB, 0xD6, 0xDB, 0xD6,
    0xDB, 0xD6, 0xDB, 0xD6, 0xDB, 0xD6, 0xDB, 0xD6, 0xDB, 0xD6, 0xDB, 0xD6, 0xDB, 0xD6, 0xBB, 0xD6,
    0xBB, 0xD6, 0xBB, 0xD6, 0xBB, 0xD6, 0xBB, 0xD6, 0xBB, 0xD6, 0xBB, 0xD6, 0xBB, 0xD6, 0xBB, 0xD6,
    0xBB, 0xD6, 0xBB, 0xD6, 0xBB, 0xD6, 0xBB, 0xD6, 0xBB, 0xD6, 0xBB, 0xD6, 0xBB, 0xD6, 0xBB, 0xD6,
    0x9A, 0xCE, 0x7A, 0xCE, 0x59, 0xCE, 0x18, 0xBE, 0xD7, 0xBD, 0xB6, 0xB5, 0x54, 0xA5, 0xD2, 0x9C,
    0x70, 0x8C, 0xEE, 0x83, 0x8C, 0x73, 0x2B, 0x6B, 0x2B, 0x6B, 0x2B, 0x6B, 0x0B, 0x63, 0x0B, 0x63,
    0x0B, 0x63, 0xCA, 0x5A, 0x89, 0x52, 0xA9, 0x52, 0x68, 0x4A, 0x07, 0x42, 0xC6, 0x39, 0x65, 0x31,
    0x44, 0x29, 0x03, 0x21, 0xE3, 0x18, 0xC2, 0x18, 0xA2, 0x10, 0x81, 0x10, 0x81, 0x10, 0x81, 0x10,
    0x81, 0x10, 0x81, 0x10, 0x81, 0x10, 0x81, 0x10, 0x81, 0x10, 0x81, 0x10, 0x81, 0x10, 0x81, 0x10,
    0x81, 0x10, 0x81, 0x10, 0x81, 0x10, 0x61, 0x10, 0xA2, 0x18, 0x03, 0x21, 0xE3, 0x20, 0x24, 0x29,
    0x65, 0x31, 0x85, 0x31, 0x65, 0x31, 0x64, 0x31, 0x64, 0x31, 0x64, 0x31, 0x64, 0x31, 0x85, 0x31,
    0xC5, 0x39, 0xE6, 0x41, 0xE6, 0x41, 0x06, 0x4A, 0x27, 0x4A, 0x47, 0x4A, 0x47, 0x4A, 0x67, 0x4A,
    0x47, 0x4A, 0x68, 0x4A, 0x68, 0x52, 0x47, 0x4A, 0x88, 0x52, 0x0A, 0x63, 0x6C, 0x73, 0x6C, 0x73,
    0xAD, 0x7B, 0xAD, 0x7B, 0xCD, 0x83, 0xED, 0x83, 0xED, 0x83, 0x0E, 0x84, 0x2E, 0x8C, 0x2F, 0x8C,
    0x2F, 0x8C, 0x2F, 0x8C, 0x2F, 0x8C, 0x2F, 0x8C, 0x2F, 0x8C, 0x2F, 0x8C, 0x2F, 0x8C, 0x4F, 0x8C,
    0x4F, 0x8C, 0x4F, 0x8C, 0x2F, 0x8C, 0x2E, 0x8C, 0x2E, 0x8C, 0x2E, 0x8C, 0x2E, 0x8C, 0x2E, 0x8C,
    0x0E, 0x8C, 0x0E, 0x8C, 0x0E, 0x8C, 0x0E, 0x8C, 0x0E, 0x8C, 0x0E, 0x8C, 0x2E, 0x8C, 0x2F, 0x8C,
    0x2F, 0x8C, 0x2F, 0x8C, 0x4F, 0x8C, 0x4F, 0x94, 0x6F, 0x94, 0x70, 0x94, 0x70, 0x94, 0x70, 0x94,
    0x70, 0x94, 0x4F, 0x94, 0x4F, 0x94, 0x4F, 0x94, 0x2E, 0x8C, 0x2E, 0x8C, 0x2E, 0x8C, 0x0E, 0x8C,
    0xEE, 0x83, 0xCD, 0x7B, 0x8C, 0x7B, 0x6C, 0x73, 0x6C, 0x73, 0x6C, 0x73, 0x4B, 0x6B, 0x2B, 0x6B,
    0xEA, 0x62, 0xC9, 0x5A, 0x89, 0x5A, 0x68, 0x52, 0x27, 0x4A, 0xA5, 0x39, 0x64, 0x31, 0xA1, 0x18,
    0x20, 0x00, 0x00, 0x00, 0x00, 0x00, 0x00, 0x00, 0x00, 0x00, 0x20, 0x00, 0x20, 0x00, 0x20, 0x00,
    0x40, 0x08, 0x61, 0x08, 0x41, 0x08, 0x40, 0x08, 0x40, 0x08, 0x41, 0x08, 0x40, 0x08, 0x40, 0x08,
    0x61, 0x08, 0x81, 0x10, 0x81, 0x10, 0x81, 0x10, 0xC2, 0x18, 0x03, 0x19, 0x24, 0x21, 0x65, 0x29,
    0x85, 0x31, 0xC6, 0x39, 0x27, 0x42, 0x89, 0x52, 0xCA, 0x5A, 0x89, 0x52, 0xC6, 0x39, 0x81, 0x10,
    0x20, 0x08, 0x60, 0x10, 0x81, 0x10, 0x81, 0x10, 0xA1, 0x18, 0xE2, 0x20, 0x43, 0x29, 0x64, 0x31,
    0x64, 0x31, 0x84, 0x31, 0x84, 0x31, 0x84, 0x31, 0x84, 0x31, 0x84, 0x31, 0x84, 0x31, 0x84, 0x31,
    0x84, 0x31, 0x84, 0x31, 0x84, 0x31, 0x84, 0x31, 0x84, 0x31, 0x84, 0x39, 0xA5, 0x39, 0xA5, 0x39,
    0xE6, 0x41, 0x27, 0x4A, 0x68, 0x52, 0xA9, 0x5A, 0x0A, 0x63, 0x4B, 0x6B, 0xCD, 0x7B, 0x90, 0x94,
    0x12, 0xA5, 0x94, 0xB5, 0x16, 0xC6, 0x98, 0xD6, 0xB9, 0xDE, 0xD9, 0xDE, 0xD9, 0xDE, 0xFA, 0xE6,
    0x1A, 0xE7, 0x3A, 0xE7, 0x3A, 0xE7, 0x3A, 0xE7, 0x3A, 0xE7, 0x3A, 0xE7, 0x3A, 0xE7, 0x3A, 0xE7,
    0x3A, 0xE7, 0x3A, 0xE7, 0x3A, 0xE7, 0x3A, 0xE7, 0x3A, 0xE7, 0x3A, 0xE7, 0x3A, 0xE7, 0x3A, 0xE7,
    0x3A, 0xE7, 0x3A, 0xE7, 0x1A, 0xE7, 0x1A, 0xE7, 0x1A, 0xE7, 0x1A, 0xE7, 0x1A, 0xE7, 0x1A, 0xE7,
    0x1A, 0xE7, 0x1A, 0xE7, 0x1A, 0xE7, 0x1A, 0xE7, 0x1A, 0xE7, 0x1A, 0xE7, 0xFA, 0xE6, 0xFA, 0xE6,
    0xFA, 0xE6, 0xFA, 0xE6, 0xFA, 0xE6, 0xFA, 0xE6, 0xFA, 0xDE, 0xFA, 0xDE, 0xF9, 0xDE, 0xD9, 0xDE,
    0xDC, 0xD6, 0xDC, 0xD6, 0xDC, 0xD6, 0xDB, 0xD6, 0xDB, 0xD6, 0xDB, 0xD6, 0xDB, 0xD6, 0xBB, 0xD6,
    0xBB, 0xD6, 0xBB, 0xD6, 0xBB, 0xD6, 0xBB, 0xD6, 0xBB, 0xD6, 0xBB, 0xD6, 0xBB, 0xD6, 0xBB, 0xD6,
    0xBB, 0xD6, 0xBB, 0xD6, 0xDB, 0xD6, 0xDB, 0xD6, 0xDB, 0xD6, 0xDB, 0xD6, 0xBB, 0xD6, 0xBB, 0xD6,
    0xBB, 0xD6, 0xBB, 0xD6, 0xBB, 0xD6, 0xBB, 0xD6, 0xBB, 0xD6, 0xDB, 0xD6, 0xDB, 0xD6, 0xDB, 0xD6,
    0xDB, 0xD6, 0xDB, 0xD6, 0xDB, 0xD6, 0xDB, 0xD6, 0xDB, 0xD6, 0xDB, 0xD6, 0xDB, 0xD6, 0xDB, 0xD6,
    0xDB, 0xD6, 0xDB, 0xD6, 0xBA, 0xD6, 0xBA, 0xD6, 0xDB, 0xD6, 0xDB, 0xD6, 0xDB, 0xD6, 0xDB, 0xD6,
    0xDB, 0xD6, 0xDB, 0xD6, 0xDB, 0xD6, 0xDB, 0xD6, 0xDB, 0xD6, 0xDB, 0xD6, 0xDB, 0xD6, 0xDB, 0xD6,
    0xDB, 0xD6, 0xDB, 0xD6, 0xDB, 0xD6, 0xBB, 0xD6, 0xBB, 0xD6, 0xBC, 0xD6, 0xBB, 0xD6, 0xBB, 0xD6,
    0xBB, 0xD6, 0xBB, 0xD6, 0xBB, 0xD6, 0xBB, 0xD6, 0xBB, 0xD6, 0xBA, 0xD6, 0xBA, 0xD6, 0xBA, 0xD6,
    0x9A, 0xCE, 0x79, 0xCE, 0x39, 0xC6, 0xF7, 0xBD, 0xD7, 0xB5, 0xB6, 0xB5, 0x54, 0xA5, 0xF3, 0x9C,
    0xD2, 0x9C, 0x0F, 0x84, 0x8D, 0x73, 0x2B, 0x6B, 0xEA, 0x62, 0x0A, 0x63, 0x0A, 0x63, 0x0A, 0x63,
    0xCA, 0x5A, 0x89, 0x52, 0x48, 0x4A, 0x27, 0x42, 0xE6, 0x39, 0xA5, 0x31, 0x64, 0x29, 0x03, 0x21,
    0xE3, 0x18, 0x03, 0x19, 0xC2, 0x18, 0xA2, 0x10, 0x81, 0x10, 0x81, 0x10, 0x81, 0x10, 0x81, 0x10,
    0x81, 0x10, 0x81, 0x10, 0x81, 0x10, 0x81, 0x10, 0x81, 0x10, 0x81, 0x10, 0x81, 0x10, 0x81, 0x10,
    0x81, 0x10, 0x81, 0x10, 0x81, 0x10, 0x81, 0x10, 0x81, 0x10, 0x81, 0x10, 0x81, 0x10, 0xA2, 0x18,
    0xE3, 0x20, 0x24, 0x21, 0x44, 0x29, 0x44, 0x29, 0x44, 0x29, 0x64, 0x31, 0x64, 0x31, 0x64, 0x31,
    0xA5, 0x39, 0xE6, 0x39, 0xE6, 0x41, 0x06, 0x42, 0x06, 0x4A, 0x47, 0x4A, 0x47, 0x4A, 0x47, 0x4A,
    0x47, 0x4A, 0x68, 0x4A, 0x68, 0x4A, 0x47, 0x4A, 0x88, 0x52, 0x0A, 0x63, 0x6C, 0x73, 0x8C, 0x73,
    0xAD, 0x7B, 0xAD, 0x7B, 0xCD, 0x83, 0xED, 0x83, 0xEE, 0x83, 0x0E, 0x8C, 0x2E, 0x8C, 0x2F, 0x8C,
    0x2F, 0x8C, 0x2F, 0x8C, 0x2F, 0x8C, 0x2F, 0x8C, 0x2F, 0x8C, 0x2F, 0x8C, 0x4F, 0x8C, 0x4F, 0x8C,
    0x4F, 0x8C, 0x4F, 0x8C, 0x2F, 0x8C, 0x2F, 0x8C, 0x2F, 0x8C, 0x2E, 0x8C, 0x2E, 0x8C, 0x2E, 0x8C,
    0x0E, 0x8C, 0x0E, 0x8C, 0x0E, 0x8C, 0x0E, 0x8C, 0x0E, 0x8C, 0x0E, 0x8C, 0x2E, 0x8C, 0x2F, 0x8C,
    0x2F, 0x8C, 0x2F, 0x8C, 0x4F, 0x94, 0x4F, 0x94, 0x6F, 0x94, 0x70, 0x94, 0x70, 0x94, 0x70, 0x94,
    0x70, 0x94, 0x70, 0x94, 0x4F, 0x94, 0x4F, 0x94, 0x4F, 0x8C, 0x2E, 0x8C, 0x2E, 0x8C, 0x0E, 0x8C,
    0x0E, 0x84, 0xCD, 0x83, 0xAC, 0x7B, 0x8C, 0x7B, 0x8C, 0x73, 0x8C, 0x73, 0x6C, 0x73, 0x4B, 0x6B,
    0x0A, 0x63, 0xEA, 0x62, 0xC9, 0x5A, 0x68, 0x52, 0x06, 0x42, 0x85, 0x31, 0x03, 0x21, 0x40, 0x08,
    0x20, 0x08, 0x00, 0x00, 0x00, 0x00, 0x20, 0x00, 0x20, 0x00, 0x20, 0x00, 0x20, 0x00, 0x20, 0x00,
    0x20, 0x00, 0x20, 0x00, 0x20, 0x00, 0x20, 0x00, 0x20, 0x00, 0x20, 0x00, 0x20, 0x08, 0x40, 0x08,
    0x40, 0x08, 0x61, 0x08, 0x61, 0x08, 0x61, 0x08, 0x81, 0x08, 0xA1, 0x10, 0xC2, 0x10, 0x03, 0x21,
    0x65, 0x29, 0x85, 0x31, 0xA5, 0x39, 0x27, 0x42, 0xAA, 0x5A, 0xCA, 0x62, 0x89, 0x52, 0x03, 0x21,
    0x20, 0x08, 0x61, 0x10, 0x60, 0x10, 0xA1, 0x18, 0xE2, 0x20, 0x23, 0x29, 0x64, 0x31, 0x85, 0x39,
    0x84, 0x31, 0x84, 0x31, 0x84, 0x31, 0x84, 0x31, 0x84, 0x31, 0x84, 0x31, 0x84, 0x31, 0x84, 0x31,
    0x84, 0x31, 0x84, 0x31, 0x84, 0x31, 0x64, 0x31, 0x64, 0x31, 0x84, 0x31, 0x84, 0x31, 0x64, 0x31,
    0x64, 0x31, 0xA5, 0x39, 0xC5, 0x39, 0xC5, 0x39, 0xC5, 0x39, 0x27, 0x4A, 0x68, 0x52, 0xEA, 0x62,
    0x2B, 0x6B, 0x0E, 0x84, 0x33, 0xAD, 0x94, 0xB5, 0xF6, 0xC5, 0x77, 0xCE, 0x98, 0xD6, 0xD9, 0xDE,
    0xFA, 0xE6, 0x1A, 0xE7, 0x3A, 0xE7, 0x3A, 0xE7, 0x3A, 0xE7, 0x3A, 0xE7, 0x3A, 0xE7, 0x3A, 0xE7,
    0x3A, 0xE7, 0x3A, 0xE7, 0x3A, 0xE7, 0x3A, 0xE7, 0x3A, 0xE7, 0x3A, 0xE7, 0x3A, 0xE7, 0x3A, 0xE7,
    0x3A, 0xE7, 0x3A, 0xE7, 0x1A, 0xE7, 0x1A, 0xE7, 0x1A, 0xE7, 0x1A, 0xE7, 0x1A, 0xE7, 0x1A, 0xE7,
    0x1A, 0xE7, 0x1A, 0xE7, 0x1A, 0xE7, 0x1A, 0xE7, 0x1A, 0xE7, 0x1A, 0xE7, 0xFA, 0xE6, 0xFA, 0xE6,
    0xFA, 0xE6, 0xFA, 0xE6, 0xFA, 0xE6, 0xFA, 0xE6, 0xFA, 0xDE, 0xFA, 0xDE, 0xFA, 0xDE, 0xF9, 0xDE,
    0xDC, 0xD6, 0xDC, 0xD6, 0xDC, 0xD6, 0xDC, 0xD6, 0xDC, 0xD6, 0xDB, 0xD6, 0xDB, 0xD6, 0xDB, 0xD6,
    0xDB, 0xD6, 0xDB, 0xD6, 0xBB, 0xD6, 0xBB, 0xD6, 0xBB, 0xD6, 0xBB, 0xD6, 0xBB, 0xD6, 0xBB, 0xD6,
    0xBB, 0xD6, 0xDB, 0xD6, 0xDB, 0xD6, 0xDB, 0xD6, 0xDB, 0xD6, 0xDB, 0xD6, 0xBB, 0xD6, 0xBB, 0xD6,
    0xBB, 0xD6, 0xBB, 0xD6, 0xBB, 0xD6, 0xBB, 0xD6, 0xBB, 0xD6, 0xDB, 0xD6, 0xDB, 0xD6, 0xDB, 0xD6,
    0xDB, 0xD6, 0xDB, 0xD6, 0xDB, 0xD6, 0xDB, 0xD6, 0xDB, 0xD6, 0xDB, 0xD6, 0xDB, 0xD6, 0xDB, 0xD6,
    0xDB, 0xD6, 0xDB, 0xD6, 0xBA, 0xD6, 0xBA, 0xD6, 0xDB, 0xD6, 0xDB, 0xD6, 0xDB, 0xD6, 0xDB, 0xD6,
    0xDB, 0xD6, 0xDB, 0xD6, 0xDB, 0xD6, 0xDB, 0xD6, 0xDB, 0xD6, 0xDB, 0xD6, 0xDB, 0xD6, 0xDB, 0xD6,
    0xDB, 0xD6, 0xDB, 0xD6, 0xDB, 0xD6, 0xBB, 0xD6, 0xBB, 0xD6, 0xBC, 0xD6, 0xBC, 0xD6, 0xBC, 0xD6,
    0xBC, 0xD6, 0xBC, 0xD6, 0xBC, 0xD6, 0xBC, 0xD6, 0xBB, 0xD6, 0xBA, 0xD6, 0xBA, 0xD6, 0xBA, 0xD6,
    0x9A, 0xCE, 0x79, 0xCE, 0x38, 0xC6, 0xD7, 0xB5, 0x96, 0xAD, 0x54, 0xAD, 0xD2, 0x9C, 0x71, 0x8C,
    0x2F, 0x84, 0xCE, 0x7B, 0x8D, 0x73, 0x2B, 0x6B, 0xCA, 0x5A, 0xEA, 0x5A, 0xEA, 0x5A, 0xCA, 0x5A,
    0x89, 0x52, 0x48, 0x4A, 0x27, 0x42, 0x27, 0x4A, 0xE6, 0x39, 0xA5, 0x31, 0x65, 0x29, 0x23, 0x21,
    0xE3, 0x18, 0xE2, 0x18, 0xA2, 0x10, 0x81, 0x10, 0x81, 0x08, 0x81, 0x10, 0x81, 0x10, 0x81, 0x10,
    0x81, 0x10, 0x81, 0x10, 0x81, 0x10, 0x81, 0x10, 0x81, 0x10, 0x81, 0x10, 0x81, 0x10, 0x81, 0x10,
    0x81, 0x10, 0x81, 0x10, 0x81, 0x10, 0x81, 0x10, 0x81, 0x10, 0x81, 0x10, 0x81, 0x10, 0x81, 0x10,
    0x81, 0x10, 0xA2, 0x10, 0xE3, 0x20, 0x23, 0x29, 0x23, 0x29, 0x44, 0x29, 0x64, 0x29, 0x64, 0x31,
    0x84, 0x31, 0xC5, 0x39, 0xE6, 0x41, 0xE6, 0x41, 0xE6, 0x41, 0x27, 0x4A, 0x48, 0x52, 0x47, 0x4A,
    0x48, 0x4A, 0x68, 0x4A, 0x68, 0x4A, 0x47, 0x4A, 0x88, 0x52, 0x0A, 0x63, 0x6C, 0x73, 0x8C, 0x73,
    0xAD, 0x7B, 0xAD, 0x7B, 0xCD, 0x7B, 0xED, 0x83, 0x0E, 0x84, 0x2E, 0x8C, 0x2E, 0x8C, 0x2F, 0x8C,
    0x2F, 0x8C, 0x2F, 0x8C, 0x2E, 0x8C, 0x2E, 0x8C, 0x2F, 0x8C, 0x2F, 0x8C, 0x4F, 0x8C, 0x4F, 0x8C,
    0x4F, 0x8C, 0x2F, 0x8C, 0x2F, 0x8C, 0x2F, 0x8C, 0x2F, 0x8C, 0x2E, 0x8C, 0x0E, 0x8C, 0x0E, 0x8C,
    0x0E, 0x8C, 0x0E, 0x8C, 0x0E, 0x8C, 0x0E, 0x8C, 0x0E, 0x8C, 0x0E, 0x8C, 0x2E, 0x8C, 0x2F, 0x8C,
    0x2F, 0x8C, 0x2F, 0x8C, 0x4F, 0x94, 0x4F, 0x94, 0x70, 0x94, 0x70, 0x94, 0x70, 0x94, 0x70, 0x94,
    0x70, 0x94, 0x70, 0x94, 0x6F, 0x94, 0x4F, 0x94, 0x4F, 0x94, 0x2F, 0x8C, 0x2F, 0x8C, 0x2E, 0x8C,
    0x0E, 0x8C, 0xEE, 0x83, 0xCD, 0x7B, 0x8C, 0x7B, 0x8C, 0x73, 0x8C, 0x73, 0x6C, 0x73, 0x4B, 0x6B,
    0x2B, 0x6B, 0xEA, 0x62, 0xEA, 0x5A, 0x88, 0x52, 0xE6, 0x41, 0x44, 0x29, 0xA1, 0x10, 0x00, 0x00,
    0x20, 0x08, 0x00, 0x00, 0x00, 0x00, 0x20, 0x00, 0x20, 0x00, 0x20, 0x00, 0x20, 0x00, 0x20, 0x00,
    0x00, 0x00, 0x00, 0x00, 0x20, 0x00, 0x40, 0x08, 0x41, 0x08, 0x61, 0x08, 0x41, 0x08, 0x61, 0x08,
    0x61, 0x08, 0x61, 0x08, 0x61, 0x08, 0x61, 0x08, 0x61, 0x08, 0x81, 0x08, 0x81, 0x08, 0xA2, 0x10,
    0x03, 0x21, 0x64, 0x29, 0x85, 0x31, 0xC6, 0x39, 0x28, 0x4A, 0xA9, 0x5A, 0xEA, 0x62, 0xA6, 0x39,
    0x40, 0x08, 0x60, 0x08, 0x40, 0x08, 0xA1, 0x18, 0x03, 0x21, 0x43, 0x29, 0x85, 0x39, 0xA5, 0x39,
    0x84, 0x31, 0x84, 0x31, 0x84, 0x31, 0x84, 0x31, 0x84, 0x31, 0x84, 0x31, 0x84, 0x31, 0x84, 0x31,
    0x84, 0x31, 0x84, 0x31, 0x84, 0x31, 0x64, 0x31, 0x64, 0x31, 0x64, 0x31, 0x64, 0x31, 0x64, 0x31,
    0x64, 0x31, 0x84, 0x31, 0x64, 0x31, 0x84, 0x31, 0xC5, 0x39, 0x06, 0x42, 0x47, 0x4A, 0x88, 0x5A,
    0xC9, 0x5A, 0x6C, 0x73, 0x4F, 0x8C, 0x12, 0xA5, 0xB5, 0xBD, 0x16, 0xC6, 0x57, 0xCE, 0xB9, 0xD6,
    0xD9, 0xDE, 0xFA, 0xE6, 0xFA, 0xE6, 0x1A, 0xE7, 0x1A, 0xE7, 0x3A, 0xE7, 0x3A, 0xE7, 0x3A, 0xE7,
    0x3A, 0xE7, 0x3A, 0xE7, 0x3A, 0xE7, 0x3A, 0xE7, 0x3A, 0xE7, 0x3A, 0xE7, 0x3A, 0xE7, 0x3A, 0xE7,
    0x3A, 0xE7, 0x1A, 0xE7, 0x1A, 0xE7, 0x1A, 0xE7, 0x1A, 0xE7, 0x1A, 0xE7, 0x1A, 0xE7, 0x1A, 0xE7,
    0x1A, 0xE7, 0x1A, 0xE7, 0x1A, 0xE7, 0x1A, 0xE7, 0x1A, 0xE7, 0x1A, 0xE7, 0xFA, 0xE6, 0xFA, 0xE6,
    0xFA, 0xE6, 0xFA, 0xE6, 0xFA, 0xE6, 0xFA, 0xE6, 0xFA, 0xDE, 0xFA, 0xDE, 0xFA, 0xDE, 0xD9, 0xDE,
    0xDC, 0xD6, 0xDC, 0xD6, 0xDC, 0xD6, 0xDC, 0xD6, 0xDC, 0xD6, 0xDB, 0xD6, 0xDB, 0xD6, 0xDB, 0xD6,
    0xDB, 0xD6, 0xDB, 0xD6, 0xBB, 0xD6, 0xBB, 0xD6, 0xBB, 0xD6, 0xBB, 0xD6, 0xBB, 0xD6, 0xBB, 0xD6,
    0xBB, 0xD6, 0xDB, 0xD6, 0xDB, 0xD6, 0xDB, 0xD6, 0xDB, 0xD6, 0xDB, 0xD6, 0xBB, 0xD6, 0xBB, 0xD6,
    0xBB, 0xD6, 0xBB, 0xD6, 0xBB, 0xD6, 0xBB, 0xD6, 0xBB, 0xD6, 0xDB, 0xD6, 0xDB, 0xD6, 0xDB, 0xD6,
    0xDB, 0xD6, 0xDB, 0xD6, 0xDB, 0xD6, 0xDB, 0xD6, 0xDB, 0xD6, 0xDB, 0xD6, 0xDB, 0xD6, 0xDB, 0xD6,
    0xDB, 0xD6, 0xDB, 0xD6, 0xDB, 0xD6, 0xDB, 0xD6, 0xDB, 0xD6, 0xDB, 0xD6, 0xDB, 0xD6, 0xDB, 0xD6,
    0xDB, 0xD6, 0xDB, 0xD6, 0xDB, 0xD6, 0xDB, 0xD6, 0xDB, 0xD6, 0xDB, 0xD6, 0xDB, 0xD6, 0xDB, 0xD6,
    0xDB, 0xD6, 0xDB, 0xD6, 0xDB, 0xD6, 0xDB, 0xD6, 0xDB, 0xD6, 0xBB, 0xD6, 0xBB, 0xD6, 0xBB, 0xD6,
    0xBB, 0xD6, 0xBC, 0xD6, 0xBC, 0xD6, 0x9B, 0xD6, 0xBB, 0xD6, 0xBB, 0xD6, 0x9A, 0xD6, 0x79, 0xCE,
    0x59, 0xCE, 0x38, 0xC6, 0xF7, 0xBD, 0x75, 0xAD, 0x34, 0xA5, 0xD2, 0x9C, 0x50, 0x84, 0x2F, 0x84,
    0xCE, 0x7B, 0x6C, 0x6B, 0x4C, 0x6B, 0x2B, 0x6B, 0xEA, 0x5A, 0xCA, 0x5A, 0xC9, 0x5A, 0xA9, 0x52,
    0x48, 0x52, 0x48, 0x4A, 0x27, 0x42, 0x07, 0x42, 0xC6, 0x39, 0x85, 0x31, 0x65, 0x29, 0x03, 0x21,
    0xE3, 0x18, 0xC2, 0x18, 0xA1, 0x10, 0x61, 0x08, 0x61, 0x08, 0x81, 0x08, 0x81, 0x10, 0x81, 0x10,
    0x81, 0x10, 0xA1, 0x10, 0xA1, 0x10, 0xA1, 0x10, 0x81, 0x10, 0x81, 0x10, 0x81, 0x10, 0x81, 0x10,
    0x81, 0x10, 0x81, 0x10, 0x81, 0x08, 0x81, 0x08, 0x81, 0x10, 0x61, 0x10, 0x61, 0x10, 0x61, 0x10,
    0x61, 0x10, 0x61, 0x10, 0x61, 0x10, 0xA2, 0x18, 0xE3, 0x20, 0x03, 0x21, 0x23, 0x29, 0x44, 0x29,
    0x64, 0x31, 0xA5, 0x39, 0xC6, 0x39, 0xC5, 0x39, 0xE6, 0x41, 0x27, 0x4A, 0x48, 0x52, 0x68, 0x4A,
    0x68, 0x52, 0x68, 0x52, 0x68, 0x4A, 0x47, 0x4A, 0x88, 0x52, 0x0A, 0x63, 0x6C, 0x73, 0x8C, 0x73,
    0xAD, 0x7B, 0xAD, 0x7B, 0xCD, 0x7B, 0xED, 0x83, 0x0E, 0x84, 0x2E, 0x8C, 0x2F, 0x8C, 0x2F, 0x8C,
    0x2F, 0x8C, 0x2E, 0x8C, 0x2E, 0x8C, 0x2E, 0x8C, 0x2E, 0x8C, 0x2F, 0x8C, 0x4F, 0x8C, 0x4F, 0x8C,
    0x4F, 0x8C, 0x2F, 0x8C, 0x2F, 0x8C, 0x2F, 0x8C, 0x2E, 0x8C, 0x0E, 0x8C, 0x0E, 0x8C, 0x0E, 0x8C,
    0x0E, 0x8C, 0x0E, 0x8C, 0x0E, 0x8C, 0x0E, 0x8C, 0x0E, 0x8C, 0x0E, 0x8C, 0x2F, 0x8C, 0x4F, 0x8C,
    0x2F, 0x8C, 0x4F, 0x8C, 0x4F, 0x94, 0x50, 0x94, 0x50, 0x94, 0x70, 0x94, 0x70, 0x94, 0x70, 0x94,
    0x70, 0x94, 0x70, 0x94, 0x70, 0x94, 0x4F, 0x94, 0x4F, 0x94, 0x4F, 0x8C, 0x2F, 0x8C, 0x2F, 0x8C,
    0x2F, 0x8C, 0x0E, 0x8C, 0xCD, 0x83, 0xAD, 0x7B, 0x8C, 0x73, 0x8C, 0x73, 0x6C, 0x73, 0x6C, 0x73,
    0x4B, 0x6B, 0x0A, 0x63, 0xC9, 0x5A, 0xA9, 0x52, 0xC6, 0x39, 0xE3, 0x20, 0x40, 0x08, 0x20, 0x00,
    0x20, 0x00, 0x20, 0x00, 0x00, 0x00, 0x00, 0x00, 0x20, 0x08, 0x20, 0x00, 0x20, 0x00, 0x40, 0x00,
    0x20, 0x00, 0x20, 0x00, 0x20, 0x00, 0x40, 0x00, 0x40, 0x08, 0x41, 0x08, 0x41, 0x08, 0x41, 0x08,
    0x41, 0x08, 0x41, 0x08, 0x61, 0x08, 0x61, 0x08, 0x61, 0x08, 0x61, 0x08, 0x61, 0x08, 0x81, 0x10,
    0xA2, 0x10, 0x24, 0x21, 0x85, 0x31, 0xA6, 0x39, 0xC6, 0x39, 0x48, 0x4A, 0xAA, 0x5A, 0xA5, 0x39,
    0x81, 0x10, 0x40, 0x08, 0x40, 0x08, 0x81, 0x10, 0x03, 0x21, 0x44, 0x31, 0xA5, 0x39, 0xA5, 0x39,
    0xA5, 0x39, 0xA5, 0x39, 0xA5, 0x39, 0xA5, 0x39, 0xA5, 0x39, 0xA5, 0x39, 0xA5, 0x39, 0xA5, 0x39,
    0xA5, 0x39, 0xA5, 0x39, 0x84, 0x39, 0x84, 0x31, 0x84, 0x31, 0x84, 0x31, 0x84, 0x31, 0x84, 0x31,
    0x84, 0x31, 0x84, 0x31, 0x84, 0x31, 0x84, 0x39, 0xA5, 0x39, 0xC5, 0x41, 0x06, 0x42, 0x27, 0x4A,
    0x68, 0x52, 0xC9, 0x62, 0x4B, 0x73, 0x0E, 0x84, 0xF2, 0xA4, 0x94, 0xB5, 0xD5, 0xBD, 0x36, 0xC6,
    0x78, 0xCE, 0xB8, 0xD6, 0xD9, 0xDE, 0xFA, 0xE6, 0x1A, 0xE7, 0x1A, 0xE7, 0x3A, 0xE7, 0x3A, 0xE7,
    0x3A, 0xE7, 0x3A, 0xE7, 0x3A, 0xE7, 0x3A, 0xE7, 0x3A, 0xE7, 0x3A, 0xE7, 0x3A, 0xE7, 0x1A, 0xE7,
    0x1A, 0xE7, 0x1A, 0xE7, 0x1A, 0xE7, 0x1B, 0xE7, 0x1B, 0xE7, 0x1B, 0xE7, 0x3A, 0xE7, 0x3A, 0xE7,
    0x3A, 0xE7, 0x1A, 0xE7, 0x1A, 0xE7, 0x1A, 0xE7, 0x1A, 0xE7, 0x1A, 0xE7, 0x1A, 0xE7, 0x1A, 0xE7,
    0x1A, 0xE7, 0xFA, 0xE6, 0xFA, 0xE6, 0xFA, 0xE6, 0xFA, 0xE6, 0xFA, 0xDE, 0xFA, 0xDE, 0xD9, 0xDE,
    0xDC, 0xD6, 0xDC, 0xD6, 0xDC, 0xD6, 0xDC, 0xD6, 0xDC, 0xD6, 0xDC, 0xD6, 0xDB, 0xD6, 0xDB, 0xD6,
    0xDB, 0xD6, 0xDB, 0xD6, 0xDC, 0xD6, 0xDC, 0xD6, 0xBB, 0xD6, 0xBB, 0xD6, 0xBB, 0xD6, 0xBB, 0xD6,
    0xBB, 0xD6, 0xDB, 0xD6, 0xDB, 0xD6, 0xDB, 0xD6, 0xDB, 0xD6, 0xDB, 0xD6, 0xBB, 0xD6, 0xBB, 0xD6,
    0xBA, 0xD6, 0xBA, 0xD6, 0xBA, 0xD6, 0xBA, 0xD6, 0xBB, 0xD6, 0xDB, 0xD6, 0xDB, 0xD6, 0xDB, 0xD6,
    0xDB, 0xD6, 0xDB, 0xD6, 0xDB, 0xD6, 0xDB, 0xD6, 0xDB, 0xD6, 0xDB, 0xD6, 0xDB, 0xD6, 0xDB, 0xD6,
    0xDB, 0xD6, 0xDB, 0xD6, 0xDB, 0xD6, 0xDB, 0xD6, 0xDB, 0xD6, 0xDB, 0xD6, 0xDB, 0xD6, 0xDB, 0xD6,
    0xDB, 0xD6, 0xDB, 0xD6, 0xDB, 0xD6, 0xDB, 0xD6, 0xDB, 0xD6, 0xDB, 0xD6, 0xFB, 0xDE, 0xFB, 0xDE,
    0xDB, 0xD6, 0xDB, 0xD6, 0xDB, 0xD6, 0xDB, 0xD6, 0xBB, 0xD6, 0xBB, 0xD6, 0xBB, 0xD6, 0xBB, 0xD6,
    0xBB, 0xD6, 0xBB, 0xD6, 0x9B, 0xD6, 0x9A, 0xCE, 0xBA, 0xD6, 0x9A, 0xD6, 0x79, 0xCE, 0x17, 0xBE,
    0xD6, 0xB5, 0x95, 0xAD, 0x33, 0xA5, 0xD2, 0x94, 0x70, 0x8C, 0x0F, 0x84, 0x8C, 0x6B, 0x8D, 0x73,
    0x8D, 0x73, 0x6C, 0x6B, 0x2B, 0x63, 0xEA, 0x62, 0xEA, 0x62, 0xC9, 0x5A, 0xA9, 0x52, 0x88, 0x52,
    0x68, 0x52, 0x48, 0x4A, 0x27, 0x42, 0xE6, 0x39, 0xA5, 0x31, 0x44, 0x29, 0x23, 0x21, 0xC2, 0x18,
    0xA2, 0x10, 0xA2, 0x10, 0x81, 0x08, 0xA2, 0x10, 0xC2, 0x18, 0xC2, 0x18, 0xC2, 0x18, 0xE2, 0x18,
    0xE2, 0x18, 0xE2, 0x18, 0xE2, 0x18, 0xC2, 0x18, 0xA2, 0x10, 0x81, 0x10, 0x81, 0x10, 0x81, 0x10,
    0x81, 0x10, 0x81, 0x10, 0x81, 0x08, 0x81, 0x10, 0x61, 0x08, 0x40, 0x08, 0x40, 0x08, 0x61, 0x08,
    0x61, 0x10, 0x61, 0x10, 0x61, 0x10, 0x61, 0x10, 0x81, 0x10, 0xC2, 0x18, 0x03, 0x21, 0x23, 0x29,
    0x44, 0x29, 0x85, 0x31, 0xA5, 0x39, 0xC5, 0x39, 0xE6, 0x41, 0x27, 0x4A, 0x68, 0x52, 0x68, 0x4A,
    0x68, 0x52, 0x68, 0x52, 0x68, 0x4A, 0x47, 0x4A, 0x68, 0x52, 0x0A, 0x63, 0x6C, 0x73, 0x8C, 0x73,
    0xAD, 0x7B, 0xCD, 0x7B, 0xED, 0x83, 0xEE, 0x83, 0x0E, 0x84, 0x2E, 0x8C, 0x2F, 0x8C, 0x2F, 0x8C,
    0x2F, 0x8C, 0x2F, 0x8C, 0x2E, 0x8C, 0x2E, 0x8C, 0x2F, 0x8C, 0x2F, 0x8C, 0x4F, 0x8C, 0x4F, 0x8C,
    0x2F, 0x8C, 0x0E, 0x8C, 0x0E, 0x8C, 0x0E, 0x8C, 0x0E, 0x8C, 0x0E, 0x8C, 0x0E, 0x8C, 0x0E, 0x8C,
    0x0E, 0x8C, 0x0E, 0x8C, 0x0E, 0x8C, 0x0E, 0x8C, 0x0E, 0x8C, 0x0E, 0x8C, 0x2F, 0x8C, 0x4F, 0x8C,
    0x4F, 0x8C, 0x4F, 0x8C, 0x4F, 0x94, 0x50, 0x94, 0x70, 0x94, 0x70, 0x94, 0x70, 0x94, 0x70, 0x94,
    0x70, 0x94, 0x70, 0x94, 0x70, 0x94, 0x6F, 0x94, 0x4F, 0x94, 0x4F, 0x94, 0x4F, 0x8C, 0x4F, 0x8C,
    0x2F, 0x8C, 0x0E, 0x8C, 0xEE, 0x83, 0xCD, 0x7B, 0xAC, 0x7B, 0x8C, 0x73, 0x8C, 0x73, 0x6C, 0x73,
    0x4B, 0x6B, 0x2B, 0x6B, 0xC9, 0x5A, 0x68, 0x52, 0x65, 0x31, 0x81, 0x10, 0x20, 0x00, 0x20, 0x00,
    0x20, 0x00, 0x20, 0x00, 0x20, 0x08, 0x40, 0x08, 0x40, 0x08, 0x41, 0x08, 0x61, 0x08, 0x61, 0x08,
    0x41, 0x08, 0x41, 0x08, 0x41, 0x08, 0x40, 0x08, 0x40, 0x08, 0x41, 0x08, 0x41, 0x08, 0x41, 0x08,
    0x41, 0x08, 0x41, 0x08, 0x61, 0x08, 0x41, 0x08, 0x40, 0x08, 0x40, 0x00, 0x40, 0x00, 0x40, 0x08,
    0x40, 0x08, 0xC2, 0x18, 0x23, 0x29, 0x65, 0x31, 0xA5, 0x39, 0x27, 0x4A, 0x69, 0x52, 0xC6, 0x39,
    0x03, 0x21, 0x81, 0x10, 0x40, 0x08, 0x61, 0x10, 0xE2, 0x20, 0x64, 0x31, 0x85, 0x39, 0xC5, 0x39,
    0xE6, 0x41, 0xC5, 0x41, 0xC5, 0x41, 0xC5, 0x41, 0xC5, 0x41, 0xC5, 0x41, 0xC5, 0x41, 0xC5, 0x41,
    0xC5, 0x39, 0xC5, 0x39, 0xC5, 0x39, 0xA5, 0x39, 0xA5, 0x39, 0xA5, 0x39, 0xA5, 0x39, 0xA5, 0x39,
    0xA5, 0x39, 0x84, 0x31, 0x84, 0x31, 0xA5, 0x39, 0xA5, 0x39, 0x84, 0x39, 0x84, 0x31, 0xC5, 0x39,
    0x27, 0x4A, 0x47, 0x4A, 0xC9, 0x5A, 0x6C, 0x73, 0x4F, 0x8C, 0x12, 0xAD, 0x94, 0xB5, 0xF6, 0xBD,
    0x16, 0xC6, 0x57, 0xCE, 0xB9, 0xDE, 0xD9, 0xDE, 0xFA, 0xE6, 0x1A, 0xE7, 0x1A, 0xE7, 0x3A, 0xE7,
    0x3A, 0xE7, 0x3A, 0xE7, 0x3A, 0xE7, 0x3A, 0xE7, 0x3A, 0xE7, 0x3A, 0xE7, 0x3A, 0xE7, 0x1A, 0xE7,
    0x3A, 0xE7, 0x3A, 0xE7, 0x3A, 0xE7, 0x1B, 0xE7, 0x1B, 0xE7, 0x1B, 0xE7, 0x3A, 0xE7, 0x3A, 0xE7,
    0x3A, 0xE7, 0x1A, 0xE7, 0x1A, 0xE7, 0x1A, 0xE7, 0x1A, 0xE7, 0x1A, 0xE7, 0x1A, 0xE7, 0x1A, 0xE7,
    0x1A, 0xE7, 0x1A, 0xE7, 0x1A, 0xE7, 0xFA, 0xE6, 0xFA, 0xE6, 0xFA, 0xDE, 0xFA, 0xDE, 0xD9, 0xDE,
    0xDC, 0xD6, 0xDC, 0xD6, 0xDC, 0xD6, 0xDC, 0xD6, 0xDC, 0xD6, 0xDC, 0xD6, 0xDC, 0xD6, 0xDC, 0xD6,
    0xDC, 0xD6, 0xDC, 0xD6, 0xDC, 0xD6, 0xDC, 0xD6, 0xBB, 0xD6, 0xBB, 0xD6, 0xBB, 0xD6, 0xBB, 0xD6,
    0xDB, 0xD6, 0xDB, 0xD6, 0xDB, 0xD6, 0xDB, 0xD6, 0xDB, 0xD6, 0xDB, 0xD6, 0xBB, 0xD6, 0xBB, 0xD6,
    0xBB, 0xD6, 0xBA, 0xD6, 0xBA, 0xD6, 0xBB, 0xD6, 0xBB, 0xD6, 0xDB, 0xD6, 0xDB, 0xD6, 0xDB, 0xD6,
    0xDB, 0xD6, 0xDB, 0xD6, 0xDB, 0xD6, 0xDB, 0xD6, 0xDB, 0xD6, 0xDB, 0xD6, 0xDB, 0xD6, 0xDB, 0xD6,
    0xDB, 0xD6, 0xDB, 0xD6, 0xDB, 0xD6, 0xDB, 0xD6, 0xDB, 0xD6, 0xDB, 0xD6, 0xDB, 0xD6, 0xDB, 0xD6,
    0xDB, 0xD6, 0xDB, 0xD6, 0xDB, 0xD6, 0xDB, 0xD6, 0xDB, 0xD6, 0xDB, 0xD6, 0xFB, 0xDE, 0xFB, 0xDE,
    0xFB, 0xDE, 0xDB, 0xD6, 0xDB, 0xD6, 0xDB, 0xD6, 0xDB, 0xD6, 0xBA, 0xD6, 0xDB, 0xD6, 0xDB, 0xD6,
    0xBB, 0xD6, 0xBA, 0xD6, 0x7A, 0xCE, 0x59, 0xCE, 0x18, 0xC6, 0xF7, 0xBD, 0xF7, 0xBD, 0xF7, 0xBD,
    0xF6, 0xBD, 0x34, 0xA5, 0x70, 0x8C, 0x0F, 0x7C, 0xAD, 0x73, 0x6C, 0x6B, 0x0A, 0x63, 0xEA, 0x5A,
    0xEA, 0x5A, 0xEA, 0x5A, 0xCA, 0x5A, 0xCA, 0x5A, 0xA9, 0x5A, 0xA9, 0x5A, 0x88, 0x52, 0x68, 0x52,
    0x48, 0x4A, 0x27, 0x4A, 0x07, 0x42, 0xC6, 0x39, 0x64, 0x29, 0x03, 0x21, 0xE3, 0x18, 0xA2, 0x10,
    0x81, 0x10, 0xA2, 0x10, 0x81, 0x10, 0xC2, 0x18, 0x03, 0x21, 0x23, 0x21, 0x24, 0x21, 0x23, 0x21,
    0x23, 0x21, 0x03, 0x21, 0x03, 0x21, 0x03, 0x21, 0xE3, 0x18, 0xA2, 0x10, 0x81, 0x10, 0x61, 0x08,
    0x61, 0x08, 0x81, 0x08, 0x81, 0x08, 0x61, 0x08, 0x40, 0x08, 0x40, 0x08, 0x20, 0x00, 0x40, 0x08,
    0x61, 0x10, 0x61, 0x10, 0x61, 0x10, 0x61, 0x10, 0x61, 0x10, 0x81, 0x10, 0xC2, 0x18, 0x03, 0x21,
    0x23, 0x29, 0x64, 0x31, 0x85, 0x31, 0xC6, 0x39, 0xE6, 0x41, 0x27, 0x4A, 0x68, 0x4A, 0x68, 0x4A,
    0x48, 0x4A, 0x68, 0x4A, 0x68, 0x52, 0x88, 0x52, 0xA9, 0x5A, 0x0A, 0x63, 0x6C, 0x73, 0x8C, 0x73,
    0xAD, 0x7B, 0xEE, 0x7B, 0xEE, 0x83, 0x0E, 0x84, 0x0E, 0x84, 0x2E, 0x8C, 0x2F, 0x8C, 0x2F, 0x8C,
    0x2F, 0x8C, 0x2F, 0x8C, 0x2F, 0x8C, 0x2F, 0x8C, 0x2F, 0x8C, 0x2F, 0x8C, 0x4F, 0x8C, 0x2F, 0x8C,
    0x0E, 0x8C, 0x0E, 0x84, 0x0E, 0x8C, 0x0E, 0x8C, 0x0E, 0x8C, 0x0E, 0x8C, 0x0E, 0x8C, 0x0E, 0x8C,
    0x0E, 0x8C, 0x0E, 0x8C, 0x0E, 0x8C, 0x0E, 0x8C, 0x0E, 0x8C, 0x0E, 0x8C, 0x2E, 0x8C, 0x2F, 0x8C,
    0x4F, 0x8C, 0x4F, 0x94, 0x4F, 0x94, 0x50, 0x94, 0x70, 0x94, 0x70, 0x94, 0x70, 0x94, 0x70, 0x94,
    0x70, 0x94, 0x70, 0x94, 0x70, 0x94, 0x6F, 0x94, 0x4F, 0x94, 0x4F, 0x94, 0x4F, 0x94, 0x4F, 0x94,
    0x4F, 0x8C, 0x2F, 0x8C, 0x0E, 0x84, 0xED, 0x83, 0xAD, 0x7B, 0x8C, 0x73, 0x8C, 0x73, 0x6C, 0x73,
    0x6B, 0x73, 0x4B, 0x6B, 0x0B, 0x63, 0x68, 0x4A, 0x23, 0x21, 0x60, 0x08, 0x20, 0x08, 0x20, 0x00,
    0x20, 0x00, 0x20, 0x00, 0x40, 0x08, 0x41, 0x08, 0x61, 0x08, 0x81, 0x10, 0x81, 0x10, 0x61, 0x08,
    0x61, 0x08, 0x61, 0x08, 0x61, 0x08, 0x41, 0x08, 0x41, 0x08, 0x41, 0x08, 0x41, 0x08, 0x41, 0x08,
    0x41, 0x08, 0x41, 0x08, 0x40, 0x08, 0x20, 0x00, 0x20, 0x00, 0x20, 0x00, 0x20, 0x00, 0x20, 0x00,
    0x40, 0x00, 0x61, 0x08, 0x03, 0x21, 0x65, 0x29, 0xA5, 0x31, 0x07, 0x42, 0x48, 0x4A, 0x07, 0x42,
    0x65, 0x31, 0xA2, 0x18, 0x60, 0x10, 0x60, 0x10, 0xC2, 0x18, 0x64, 0x31, 0xA5, 0x39, 0xE6, 0x41,
    0x06, 0x42, 0x06, 0x4A, 0x27, 0x4A, 0x06, 0x4A, 0x27, 0x4A, 0x06, 0x42, 0xE6, 0x41, 0xC5, 0x41,
    0xC5, 0x41, 0xC5, 0x41, 0xE6, 0x41, 0xC5, 0x41, 0xC5, 0x39, 0xC5, 0x39, 0xC5, 0x39, 0xC5, 0x39,
    0xA5, 0x39, 0xA5, 0x39, 0x84, 0x39, 0xA5, 0x39, 0x84, 0x39, 0x84, 0x31, 0x64, 0x31, 0x64, 0x31,
    0x84, 0x39, 0xC5, 0x39, 0x47, 0x4A, 0xEA, 0x62, 0xCD, 0x7B, 0xB1, 0x9C, 0x33, 0xAD, 0xB5, 0xBD,
    0x16, 0xC6, 0x77, 0xCE, 0x98, 0xD6, 0xB9, 0xD6, 0xD9, 0xDE, 0x1A, 0xE7, 0x1A, 0xE7, 0x3A, 0xE7,
    0x3A, 0xE7, 0x3A, 0xE7, 0x3A, 0xE7, 0x3A, 0xE7, 0x3A, 0xE7, 0x3B, 0xE7, 0x3B, 0xE7, 0x1A, 0xE7,
    0x3B, 0xE7, 0x3A, 0xE7, 0x3B, 0xE7, 0x1B, 0xE7, 0x1B, 0xE7, 0x3B, 0xE7, 0x3A, 0xE7, 0x3A, 0xE7,
    0x3A, 0xE7, 0x1A, 0xE7, 0x1A, 0xE7, 0x1A, 0xE7, 0x1A, 0xE7, 0x1A, 0xE7, 0x1A, 0xE7, 0x1A, 0xE7,
    0x1A, 0xE7, 0x1A, 0xE7, 0x1A, 0xE7, 0xFA, 0xE6, 0xFA, 0xE6, 0xFA, 0xDE, 0xFA, 0xDE, 0xD9, 0xDE,
    0xDC, 0xD6, 0xDC, 0xD6, 0xDC, 0xD6, 0xDC, 0xD6, 0xDC, 0xD6, 0xDC, 0xD6, 0xDC, 0xD6, 0xDC, 0xD6,
    0xDC, 0xD6, 0xDC, 0xD6, 0xDC, 0xD6, 0xDC, 0xD6, 0xBB, 0xD6, 0xBB, 0xD6, 0xBB, 0xD6, 0xDB, 0xD6,
    0xDB, 0xD6, 0xDB, 0xD6, 0xDB, 0xD6, 0xDB, 0xD6, 0xDB, 0xD6, 0xDB, 0xD6, 0xDB, 0xD6, 0xDB, 0xD6,
    0xDB, 0xD6, 0xBB, 0xD6, 0xBB, 0xCE, 0xDB, 0xD6, 0xDB, 0xD6, 0xDB, 0xD6, 0xDB, 0xD6, 0xDB, 0xD6,
    0xDB, 0xD6, 0xDB, 0xD6, 0xDB, 0xD6, 0xDB, 0xD6, 0xDB, 0xD6, 0xDB, 0xD6, 0xDB, 0xD6, 0xDB, 0xD6,
    0xDB, 0xD6, 0xDB, 0xD6, 0xDB, 0xD6, 0xDB, 0xD6, 0xDB, 0xD6, 0xDB, 0xD6, 0xDB, 0xD6, 0xDB, 0xD6,
    0xDB, 0xD6, 0xDB, 0xD6, 0xDB, 0xD6, 0xDB, 0xD6, 0xFB, 0xDE, 0xFB, 0xDE, 0xFB, 0xDE, 0xFB, 0xDE,
    0xFB, 0xDE, 0xDB, 0xD6, 0xDB, 0xD6, 0xDA, 0xD6, 0xBB, 0xD6, 0xBA, 0xD6, 0xBA, 0xD6, 0x9A, 0xD6,
    0x79, 0xCE, 0x59, 0xCE, 0x38, 0xC6, 0xF7, 0xBD, 0x54, 0xAD, 0xF2, 0x9C, 0xF3, 0x9C, 0x54, 0xAD,
    0x75, 0xAD, 0xB2, 0x94, 0xEE, 0x7B, 0x8C, 0x6B, 0x2B, 0x63, 0xEA, 0x62, 0xC9, 0x5A, 0xA9, 0x52,
    0xA9, 0x52, 0xA9, 0x52, 0x89, 0x52, 0x68, 0x52, 0x48, 0x4A, 0x48, 0x4A, 0x47, 0x4A, 0x27, 0x4A,
    0xE6, 0x41, 0xC6, 0x39, 0xA5, 0x39, 0xA5, 0x31, 0x44, 0x29, 0x02, 0x19, 0xC2, 0x18, 0x81, 0x10,
    0x81, 0x10, 0xE3, 0x18, 0x24, 0x21, 0x24, 0x29, 0x44, 0x29, 0x65, 0x29, 0x65, 0x29, 0x65, 0x29,
    0x64, 0x29, 0x24, 0x21, 0x23, 0x21, 0x23, 0x21, 0x03, 0x21, 0xE3, 0x18, 0xC3, 0x18, 0xA2, 0x10,
    0xA2, 0x10, 0xA2, 0x10, 0x81, 0x10, 0x41, 0x08, 0x41, 0x08, 0x61, 0x08, 0x61, 0x08, 0x61, 0x08,
    0x61, 0x10, 0x61, 0x10, 0x61, 0x10, 0x61, 0x10, 0x61, 0x10, 0x81, 0x10, 0x81, 0x10, 0xC2, 0x18,
    0xE3, 0x20, 0x24, 0x21, 0x64, 0x29, 0xA5, 0x39, 0xE6, 0x39, 0x06, 0x42, 0x47, 0x4A, 0x68, 0x4A,
    0x68, 0x4A, 0x68, 0x52, 0x88, 0x52, 0xE9, 0x5A, 0x0A, 0x63, 0x2A, 0x63, 0x6C, 0x73, 0x8C, 0x73,
    0xCD, 0x7B, 0xEE, 0x83, 0x0E, 0x84, 0x0E, 0x84, 0x0E, 0x8C, 0x2F, 0x8C, 0x2F, 0x8C, 0x2F, 0x8C,
    0x2F, 0x8C, 0x2F, 0x8C, 0x2F, 0x8C, 0x2F, 0x8C, 0x2F, 0x8C, 0x2F, 0x8C, 0x4F, 0x94, 0x2F, 0x8C,
    0x2E, 0x8C, 0x0E, 0x8C, 0x0E, 0x8C, 0x0E, 0x8C, 0x0E, 0x8C, 0x0E, 0x8C, 0x0E, 0x8C, 0x0E, 0x8C,
    0x0E, 0x8C, 0x0E, 0x8C, 0x0E, 0x8C, 0x0E, 0x8C, 0x0E, 0x8C, 0x0E, 0x8C, 0x2E, 0x8C, 0x2F, 0x94,
    0x2F, 0x94, 0x4F, 0x94, 0x4F, 0x94, 0x70, 0x94, 0x70, 0x94, 0x70, 0x94, 0x70, 0x94, 0x70, 0x94,
    0x70, 0x94, 0x70, 0x94, 0x70, 0x94, 0x6F, 0x94, 0x6F, 0x94, 0x4F, 0x94, 0x4F, 0x94, 0x50, 0x94,
    0x4F, 0x8C, 0x4F, 0x8C, 0x0E, 0x8C, 0xEE, 0x83, 0xCD, 0x7B, 0xAD, 0x73, 0x8C, 0x73, 0x8C, 0x73,
    0x6C, 0x73, 0x6B, 0x6B, 0x0A, 0x63, 0xE6, 0x41, 0xC1, 0x10, 0x60, 0x08, 0x40, 0x08, 0x20, 0x08,
    0x20, 0x00, 0x20, 0x00, 0x41, 0x08, 0x61, 0x08, 0x81, 0x10, 0xA2, 0x10, 0x82, 0x10, 0x61, 0x08,
    0x40, 0x08, 0x40, 0x00, 0x40, 0x00, 0x41, 0x08, 0x21, 0x00, 0x41, 0x08, 0x40, 0x00, 0x40, 0x00,
    0x40, 0x00, 0x20, 0x00, 0x20, 0x00, 0x20, 0x00, 0x20, 0x00, 0x20, 0x00, 0x20, 0x00, 0x20, 0x00,
    0x20, 0x00, 0x41, 0x08, 0x04, 0x21, 0x85, 0x31, 0xA6, 0x39, 0xC6, 0x39, 0x28, 0x42, 0x07, 0x42,
    0x65, 0x29, 0xC2, 0x18, 0x61, 0x10, 0x60, 0x10, 0xA1, 0x18, 0x23, 0x29, 0x85, 0x31, 0xE6, 0x39,
    0x06, 0x4A, 0x47, 0x4A, 0x47, 0x4A, 0x47, 0x4A, 0x47, 0x4A, 0x27, 0x4A, 0xE6, 0x41, 0xC5, 0x39,
    0xC5, 0x39, 0xC5, 0x39, 0xC5, 0x39, 0xA5, 0x39, 0xA5, 0x39, 0xA5, 0x39, 0xC5, 0x39, 0xC5, 0x39,
    0xC5, 0x39, 0xC5, 0x39, 0xC5, 0x39, 0xA5, 0x39, 0xA5, 0x39, 0xA5, 0x39, 0xA5, 0x39, 0x84, 0x39,
    0x84, 0x31, 0xE6, 0x41, 0x47, 0x4A, 0xC9, 0x5A, 0xEA, 0x62, 0x8C, 0x73, 0x2F, 0x8C, 0xF2, 0x9C,
    0x74, 0xB5, 0x16, 0xC6, 0x98, 0xD6, 0xB8, 0xD6, 0xD9, 0xDE, 0xFA, 0xE6, 0x1A, 0xE7, 0x3A, 0xE7,
    0x3A, 0xE7, 0x3A, 0xE7, 0x3A, 0xE7, 0x3A, 0xE7, 0x3A, 0xE7, 0x1B, 0xE7, 0x1B, 0xE7, 0x1B, 0xE7,
    0x1B, 0xE7, 0x1B, 0xE7, 0x1B, 0xE7, 0x1B, 0xE7, 0x3B, 0xE7, 0x3B, 0xE7, 0x3A, 0xE7, 0x3A, 0xE7,
    0x3A, 0xE7, 0x3A, 0xE7, 0x3A, 0xE7, 0x1A, 0xE7, 0x1A, 0xE7, 0x1A, 0xE7, 0x1A, 0xE7, 0x1A, 0xE7,
    0x1A, 0xE7, 0x1A, 0xE7, 0x1A, 0xE7, 0xFA, 0xE6, 0xFA, 0xE6, 0xFA, 0xDE, 0xFA, 0xDE, 0xD9, 0xDE,
    0xDC, 0xD6, 0xDC, 0xD6, 0xDC, 0xD6, 0xDC, 0xD6, 0xDC, 0xD6, 0xDC, 0xD6, 0xDC, 0xD6, 0xDC, 0xD6,
    0xDC, 0xD6, 0xDC, 0xD6, 0xDC, 0xD6, 0xDC, 0xD6, 0xBB, 0xD6, 0xBB, 0xD6, 0xBB, 0xD6, 0xDB, 0xD6,
    0xDB, 0xD6, 0xDB, 0xD6, 0xDB, 0xD6, 0xDB, 0xD6, 0xDB, 0xD6, 0xDB, 0xD6, 0xDB, 0xD6, 0xDB, 0xD6,
    0xDB, 0xD6, 0xBB, 0xD6, 0xDB, 0xD6, 0xDB, 0xD6, 0xDB, 0xD6, 0xDB, 0xD6, 0xDB, 0xD6, 0xDB, 0xD6,
    0xDB, 0xD6, 0xDB, 0xD6, 0xDB, 0xD6, 0xDB, 0xD6, 0xDB, 0xD6, 0xDB, 0xD6, 0xDB, 0xD6, 0xDB, 0xD6,
    0xDB, 0xD6, 0xDB, 0xD6, 0xDB, 0xD6, 0xDB, 0xD6, 0xDB, 0xD6, 0xDB, 0xD6, 0xDB, 0xD6, 0xDB, 0xD6,
    0xDB, 0xD6, 0xDB, 0xD6, 0xDB, 0xD6, 0xDB, 0xD6, 0xDB, 0xD6, 0xDB, 0xD6, 0xDB, 0xD6, 0xFB, 0xD6,
    0xFB, 0xDE, 0xDB, 0xD6, 0xDB, 0xD6, 0xDB, 0xD6, 0xBA, 0xD6, 0x9A, 0xD6, 0x9A, 0xCE, 0x38, 0xC6,
    0xD7, 0xBD, 0xB6, 0xB5, 0x75, 0xAD, 0x34, 0xA5, 0xD2, 0x94, 0xEE, 0x7B, 0x8D, 0x6B, 0x8D, 0x73,
    0xAD, 0x73, 0x8D, 0x73, 0x0B, 0x63, 0xEA, 0x5A, 0xC9, 0x5A, 0xA9, 0x52, 0x89, 0x52, 0x89, 0x52,
    0x89, 0x52, 0x89, 0x52, 0x68, 0x52, 0x68, 0x4A, 0x48, 0x4A, 0x27, 0x4A, 0x06, 0x42, 0xC6, 0x41,
    0xC6, 0x39, 0xA5, 0x39, 0x85, 0x31, 0x85, 0x31, 0x23, 0x21, 0xC2, 0x18, 0xA2, 0x18, 0xA2, 0x18,
    0xE3, 0x20, 0x65, 0x31, 0x85, 0x31, 0x65, 0x31, 0x65, 0x29, 0x65, 0x29, 0x65, 0x29, 0x65, 0x29,
    0x65, 0x29, 0x24, 0x21, 0x03, 0x21, 0x03, 0x21, 0x04, 0x21, 0x04, 0x21, 0x03, 0x21, 0xE3, 0x18,
    0xE3, 0x18, 0xE3, 0x18, 0xC3, 0x18, 0xC2, 0x18, 0xC2, 0x18, 0xA2, 0x10, 0x61, 0x08, 0x61, 0x10,
    0x61, 0x10, 0x61, 0x10, 0x81, 0x10, 0x61, 0x10, 0x61, 0x10, 0x81, 0x10, 0x81, 0x10, 0x81, 0x10,
    0xA2, 0x10, 0xE3, 0x18, 0x23, 0x21, 0x64, 0x31, 0xA5, 0x39, 0xE6, 0x41, 0x27, 0x4A, 0x68, 0x4A,
    0x68, 0x52, 0x89, 0x52, 0xC9, 0x5A, 0xE9, 0x5A, 0xEA, 0x62, 0x2A, 0x63, 0x6C, 0x73, 0xAC, 0x73,
    0xCD, 0x7B, 0xEE, 0x83, 0x0E, 0x84, 0x0E, 0x8C, 0x2F, 0x8C, 0x2F, 0x8C, 0x2F, 0x8C, 0x2F, 0x8C,
    0x2F, 0x8C, 0x2F, 0x8C, 0x2F, 0x8C, 0x2F, 0x8C, 0x2F, 0x8C, 0x2F, 0x8C, 0x4F, 0x94, 0x4F, 0x94,
    0x4F, 0x8C, 0x2E, 0x8C, 0x0E, 0x8C, 0x0E, 0x8C, 0x0E, 0x8C, 0x0E, 0x8C, 0x0E, 0x8C, 0x0E, 0x8C,
    0x0E, 0x8C, 0x0E, 0x8C, 0x0E, 0x8C, 0x0E, 0x8C, 0x2E, 0x8C, 0x2E, 0x8C, 0x2F, 0x94, 0x2F, 0x94,
    0x4F, 0x94, 0x4F, 0x94, 0x6F, 0x94, 0x70, 0x94, 0x70, 0x94, 0x70, 0x94, 0x70, 0x94, 0x70, 0x94,
    0x70, 0x94, 0x70, 0x94, 0x90, 0x94, 0x70, 0x94, 0x6F, 0x94, 0x6F, 0x94, 0x4F, 0x94, 0x50, 0x94,
    0x4F, 0x8C, 0x4F, 0x8C, 0x2F, 0x8C, 0x0E, 0x84, 0xED, 0x7B, 0xAD, 0x7B, 0x8C, 0x73, 0x8C, 0x73,
    0x8C, 0x73, 0x6B, 0x6B, 0x68, 0x52, 0xA5, 0x31, 0xA1, 0x10, 0x40, 0x08, 0x20, 0x08, 0x20, 0x00,
    0x20, 0x00, 0x40, 0x08, 0x61, 0x08, 0x61, 0x08, 0x81, 0x10, 0x81, 0x10, 0x61, 0x08, 0x40, 0x08,
    0x00, 0x00, 0x00, 0x00, 0x00, 0x00, 0x00, 0x00, 0x00, 0x00, 0x00, 0x00, 0x20, 0x00, 0x20, 0x00,
    0x20, 0x00, 0x00, 0x00, 0x20, 0x00, 0x20, 0x00, 0x20, 0x00, 0x20, 0x00, 0x20, 0x00, 0x20, 0x00,
    0x20, 0x00, 0x40, 0x08, 0xE3, 0x18, 0x44, 0x29, 0x85, 0x31, 0x85, 0x31, 0xC6, 0x39, 0xA6, 0x31,
    0x44, 0x29, 0xC2, 0x18, 0x40, 0x08, 0x40, 0x08, 0x81, 0x10, 0xE2, 0x20, 0x64, 0x29, 0xC5, 0x39,
    0x27, 0x4A, 0x47, 0x4A, 0x47, 0x4A, 0x47, 0x4A, 0x47, 0x4A, 0x47, 0x4A, 0x27, 0x4A, 0x06, 0x42,
    0xE6, 0x41, 0xA5, 0x39, 0x84, 0x31, 0x64, 0x31, 0x64, 0x31, 0x64, 0x31, 0xC5, 0x39, 0xA5, 0x39,
    0xC5, 0x39, 0xE6, 0x41, 0xC5, 0x41, 0xC5, 0x41, 0xC5, 0x39, 0xC5, 0x39, 0xE6, 0x41, 0x27, 0x4A,
    0x06, 0x4A, 0x47, 0x4A, 0x47, 0x4A, 0x68, 0x52, 0xC9, 0x62, 0x8C, 0x73, 0x2F, 0x8C, 0xD1, 0x9C,
    0xB4, 0xB5, 0x57, 0xCE, 0x98, 0xD6, 0xB8, 0xD6, 0xD9, 0xDE, 0xFA, 0xDE, 0x1A, 0xE7, 0x3A, 0xE7,
    0x3A, 0xE7, 0x3A, 0xE7, 0x3A, 0xE7, 0x3A, 0xE7, 0x3A, 0xE7, 0x1B, 0xE7, 0x3B, 0xE7, 0x3B, 0xE7,
    0x3B, 0xE7, 0x3B, 0xE7, 0x3B, 0xE7, 0x3B, 0xE7, 0x3B, 0xE7, 0x3B, 0xE7, 0x3A, 0xE7, 0x3A, 0xE7,
    0x3A, 0xE7, 0x3A, 0xE7, 0x3A, 0xE7, 0x3A, 0xE7, 0x3A, 0xE7, 0x3A, 0xE7, 0x3A, 0xE7, 0x1A, 0xE7,
    0x1A, 0xE7, 0x1A, 0xE7, 0x1A, 0xE7, 0x1A, 0xE7, 0xFA, 0xE6, 0xFA, 0xDE, 0xFA, 0xDE, 0xD9, 0xDE,
    0xDC, 0xD6, 0xDC, 0xD6, 0xDC, 0xD6, 0xDC, 0xD6, 0xDC, 0xD6, 0xDC, 0xD6, 0xDC, 0xD6, 0xDC, 0xD6,
    0xDC, 0xD6, 0xDC, 0xD6, 0xBC, 0xD6, 0xDC, 0xD6, 0xBB, 0xD6, 0xBB, 0xD6, 0xBB, 0xD6, 0xDB, 0xD6,
    0xDB, 0xD6, 0xDB, 0xD6, 0xDB, 0xD6, 0xDB, 0xD6, 0xDB, 0xD6, 0xDB, 0xD6, 0xBB, 0xD6, 0xDB, 0xD6,
    0xDB, 0xD6, 0xDB, 0xD6, 0xDB, 0xD6, 0xDB, 0xD6, 0xDB, 0xD6, 0xDB, 0xD6, 0xDB, 0xD6, 0xDB, 0xD6,
    0xDB, 0xD6, 0xDB, 0xD6, 0xDB, 0xD6, 0xDB, 0xD6, 0xDB, 0xD6, 0xDB, 0xD6, 0xDB, 0xD6, 0xDB, 0xD6,
    0xDB, 0xD6, 0xDB, 0xD6, 0xDB, 0xD6, 0xDB, 0xD6, 0xDB, 0xD6, 0xDB, 0xD6, 0xDB, 0xD6, 0xDB, 0xD6,
    0xDB, 0xD6, 0xDB, 0xD6, 0xDB, 0xD6, 0xDB, 0xD6, 0xDB, 0xD6, 0xDB, 0xD6, 0xDB, 0xD6, 0xDB, 0xD6,
    0xDB, 0xD6, 0xDB, 0xD6, 0xDB, 0xD6, 0xBA, 0xD6, 0xBA, 0xD6, 0x9A, 0xD6, 0x99, 0xCE, 0xF7, 0xBD,
    0x55, 0xAD, 0xD2, 0x9C, 0x70, 0x8C, 0x50, 0x84, 0x0F, 0x84, 0x4C, 0x63, 0xCA, 0x5A, 0xA9, 0x5A,
    0xA9, 0x52, 0xCA, 0x5A, 0xA9, 0x52, 0x89, 0x52, 0x88, 0x52, 0x88, 0x52, 0x89, 0x52, 0x88, 0x52,
    0x68, 0x4A, 0x48, 0x4A, 0x48, 0x4A, 0x27, 0x4A, 0x07, 0x42, 0xE6, 0x41, 0xC5, 0x39, 0xA5, 0x39,
    0x85, 0x39, 0x85, 0x31, 0x85, 0x31, 0x23, 0x29, 0xE2, 0x18, 0xC1, 0x10, 0xE2, 0x18, 0x44, 0x29,
    0xC6, 0x39, 0xE7, 0x39, 0xA6, 0x39, 0xA6, 0x39, 0x85, 0x31, 0x85, 0x31, 0x65, 0x31, 0x65, 0x29,
    0x64, 0x29, 0x24, 0x21, 0x03, 0x21, 0x03, 0x19, 0xE3, 0x18, 0xC3, 0x18, 0xC2, 0x18, 0xC2, 0x10,
    0xC2, 0x10, 0xA2, 0x10, 0xC2, 0x18, 0xE3, 0x18, 0xE3, 0x18, 0xE3, 0x18, 0xC2, 0x18, 0x81, 0x10,
    0x40, 0x08, 0x40, 0x08, 0x40, 0x08, 0x61, 0x08, 0x61, 0x10, 0x81, 0x10, 0x81, 0x10, 0x81, 0x10,
    0xA1, 0x10, 0xC2, 0x18, 0xC2, 0x18, 0x23, 0x29, 0x85, 0x31, 0xC6, 0x39, 0x06, 0x42, 0x47, 0x4A,
    0x68, 0x52, 0xA9, 0x52, 0xC9, 0x5A, 0xEA, 0x5A, 0xEA, 0x62, 0x0A, 0x63, 0x6C, 0x73, 0xAC, 0x73,
    0xCD, 0x7B, 0x0E, 0x84, 0x0E, 0x84, 0x2F, 0x8C, 0x2F, 0x8C, 0x2F, 0x8C, 0x2F, 0x8C, 0x4F, 0x8C,
    0x4F, 0x8C, 0x2F, 0x8C, 0x2F, 0x8C, 0x4F, 0x8C, 0x4F, 0x8C, 0x2F, 0x94, 0x4F, 0x94, 0x4F, 0x94,
    0x4F, 0x8C, 0x2F, 0x8C, 0x0E, 0x8C, 0x0E, 0x8C, 0x0E, 0x8C, 0x0E, 0x8C, 0x0E, 0x8C, 0x0E, 0x8C,
    0x0E, 0x8C, 0x0E, 0x8C, 0x0E, 0x8C, 0x0E, 0x8C, 0x2E, 0x8C, 0x2F, 0x8C, 0x2F, 0x94, 0x2F, 0x94,
    0x2F, 0x94, 0x4F, 0x94, 0x6F, 0x94, 0x70, 0x94, 0x70, 0x94, 0x70, 0x94, 0x70, 0x94, 0x70, 0x94,
    0x70, 0x94, 0x90, 0x94, 0x90, 0x9C, 0x70, 0x94, 0x70, 0x94, 0x70, 0x94, 0x70, 0x94, 0x70, 0x94,
    0x70, 0x94, 0x4F, 0x8C, 0x2F, 0x8C, 0x0E, 0x8C, 0x0E, 0x84, 0xED, 0x83, 0xAD, 0x7B, 0x8C, 0x73,
    0x6C, 0x73, 0x6C, 0x6B, 0x89, 0x52, 0xA5, 0x39, 0xC1, 0x18, 0x40, 0x08, 0x60, 0x08, 0x40, 0x08,
    0x41, 0x08, 0x41, 0x08, 0x41, 0x08, 0x61, 0x08, 0x61, 0x08, 0x61, 0x08, 0x40, 0x08, 0x20, 0x00,
    0x00, 0x00, 0x00, 0x00, 0x00, 0x00, 0x00, 0x00, 0x00, 0x00, 0x00, 0x00, 0x00, 0x00, 0x00, 0x00,
    0x00, 0x00, 0x00, 0x00, 0x00, 0x00, 0x00, 0x00, 0x00, 0x00, 0x20, 0x00, 0x20, 0x00, 0x20, 0x00,
    0x20, 0x00, 0x20, 0x08, 0xC2, 0x18, 0x44, 0x29, 0x65, 0x29, 0x65, 0x29, 0x85, 0x31, 0x65, 0x29,
    0x24, 0x21, 0xC2, 0x18, 0x40, 0x08, 0x40, 0x08, 0x60, 0x08, 0xA1, 0x10, 0x23, 0x21, 0xC5, 0x39,
    0x27, 0x4A, 0x47, 0x4A, 0x47, 0x4A, 0x47, 0x4A, 0x47, 0x4A, 0x47, 0x4A, 0x27, 0x4A, 0xE6, 0x41,
    0xC5, 0x39, 0x84, 0x39, 0x64, 0x31, 0x23, 0x29, 0x23, 0x29, 0x64, 0x31, 0xC5, 0x39, 0xC5, 0x39,
    0xE6, 0x41, 0x06, 0x42, 0x06, 0x42, 0x06, 0x42, 0x06, 0x42, 0x06, 0x42, 0x27, 0x4A, 0x27, 0x4A,
    0x27, 0x4A, 0x27, 0x4A, 0x06, 0x42, 0x06, 0x42, 0x88, 0x52, 0x2B, 0x6B, 0xEE, 0x83, 0x90, 0x94,
    0x74, 0xB5, 0x37, 0xC6, 0x78, 0xCE, 0xD9, 0xDE, 0x1A, 0xE7, 0xFA, 0xDE, 0x1A, 0xE7, 0x3A, 0xE7,
    0x1A, 0xE7, 0x1A, 0xE7, 0x3A, 0xE7, 0x3A, 0xE7, 0x3B, 0xE7, 0x3B, 0xE7, 0x3B, 0xE7, 0x3B, 0xE7,
    0x3B, 0xEF, 0x3B, 0xEF, 0x3B, 0xEF, 0x3B, 0xEF, 0x3B, 0xEF, 0x3B, 0xE7, 0x3B, 0xE7, 0x1B, 0xE7,
    0x1B, 0xE7, 0x3A, 0xE7, 0x3A, 0xE7, 0x3A, 0xE7, 0x3A, 0xE7, 0x3A, 0xE7, 0x1A, 0xE7, 0x1A, 0xE7,
    0x1A, 0xE7, 0x1A, 0xE7, 0x1A, 0xE7, 0xFA, 0xE6, 0xFA, 0xDE, 0xF9, 0xDE, 0xF9, 0xDE, 0xD9, 0xDE,
    0xDC, 0xD6, 0xDC, 0xD6, 0xDC, 0xD6, 0xDC, 0xD6, 0xDC, 0xD6, 0xDC, 0xD6, 0xDC, 0xD6, 0xDC, 0xD6,
    0xDC, 0xD6, 0xDC, 0xD6, 0xBC, 0xD6, 0xBC, 0xD6, 0xBC, 0xD6, 0xBB, 0xD6, 0xBB, 0xD6, 0xDB, 0xD6,
    0xDB, 0xD6, 0xDB, 0xD6, 0xDB, 0xD6, 0xDB, 0xD6, 0xDB, 0xD6, 0xBB, 0xD6, 0xBB, 0xD6, 0xDB, 0xD6,
    0xDB, 0xD6, 0xDB, 0xD6, 0xDB, 0xD6, 0xDB, 0xD6, 0xDB, 0xD6, 0xDB, 0xD6, 0xDB, 0xD6, 0xDB, 0xD6,
    0xDB, 0xD6, 0xDB, 0xD6, 0xDB, 0xD6, 0xDB, 0xD6, 0xDB, 0xD6, 0xDB, 0xD6, 0xDB, 0xD6, 0xDB, 0xD6,
    0xDB, 0xD6, 0xDB, 0xD6, 0xDB, 0xD6, 0xDB, 0xD6, 0xDB, 0xD6, 0xFB, 0xD6, 0xFB, 0xD6, 0xFB, 0xD6,
    0xFB, 0xD6, 0xDB, 0xD6, 0xBA, 0xD6, 0xBA, 0xD6, 0xBB, 0xD6, 0xBB, 0xD6, 0xBB, 0xD6, 0xBB, 0xD6,
    0xDB, 0xD6, 0xDB, 0xD6, 0xBA, 0xD6, 0x9A, 0xCE, 0x79, 0xCE, 0x58, 0xC6, 0xF7, 0xBD, 0x34, 0xA5,
    0xD2, 0x9C, 0x50, 0x8C, 0x8D, 0x73, 0x2B, 0x63, 0x4C, 0x6B, 0xEA, 0x5A, 0xA9, 0x52, 0xA9, 0x52,
    0x89, 0x52, 0x89, 0x52, 0x89, 0x52, 0x68, 0x4A, 0x48, 0x4A, 0x47, 0x4A, 0x47, 0x4A, 0x27, 0x42,
    0x07, 0x42, 0xE6, 0x39, 0xC6, 0x41, 0xC6, 0x39, 0xA6, 0x39, 0xA5, 0x39, 0xA5, 0x39, 0x85, 0x31,
    0x64, 0x31, 0x64, 0x31, 0x64, 0x31, 0xE2, 0x18, 0xC1, 0x10, 0xC2, 0x18, 0x03, 0x21, 0x48, 0x4A,
    0xAA, 0x52, 0x28, 0x4A, 0xE7, 0x39, 0xC6, 0x39, 0x86, 0x31, 0x65, 0x31, 0x44, 0x29, 0x44, 0x29,
    0x03, 0x21, 0xE3, 0x18, 0xC2, 0x18, 0xA2, 0x10, 0xA2, 0x10, 0x81, 0x10, 0x81, 0x10, 0x81, 0x10,
    0x81, 0x08, 0x81, 0x08, 0x81, 0x10, 0xA2, 0x10, 0xC3, 0x18, 0xE3, 0x18, 0xE3, 0x18, 0xA2, 0x18,
    0x81, 0x10, 0x61, 0x08, 0x40, 0x08, 0x40, 0x08, 0x81, 0x10, 0x81, 0x10, 0xA2, 0x10, 0xA2, 0x10,
    0xA1, 0x10, 0xA1, 0x10, 0xA1, 0x10, 0xC2, 0x18, 0x44, 0x29, 0xA5, 0x39, 0xE6, 0x41, 0x47, 0x4A,
    0x68, 0x52, 0x89, 0x52, 0xC9, 0x5A, 0xCA, 0x5A, 0xEA, 0x62, 0x0B, 0x63, 0x6C, 0x73, 0xAC, 0x73,
    0xCD, 0x7B, 0x0E, 0x84, 0x0E, 0x84, 0x2F, 0x8C, 0x2F, 0x8C, 0x2F, 0x8C, 0x2F, 0x8C, 0x4F, 0x8C,
    0x4F, 0x8C, 0x2F, 0x8C, 0x4F, 0x8C, 0x70, 0x94, 0x70, 0x94, 0x4F, 0x94, 0x4F, 0x94, 0x4F, 0x94,
    0x2F, 0x8C, 0x2E, 0x8C, 0x0E, 0x8C, 0x0E, 0x8C, 0x0E, 0x8C, 0x0E, 0x8C, 0x0E, 0x8C, 0x0E, 0x8C,
    0x0E, 0x8C, 0x0E, 0x8C, 0x0E, 0x8C, 0x2E, 0x8C, 0x2E, 0x8C, 0x2F, 0x8C, 0x2F, 0x94, 0x2F, 0x94,
    0x2F, 0x94, 0x4F, 0x94, 0x6F, 0x94, 0x70, 0x9C, 0x70, 0x94, 0x70, 0x94, 0x6F, 0x94, 0x6F, 0x94,
    0x70, 0x94, 0x90, 0x94, 0x90, 0x9C, 0x90, 0x9C, 0x90, 0x9C, 0x70, 0x94, 0x90, 0x94, 0x90, 0x94,
    0x90, 0x94, 0x4F, 0x8C, 0x2F, 0x8C, 0x2F, 0x8C, 0x2F, 0x8C, 0x0E, 0x84, 0xEE, 0x83, 0xAD, 0x7B,
    0x8C, 0x73, 0x6C, 0x73, 0xA9, 0x5A, 0xA5, 0x39, 0xA1, 0x18, 0x81, 0x10, 0x81, 0x10, 0x81, 0x10,
    0x61, 0x10, 0x61, 0x10, 0x61, 0x08, 0x61, 0x08, 0x61, 0x08, 0x61, 0x08, 0x40, 0x08, 0x20, 0x00,
    0x00, 0x00, 0x00, 0x00, 0x00, 0x00, 0x00, 0x00, 0x00, 0x00, 0x00, 0x00, 0x00, 0x00, 0x00, 0x00,
    0x00, 0x00, 0x00, 0x00, 0x00, 0x00, 0x00, 0x00, 0x00, 0x00, 0x20, 0x00, 0x20, 0x00, 0x20, 0x00,
    0x00, 0x00, 0x40, 0x08, 0xC2, 0x18, 0x44, 0x29, 0x44, 0x29, 0x65, 0x31, 0x85, 0x31, 0x24, 0x29,
    0xE3, 0x20, 0x81, 0x10, 0x40, 0x08, 0x40, 0x08, 0x40, 0x08, 0x81, 0x10, 0x23, 0x29, 0xC5, 0x39,
    0x27, 0x4A, 0x47, 0x4A, 0x47, 0x4A, 0x47, 0x4A, 0x47, 0x4A, 0x47, 0x4A, 0x27, 0x4A, 0xC5, 0x41,
    0x84, 0x39, 0x64, 0x31, 0x64, 0x31, 0x23, 0x29, 0x43, 0x31, 0x84, 0x31, 0xC5, 0x39, 0xC5, 0x41,
    0xE6, 0x41, 0x06, 0x42, 0x27, 0x4A, 0x27, 0x4A, 0x27, 0x4A, 0x27, 0x4A, 0x06, 0x42, 0xE6, 0x41,
    0xE6, 0x41, 0xE6, 0x41, 0x06, 0x42, 0x06, 0x42, 0x47, 0x4A, 0xA9, 0x5A, 0x4B, 0x6B, 0xAD, 0x7B,
    0x90, 0x94, 0x33, 0xAD, 0xB5, 0xBD, 0x57, 0xCE, 0xD9, 0xDE, 0x1A, 0xE7, 0xFA, 0xE6, 0x1A, 0xE7,
    0x1A, 0xE7, 0x1A, 0xE7, 0x3A, 0xE7, 0x3A, 0xE7, 0x3B, 0xE7, 0x3B, 0xE7, 0x3B, 0xE7, 0x3B, 0xE7,
    0x3B, 0xEF, 0x3B, 0xEF, 0x3B, 0xEF, 0x3B, 0xEF, 0x3B, 0xEF, 0x3B, 0xE7, 0x3B, 0xE7, 0x1B, 0xE7,
    0x1B, 0xE7, 0x3A, 0xE7, 0x3A, 0xE7, 0x3A, 0xE7, 0x3A, 0xE7, 0x3A, 0xE7, 0x1A, 0xE7, 0x1A, 0xE7,
    0x1A, 0xE7, 0x1A, 0xE7, 0x1A, 0xE7, 0xFA, 0xE6, 0xFA, 0xDE, 0xF9, 0xDE, 0xD9, 0xDE, 0xD9, 0xDE,
    0xDC, 0xD6, 0xDC, 0xD6, 0xDC, 0xD6, 0xDC, 0xD6, 0xDC, 0xD6, 0xDC, 0xD6, 0xDC, 0xD6, 0xDC, 0xD6,
    0xDC, 0xD6, 0xDC, 0xD6, 0xBC, 0xD6, 0xBC, 0xD6, 0xBC, 0xD6, 0xBC, 0xD6, 0xBB, 0xD6, 0xDB, 0xD6,
    0xDB, 0xD6, 0xDB, 0xD6, 0xDB, 0xD6, 0xDB, 0xD6, 0xBB, 0xD6, 0xBB, 0xD6, 0xBB, 0xD6, 0xDB, 0xD6,
    0xDB, 0xD6, 0xDB, 0xD6, 0xDB, 0xD6, 0xDB, 0xD6, 0xDB, 0xD6, 0xDB, 0xD6, 0xDB, 0xD6, 0xDB, 0xD6,
    0xDB, 0xD6, 0xDB, 0xD6, 0xDB, 0xD6, 0xDB, 0xD6, 0xDB, 0xD6, 0xFB, 0xD6, 0xDB, 0xD6, 0xDB, 0xD6,
    0xDB, 0xD6, 0xDB, 0xD6, 0xDB, 0xD6, 0xDB, 0xD6, 0xFB, 0xD6, 0xFB, 0xD6, 0xFB, 0xD6, 0xFB, 0xDE,
    0xFB, 0xD6, 0xFB, 0xD6, 0xDB, 0xD6, 0xDB, 0xD6, 0xDB, 0xD6, 0xBB, 0xD6, 0xBB, 0xD6, 0xDA, 0xD6,
    0xBA, 0xD6, 0xBA, 0xD6, 0x99, 0xCE, 0x79, 0xCE, 0x37, 0xC6, 0xD6, 0xB5, 0x33, 0xA5, 0x50, 0x8C,
    0xCE, 0x7B, 0xAD, 0x73, 0x0B, 0x63, 0xC9, 0x52, 0xEA, 0x5A, 0xC9, 0x52, 0xA9, 0x52, 0x88, 0x52,
    0x88, 0x52, 0x88, 0x52, 0x68, 0x4A, 0x48, 0x4A, 0x07, 0x42, 0xE6, 0x41, 0x07, 0x42, 0xE6, 0x39,
    0xC5, 0x31, 0xA5, 0x31, 0xA5, 0x39, 0x85, 0x39, 0x85, 0x31, 0x85, 0x31, 0x85, 0x31, 0x85, 0x31,
    0x44, 0x29, 0x44, 0x29, 0x44, 0x29, 0xC2, 0x18, 0xC1, 0x10, 0x02, 0x19, 0xE7, 0x41, 0x8D, 0x73,
    0x2B, 0x63, 0x07, 0x42, 0xA6, 0x31, 0x85, 0x31, 0x65, 0x29, 0x44, 0x29, 0x24, 0x21, 0xE3, 0x18,
    0xC2, 0x18, 0x81, 0x10, 0x61, 0x08, 0x81, 0x08, 0x81, 0x10, 0x81, 0x10, 0x81, 0x10, 0x81, 0x10,
    0x81, 0x10, 0x81, 0x10, 0x82, 0x10, 0x81, 0x10, 0xA2, 0x10, 0xC2, 0x18, 0xE3, 0x18, 0x03, 0x21,
    0xE3, 0x18, 0xA2, 0x18, 0x40, 0x08, 0x40, 0x08, 0x81, 0x10, 0x81, 0x10, 0xA2, 0x10, 0xA2, 0x10,
    0xA2, 0x18, 0xA2, 0x18, 0xA2, 0x10, 0xA1, 0x10, 0xE3, 0x20, 0x65, 0x31, 0xE6, 0x41, 0x48, 0x4A,
    0x68, 0x52, 0x89, 0x52, 0xC9, 0x5A, 0xCA, 0x5A, 0xEA, 0x62, 0x0B, 0x63, 0x6C, 0x73, 0xAD, 0x7B,
    0xCD, 0x7B, 0x0E, 0x84, 0x2F, 0x8C, 0x2F, 0x8C, 0x2F, 0x8C, 0x2F, 0x8C, 0x2F, 0x8C, 0x4F, 0x8C,
    0x4F, 0x8C, 0x4F, 0x8C, 0x70, 0x94, 0x70, 0x94, 0x70, 0x94, 0x70, 0x94, 0x70, 0x94, 0x4F, 0x94,
    0x2F, 0x8C, 0x2E, 0x8C, 0x0E, 0x8C, 0x2E, 0x8C, 0x2E, 0x8C, 0x2F, 0x8C, 0x2F, 0x8C, 0x2F, 0x8C,
    0x2E, 0x8C, 0x2F, 0x8C, 0x0E, 0x8C, 0x2E, 0x8C, 0x2E, 0x8C, 0x4F, 0x94, 0x2F, 0x94, 0x2F, 0x94,
    0x2F, 0x94, 0x4F, 0x94, 0x6F, 0x94, 0x70, 0x94, 0x70, 0x94, 0x70, 0x94, 0x6F, 0x94, 0x6F, 0x94,
    0x70, 0x94, 0x90, 0x94, 0x90, 0x9C, 0x90, 0x9C, 0x90, 0x9C, 0x70, 0x94, 0x90, 0x94, 0x90, 0x94,
    0x70, 0x94, 0x4F, 0x94, 0x4F, 0x8C, 0x4F, 0x8C, 0x4F, 0x8C, 0x2F, 0x8C, 0x0E, 0x84, 0x0E, 0x84,
    0xED, 0x7B, 0xAD, 0x7B, 0xA9, 0x5A, 0xA5, 0x31, 0xC1, 0x18, 0xA1, 0x10, 0xA1, 0x10, 0x81, 0x10,
    0x81, 0x10, 0x81, 0x10, 0x81, 0x10, 0x61, 0x08, 0x61, 0x08, 0x61, 0x08, 0x40, 0x08, 0x20, 0x00,
    0x00, 0x00, 0x20, 0x00, 0x20, 0x00, 0x00, 0x00, 0x00, 0x00, 0x00, 0x00, 0x00, 0x00, 0x00, 0x00,
    0x00, 0x00, 0x00, 0x00, 0x00, 0x00, 0x00, 0x00, 0x00, 0x00, 0x20, 0x00, 0x20, 0x00, 0x20, 0x00,
    0x00, 0x00, 0x40, 0x08, 0xE3, 0x18, 0x44, 0x29, 0x65, 0x29, 0x85, 0x31, 0x44, 0x29, 0x03, 0x21,
    0xA2, 0x18, 0x60, 0x08, 0x40, 0x08, 0x40, 0x08, 0x40, 0x08, 0xC2, 0x18, 0x44, 0x29, 0xE6, 0x41,
    0x27, 0x4A, 0x68, 0x52, 0x47, 0x52, 0x27, 0x4A, 0x27, 0x4A, 0x47, 0x4A, 0x06, 0x4A, 0xC5, 0x39,
    0x84, 0x31, 0x43, 0x31, 0x64, 0x31, 0x84, 0x31, 0xA5, 0x39, 0xA5, 0x39, 0xC5, 0x39, 0xC5, 0x41,
    0xE6, 0x41, 0x06, 0x42, 0x06, 0x4A, 0x06, 0x4A, 0x06, 0x4A, 0x27, 0x4A, 0x06, 0x42, 0x06, 0x42,
    0x06, 0x42, 0x06, 0x42, 0x06, 0x42, 0x06, 0x42, 0x27, 0x4A, 0x47, 0x4A, 0x88, 0x5A, 0xEA, 0x62,
    0xCD, 0x7B, 0x90, 0x94, 0x33, 0xAD, 0x16, 0xC6, 0x78, 0xD6, 0xD9, 0xDE, 0x1A, 0xE7, 0x1A, 0xE7,
    0x1A, 0xE7, 0x1A, 0xE7, 0x3A, 0xE7, 0x3A, 0xE7, 0x3B, 0xE7, 0x3B, 0xE7, 0x3B, 0xEF, 0x3B, 0xEF,
    0x3B, 0xEF, 0x3B, 0xEF, 0x3B, 0xEF, 0x3B, 0xEF, 0x3B, 0xEF, 0x3B, 0xE7, 0x3B, 0xE7, 0x3A, 0xE7,
    0x3A, 0xE7, 0x3A, 0xE7, 0x3A, 0xE7, 0x3A, 0xE7, 0x3A, 0xE7, 0x3A, 0xE7, 0x1A, 0xE7, 0x1A, 0xE7,
    0x1A, 0xE7, 0x1A, 0xE7, 0x1A, 0xE7, 0xFA, 0xE6, 0xFA, 0xDE, 0xF9, 0xDE, 0xD9, 0xDE, 0xB9, 0xDE,
    0xDC, 0xDE, 0xDC, 0xDE, 0xDC, 0xDE, 0xDC, 0xDE, 0xDC, 0xDE, 0xDC, 0xD6, 0xDC, 0xD6, 0xDC, 0xD6,
    0xDC, 0xD6, 0xDC, 0xD6, 0xBB, 0xD6, 0xBB, 0xD6, 0xBB, 0xD6, 0xBB, 0xD6, 0xBB, 0xD6, 0xBB, 0xD6,
    0xDB, 0xD6, 0xDB, 0xD6, 0xDB, 0xD6, 0xDB, 0xD6, 0xDB, 0xD6, 0xDB, 0xD6, 0xDB, 0xD6, 0xDB, 0xD6,
    0xDB, 0xD6, 0xDB, 0xD6, 0xDB, 0xD6, 0xDB, 0xD6, 0xDB, 0xD6, 0xDB, 0xD6, 0xDB, 0xD6, 0xDB, 0xD6,
    0xFB, 0xD6, 0xDB, 0xD6, 0xDB, 0xD6, 0xFB, 0xD6, 0xFB, 0xD6, 0xFB, 0xD6, 0xFB, 0xD6, 0xFB, 0xD6,
    0xFB, 0xD6, 0xDB, 0xD6, 0xDB, 0xD6, 0xFB, 0xD6, 0xFB, 0xD6, 0xFB, 0xD6, 0xFB, 0xD6, 0xFB, 0xDE,
    0xFB, 0xD6, 0xFB, 0xD6, 0xFB, 0xD6, 0xDB, 0xD6, 0xBB, 0xD6, 0xBA, 0xD6, 0xBA, 0xD6, 0xBA, 0xD6,
    0x9A, 0xCE, 0x79, 0xCE, 0x79, 0xCE, 0x37, 0xC6, 0x95, 0xB5, 0x13, 0x9D, 0x91, 0x8C, 0xEE, 0x7B,
    0x0B, 0x5B, 0xCA, 0x5A, 0xCA, 0x5A, 0xA9, 0x52, 0x89, 0x52, 0x68, 0x4A, 0x48, 0x4A, 0x48, 0x4A,
    0x47, 0x4A, 0x27, 0x42, 0x06, 0x42, 0xE6, 0x39, 0xE6, 0x39, 0xC5, 0x39, 0xC6, 0x39, 0xC5, 0x39,
    0xA5, 0x39, 0xC5, 0x39, 0x85, 0x31, 0x85, 0x31, 0x85, 0x31, 0x64, 0x31, 0x44, 0x29, 0x43, 0x29,
    0xE2, 0x20, 0xE2, 0x20, 0xE2, 0x18, 0x81, 0x10, 0xA1, 0x10, 0x64, 0x29, 0x0B, 0x63, 0x50, 0x84,
    0xEB, 0x5A, 0xA6, 0x31, 0x65, 0x29, 0x65, 0x29, 0x44, 0x29, 0x03, 0x21, 0x81, 0x10, 0x61, 0x08,
    0x81, 0x10, 0x81, 0x10, 0x81, 0x10, 0x81, 0x08, 0x81, 0x10, 0x81, 0x10, 0x81, 0x10, 0x81, 0x10,
    0x81, 0x10, 0xA2, 0x10, 0xC3, 0x18, 0xE3, 0x18, 0xE3, 0x18, 0xE3, 0x18, 0xE3, 0x18, 0xE3, 0x18,
    0xE3, 0x20, 0xE3, 0x18, 0x81, 0x10, 0x81, 0x10, 0xA2, 0x10, 0xA2, 0x10, 0xA2, 0x10, 0xA2, 0x18,
    0xA2, 0x18, 0xA2, 0x18, 0xC2, 0x18, 0xA1, 0x10, 0xC2, 0x18, 0x44, 0x29, 0xC6, 0x39, 0x07, 0x42,
    0x48, 0x4A, 0x89, 0x52, 0xA9, 0x52, 0xC9, 0x5A, 0xCA, 0x5A, 0x2B, 0x6B, 0x6C, 0x73, 0xAD, 0x7B,
    0xEE, 0x7B, 0x2F, 0x84, 0x2F, 0x8C, 0x4F, 0x8C, 0x4F, 0x8C, 0x2F, 0x8C, 0x2F, 0x8C, 0x4F, 0x8C,
    0x4F, 0x8C, 0x4F, 0x8C, 0x70, 0x94, 0x70, 0x94, 0x70, 0x94, 0x70, 0x94, 0x70, 0x94, 0x6F, 0x94,
    0x4F, 0x8C, 0x2F, 0x8C, 0x2E, 0x8C, 0x2F, 0x8C, 0x2F, 0x8C, 0x2F, 0x8C, 0x2F, 0x8C, 0x2F, 0x8C,
    0x2F, 0x8C, 0x2F, 0x8C, 0x2F, 0x8C, 0x2E, 0x8C, 0x2F, 0x8C, 0x4F, 0x94, 0x4F, 0x94, 0x4F, 0x94,
    0x4F, 0x94, 0x4F, 0x8C, 0x4F, 0x94, 0x4F, 0x94, 0x4F, 0x94, 0x4F, 0x94, 0x4F, 0x94, 0x4F, 0x94,
    0x4F, 0x94, 0x70, 0x94, 0x90, 0x9C, 0x90, 0x9C, 0x91, 0x9C, 0x90, 0x9C, 0x90, 0x9C, 0x90, 0x9C,
    0x90, 0x9C, 0x70, 0x94, 0x70, 0x94, 0x70, 0x94, 0x70, 0x94, 0x4F, 0x8C, 0x2F, 0x8C, 0x0E, 0x84,
    0x0E, 0x84, 0xCD, 0x7B, 0xEA, 0x62, 0xE6, 0x39, 0xC2, 0x18, 0xA1, 0x18, 0xA1, 0x18, 0xA2, 0x10,
    0xA2, 0x10, 0xA2, 0x10, 0x81, 0x10, 0x81, 0x10, 0x61, 0x08, 0x40, 0x08, 0x40, 0x00, 0x40, 0x00,
    0x20, 0x00, 0x20, 0x00, 0x20, 0x00, 0x00, 0x00, 0x00, 0x00, 0x00, 0x00, 0x00, 0x00, 0x00, 0x00,
    0x00, 0x00, 0x00, 0x00, 0x00, 0x00, 0x00, 0x00, 0x00, 0x00, 0x20, 0x00, 0x00, 0x00, 0x20, 0x00,
    0x20, 0x00, 0x81, 0x10, 0xE3, 0x20, 0x24, 0x21, 0x24, 0x21, 0x23, 0x21, 0x03, 0x21, 0xE3, 0x18,
    0xA1, 0x10, 0x60, 0x10, 0x40, 0x08, 0x20, 0x08, 0x60, 0x10, 0xE2, 0x20, 0x64, 0x29, 0xC6, 0x39,
    0x27, 0x4A, 0x27, 0x4A, 0x27, 0x4A, 0x27, 0x4A, 0x27, 0x4A, 0x27, 0x4A, 0x06, 0x42, 0xC5, 0x39,
    0x84, 0x31, 0x84, 0x31, 0x84, 0x31, 0xA5, 0x39, 0xA5, 0x39, 0xA5, 0x39, 0xC5, 0x39, 0xC5, 0x39,
    0xE6, 0x41, 0x06, 0x42, 0x06, 0x42, 0x06, 0x42, 0x06, 0x42, 0x27, 0x4A, 0x47, 0x4A, 0x47, 0x4A,
    0x47, 0x4A, 0x27, 0x4A, 0x06, 0x4A, 0x06, 0x42, 0x27, 0x4A, 0x27, 0x4A, 0x47, 0x4A, 0xC9, 0x5A,
    0xAD, 0x7B, 0xB1, 0x9C, 0x94, 0xB5, 0x16, 0xC6, 0x57, 0xCE, 0xD9, 0xDE, 0xFA, 0xE6, 0x1A, 0xE7,
    0x1A, 0xE7, 0x3A, 0xE7, 0x3B, 0xE7, 0x3B, 0xE7, 0x3B, 0xE7, 0x3B, 0xEF, 0x3B, 0xEF, 0x3B, 0xEF,
    0x3B, 0xEF, 0x3B, 0xEF, 0x3B, 0xEF, 0x3B, 0xEF, 0x3B, 0xEF, 0x3B, 0xEF, 0x3B, 0xE7, 0x3B, 0xE7,
    0x3B, 0xE7, 0x3B, 0xE7, 0x3B, 0xE7, 0x3A, 0xE7, 0x3A, 0xE7, 0x1A, 0xE7, 0x1A, 0xE7, 0x1A, 0xE7,
    0xFA, 0xE6, 0xFA, 0xE6, 0xFA, 0xE6, 0xFA, 0xE6, 0xFA, 0xDE, 0xD9, 0xDE, 0xD9, 0xDE, 0xB9, 0xDE,
    0xDC, 0xDE, 0xDC, 0xDE, 0xDC, 0xDE, 0xDC, 0xDE, 0xDC, 0xDE, 0xDC, 0xD6, 0xDC, 0xD6, 0xDC, 0xD6,
    0xDC, 0xD6, 0xDC, 0xD6, 0xDC, 0xD6, 0xBB, 0xD6, 0xBB, 0xD6, 0xBB, 0xD6, 0xBB, 0xD6, 0xBB, 0xD6,
    0xBB, 0xD6, 0xDB, 0xD6, 0xDB, 0xD6, 0xDB, 0xD6, 0xDB, 0xD6, 0xDB, 0xD6, 0xDB, 0xD6, 0xDB, 0xD6,
    0xDB, 0xD6, 0xDB, 0xD6, 0xDB, 0xD6, 0xDB, 0xD6, 0xDB, 0xD6, 0xDB, 0xD6, 0xDB, 0xD6, 0xDB, 0xD6,
    0xFB, 0xD6, 0xFB, 0xD6, 0xFB, 0xD6, 0xFB, 0xDE, 0xFB, 0xD6, 0xFB, 0xD6, 0xFB, 0xD6, 0xFB, 0xD6,
    0xFB, 0xD6, 0xDB, 0xD6, 0xDB, 0xD6, 0xFB, 0xD6, 0xFB, 0xD6, 0xFB, 0xD6, 0xFB, 0xD6, 0xFB, 0xD6,
    0xFB, 0xD6, 0xFB, 0xD6, 0xFB, 0xD6, 0xDB, 0xD6, 0xBB, 0xD6, 0xBA, 0xD6, 0x9A, 0xD6, 0x9A, 0xD6,
    0x79, 0xCE, 0x17, 0xBE, 0xD6, 0xB5, 0x34, 0xA5, 0xB1, 0x94, 0x0F, 0x7C, 0x6C, 0x6B, 0xEA, 0x5A,
    0xA9, 0x52, 0x69, 0x52, 0x68, 0x4A, 0x48, 0x4A, 0x48, 0x4A, 0x27, 0x42, 0x07, 0x42, 0x07, 0x42,
    0xE6, 0x39, 0xC6, 0x39, 0xC5, 0x39, 0xA5, 0x31, 0xC5, 0x39, 0xA5, 0x39, 0xA5, 0x39, 0xA5, 0x39,
    0xA5, 0x39, 0xA5, 0x39, 0x85, 0x31, 0x85, 0x31, 0x85, 0x31, 0x64, 0x31, 0x43, 0x29, 0x23, 0x21,
    0xC2, 0x18, 0xA1, 0x18, 0xC2, 0x18, 0x81, 0x10, 0xC1, 0x18, 0x27, 0x42, 0xEE, 0x7B, 0x91, 0x94,
    0xAA, 0x52, 0x64, 0x29, 0x65, 0x29, 0x24, 0x21, 0x03, 0x21, 0xA2, 0x10, 0x61, 0x08, 0x81, 0x10,
    0xA2, 0x10, 0xA2, 0x10, 0xA2, 0x10, 0x81, 0x10, 0x82, 0x10, 0x81, 0x10, 0x81, 0x10, 0x81, 0x10,
    0x81, 0x10, 0xA2, 0x10, 0xC3, 0x18, 0x03, 0x19, 0x03, 0x21, 0xE3, 0x18, 0xE3, 0x18, 0xE3, 0x18,
    0xE3, 0x18, 0xE3, 0x18, 0xC2, 0x18, 0xC2, 0x18, 0xA2, 0x18, 0xA2, 0x18, 0xA2, 0x18, 0xA2, 0x18,
    0xC2, 0x18, 0xC2, 0x18, 0xC2, 0x18, 0xA1, 0x10, 0xA2, 0x10, 0x03, 0x21, 0x85, 0x31, 0xE6, 0x39,
    0x27, 0x42, 0x68, 0x4A, 0x89, 0x52, 0xA9, 0x5A, 0xCA, 0x5A, 0x2B, 0x6B, 0x8C, 0x73, 0xAD, 0x7B,
    0xEE, 0x83, 0x2F, 0x84, 0x2F, 0x8C, 0x4F, 0x8C, 0x4F, 0x8C, 0x4F, 0x8C, 0x4F, 0x8C, 0x4F, 0x8C,
    0x70, 0x94, 0x70, 0x94, 0x70, 0x94, 0x70, 0x94, 0x70, 0x94, 0x70, 0x94, 0x70, 0x94, 0x70, 0x94,
    0x4F, 0x8C, 0x4F, 0x8C, 0x4F, 0x94, 0x4F, 0x94, 0x4F, 0x94, 0x4F, 0x94, 0x4F, 0x94, 0x4F, 0x8C,
    0x2F, 0x8C, 0x2F, 0x8C, 0x2F, 0x8C, 0x2F, 0x94, 0x2F, 0x94, 0x4F, 0x94, 0x4F, 0x94, 0x4F, 0x94,
    0x4F, 0x94, 0x4F, 0x94, 0x4F, 0x8C, 0x4F, 0x94, 0x4F, 0x94, 0x4F, 0x94, 0x4F, 0x8C, 0x4F, 0x8C,
    0x4F, 0x94, 0x6F, 0x94, 0x90, 0x9C, 0x90, 0x9C, 0x91, 0x9C, 0x91, 0x9C, 0x91, 0x9C, 0x91, 0x9C,
    0x90, 0x9C, 0x70, 0x94, 0x70, 0x94, 0x70, 0x94, 0x70, 0x94, 0x70, 0x94, 0x4F, 0x8C, 0x2F, 0x8C,
    0x0E, 0x84, 0xEE, 0x83, 0x4B, 0x6B, 0x27, 0x4A, 0x03, 0x21, 0xA1, 0x18, 0xC2, 0x18, 0xC2, 0x18,
    0xA2, 0x18, 0xA2, 0x18, 0xA2, 0x10, 0xA1, 0x10, 0x81, 0x08, 0x40, 0x00, 0x40, 0x00, 0x20, 0x00,
    0x20, 0x00, 0x20, 0x00, 0x20, 0x00, 0x20, 0x00, 0x00, 0x00, 0x00, 0x00, 0x00, 0x00, 0x00, 0x00,
    0x00, 0x00, 0x00, 0x00, 0x00, 0x00, 0x00, 0x00, 0x00, 0x00, 0x20, 0x00, 0x00, 0x00, 0x20, 0x00,
    0x60, 0x08, 0xC2, 0x18, 0x03, 0x21, 0x23, 0x21, 0x03, 0x21, 0x03, 0x21, 0x03, 0x21, 0xC2, 0x18,
    0x81, 0x10, 0x60, 0x10, 0x40, 0x08, 0x40, 0x08, 0xA1, 0x18, 0x23, 0x29, 0x85, 0x31, 0xE6, 0x41,
    0x27, 0x4A, 0x27, 0x4A, 0x27, 0x4A, 0x27, 0x4A, 0x06, 0x4A, 0x06, 0x42, 0xE6, 0x41, 0xC5, 0x39,
    0x84, 0x31, 0x84, 0x31, 0xC5, 0x39, 0xC5, 0x39, 0xC5, 0x39, 0xE6, 0x39, 0xE6, 0x41, 0xE5, 0x39,
    0xE6, 0x41, 0x06, 0x4A, 0x06, 0x42, 0x06, 0x42, 0x27, 0x4A, 0x27, 0x4A, 0x27, 0x4A, 0x27, 0x4A,
    0x27, 0x4A, 0x27, 0x4A, 0x06, 0x4A, 0x06, 0x42, 0x06, 0x4A, 0x27, 0x4A, 0x47, 0x4A, 0x88, 0x52,
    0x6C, 0x73, 0x90, 0x94, 0x33, 0xAD, 0x16, 0xC6, 0x57, 0xCE, 0xB9, 0xDE, 0xD9, 0xDE, 0xFA, 0xDE,
    0x1A, 0xE7, 0x3B, 0xE7, 0x3B, 0xE7, 0x3B, 0xE7, 0x3B, 0xE7, 0x3B, 0xEF, 0x3B, 0xEF, 0x3B, 0xEF,
    0x3B, 0xEF, 0x3B, 0xEF, 0x3B, 0xEF, 0x3B, 0xEF, 0x3B, 0xEF, 0x3B, 0xEF, 0x3B, 0xE7, 0x3B, 0xE7,
    0x3B, 0xE7, 0x3B, 0xE7, 0x3B, 0xE7, 0x3A, 0xE7, 0x3A, 0xE7, 0x1A, 0xE7, 0x1A, 0xE7, 0xFA, 0xE6,
    0xFA, 0xE6, 0xFA, 0xE6, 0xFA, 0xE6, 0xFA, 0xDE, 0xF9, 0xDE, 0xD9, 0xDE, 0xB9, 0xDE, 0xB9, 0xDE,
    0xDC, 0xDE, 0xDC, 0xDE, 0xDC, 0xDE, 0xDC, 0xDE, 0xDC, 0xDE, 0xDC, 0xD6, 0xDC, 0xD6, 0xDC, 0xD6,
    0xDC, 0xD6, 0xDC, 0xD6, 0xDC, 0xD6, 0xBB, 0xD6, 0xBB, 0xD6, 0xBB, 0xD6, 0xBB, 0xD6, 0xBB, 0xD6,
    0xBB, 0xD6, 0xDB, 0xD6, 0xDB, 0xD6, 0xDB, 0xD6, 0xDB, 0xD6, 0xDB, 0xD6, 0xDB, 0xD6, 0xDB, 0xD6,
    0xDB, 0xD6, 0xDB, 0xD6, 0xDB, 0xD6, 0xDB, 0xD6, 0xDB, 0xD6, 0xDB, 0xD6, 0xDB, 0xD6, 0xFB, 0xD6,
    0xFB, 0xD6, 0xFB, 0xD6, 0xFB, 0xD6, 0xFB, 0xD6, 0xFB, 0xD6, 0xFB, 0xD6, 0xFB, 0xD6, 0xFB, 0xD6,
    0xDB, 0xD6, 0xFB, 0xD6, 0xFB, 0xD6, 0xFB, 0xD6, 0xFB, 0xD6, 0xFB, 0xD6, 0xDB, 0xD6, 0xFB, 0xD6,
    0xDB, 0xD6, 0xDB, 0xD6, 0xFB, 0xD6, 0xDB, 0xD6, 0xDB, 0xD6, 0xBA, 0xD6, 0x99, 0xCE, 0x79, 0xCE,
    0x58, 0xC6, 0x95, 0xAD, 0xF2, 0x9C, 0x4F, 0x84, 0xAD, 0x73, 0x0B, 0x5B, 0xCA, 0x52, 0xA9, 0x52,
    0x89, 0x4A, 0x48, 0x4A, 0x07, 0x42, 0xE6, 0x39, 0xC6, 0x39, 0xC6, 0x39, 0xC6, 0x39, 0xC6, 0x39,
    0xC6, 0x39, 0xC5, 0x39, 0xC5, 0x39, 0xC5, 0x39, 0xC5, 0x39, 0xA5, 0x39, 0xA5, 0x39, 0xA5, 0x39,
    0xA5, 0x39, 0xA5, 0x31, 0x85, 0x31, 0x85, 0x31, 0x85, 0x31, 0x64, 0x31, 0x43, 0x29, 0x23, 0x29,
    0xA1, 0x18, 0xA1, 0x10, 0xA1, 0x10, 0x81, 0x10, 0xE2, 0x18, 0xEA, 0x5A, 0x70, 0x8C, 0x70, 0x8C,
    0x48, 0x4A, 0x64, 0x29, 0x64, 0x29, 0x03, 0x19, 0xA2, 0x10, 0x40, 0x08, 0x61, 0x08, 0xA2, 0x10,
    0xC2, 0x18, 0xC2, 0x18, 0xC2, 0x10, 0xA2, 0x10, 0x82, 0x10, 0x82, 0x10, 0x81, 0x10, 0x81, 0x10,
    0x81, 0x08, 0x82, 0x10, 0xC3, 0x18, 0xE3, 0x18, 0xE3, 0x18, 0xE3, 0x18, 0xE3, 0x18, 0xE3, 0x18,
    0xE3, 0x18, 0xE3, 0x18, 0xE3, 0x18, 0xC2, 0x18, 0xC2, 0x18, 0xC2, 0x18, 0xC2, 0x18, 0xC2, 0x18,
    0xC2, 0x18, 0xC2, 0x18, 0xC2, 0x18, 0xC2, 0x10, 0xA1, 0x10, 0xC2, 0x18, 0x44, 0x29, 0xA5, 0x31,
    0xE6, 0x39, 0x48, 0x4A, 0x88, 0x52, 0xA9, 0x52, 0xEA, 0x5A, 0x2B, 0x6B, 0x8C, 0x73, 0xCD, 0x7B,
    0xEE, 0x83, 0x2F, 0x8C, 0x4F, 0x8C, 0x4F, 0x8C, 0x70, 0x94, 0x70, 0x94, 0x70, 0x94, 0x70, 0x94,
    0x70, 0x8C, 0x70, 0x94, 0x70, 0x94, 0x70, 0x94, 0x70, 0x94, 0x70, 0x94, 0x70, 0x94, 0x70, 0x94,
    0x6F, 0x94, 0x6F, 0x94, 0x6F, 0x94, 0x70, 0x94, 0x6F, 0x94, 0x4F, 0x94, 0x4F, 0x94, 0x4F, 0x94,
    0x4F, 0x8C, 0x4F, 0x8C, 0x4F, 0x8C, 0x4F, 0x94, 0x4F, 0x94, 0x70, 0x94, 0x70, 0x94, 0x70, 0x94,
    0x70, 0x94, 0x4F, 0x94, 0x4F, 0x94, 0x4F, 0x94, 0x4F, 0x94, 0x4F, 0x94, 0x4F, 0x94, 0x4F, 0x94,
    0x4F, 0x94, 0x6F, 0x94, 0x90, 0x9C, 0x90, 0x9C, 0x91, 0x9C, 0x91, 0x9C, 0x91, 0x9C, 0x91, 0x9C,
    0x90, 0x9C, 0x70, 0x94, 0x70, 0x94, 0x70, 0x94, 0x70, 0x94, 0x70, 0x94, 0x70, 0x94, 0x4F, 0x8C,
    0x2F, 0x84, 0x0E, 0x84, 0x8C, 0x73, 0x68, 0x52, 0x43, 0x29, 0xE2, 0x18, 0xE2, 0x18, 0xC2, 0x18,
    0xA2, 0x10, 0xA2, 0x18, 0xC2, 0x10, 0xA2, 0x10, 0x81, 0x10, 0xA1, 0x10, 0xA2, 0x10, 0x60, 0x08,
    0x20, 0x00, 0x20, 0x00, 0x20, 0x00, 0x20, 0x00, 0x20, 0x00, 0x20, 0x00, 0x00, 0x00, 0x00, 0x00,
    0x00, 0x00, 0x00, 0x00, 0x00, 0x00, 0x00, 0x00, 0x00, 0x00, 0x20, 0x00, 0x00, 0x00, 0x20, 0x00,
    0x81, 0x10, 0xE2, 0x18, 0x03, 0x21, 0x03, 0x21, 0x03, 0x21, 0x03, 0x21, 0x03, 0x21, 0xA2, 0x18,
    0x81, 0x10, 0x60, 0x08, 0x20, 0x08, 0x81, 0x10, 0x03, 0x21, 0x64, 0x31, 0xC5, 0x39, 0x07, 0x42,
    0x27, 0x4A, 0x27, 0x4A, 0x27, 0x4A, 0x27, 0x4A, 0x06, 0x4A, 0xC5, 0x39, 0xC5, 0x39, 0xC5, 0x39,
    0x84, 0x31, 0xA5, 0x31, 0xC5, 0x39, 0xE6, 0x41, 0x06, 0x42, 0x26, 0x4A, 0x47, 0x4A, 0x27, 0x42,
    0x27, 0x4A, 0x47, 0x4A, 0x47, 0x4A, 0x47, 0x4A, 0x27, 0x4A, 0x06, 0x42, 0x06, 0x42, 0x06, 0x42,
    0x06, 0x42, 0x06, 0x4A, 0x06, 0x4A, 0x27, 0x4A, 0x27, 0x4A, 0x27, 0x4A, 0x27, 0x4A, 0x47, 0x4A,
    0x2A, 0x63, 0x0E, 0x84, 0xB1, 0x9C, 0xF6, 0xC5, 0x78, 0xCE, 0x98, 0xD6, 0xB9, 0xDE, 0xD9, 0xDE,
    0x1A, 0xE7, 0x3A, 0xE7, 0x3B, 0xE7, 0x3B, 0xE7, 0x3B, 0xE7, 0x3B, 0xEF, 0x3B, 0xEF, 0x3B, 0xEF,
    0x3B, 0xEF, 0x3B, 0xEF, 0x3B, 0xEF, 0x3B, 0xEF, 0x3B, 0xEF, 0x3B, 0xEF, 0x3B, 0xE7, 0x3B, 0xE7,
    0x3B, 0xE7, 0x3B, 0xE7, 0x3B, 0xE7, 0x3A, 0xE7, 0x3A, 0xE7, 0x1A, 0xE7, 0x1A, 0xE7, 0xFA, 0xE6,
    0xFA, 0xE6, 0xFA, 0xE6, 0xFA, 0xE6, 0xFA, 0xDE, 0xF9, 0xDE, 0xD9, 0xDE, 0xB9, 0xDE, 0xB9, 0xDE,
    0xDC, 0xDE, 0xDC, 0xDE, 0xDC, 0xDE, 0xDC, 0xDE, 0xDC, 0xDE, 0xDC, 0xDE, 0xDC, 0xDE, 0xDC, 0xDE,
    0xDC, 0xD6, 0xDC, 0xD6, 0xDC, 0xD6, 0xDC, 0xD6, 0xDC, 0xD6, 0xDB, 0xD6, 0xDB, 0xD6, 0xDC, 0xD6,
    0xDC, 0xD6, 0xDC, 0xD6, 0xDC, 0xD6, 0xDB, 0xD6, 0xDB, 0xD6, 0xDB, 0xD6, 0xDB, 0xD6, 0xDB, 0xD6,
    0xDB, 0xD6, 0xDB, 0xD6, 0xDB, 0xD6, 0xDB, 0xD6, 0xDB, 0xD6, 0xDB, 0xD6, 0xDB, 0xD6, 0xFB, 0xD6,
    0xFB, 0xD6, 0xFB, 0xD6, 0xFB, 0xD6, 0xFB, 0xD6, 0xFB, 0xD6, 0xDB, 0xD6, 0xDB, 0xD6, 0xDB, 0xD6,
    0xDB, 0xD6, 0xDB, 0xD6, 0xDB, 0xD6, 0xDB, 0xD6, 0xFB, 0xD6, 0xDB, 0xD6, 0xDB, 0xD6, 0xDB, 0xD6,
    0xDB, 0xD6, 0xDB, 0xD6, 0xDB, 0xD6, 0xDB, 0xD6, 0xBA, 0xD6, 0x9A, 0xD6, 0x99, 0xCE, 0x79, 0xCE,
    0xF7, 0xBD, 0x33, 0xA5, 0x70, 0x8C, 0x8D, 0x73, 0x0B, 0x5B, 0xA9, 0x52, 0x69, 0x4A, 0x68, 0x4A,
    0x27, 0x42, 0x07, 0x42, 0xE6, 0x39, 0xC6, 0x39, 0xA6, 0x31, 0xA5, 0x31, 0xA6, 0x39, 0xC6, 0x39,
    0xA5, 0x39, 0xA5, 0x39, 0xC5, 0x39, 0xC5, 0x39, 0xC5, 0x39, 0xA5, 0x39, 0xA5, 0x39, 0xA5, 0x39,
    0xA5, 0x31, 0x85, 0x31, 0x85, 0x31, 0x65, 0x31, 0x65, 0x31, 0x64, 0x31, 0x64, 0x29, 0x23, 0x29,
    0xA1, 0x18, 0xA1, 0x10, 0xA1, 0x18, 0xA1, 0x18, 0x23, 0x21, 0xEA, 0x5A, 0x91, 0x94, 0x2F, 0x84,
    0x48, 0x4A, 0xA5, 0x31, 0x24, 0x21, 0x81, 0x10, 0x81, 0x08, 0x61, 0x08, 0x61, 0x08, 0x81, 0x10,
    0xC2, 0x18, 0xE2, 0x18, 0xC2, 0x18, 0xA2, 0x10, 0x82, 0x10, 0x82, 0x10, 0x82, 0x10, 0x81, 0x10,
    0x81, 0x10, 0x81, 0x10, 0xA2, 0x10, 0x82, 0x10, 0xA2, 0x10, 0xE3, 0x18, 0xC3, 0x18, 0xE3, 0x18,
    0xE3, 0x18, 0xE3, 0x18, 0xE3, 0x18, 0xC2, 0x18, 0xC2, 0x18, 0xC2, 0x18, 0xC2, 0x18, 0xC2, 0x18,
    0xC2, 0x18, 0xE2, 0x18, 0xC2, 0x18, 0xC2, 0x18, 0xA1, 0x10, 0xC2, 0x10, 0x03, 0x21, 0x64, 0x29,
    0xA5, 0x31, 0x07, 0x42, 0x68, 0x52, 0xA9, 0x5A, 0xEA, 0x62, 0x2B, 0x6B, 0x8C, 0x73, 0xCD, 0x7B,
    0xEE, 0x83, 0x2F, 0x8C, 0x4F, 0x8C, 0x4F, 0x8C, 0x70, 0x94, 0x70, 0x94, 0x70, 0x94, 0x70, 0x8C,
    0x70, 0x94, 0x70, 0x94, 0x70, 0x94, 0x70, 0x94, 0x70, 0x94, 0x70, 0x94, 0x70, 0x94, 0x70, 0x94,
    0x70, 0x94, 0x90, 0x94, 0x90, 0x94, 0x70, 0x94, 0x6F, 0x94, 0x4F, 0x94, 0x4F, 0x94, 0x4F, 0x94,
    0x4F, 0x94, 0x4F, 0x8C, 0x2F, 0x8C, 0x4F, 0x94, 0x70, 0x94, 0x90, 0x9C, 0x90, 0x9C, 0x70, 0x9C,
    0x6F, 0x94, 0x4F, 0x94, 0x4F, 0x94, 0x4F, 0x94, 0x4F, 0x94, 0x4F, 0x94, 0x4F, 0x94, 0x4F, 0x94,
    0x4F, 0x94, 0x70, 0x94, 0x90, 0x9C, 0x90, 0x9C, 0x91, 0x9C, 0x91, 0x9C, 0x91, 0x9C, 0x91, 0x9C,
    0x91, 0x9C, 0x90, 0x9C, 0x90, 0x9C, 0x90, 0x9C, 0x90, 0x94, 0x70, 0x94, 0x70, 0x94, 0x4F, 0x8C,
    0x2F, 0x8C, 0x2F, 0x8C, 0xAD, 0x7B, 0xC9, 0x5A, 0x64, 0x31, 0x02, 0x21, 0xE2, 0x20, 0xE2, 0x20,
    0xE2, 0x18, 0xC2, 0x18, 0xC2, 0x18, 0xC2, 0x18, 0xC2, 0x18, 0xC2, 0x18, 0xC2, 0x18, 0x81, 0x10,
    0x60, 0x08, 0x20, 0x08, 0x00, 0x00, 0x00, 0x00, 0x00, 0x00, 0x00, 0x00, 0x20, 0x00, 0x20, 0x00,
    0x00, 0x00, 0x00, 0x00, 0x00, 0x00, 0x20, 0x00, 0x20, 0x00, 0x20, 0x00, 0x20, 0x00, 0x81, 0x08,
    0xC2, 0x18, 0xE3, 0x18, 0x03, 0x21, 0x03, 0x21, 0x03, 0x21, 0x03, 0x21, 0xE2, 0x18, 0x81, 0x10,
    0x81, 0x10, 0x40, 0x08, 0x40, 0x08, 0xE2, 0x20, 0x64, 0x31, 0xC6, 0x39, 0x27, 0x42, 0x27, 0x4A,
    0x27, 0x4A, 0x27, 0x4A, 0x27, 0x4A, 0x27, 0x4A, 0x06, 0x42, 0xC5, 0x39, 0xA5, 0x39, 0xA5, 0x39,
    0xC5, 0x39, 0x06, 0x42, 0x06, 0x42, 0x27, 0x42, 0x47, 0x4A, 0x68, 0x4A, 0x68, 0x4A, 0x47, 0x4A,
    0x47, 0x4A, 0x47, 0x4A, 0x27, 0x4A, 0x27, 0x4A, 0x06, 0x4A, 0x06, 0x42, 0xE6, 0x41, 0xE6, 0x41,
    0xE6, 0x41, 0x06, 0x42, 0xE6, 0x41, 0xC5, 0x39, 0xC5, 0x39, 0xE6, 0x41, 0x06, 0x42, 0x47, 0x4A,
    0xEA, 0x62, 0xCD, 0x7B, 0x70, 0x8C, 0xB4, 0xB5, 0x57, 0xCE, 0x78, 0xD6, 0x98, 0xD6, 0xD9, 0xDE,
    0xFA, 0xE6, 0x3A, 0xE7, 0x3B, 0xE7, 0x3B, 0xE7, 0x3B, 0xE7, 0x3B, 0xEF, 0x3B, 0xEF, 0x3B, 0xEF,
    0x3B, 0xEF, 0x3B, 0xEF, 0x3B, 0xEF, 0x3B, 0xEF, 0x3B, 0xEF, 0x3B, 0xEF, 0x3B, 0xEF, 0x3B, 0xE7,
    0x3B, 0xE7, 0x3B, 0xE7, 0x3B, 0xE7, 0x3A, 0xE7, 0x3A, 0xE7, 0x3A, 0xE7, 0x1A, 0xE7, 0x1A, 0xE7,
    0xFA, 0xE6, 0xFA, 0xE6, 0xFA, 0xE6, 0xFA, 0xE6, 0xF9, 0xDE, 0xD9, 0xDE, 0xB9, 0xDE, 0xB9, 0xDE,
    0xDC, 0xDE, 0xDC, 0xDE, 0xDC, 0xDE, 0xDC, 0xDE, 0xDC, 0xDE, 0xDC, 0xDE, 0xDC, 0xDE, 0xDC, 0xDE,
    0xDC, 0xD6, 0xDC, 0xD6, 0xDC, 0xD6, 0xDC, 0xD6, 0xDC, 0xD6, 0xDB, 0xD6, 0xDB, 0xD6, 0xDC, 0xD6,
    0xDC, 0xD6, 0xDC, 0xD6, 0xDC, 0xD6, 0xDC, 0xD6, 0xDB, 0xD6, 0xDB, 0xD6, 0xDB, 0xD6, 0xDB, 0xD6,
    0xFB, 0xDE, 0xDB, 0xD6, 0xDB, 0xD6, 0xDB, 0xD6, 0xDB, 0xD6, 0xDB, 0xD6, 0xDB, 0xD6, 0xFB, 0xD6,
    0xFB, 0xD6, 0xFB, 0xD6, 0xFB, 0xD6, 0xFB, 0xD6, 0xFB, 0xD6, 0xDB, 0xD6, 0xDB, 0xD6, 0xDB, 0xD6,
    0xDB, 0xD6, 0xDB, 0xD6, 0xDB, 0xD6, 0xDB, 0xD6, 0xDB, 0xD6, 0xBA, 0xCE, 0xBA, 0xCE, 0xBA, 0xCE,
    0xBA, 0xCE, 0xBA, 0xCE, 0xBA, 0xD6, 0xBA, 0xD6, 0x9A, 0xCE, 0x79, 0xCE, 0x58, 0xC6, 0xD6, 0xBD,
    0x34, 0xA5, 0x71, 0x8C, 0xAD, 0x73, 0xEA, 0x5A, 0x68, 0x4A, 0x48, 0x42, 0x27, 0x42, 0x07, 0x42,
    0xE7, 0x39, 0xC6, 0x39, 0xC6, 0x39, 0xA6, 0x39, 0xA6, 0x39, 0xC6, 0x39, 0xC6, 0x39, 0xC6, 0x39,
    0xC6, 0x39, 0xC6, 0x39, 0xE6, 0x39, 0xC5, 0x39, 0xC5, 0x39, 0xC5, 0x39, 0xC5, 0x39, 0xA5, 0x39,
    0xA5, 0x39, 0xA5, 0x39, 0xA5, 0x39, 0x85, 0x39, 0x85, 0x39, 0x85, 0x31, 0x64, 0x31, 0x44, 0x29,
    0xA1, 0x18, 0xA1, 0x18, 0xC1, 0x18, 0xC1, 0x18, 0x23, 0x21, 0xCA, 0x5A, 0x70, 0x8C, 0xEE, 0x7B,
    0x89, 0x52, 0xA6, 0x31, 0xE3, 0x18, 0x81, 0x08, 0x81, 0x08, 0x81, 0x08, 0x61, 0x08, 0x81, 0x10,
    0xA2, 0x10, 0xC2, 0x18, 0xA2, 0x10, 0x81, 0x10, 0x81, 0x10, 0x81, 0x10, 0x81, 0x10, 0x81, 0x10,
    0x81, 0x08, 0x61, 0x08, 0x61, 0x08, 0x61, 0x08, 0x81, 0x10, 0x81, 0x10, 0x81, 0x10, 0x82, 0x10,
    0xC2, 0x18, 0xE3, 0x18, 0xE3, 0x18, 0xC2, 0x18, 0xC2, 0x18, 0xE3, 0x18, 0xE3, 0x18, 0xE3, 0x18,
    0xE2, 0x18, 0xE3, 0x20, 0xE2, 0x18, 0xA1, 0x10, 0xA1, 0x10, 0xA1, 0x10, 0xE2, 0x18, 0x44, 0x29,
    0x85, 0x31, 0xE6, 0x41, 0x89, 0x52, 0xA9, 0x5A, 0xCA, 0x5A, 0x2B, 0x6B, 0x8C, 0x73, 0xCD, 0x7B,
    0x0E, 0x84, 0x4F, 0x8C, 0x4F, 0x8C, 0x70, 0x94, 0x70, 0x94, 0x70, 0x94, 0x70, 0x94, 0x90, 0x94,
    0x90, 0x94, 0x90, 0x94, 0x90, 0x94, 0x90, 0x94, 0x90, 0x94, 0x90, 0x94, 0x90, 0x94, 0x70, 0x94,
    0x90, 0x94, 0x90, 0x94, 0x90, 0x94, 0x90, 0x94, 0x70, 0x94, 0x6F, 0x94, 0x6F, 0x94, 0x4F, 0x94,
    0x4F, 0x94, 0x4F, 0x8C, 0x4F, 0x8C, 0x4F, 0x94, 0x70, 0x94, 0x90, 0x9C, 0x90, 0x9C, 0x70, 0x9C,
    0x4F, 0x94, 0x4F, 0x94, 0x4F, 0x94, 0x4F, 0x94, 0x4F, 0x94, 0x4F, 0x94, 0x4F, 0x94, 0x4F, 0x94,
    0x4F, 0x94, 0x70, 0x94, 0x90, 0x9C, 0x90, 0x9C, 0x91, 0x9C, 0x91, 0x9C, 0x91, 0x9C, 0x91, 0x9C,
    0x91, 0x9C, 0x91, 0x9C, 0x91, 0x9C, 0x91, 0x9C, 0xB1, 0x9C, 0x90, 0x94, 0x70, 0x94, 0x70, 0x94,
    0x70, 0x94, 0x2F, 0x8C, 0xEE, 0x83, 0x4B, 0x6B, 0xE6, 0x41, 0x44, 0x29, 0x23, 0x21, 0x03, 0x21,
    0x03, 0x21, 0x02, 0x21, 0xE2, 0x18, 0xE2, 0x18, 0xE2, 0x18, 0xE2, 0x18, 0xE2, 0x18, 0xC2, 0x18,
    0xA1, 0x10, 0x81, 0x10, 0x60, 0x08, 0x20, 0x08, 0x00, 0x00, 0x00, 0x00, 0x20, 0x00, 0x20, 0x00,
    0x20, 0x00, 0x00, 0x00, 0x20, 0x00, 0x20, 0x00, 0x20, 0x00, 0x20, 0x00, 0x81, 0x10, 0xC2, 0x18,
    0x03, 0x19, 0x03, 0x21, 0x03, 0x21, 0x03, 0x21, 0x03, 0x21, 0x03, 0x21, 0xC1, 0x18, 0x81, 0x10,
    0x60, 0x08, 0x40, 0x08, 0x60, 0x10, 0x03, 0x21, 0xA5, 0x39, 0x27, 0x42, 0x47, 0x4A, 0x47, 0x4A,
    0x47, 0x4A, 0x47, 0x4A, 0x47, 0x4A, 0x27, 0x4A, 0x06, 0x42, 0xE5, 0x39, 0xC5, 0x39, 0xC5, 0x39,
    0xE6, 0x41, 0x06, 0x42, 0x27, 0x4A, 0x68, 0x4A, 0x88, 0x52, 0x68, 0x52, 0x67, 0x4A, 0x47, 0x4A,
    0x27, 0x4A, 0x27, 0x4A, 0x06, 0x4A, 0x06, 0x42, 0x06, 0x42, 0x06, 0x42, 0x06, 0x42, 0x06, 0x42,
    0x06, 0x42, 0xC5, 0x41, 0xA5, 0x39, 0x84, 0x31, 0x64, 0x31, 0x64, 0x31, 0xA5, 0x39, 0x06, 0x42,
    0x68, 0x52, 0x2B, 0x6B, 0xEE, 0x83, 0x12, 0xA5, 0xF6, 0xC5, 0x78, 0xCE, 0x98, 0xD6, 0xB9, 0xDE,
    0xD9, 0xDE, 0x1A, 0xE7, 0x3A, 0xE7, 0x3A, 0xE7, 0x3A, 0xE7, 0x3B, 0xE7, 0x3B, 0xEF, 0x3B, 0xEF,
    0x3B, 0xEF, 0x3B, 0xEF, 0x3B, 0xEF, 0x3B, 0xEF, 0x3B, 0xEF, 0x3B, 0xEF, 0x3B, 0xEF, 0x3B, 0xE7,
    0x3B, 0xE7, 0x3B, 0xE7, 0x3B, 0xE7, 0x3A, 0xE7, 0x3A, 0xE7, 0x3A, 0xE7, 0x1A, 0xE7, 0x1A, 0xE7,
    0xFA, 0xE6, 0xFA, 0xE6, 0xFA, 0xE6, 0xFA, 0xE6, 0xF9, 0xDE, 0xD9, 0xDE, 0xB9, 0xDE, 0xB9, 0xD6,
    0xDC, 0xDE, 0xDC, 0xDE, 0xDC, 0xDE, 0xDC, 0xDE, 0xDC, 0xDE, 0xDC, 0xDE, 0xDC, 0xDE, 0xDC, 0xDE,
    0xDC, 0xD6, 0xDC, 0xD6, 0xDC, 0xD6, 0xDC, 0xD6, 0xDC, 0xD6, 0xDB, 0xD6, 0xDB, 0xD6, 0xDC, 0xD6,
    0xDC, 0xD6, 0xDC, 0xD6, 0xDC, 0xD6, 0xDC, 0xD6, 0xDB, 0xD6, 0xFB, 0xD6, 0xFB, 0xD6, 0xDB, 0xD6,
    0xFB, 0xDE, 0xDB, 0xD6, 0xDB, 0xD6, 0xDB, 0xD6, 0xDB, 0xD6, 0xDB, 0xD6, 0xDB, 0xD6, 0xFB, 0xD6,
    0xFB, 0xD6, 0xFB, 0xD6, 0xFB, 0xD6, 0xFB, 0xD6, 0xFB, 0xD6, 0xDB, 0xD6, 0xDB, 0xD6, 0xDB, 0xD6,
    0xDB, 0xD6, 0xDB, 0xD6, 0xDB, 0xD6, 0xBA, 0xCE, 0xBA, 0xCE, 0xBA, 0xCE, 0xBA, 0xCE, 0xBA, 0xD6,
    0xBA, 0xCE, 0x9A, 0xCE, 0x9A, 0xCE, 0x79, 0xCE, 0x59, 0xC6, 0x18, 0xC6, 0x96, 0xB5, 0x13, 0xA5,
    0x91, 0x8C, 0x8D, 0x73, 0xEA, 0x5A, 0x68, 0x4A, 0x27, 0x42, 0x27, 0x42, 0x27, 0x42, 0x07, 0x42,
    0xE6, 0x39, 0xA6, 0x39, 0xA6, 0x39, 0xA6, 0x39, 0xC6, 0x39, 0xC6, 0x39, 0xC6, 0x39, 0xE6, 0x41,
    0xE7, 0x41, 0xE6, 0x41, 0x06, 0x42, 0xE6, 0x39, 0xE6, 0x39, 0xC5, 0x39, 0xC5, 0x39, 0xC5, 0x39,
    0xC6, 0x39, 0xC6, 0x39, 0xC6, 0x39, 0xC6, 0x39, 0xC6, 0x39, 0xC5, 0x39, 0xA5, 0x31, 0x84, 0x31,
    0xC2, 0x18, 0xA1, 0x18, 0xA1, 0x18, 0xC1, 0x18, 0x44, 0x29, 0xA9, 0x52, 0xAE, 0x73, 0xEE, 0x7B,
    0x2B, 0x63, 0xA6, 0x31, 0xC2, 0x10, 0x61, 0x08, 0x61, 0x08, 0x61, 0x08, 0x61, 0x08, 0x81, 0x10,
    0xA2, 0x10, 0xA2, 0x10, 0x81, 0x10, 0x61, 0x08, 0x61, 0x08, 0x61, 0x08, 0x61, 0x08, 0x61, 0x08,
    0x61, 0x08, 0x61, 0x08, 0x61, 0x08, 0x61, 0x08, 0x61, 0x08, 0x61, 0x08, 0x61, 0x08, 0x61, 0x08,
    0x81, 0x10, 0x81, 0x10, 0xC2, 0x18, 0xE3, 0x18, 0xE3, 0x18, 0xE3, 0x18, 0xE3, 0x18, 0xE3, 0x18,
    0xE2, 0x18, 0x03, 0x21, 0xE2, 0x18, 0xA1, 0x10, 0x81, 0x08, 0x81, 0x08, 0xC2, 0x18, 0x03, 0x21,
    0x84, 0x31, 0x06, 0x42, 0x68, 0x52, 0xA9, 0x52, 0xCA, 0x5A, 0x2B, 0x6B, 0x8D, 0x73, 0xCD, 0x7B,
    0x0E, 0x84, 0x4F, 0x8C, 0x70, 0x8C, 0x70, 0x94, 0x70, 0x94, 0x70, 0x94, 0x90, 0x94, 0xB1, 0x94,
    0xB1, 0x94, 0xB1, 0x9C, 0xB1, 0x9C, 0xB1, 0x9C, 0xB1, 0x9C, 0xB1, 0x9C, 0xB1, 0x9C, 0x90, 0x94,
    0x90, 0x94, 0xB0, 0x9C, 0xB0, 0x9C, 0xB0, 0x9C, 0x90, 0x94, 0x70, 0x94, 0x70, 0x94, 0x6F, 0x94,
    0x4F, 0x94, 0x4F, 0x94, 0x4F, 0x8C, 0x4F, 0x94, 0x6F, 0x94, 0x90, 0x9C, 0x90, 0x9C, 0x70, 0x94,
    0x4F, 0x94, 0x4F, 0x94, 0x4F, 0x94, 0x4F, 0x94, 0x4F, 0x94, 0x4F, 0x94, 0x4F, 0x94, 0x4F, 0x94,
    0x4F, 0x94, 0x70, 0x94, 0x90, 0x9C, 0x90, 0x9C, 0x91, 0x9C, 0x91, 0x9C, 0x91, 0x9C, 0x91, 0x9C,
    0x91, 0x9C, 0x91, 0x9C, 0x91, 0x9C, 0x91, 0x9C, 0xB1, 0x9C, 0xB1, 0x9C, 0x90, 0x94, 0x70, 0x94,
    0x70, 0x94, 0x70, 0x94, 0x0F, 0x84, 0xAD, 0x7B, 0x88, 0x52, 0xC5, 0x39, 0x44, 0x29, 0x43, 0x29,
    0x23, 0x21, 0x03, 0x21, 0x03, 0x21, 0x03, 0x21, 0x03, 0x21, 0x03, 0x21, 0x03, 0x21, 0x03, 0x21,
    0xE2, 0x18, 0xC2, 0x18, 0x81, 0x10, 0x61, 0x08, 0x20, 0x00, 0x00, 0x00, 0x20, 0x00, 0x20, 0x00,
    0x20, 0x00, 0x00, 0x00, 0x20, 0x00, 0x20, 0x00, 0x20, 0x00, 0x81, 0x10, 0xC2, 0x18, 0xE3, 0x18,
    0x03, 0x19, 0x03, 0x21, 0x03, 0x21, 0x03, 0x21, 0x03, 0x21, 0xE2, 0x18, 0x81, 0x10, 0x60, 0x10,
    0x40, 0x08, 0x81, 0x10, 0x03, 0x21, 0xA5, 0x31, 0x27, 0x4A, 0x47, 0x4A, 0x47, 0x4A, 0x47, 0x4A,
    0x48, 0x4A, 0x47, 0x4A, 0x47, 0x4A, 0x27, 0x4A, 0x06, 0x42, 0xE6, 0x41, 0xE6, 0x41, 0xE6, 0x41,
    0x47, 0x4A, 0x68, 0x52, 0x88, 0x52, 0x88, 0x52, 0x88, 0x52, 0x68, 0x52, 0x47, 0x4A, 0x27, 0x42,
    0x06, 0x42, 0x06, 0x4A, 0x06, 0x42, 0x06, 0x42, 0x06, 0x42, 0x06, 0x4A, 0x06, 0x4A, 0x27, 0x4A,
    0x27, 0x4A, 0x06, 0x42, 0xE6, 0x41, 0xC5, 0x39, 0xC5, 0x39, 0xE6, 0x41, 0x06, 0x42, 0x06, 0x42,
    0x47, 0x4A, 0xEA, 0x62, 0xCD, 0x7B, 0xF2, 0xA4, 0xD5, 0xBD, 0x57, 0xCE, 0x78, 0xD6, 0x98, 0xD6,
    0xD9, 0xDE, 0xFA, 0xE6, 0x1A, 0xE7, 0x1A, 0xE7, 0x1A, 0xE7, 0x3A, 0xE7, 0x3B, 0xEF, 0x3B, 0xEF,
    0x3B, 0xEF, 0x5B, 0xEF, 0x5B, 0xEF, 0x3B, 0xEF, 0x3B, 0xEF, 0x3B, 0xEF, 0x3B, 0xEF, 0x3B, 0xE7,
    0x3B, 0xE7, 0x3B, 0xE7, 0x3B, 0xE7, 0x3A, 0xE7, 0x3A, 0xE7, 0x3A, 0xE7, 0x1A, 0xE7, 0x1A, 0xE7,
    0xFA, 0xE6, 0xFA, 0xE6, 0xFA, 0xE6, 0xFA, 0xDE, 0xF9, 0xDE, 0xD9, 0xDE, 0xB9, 0xDE, 0xB9, 0xD6,
    0xFC, 0xDE, 0xFC, 0xDE, 0xDC, 0xDE, 0xDC, 0xD6, 0xDC, 0xD6, 0xDC, 0xD6, 0xDC, 0xD6, 0xDC, 0xD6,
    0xDB, 0xD6, 0xDB, 0xD6, 0xDC, 0xD6, 0xDC, 0xD6, 0xDC, 0xD6, 0xDB, 0xD6, 0xDB, 0xD6, 0xDC, 0xD6,
    0xDC, 0xD6, 0xDC, 0xD6, 0xDC, 0xD6, 0xDC, 0xD6, 0xDB, 0xD6, 0xFB, 0xD6, 0xFB, 0xD6, 0xFB, 0xD6,
    0xFB, 0xD6, 0xFB, 0xD6, 0xFB, 0xD6, 0xFB, 0xD6, 0xFB, 0xD6, 0xFB, 0xD6, 0xFB, 0xD6, 0xFB, 0xD6,
    0xFB, 0xD6, 0xFB, 0xD6, 0xFB, 0xD6, 0xFB, 0xD6, 0xFB, 0xD6, 0xFB, 0xD6, 0xFB, 0xD6, 0xFB, 0xD6,
    0xDB, 0xD6, 0xDB, 0xD6, 0xDB, 0xD6, 0xBA, 0xD6, 0xBA, 0xD6, 0xBA, 0xCE, 0xBA, 0xD6, 0xBA, 0xD6,
    0xBA, 0xD6, 0x9A, 0xCE, 0x79, 0xCE, 0x39, 0xC6, 0xD7, 0xBD, 0x75, 0xAD, 0xD2, 0x9C, 0x71, 0x8C,
    0xAD, 0x73, 0xEA, 0x5A, 0x89, 0x52, 0x28, 0x4A, 0x28, 0x4A, 0x28, 0x4A, 0x28, 0x42, 0x07, 0x42,
    0xE7, 0x39, 0xA6, 0x39, 0xA6, 0x31, 0xC6, 0x39, 0xC6, 0x39, 0xC6, 0x39, 0x06, 0x42, 0x07, 0x42,
    0x07, 0x42, 0x27, 0x42, 0x27, 0x4A, 0x07, 0x42, 0xE6, 0x41, 0xC6, 0x39, 0xC6, 0x39, 0xC6, 0x39,
    0xC6, 0x39, 0xC6, 0x39, 0xC6, 0x39, 0xC6, 0x39, 0xC6, 0x39, 0xE6, 0x39, 0xC5, 0x39, 0x84, 0x31,
    0x03, 0x21, 0xA1, 0x10, 0xA1, 0x10, 0xC2, 0x18, 0x23, 0x29, 0x48, 0x4A, 0x4C, 0x6B, 0xEF, 0x7B,
    0xEB, 0x5A, 0x65, 0x29, 0xA2, 0x10, 0x61, 0x08, 0x61, 0x08, 0x61, 0x08, 0x61, 0x08, 0x81, 0x08,
    0x81, 0x10, 0x81, 0x10, 0x61, 0x08, 0x61, 0x08, 0x61, 0x08, 0x61, 0x08, 0x61, 0x08, 0x61, 0x08,
    0x61, 0x08, 0x61, 0x08, 0x61, 0x08, 0x61, 0x08, 0x61, 0x08, 0x61, 0x08, 0x61, 0x08, 0x61, 0x08,
    0x61, 0x10, 0x81, 0x10, 0xE3, 0x18, 0xE3, 0x20, 0xE3, 0x20, 0xE3, 0x20, 0x03, 0x21, 0xE3, 0x20,
    0xE3, 0x20, 0x03, 0x21, 0xE2, 0x18, 0xA1, 0x10, 0x81, 0x10, 0x81, 0x10, 0xC2, 0x18, 0x03, 0x21,
    0x64, 0x31, 0x06, 0x42, 0x68, 0x4A, 0xA9, 0x52, 0xEA, 0x5A, 0x4B, 0x6B, 0xAD, 0x7B, 0xEE, 0x7B,
    0x0F, 0x84, 0x70, 0x8C, 0x90, 0x94, 0x90, 0x94, 0x90, 0x94, 0x90, 0x94, 0xB1, 0x9C, 0xB1, 0x9C,
    0xB1, 0x9C, 0xB1, 0x9C, 0xB1, 0x9C, 0xB1, 0x9C, 0xB1, 0x9C, 0xB1, 0x9C, 0xB1, 0x9C, 0xB1, 0x9C,
    0x90, 0x94, 0xB1, 0x9C, 0xB1, 0x9C, 0xB1, 0x9C, 0x90, 0x9C, 0x90, 0x9C, 0x90, 0x94, 0x70, 0x94,
    0x70, 0x94, 0x70, 0x94, 0x4F, 0x94, 0x50, 0x94, 0x70, 0x94, 0x90, 0x9C, 0x91, 0x9C, 0x70, 0x94,
    0x4F, 0x94, 0x4F, 0x94, 0x4F, 0x94, 0x4F, 0x94, 0x4F, 0x94, 0x4F, 0x94, 0x50, 0x94, 0x70, 0x94,
    0x70, 0x94, 0x90, 0x94, 0x90, 0x9C, 0x91, 0x9C, 0xB1, 0x9C, 0xB1, 0x9C, 0xB1, 0x9C, 0xB1, 0x9C,
    0xB1, 0x9C, 0xB1, 0x9C, 0xB1, 0x9C, 0xB1, 0x9C, 0xB1, 0x9C, 0xB1, 0x9C, 0xB1, 0x9C, 0x90, 0x9C,
    0x90, 0x9C, 0x90, 0x94, 0x4F, 0x8C, 0x0E, 0x84, 0x0A, 0x63, 0xC5, 0x39, 0x43, 0x29, 0x44, 0x29,
    0x43, 0x29, 0x23, 0x29, 0x23, 0x21, 0x03, 0x21, 0x03, 0x21, 0x03, 0x21, 0x03, 0x21, 0x03, 0x21,
    0x03, 0x21, 0xE3, 0x18, 0xC2, 0x18, 0xA2, 0x10, 0x61, 0x10, 0x40, 0x08, 0x41, 0x08, 0x41, 0x08,
    0x41, 0x08, 0x41, 0x08, 0x40, 0x08, 0x61, 0x08, 0xA2, 0x18, 0xC2, 0x18, 0xE3, 0x18, 0xE2, 0x18,
    0xE3, 0x20, 0x03, 0x21, 0x03, 0x21, 0xE3, 0x18, 0xE2, 0x18, 0x60, 0x08, 0x40, 0x08, 0x60, 0x08,
    0xC1, 0x18, 0x64, 0x29, 0x27, 0x42, 0x47, 0x4A, 0x27, 0x4A, 0x48, 0x4A, 0x47, 0x4A, 0x47, 0x4A,
    0x47, 0x4A, 0x27, 0x42, 0x06, 0x42, 0x27, 0x4A, 0x47, 0x4A, 0x88, 0x52, 0x88, 0x52, 0xA9, 0x5A,
    0xC9, 0x5A, 0xC9, 0x5A, 0x88, 0x52, 0x47, 0x4A, 0x47, 0x4A, 0x27, 0x4A, 0x06, 0x42, 0x27, 0x4A,
    0x47, 0x4A, 0x47, 0x4A, 0x27, 0x4A, 0x27, 0x4A, 0x27, 0x4A, 0x47, 0x4A, 0x47, 0x4A, 0x47, 0x4A,
    0x67, 0x4A, 0x27, 0x42, 0x26, 0x42, 0x06, 0x42, 0x06, 0x42, 0x06, 0x42, 0x06, 0x42, 0x47, 0x4A,
    0x47, 0x4A, 0xEA, 0x5A, 0xAD, 0x7B, 0xD1, 0x9C, 0xB4, 0xB5, 0x16, 0xC6, 0x77, 0xCE, 0x98, 0xD6,
    0xD9, 0xDE, 0xFA, 0xE6, 0x1A, 0xE7, 0xFA, 0xE6, 0xFA, 0xE6, 0x1B, 0xE7, 0x3B, 0xE7, 0x3B, 0xEF,
    0x3B, 0xEF, 0x3B, 0xEF, 0x3B, 0xEF, 0x3B, 0xEF, 0x3B, 0xEF, 0x3B, 0xEF, 0x3B, 0xE7, 0x3B, 0xE7,
    0x3B, 0xE7, 0x3B, 0xE7, 0x3B, 0xE7, 0x3A, 0xE7, 0x3A, 0xE7, 0x3A, 0xE7, 0x1A, 0xE7, 0x1A, 0xE7,
    0xFA, 0xE6, 0xFA, 0xE6, 0xFA, 0xDE, 0xF9, 0xDE, 0xD9, 0xDE, 0xD9, 0xDE, 0xB9, 0xDE, 0xB9, 0xD6,
    0xFC, 0xDE, 0xFC, 0xDE, 0xDC, 0xDE, 0xDC, 0xD6, 0xDC, 0xD6, 0xDC, 0xD6, 0xDC, 0xD6, 0xDC, 0xD6,
    0xDB, 0xD6, 0xDB, 0xD6, 0xDC, 0xD6, 0xDC, 0xD6, 0xDB, 0xD6, 0xDB, 0xD6, 0xDB, 0xD6, 0xDC, 0xD6,
    0xDC, 0xD6, 0xDC, 0xD6, 0xDC, 0xD6, 0xDC, 0xD6, 0xDB, 0xD6, 0xFB, 0xD6, 0xFB, 0xD6, 0xFB, 0xD6,
    0xFB, 0xD6, 0xFB, 0xD6, 0xFB, 0xD6, 0xFB, 0xD6, 0xFB, 0xD6, 0xFB, 0xD6, 0xFB, 0xD6, 0xFB, 0xD6,
    0xFB, 0xD6, 0xFB, 0xD6, 0xFB, 0xD6, 0xFB, 0xD6, 0xFB, 0xD6, 0xFB, 0xD6, 0xFB, 0xD6, 0xFB, 0xD6,
    0xFB, 0xD6, 0xFB, 0xD6, 0xFB, 0xD6, 0xDB, 0xD6, 0xDB, 0xD6, 0xDB, 0xD6, 0xBA, 0xD6, 0xBA, 0xD6,
    0x9A, 0xCE, 0x9A, 0xCE, 0x9A, 0xCE, 0x59, 0xC6, 0xD7, 0xBD, 0x75, 0xAD, 0xB2, 0x94, 0xEE, 0x7B,
    0x6C, 0x6B, 0xCA, 0x5A, 0xA9, 0x52, 0x48, 0x4A, 0x28, 0x4A, 0x07, 0x42, 0x07, 0x42, 0xE7, 0x39,
    0xC6, 0x39, 0xC6, 0x39, 0xC6, 0x39, 0xE6, 0x39, 0xC6, 0x39, 0xE7, 0x41, 0x07, 0x42, 0x07, 0x42,
    0x07, 0x42, 0x27, 0x42, 0x27, 0x4A, 0x07, 0x42, 0xE6, 0x41, 0xC6, 0x39, 0xC6, 0x39, 0xC6, 0x39,
    0xC6, 0x39, 0xC6, 0x39, 0xE6, 0x41, 0xE6, 0x41, 0xE6, 0x41, 0xE6, 0x41, 0xC5, 0x39, 0x84, 0x31,
    0x02, 0x21, 0xA1, 0x18, 0xA1, 0x10, 0xC1, 0x18, 0x03, 0x21, 0xA5, 0x31, 0xCA, 0x5A, 0x4C, 0x6B,
    0x48, 0x4A, 0xE3, 0x18, 0x81, 0x10, 0x61, 0x08, 0x61, 0x08, 0x61, 0x08, 0x61, 0x08, 0x61, 0x08,
    0x61, 0x08, 0x61, 0x08, 0x61, 0x08, 0x61, 0x08, 0x61, 0x08, 0x61, 0x08, 0x61, 0x08, 0x61, 0x08,
    0x61, 0x08, 0x61, 0x08, 0x61, 0x08, 0x61, 0x08, 0x61, 0x08, 0x61, 0x08, 0x61, 0x08, 0x61, 0x08,
    0x81, 0x10, 0xA2, 0x10, 0xE3, 0x20, 0x03, 0x21, 0x03, 0x21, 0x03, 0x21, 0x03, 0x21, 0x03, 0x21,
    0x24, 0x21, 0x24, 0x21, 0xC2, 0x18, 0x81, 0x10, 0x81, 0x10, 0xA1, 0x10, 0xA1, 0x10, 0xE2, 0x18,
    0x44, 0x29, 0xE6, 0x39, 0x47, 0x4A, 0x89, 0x52, 0xEA, 0x5A, 0x4B, 0x6B, 0xCD, 0x7B, 0x0E, 0x84,
    0x2F, 0x8C, 0x70, 0x94, 0x90, 0x94, 0x90, 0x94, 0x90, 0x94, 0xB1, 0x9C, 0xD1, 0x9C, 0xD1, 0x9C,
    0xD1, 0x9C, 0xD1, 0x9C, 0xB1, 0x9C, 0xB1, 0x9C, 0xB1, 0x9C, 0xB1, 0x9C, 0xB1, 0x9C, 0xB1, 0x9C,
    0xB1, 0x9C, 0xB1, 0x9C, 0xB1, 0x9C, 0xB1, 0x9C, 0xB1, 0x9C, 0xB1, 0x9C, 0xB1, 0x9C, 0x90, 0x9C,
    0x90, 0x9C, 0x90, 0x9C, 0x70, 0x94, 0x70, 0x94, 0x90, 0x9C, 0x90, 0x9C, 0xB1, 0x9C, 0x90, 0x9C,
    0x70, 0x94, 0x6F, 0x94, 0x4F, 0x94, 0x6F, 0x94, 0x6F, 0x94, 0x4F, 0x94, 0x70, 0x94, 0x70, 0x94,
    0x90, 0x9C, 0xB1, 0x9C, 0xB1, 0x9C, 0xB1, 0x9C, 0xB1, 0x9C, 0xB1, 0x9C, 0xB1, 0x9C, 0xB1, 0x9C,
    0xB1, 0x9C, 0xB1, 0x9C, 0xB1, 0x9C, 0xB1, 0x9C, 0xB1, 0x9C, 0xB1, 0x9C, 0x91, 0x9C, 0x91, 0x9C,
    0x90, 0x9C, 0x90, 0x9C, 0x70, 0x94, 0x4F, 0x8C, 0x8C, 0x73, 0x27, 0x4A, 0x85, 0x31, 0x84, 0x31,
    0x64, 0x29, 0x44, 0x29, 0x43, 0x29, 0x23, 0x29, 0x23, 0x21, 0x03, 0x21, 0x03, 0x21, 0x03, 0x21,
    0x03, 0x21, 0x03, 0x21, 0x03, 0x21, 0xC2, 0x18, 0xC2, 0x18, 0xA2, 0x10, 0x82, 0x10, 0x82, 0x10,
    0xA2, 0x10, 0x82, 0x10, 0x82, 0x10, 0xA2, 0x18, 0xC3, 0x18, 0xE3, 0x18, 0xE2, 0x18, 0xE2, 0x18,
    0xE2, 0x18, 0x03, 0x21, 0xE3, 0x20, 0xC2, 0x18, 0x81, 0x10, 0x40, 0x08, 0x81, 0x10, 0x03, 0x21,
    0x84, 0x31, 0x06, 0x42, 0x68, 0x4A, 0x68, 0x4A, 0x68, 0x4A, 0x68, 0x52, 0x68, 0x52, 0x47, 0x4A,
    0x27, 0x42, 0x27, 0x4A, 0x47, 0x4A, 0x88, 0x52, 0xA9, 0x5A, 0xC9, 0x5A, 0xC9, 0x5A, 0xC9, 0x5A,
    0xEA, 0x5A, 0xC9, 0x5A, 0xA9, 0x5A, 0x68, 0x52, 0x68, 0x4A, 0x47, 0x4A, 0x47, 0x4A, 0x88, 0x52,
    0x88, 0x52, 0x88, 0x52, 0x67, 0x4A, 0x47, 0x4A, 0x47, 0x4A, 0x68, 0x52, 0x68, 0x52, 0x88, 0x52,
    0x88, 0x52, 0x68, 0x4A, 0x67, 0x4A, 0x67, 0x4A, 0x47, 0x4A, 0x47, 0x4A, 0x47, 0x4A, 0x67, 0x4A,
    0x88, 0x52, 0xEA, 0x62, 0x6B, 0x6B, 0x2F, 0x84, 0x33, 0xAD, 0xD5, 0xBD, 0x37, 0xCE, 0x98, 0xD6,
    0xD9, 0xDE, 0xFA, 0xE6, 0x1A, 0xE7, 0xFA, 0xE6, 0x1A, 0xE7, 0x3B, 0xE7, 0x3B, 0xEF, 0x3B, 0xEF,
    0x3B, 0xEF, 0x3B, 0xEF, 0x3B, 0xEF, 0x3B, 0xEF, 0x3B, 0xEF, 0x3B, 0xE7, 0x3B, 0xE7, 0x3B, 0xE7,
    0x3B, 0xE7, 0x3B, 0xE7, 0x3B, 0xE7, 0x3A, 0xE7, 0x3A, 0xE7, 0x3A, 0xE7, 0x1A, 0xE7, 0xFA, 0xE6,
    0xFA, 0xE6, 0xFA, 0xDE, 0xF9, 0xDE, 0xD9, 0xDE, 0xD9, 0xDE, 0xB9, 0xDE, 0xB9, 0xDE, 0xB9, 0xD6,
    0xFC, 0xDE, 0xFC, 0xDE, 0xDC, 0xDE, 0xDC, 0xD6, 0xDC, 0xD6, 0xDC, 0xD6, 0xDC, 0xD6, 0xDC, 0xD6,
    0xDB, 0xD6, 0xDC, 0xD6, 0xDC, 0xD6, 0xDC, 0xD6, 0xDB, 0xD6, 0xDB, 0xD6, 0xDB, 0xD6, 0xDC, 0xD6,
    0xDC, 0xD6, 0xDC, 0xD6, 0xDC, 0xD6, 0xDC, 0xD6, 0xDB, 0xD6, 0xFB, 0xD6, 0xFB, 0xD6, 0xFB, 0xD6,
    0xFB, 0xD6, 0xFB, 0xD6, 0xFB, 0xD6, 0xFB, 0xD6, 0xFB, 0xD6, 0xFB, 0xD6, 0xFB, 0xD6, 0xFB, 0xD6,
    0xFB, 0xD6, 0xFB, 0xD6, 0xFB, 0xD6, 0xFB, 0xD6, 0xFB, 0xD6, 0xFB, 0xD6, 0xFB, 0xD6, 0xFB, 0xD6,
    0xFB, 0xD6, 0xFB, 0xD6, 0xFB, 0xD6, 0xFB, 0xD6, 0xFB, 0xD6, 0xDB, 0xD6, 0xBA, 0xCE, 0xBA, 0xCE,
    0x9A, 0xCE, 0x9A, 0xCE, 0x9A, 0xD6, 0x39, 0xC6, 0xB7, 0xB5, 0x75, 0xAD, 0x91, 0x94, 0x8D, 0x73,
    0x2B, 0x63, 0xCA, 0x52, 0xCA, 0x5A, 0x69, 0x4A, 0x28, 0x42, 0x07, 0x42, 0x07, 0x42, 0xE7, 0x39,
    0xC6, 0x39, 0xE7, 0x41, 0x07, 0x42, 0x07, 0x42, 0x07, 0x42, 0x07, 0x42, 0x07, 0x42, 0x07, 0x42,
    0x07, 0x42, 0x27, 0x42, 0x27, 0x4A, 0x07, 0x42, 0xE6, 0x41, 0xC6, 0x39, 0xC6, 0x39, 0xC6, 0x39,
    0xC6, 0x39, 0xC6, 0x39, 0xE6, 0x41, 0x07, 0x42, 0x07, 0x42, 0xE6, 0x41, 0xC5, 0x39, 0x85, 0x31,
    0x03, 0x21, 0xA1, 0x18, 0x81, 0x10, 0xC1, 0x18, 0x03, 0x21, 0x44, 0x29, 0xA6, 0x31, 0x28, 0x42,
    0x85, 0x31, 0xE2, 0x18, 0x81, 0x10, 0x61, 0x08, 0x61, 0x08, 0x61, 0x08, 0x61, 0x08, 0x61, 0x08,
    0x61, 0x08, 0x40, 0x08, 0x60, 0x08, 0x61, 0x08, 0x61, 0x08, 0x61, 0x08, 0x61, 0x08, 0x61, 0x08,
    0x41, 0x08, 0x41, 0x08, 0x61, 0x08, 0x61, 0x08, 0x61, 0x08, 0x61, 0x08, 0x61, 0x08, 0x61, 0x08,
    0xA2, 0x10, 0xC2, 0x18, 0x03, 0x21, 0x03, 0x21, 0x03, 0x21, 0x03, 0x21, 0x03, 0x21, 0x03, 0x21,
    0x24, 0x29, 0x03, 0x21, 0xA2, 0x10, 0x61, 0x10, 0xA1, 0x10, 0xC2, 0x18, 0xA2, 0x18, 0xC2, 0x18,
    0x23, 0x21, 0xC5, 0x39, 0x27, 0x42, 0x88, 0x52, 0xEA, 0x5A, 0x6C, 0x6B, 0xEE, 0x7B, 0x2F, 0x8C,
    0x70, 0x8C, 0x90, 0x94, 0x90, 0x94, 0x91, 0x94, 0xB1, 0x9C, 0xD1, 0x9C, 0xD1, 0x9C, 0xD2, 0x9C,
    0xD1, 0x9C, 0xD1, 0x9C, 0xB1, 0x9C, 0xB1, 0x9C, 0xB1, 0x9C, 0xB1, 0x9C, 0xB1, 0x9C, 0xB1, 0x9C,
    0xB1, 0x9C, 0xB1, 0x9C, 0xB1, 0x9C, 0xB1, 0x9C, 0xB1, 0x9C, 0xB1, 0x9C, 0xB1, 0x9C, 0xB1, 0x9C,
    0x91, 0x9C, 0x90, 0x9C, 0x90, 0x9C, 0x90, 0x9C, 0x90, 0x9C, 0xB1, 0x9C, 0xB1, 0x9C, 0xB1, 0x9C,
    0xB0, 0x9C, 0x90, 0x9C, 0x70, 0x94, 0x70, 0x94, 0x70, 0x94, 0x70, 0x94, 0x70, 0x94, 0x90, 0x9C,
    0xB1, 0x9C, 0xB1, 0x9C, 0xB1, 0x9C, 0xB1, 0x9C, 0xB1, 0x9C, 0xB1, 0x9C, 0xB1, 0x9C, 0xB1, 0x9C,
    0xB1, 0x9C, 0xB1, 0x9C, 0xB1, 0x9C, 0xB1, 0x9C, 0xB1, 0x9C, 0xB1, 0x9C, 0xB1, 0x9C, 0x91, 0x9C,
    0x90, 0x9C, 0x90, 0x9C, 0x90, 0x9C, 0x70, 0x94, 0xEE, 0x83, 0xA9, 0x5A, 0xC5, 0x39, 0x85, 0x31,
    0x64, 0x31, 0x64, 0x31, 0x64, 0x31, 0x44, 0x29, 0x44, 0x29, 0x23, 0x29, 0x23, 0x21, 0x03, 0x21,
    0x03, 0x21, 0x03, 0x21, 0x03, 0x21, 0x03, 0x21, 0xE3, 0x20, 0xC2, 0x18, 0xC2, 0x18, 0xC2, 0x18,
    0xC2, 0x18, 0xC2, 0x18, 0xC2, 0x18, 0xC3, 0x18, 0xE3, 0x20, 0xE3, 0x20, 0xE3, 0x20, 0xE3, 0x20,
    0xE2, 0x18, 0xE2, 0x18, 0xC2, 0x18, 0xA1, 0x10, 0xA1, 0x10, 0xA1, 0x18, 0x43, 0x29, 0xE6, 0x39,
    0x48, 0x4A, 0xA9, 0x52, 0xC9, 0x5A, 0xC9, 0x5A, 0xC9, 0x5A, 0x89, 0x52, 0x88, 0x52, 0x88, 0x52,
    0x68, 0x52, 0xA9, 0x52, 0xC9, 0x5A, 0xC9, 0x5A, 0xC9, 0x5A, 0xEA, 0x5A, 0xEA, 0x62, 0xEA, 0x62,
    0x0A, 0x63, 0xEA, 0x62, 0xE9, 0x5A, 0xC9, 0x5A, 0xA9, 0x5A, 0xA9, 0x52, 0x88, 0x52, 0x88, 0x52,
    0x88, 0x52, 0x88, 0x52, 0x88, 0x52, 0x68, 0x52, 0x88, 0x52, 0xA9, 0x5A, 0xA9, 0x5A, 0xA9, 0x5A,
    0xA9, 0x52, 0xA9, 0x5A, 0xA8, 0x52, 0x88, 0x52, 0x88, 0x52, 0x68, 0x52, 0x68, 0x52, 0x68, 0x4A,
    0x88, 0x52, 0xE9, 0x5A, 0x2B, 0x63, 0xAD, 0x7B, 0xD1, 0x9C, 0x94, 0xB5, 0x16, 0xC6, 0x78, 0xD6,
    0xB9, 0xDE, 0xFA, 0xDE, 0xFA, 0xE6, 0x1A, 0xE7, 0x3A, 0xE7, 0x3B, 0xEF, 0x3B, 0xEF, 0x5B, 0xEF,
    0x3B, 0xEF, 0x3B, 0xEF, 0x3B, 0xEF, 0x3B, 0xEF, 0x3B, 0xE7, 0x3B, 0xE7, 0x3B, 0xE7, 0x3B, 0xE7,
    0x3B, 0xE7, 0x3B, 0xE7, 0x3B, 0xE7, 0x3A, 0xE7, 0x3A, 0xE7, 0x3A, 0xE7, 0x1A, 0xE7, 0xFA, 0xE6,
    0xFA, 0xDE, 0xFA, 0xDE, 0xF9, 0xDE, 0xD9, 0xDE, 0xB9, 0xDE, 0xB9, 0xDE, 0xB9, 0xDE, 0xB9, 0xD6,
    0xFC, 0xDE, 0xFC, 0xDE, 0xFC, 0xDE, 0xDC, 0xDE, 0xDC, 0xD6, 0xDC, 0xD6, 0xDC, 0xD6, 0xDB, 0xD6,
    0xDB, 0xD6, 0xDC, 0xD6, 0xDC, 0xD6, 0xDC, 0xD6, 0xDB, 0xD6, 0xDB, 0xD6, 0xDB, 0xD6, 0xDC, 0xD6,
    0xDC, 0xD6, 0xDC, 0xD6, 0xDC, 0xD6, 0xDC, 0xD6, 0xDB, 0xD6, 0xFB, 0xD6, 0xFB, 0xD6, 0xFB, 0xD6,
    0xFB, 0xD6, 0xFB, 0xD6, 0xFB, 0xD6, 0xFB, 0xD6, 0xFB, 0xD6, 0xFB, 0xD6, 0xFB, 0xD6, 0xFB, 0xD6,
    0xFB, 0xD6, 0xFB, 0xD6, 0xFB, 0xD6, 0xFB, 0xD6, 0xFB, 0xD6, 0xFB, 0xD6, 0xFB, 0xD6, 0xFB, 0xD6,
    0xFB, 0xD6, 0xFB, 0xD6, 0xFB, 0xD6, 0xFB, 0xD6, 0xFB, 0xD6, 0xDB, 0xD6, 0xBA, 0xD6, 0xBA, 0xCE,
    0x9A, 0xCE, 0x9A, 0xCE, 0x7A, 0xCE, 0x38, 0xC6, 0xB6, 0xB5, 0x13, 0x9D, 0x0F, 0x84, 0xAD, 0x73,
    0x0B, 0x63, 0xA9, 0x5A, 0xAA, 0x5A, 0x69, 0x4A, 0x07, 0x42, 0x07, 0x42, 0x07, 0x42, 0x07, 0x42,
    0x07, 0x42, 0x28, 0x42, 0x48, 0x4A, 0x28, 0x4A, 0x48, 0x4A, 0x48, 0x4A, 0x47, 0x4A, 0x07, 0x42,
    0x07, 0x42, 0x07, 0x42, 0x07, 0x42, 0xE6, 0x41, 0xE6, 0x41, 0xC6, 0x39, 0xC6, 0x39, 0xC6, 0x39,
    0xC6, 0x39, 0xC6, 0x39, 0xE6, 0x41, 0x07, 0x42, 0x27, 0x4A, 0x27, 0x42, 0xE6, 0x39, 0xA5, 0x39,
    0x24, 0x29, 0xC2, 0x18, 0x81, 0x10, 0xA2, 0x18, 0xE3, 0x18, 0x24, 0x21, 0x45, 0x29, 0x86, 0x31,
    0x65, 0x31, 0x44, 0x21, 0xA2, 0x10, 0x40, 0x08, 0x60, 0x08, 0x60, 0x08, 0x60, 0x08, 0x61, 0x08,
    0x60, 0x08, 0x40, 0x08, 0x40, 0x08, 0x61, 0x08, 0x61, 0x08, 0x61, 0x08, 0x41, 0x08, 0x41, 0x08,
    0x40, 0x08, 0x40, 0x08, 0x41, 0x08, 0x41, 0x08, 0x41, 0x08, 0x61, 0x08, 0x41, 0x08, 0x81, 0x10,
    0xC2, 0x18, 0xE3, 0x18, 0x03, 0x21, 0x03, 0x21, 0x24, 0x21, 0x03, 0x21, 0x24, 0x21, 0x24, 0x21,
    0x44, 0x29, 0x03, 0x21, 0x81, 0x10, 0x81, 0x10, 0xA2, 0x18, 0xC2, 0x18, 0xC2, 0x18, 0xE2, 0x18,
    0x23, 0x29, 0xA5, 0x31, 0x27, 0x42, 0x88, 0x52, 0xEA, 0x5A, 0x8C, 0x73, 0x2F, 0x84, 0x50, 0x8C,
    0x91, 0x94, 0xB1, 0x94, 0x91, 0x94, 0xB1, 0x9C, 0xD1, 0x9C, 0xD1, 0x9C, 0xD1, 0x9C, 0xF2, 0x9C,
    0xD2, 0x9C, 0xD1, 0x9C, 0xD1, 0x9C, 0xB1, 0x9C, 0xB1, 0x9C, 0xB1, 0x9C, 0xB1, 0x9C, 0xB1, 0x9C,
    0xB1, 0x9C, 0xB1, 0x9C, 0xB1, 0x9C, 0xB1, 0x9C, 0xB1, 0x9C, 0xB1, 0x9C, 0xB1, 0x9C, 0xB1, 0x9C,
    0xB1, 0x9C, 0xB1, 0x9C, 0xB1, 0x9C, 0xB1, 0x9C, 0xB1, 0x9C, 0xB1, 0x9C, 0xB1, 0x9C, 0xD1, 0x9C,
    0xD1, 0xA4, 0xD1, 0x9C, 0xB1, 0x9C, 0xB1, 0x9C, 0xB1, 0x9C, 0xB0, 0x9C, 0xB1, 0x9C, 0xB1, 0x9C,
    0xB1, 0x9C, 0xB1, 0x9C, 0xB1, 0x9C, 0xB1, 0x9C, 0xB1, 0x9C, 0xB1, 0x9C, 0xB1, 0x9C, 0xB1, 0x9C,
    0xB1, 0x9C, 0xB1, 0x9C, 0xB1, 0x9C, 0xB1, 0x9C, 0xB1, 0x9C, 0xB1, 0x9C, 0xB1, 0x9C, 0xB1, 0x9C,
    0xB1, 0x9C, 0x91, 0x9C, 0xB1, 0x9C, 0x91, 0x9C, 0x4F, 0x8C, 0x2B, 0x6B, 0x27, 0x4A, 0xA5, 0x31,
    0x43, 0x29, 0x43, 0x29, 0x84, 0x31, 0x84, 0x31, 0x64, 0x31, 0x44, 0x29, 0x23, 0x29, 0x23, 0x29,
    0x23, 0x29, 0x23, 0x29, 0x23, 0x29, 0x23, 0x29, 0x23, 0x29, 0x03, 0x21, 0xE3, 0x20, 0xC2, 0x18,
    0xC2, 0x18, 0xC2, 0x18, 0xC2, 0x18, 0xE3, 0x18, 0x03, 0x21, 0x23, 0x21, 0x03, 0x21, 0xC2, 0x18,
    0xA1, 0x10, 0xA1, 0x10, 0xC2, 0x18, 0x02, 0x21, 0x44, 0x29, 0x85, 0x31, 0x06, 0x42, 0x88, 0x52,
    0xC9, 0x5A, 0xEA, 0x5A, 0xEA, 0x5A, 0xEA, 0x5A, 0xEA, 0x5A, 0xEA, 0x62, 0xC9, 0x5A, 0xC9, 0x5A,
    0x0A, 0x63, 0x0A, 0x63, 0x0A, 0x63, 0x2B, 0x6B, 0x2B, 0x6B, 0x2B, 0x6B, 0x2B, 0x63, 0x2A, 0x63,
    0x2B, 0x63, 0x2B, 0x63, 0x2A, 0x63, 0xEA, 0x62, 0xC9, 0x5A, 0xA9, 0x5A, 0xA9, 0x5A, 0xA9, 0x5A,
    0xA9, 0x5A, 0xC9, 0x5A, 0xC9, 0x5A, 0xC9, 0x5A, 0xC9, 0x5A, 0xC9, 0x5A, 0xC9, 0x5A, 0xA9, 0x5A,
    0x88, 0x52, 0x88, 0x52, 0x88, 0x52, 0x68, 0x52, 0x67, 0x4A, 0x27, 0x4A, 0x27, 0x4A, 0x27, 0x4A,
    0x27, 0x4A, 0x47, 0x4A, 0x0A, 0x63, 0x2F, 0x84, 0x32, 0xA5, 0xB5, 0xBD, 0x37, 0xCE, 0x98, 0xD6,
    0xB9, 0xD6, 0xFA, 0xDE, 0x1A, 0xE7, 0x1A, 0xE7, 0x3B, 0xE7, 0x3B, 0xEF, 0x3B, 0xEF, 0x5B, 0xEF,
    0x3B, 0xEF, 0x3B, 0xEF, 0x3B, 0xEF, 0x3B, 0xEF, 0x3B, 0xEF, 0x3B, 0xEF, 0x3B, 0xEF, 0x3B, 0xEF,
    0x3B, 0xE7, 0x3A, 0xE7, 0x3A, 0xE7, 0x3A, 0xE7, 0x3A, 0xE7, 0x3A, 0xE7, 0x1A, 0xE7, 0xFA, 0xE6,
    0xF9, 0xDE, 0xFA, 0xDE, 0xD9, 0xDE, 0xD9, 0xDE, 0xB9, 0xDE, 0xB9, 0xDE, 0xB9, 0xDE, 0xB9, 0xDE,
    0xFC, 0xDE, 0xFC, 0xDE, 0xFC, 0xDE, 0xDC, 0xDE, 0xDC, 0xD6, 0xDC, 0xD6, 0xDC, 0xD6, 0xDC, 0xD6,
    0xDC, 0xD6, 0xDC, 0xD6, 0xDC, 0xD6, 0xDC, 0xD6, 0xDB, 0xD6, 0xDB, 0xD6, 0xDB, 0xD6, 0xDC, 0xD6,
    0xDC, 0xD6, 0xDC, 0xD6, 0xDC, 0xD6, 0xDC, 0xD6, 0xDB, 0xD6, 0xFB, 0xD6, 0xFB, 0xD6, 0xFB, 0xD6,
    0xFB, 0xD6, 0xFB, 0xD6, 0xFB, 0xD6, 0xFB, 0xD6, 0xFB, 0xD6, 0xFB, 0xD6, 0xFB, 0xD6, 0xFB, 0xD6,
    0xFB, 0xD6, 0xFB, 0xD6, 0xFB, 0xD6, 0xFB, 0xD6, 0xFB, 0xD6, 0xFB, 0xD6, 0xFB, 0xD6, 0xFB, 0xD6,
    0xFB, 0xD6, 0xFB, 0xD6, 0xFB, 0xD6, 0xFB, 0xD6, 0xFB, 0xD6, 0xFB, 0xD6, 0xDB, 0xD6, 0xBA, 0xD6,
    0x9A, 0xD6, 0x9A, 0xCE, 0x79, 0xCE, 0x18, 0xC6, 0x95, 0xB5, 0xD2, 0x9C, 0xCE, 0x7B, 0x4C, 0x6B,
    0xCA, 0x5A, 0xA9, 0x52, 0x89, 0x52, 0x48, 0x4A, 0x27, 0x42, 0x27, 0x42, 0x07, 0x42, 0x07, 0x42,
    0x07, 0x42, 0x28, 0x42, 0x28, 0x4A, 0x28, 0x4A, 0x28, 0x4A, 0x48, 0x4A, 0x47, 0x4A, 0x07, 0x42,
    0x07, 0x42, 0x07, 0x42, 0xC6, 0x39, 0xC6, 0x39, 0xC6, 0x39, 0xC6, 0x39, 0xC6, 0x39, 0xC6, 0x39,
    0xC6, 0x39, 0xE6, 0x41, 0x07, 0x42, 0x27, 0x4A, 0x48, 0x4A, 0x27, 0x4A, 0x07, 0x42, 0xC6, 0x39,
    0x65, 0x29, 0xE3, 0x20, 0xA1, 0x10, 0xA2, 0x18, 0xC2, 0x18, 0x03, 0x21, 0x44, 0x29, 0x85, 0x31,
    0x44, 0x29, 0x44, 0x21, 0xE3, 0x18, 0x81, 0x10, 0x40, 0x08, 0x40, 0x08, 0x60, 0x08, 0x61, 0x08,
    0x60, 0x08, 0x40, 0x08, 0x60, 0x08, 0x81, 0x10, 0x61, 0x08, 0x61, 0x08, 0x61, 0x08, 0x40, 0x08,
    0x40, 0x08, 0x40, 0x08, 0x41, 0x08, 0x41, 0x08, 0x41, 0x08, 0x61, 0x08, 0x41, 0x08, 0x81, 0x10,
    0xE3, 0x18, 0x03, 0x21, 0x24, 0x21, 0x03, 0x21, 0x24, 0x21, 0x03, 0x21, 0x03, 0x21, 0x24, 0x21,
    0x44, 0x29, 0x03, 0x21, 0x81, 0x10, 0x81, 0x10, 0xC2, 0x18, 0xC2, 0x18, 0xC2, 0x18, 0xE2, 0x18,
    0x23, 0x29, 0xA5, 0x31, 0x27, 0x42, 0x88, 0x52, 0xEA, 0x5A, 0x8C, 0x73, 0x2F, 0x84, 0x50, 0x8C,
    0x91, 0x94, 0xB1, 0x94, 0xB1, 0x9C, 0xD2, 0x9C, 0xD2, 0x9C, 0xD2, 0x9C, 0xF2, 0x9C, 0xF2, 0x9C,
    0xF2, 0x9C, 0xF2, 0xA4, 0xF2, 0xA4, 0xD1, 0xA4, 0xD1, 0x9C, 0xB1, 0x9C, 0xB1, 0x9C, 0xB1, 0x9C,
    0xB1, 0x9C, 0xB1, 0x9C, 0xB1, 0x9C, 0xB1, 0x9C, 0xB1, 0x9C, 0xB1, 0x9C, 0xB1, 0x9C, 0xB1, 0x9C,
    0xB1, 0x9C, 0xB1, 0x9C, 0xB1, 0x9C, 0xB1, 0x9C, 0xD1, 0xA4, 0xD1, 0xA4, 0xD1, 0xA4, 0xD2, 0xA4,
    0xF2, 0xA4, 0xF2, 0xA4, 0xF1, 0xA4, 0xF2, 0xA4, 0xD1, 0xA4, 0xD1, 0x9C, 0xD1, 0x9C, 0xD1, 0xA4,
    0xD1, 0x9C, 0xB1, 0x9C, 0xB1, 0x9C, 0xB1, 0x9C, 0xB1, 0x9C, 0xB1, 0x9C, 0x91, 0x9C, 0x90, 0x9C,
    0x90, 0x9C, 0x90, 0x9C, 0x90, 0x9C, 0x90, 0x9C, 0x90, 0x9C, 0x90, 0x9C, 0x91, 0x9C, 0xB1, 0x9C,
    0xB1, 0x9C, 0xB1, 0x9C, 0xB1, 0x9C, 0xB1, 0x9C, 0x90, 0x94, 0xEE, 0x83, 0x0A, 0x63, 0x27, 0x42,
    0x64, 0x29, 0x23, 0x29, 0x64, 0x31, 0x85, 0x31, 0x84, 0x31, 0x64, 0x31, 0x44, 0x29, 0x44, 0x29,
    0x44, 0x29, 0x43, 0x29, 0x43, 0x29, 0x44, 0x29, 0x44, 0x29, 0x24, 0x29, 0x23, 0x21, 0x03, 0x21,
    0x03, 0x21, 0xE3, 0x20, 0x03, 0x21, 0x03, 0x21, 0xE2, 0x20, 0xE2, 0x20, 0xA1, 0x18, 0xA1, 0x10,
    0xE2, 0x18, 0x44, 0x29, 0xC5, 0x39, 0xE6, 0x41, 0x47, 0x4A, 0x68, 0x52, 0xA9, 0x52, 0xC9, 0x5A,
    0xEA, 0x5A, 0x0A, 0x63, 0x0A, 0x63, 0x0A, 0x63, 0x0A, 0x63, 0x0A, 0x63, 0x2B, 0x6B, 0x4B, 0x6B,
    0x6B, 0x6B, 0x6C, 0x6B, 0x6C, 0x6B, 0x6C, 0x73, 0x6C, 0x73, 0x6C, 0x73, 0x6C, 0x73, 0x6C, 0x73,
    0x2B, 0x6B, 0x2B, 0x6B, 0x2B, 0x6B, 0x2A, 0x63, 0x0A, 0x63, 0xEA, 0x62, 0xEA, 0x62, 0x0A, 0x63,
    0x0A, 0x63, 0x2A, 0x63, 0x0A, 0x63, 0xEA, 0x62, 0xA9, 0x5A, 0xA9, 0x5A, 0xA8, 0x52, 0x88, 0x52,
    0x68, 0x4A, 0x47, 0x4A, 0x27, 0x4A, 0x06, 0x42, 0x26, 0x42, 0x27, 0x4A, 0x27, 0x4A, 0x27, 0x42,
    0x27, 0x42, 0x27, 0x4A, 0x0A, 0x63, 0x4F, 0x8C, 0x53, 0xAD, 0xB5, 0xBD, 0x37, 0xCE, 0x98, 0xD6,
    0xB9, 0xD6, 0xD9, 0xDE, 0xFA, 0xE6, 0xFA, 0xE6, 0x1A, 0xE7, 0x3B, 0xE7, 0x3B, 0xEF, 0x5B, 0xEF,
    0x3B, 0xEF, 0x3B, 0xEF, 0x3B, 0xEF, 0x3B, 0xEF, 0x3B, 0xEF, 0x3B, 0xEF, 0x3B, 0xEF, 0x3B, 0xEF,
    0x3B, 0xE7, 0x3A, 0xE7, 0x3A, 0xE7, 0x3A, 0xE7, 0x3A, 0xE7, 0x1A, 0xE7, 0xFA, 0xE6, 0xFA, 0xDE,
    0xF9, 0xDE, 0xFA, 0xDE, 0xD9, 0xDE, 0xD9, 0xDE, 0xB9, 0xDE, 0xB9, 0xDE, 0xB9, 0xDE, 0xB9, 0xDE,
    0xFC, 0xDE, 0xFC, 0xDE, 0xFC, 0xDE, 0xDC, 0xDE, 0xDC, 0xD6, 0xDC, 0xD6, 0xDC, 0xD6, 0xDC, 0xD6,
    0xDC, 0xD6, 0xDC, 0xD6, 0xDC, 0xD6, 0xDC, 0xD6, 0xDC, 0xD6, 0xDB, 0xD6, 0xDB, 0xD6, 0xDC, 0xD6,
    0xDC, 0xD6, 0xDC, 0xD6, 0xDC, 0xD6, 0xDB, 0xD6, 0xDB, 0xD6, 0xFB, 0xD6, 0xFB, 0xD6, 0xFB, 0xD6,
    0xFB, 0xD6, 0xFB, 0xD6, 0xFB, 0xD6, 0xFB, 0xD6, 0xFB, 0xD6, 0xFB, 0xD6, 0xFB, 0xD6, 0xFB, 0xD6,
    0xFB, 0xD6, 0xFB, 0xD6, 0xFB, 0xD6, 0xFB, 0xD6, 0xFB, 0xD6, 0xFB, 0xD6, 0xFB, 0xD6, 0xFB, 0xD6,
    0xFB, 0xD6, 0xFB, 0xD6, 0xFB, 0xD6, 0xFB, 0xD6, 0xFB, 0xD6, 0xFB, 0xD6, 0xDB, 0xD6, 0xBA, 0xD6,
    0x9A, 0xD6, 0x7A, 0xCE, 0x59, 0xC6, 0xD7, 0xBD, 0x75, 0xAD, 0xD2, 0x9C, 0xCE, 0x7B, 0x4C, 0x6B,
    0x89, 0x52, 0x89, 0x52, 0x68, 0x4A, 0x27, 0x42, 0x27, 0x42, 0x27, 0x42, 0x07, 0x42, 0x07, 0x42,
    0x07, 0x42, 0x28, 0x42, 0x48, 0x4A, 0x48, 0x4A, 0x28, 0x4A, 0x48, 0x4A, 0x27, 0x4A, 0x07, 0x42,
    0x07, 0x42, 0x07, 0x42, 0xA5, 0x39, 0xA5, 0x39, 0xA5, 0x39, 0xA5, 0x39, 0xA5, 0x39, 0xA5, 0x39,
    0xC6, 0x39, 0xE6, 0x41, 0x27, 0x42, 0x48, 0x4A, 0x68, 0x52, 0x68, 0x4A, 0x28, 0x4A, 0x07, 0x42,
    0xA5, 0x31, 0x44, 0x29, 0xC2, 0x18, 0xA1, 0x10, 0xA2, 0x18, 0xC2, 0x18, 0x03, 0x21, 0x44, 0x29,
    0x44, 0x29, 0x44, 0x21, 0x23, 0x21, 0xC2, 0x18, 0x81, 0x10, 0x40, 0x08, 0x40, 0x08, 0x61, 0x08,
    0x60, 0x08, 0x40, 0x08, 0x60, 0x08, 0x61, 0x08, 0x61, 0x08, 0x61, 0x08, 0x61, 0x08, 0x40, 0x08,
    0x40, 0x08, 0x40, 0x08, 0x41, 0x08, 0x41, 0x08, 0x41, 0x08, 0x61, 0x08, 0x61, 0x08, 0xA2, 0x18,
    0xE3, 0x20, 0x03, 0x21, 0x03, 0x21, 0x03, 0x21, 0x24, 0x21, 0x24, 0x29, 0x24, 0x29, 0x24, 0x29,
    0x44, 0x29, 0x03, 0x21, 0xA2, 0x10, 0xA1, 0x10, 0xC2, 0x18, 0xC2, 0x18, 0xC2, 0x18, 0xE2, 0x18,
    0x23, 0x21, 0xA5, 0x31, 0x06, 0x42, 0x68, 0x4A, 0xEA, 0x5A, 0x8C, 0x73, 0x2F, 0x84, 0x70, 0x94,
    0x91, 0x94, 0xB1, 0x9C, 0xD1, 0x9C, 0xD2, 0x9C, 0xD2, 0x9C, 0xF2, 0x9C, 0xF2, 0x9C, 0xF2, 0x9C,
    0xF2, 0xA4, 0xF2, 0xA4, 0xF2, 0xA4, 0xF2, 0xA4, 0xD1, 0x9C, 0xD1, 0x9C, 0xB1, 0x9C, 0xB1, 0x9C,
    0xB1, 0x9C, 0xB1, 0x9C, 0xB1, 0x9C, 0xB1, 0x9C, 0xB1, 0x9C, 0xB1, 0x9C, 0xB1, 0x9C, 0xB1, 0x9C,
    0xB1, 0x9C, 0xB1, 0x9C, 0xD1, 0x9C, 0xD1, 0xA4, 0xD1, 0xA4, 0xD1, 0xA4, 0xD1, 0xA4, 0xD2, 0xA4,
    0xF2, 0xA4, 0x12, 0xA5, 0xF2, 0xA4, 0xF2, 0xA4, 0xF1, 0xA4, 0xD1, 0xA4, 0xD1, 0xA4, 0xD1, 0xA4,
    0xD1, 0xA4, 0xB1, 0x9C, 0xB1, 0x9C, 0xB1, 0x9C, 0xB1, 0x9C, 0xB1, 0x9C, 0x91, 0x9C, 0x90, 0x9C,
    0x70, 0x94, 0x4F, 0x94, 0x4F, 0x94, 0x50, 0x94, 0x70, 0x94, 0x70, 0x94, 0x90, 0x94, 0x91, 0x9C,
    0xB1, 0x9C, 0xB1, 0x9C, 0xB1, 0x9C, 0xB1, 0x9C, 0xB1, 0x9C, 0x70, 0x94, 0xEE, 0x83, 0x2A, 0x63,
    0x27, 0x4A, 0xA5, 0x39, 0x84, 0x31, 0x84, 0x31, 0x85, 0x31, 0x84, 0x31, 0x84, 0x31, 0x84, 0x31,
    0x64, 0x31, 0x64, 0x31, 0x43, 0x29, 0x44, 0x29, 0x44, 0x29, 0x24, 0x29, 0x24, 0x29, 0x23, 0x21,
    0x03, 0x21, 0x03, 0x21, 0xE2, 0x18, 0xE2, 0x18, 0xE2, 0x18, 0x03, 0x21, 0x23, 0x21, 0x64, 0x31,
    0x06, 0x42, 0x88, 0x52, 0xCA, 0x5A, 0x0A, 0x63, 0x2B, 0x63, 0x2B, 0x6B, 0x2B, 0x63, 0x2B, 0x63,
    0x2A, 0x63, 0x2B, 0x63, 0x4B, 0x6B, 0x4B, 0x6B, 0x4B, 0x6B, 0x4B, 0x6B, 0x8C, 0x73, 0xAD, 0x73,
    0xAC, 0x73, 0xAC, 0x73, 0xAC, 0x73, 0x8C, 0x73, 0x8C, 0x73, 0x8C, 0x73, 0x8C, 0x73, 0x8C, 0x73,
    0x6C, 0x73, 0x4B, 0x6B, 0x4B, 0x6B, 0x2B, 0x6B, 0x2A, 0x63, 0x2A, 0x63, 0x0A, 0x63, 0x0A, 0x63,
    0x0A, 0x63, 0xE9, 0x5A, 0xC9, 0x5A, 0xA9, 0x5A, 0xA8, 0x52, 0xA9, 0x5A, 0x88, 0x52, 0x68, 0x4A,
    0x47, 0x4A, 0x47, 0x4A, 0x47, 0x4A, 0x27, 0x4A, 0x27, 0x4A, 0x27, 0x4A, 0x27, 0x4A, 0x27, 0x4A,
    0x27, 0x4A, 0x27, 0x4A, 0xA8, 0x52, 0x6C, 0x73, 0x4F, 0x8C, 0x12, 0xA5, 0xB5, 0xBD, 0x77, 0xCE,
    0xB9, 0xD6, 0xD9, 0xDE, 0xFA, 0xE6, 0xFA, 0xE6, 0x1A, 0xE7, 0x1B, 0xE7, 0x3B, 0xEF, 0x3B, 0xEF,
    0x3B, 0xEF, 0x3B, 0xEF, 0x3B, 0xEF, 0x3B, 0xEF, 0x3B, 0xEF, 0x3B, 0xEF, 0x3B, 0xEF, 0x3B, 0xEF,
    0x3B, 0xE7, 0x3A, 0xE7, 0x3A, 0xE7, 0x3A, 0xE7, 0x3A, 0xE7, 0x1A, 0xE7, 0xFA, 0xE6, 0xFA, 0xDE,
    0xF9, 0xDE, 0xFA, 0xDE, 0xD9, 0xDE, 0xD9, 0xDE, 0xB9, 0xDE, 0xB9, 0xDE, 0xB9, 0xDE, 0xB9, 0xDE,
    0xFC, 0xDE, 0xFC, 0xDE, 0xFC, 0xDE, 0xFC, 0xDE, 0xDC, 0xDE, 0xDC, 0xDE, 0xDC, 0xDE, 0xDC, 0xD6,
    0xDC, 0xD6, 0xDC, 0xD6, 0xDC, 0xD6, 0xDC, 0xD6, 0xDC, 0xD6, 0xDB, 0xD6, 0xDB, 0xD6, 0xDC, 0xD6,
    0xDC, 0xD6, 0xDC, 0xD6, 0xDC, 0xD6, 0xDB, 0xD6, 0xDB, 0xD6, 0xDB, 0xD6, 0xFB, 0xD6, 0xFB, 0xD6,
    0xFB, 0xD6, 0xFB, 0xD6, 0xFB, 0xD6, 0xFB, 0xD6, 0xFB, 0xD6, 0xFB, 0xD6, 0xFB, 0xD6, 0xFB, 0xD6,
    0xFB, 0xD6, 0xFB, 0xD6, 0xFB, 0xD6, 0xFB, 0xD6, 0xFB, 0xD6, 0xFB, 0xD6, 0xFB, 0xD6, 0xFB, 0xD6,
    0xFB, 0xD6, 0xFB, 0xD6, 0xFB, 0xD6, 0xDB, 0xD6, 0xFB, 0xD6, 0xFB, 0xDE, 0xDB, 0xD6, 0x9A, 0xCE,
    0x9A, 0xD6, 0x79, 0xCE, 0x38, 0xC6, 0xB6, 0xB5, 0x75, 0xAD, 0xD2, 0x9C, 0xCE, 0x7B, 0x4C, 0x63,
    0x89, 0x52, 0x69, 0x4A, 0x28, 0x42, 0x07, 0x42, 0x27, 0x42, 0x27, 0x42, 0x27, 0x42, 0x27, 0x42,
    0x27, 0x42, 0x28, 0x4A, 0x48, 0x4A, 0x48, 0x4A, 0x28, 0x4A, 0x28, 0x42, 0x07, 0x42, 0x07, 0x42,
    0x07, 0x42, 0xE7, 0x41, 0xA5, 0x39, 0xA5, 0x31, 0x85, 0x31, 0x85, 0x31, 0x85, 0x31, 0x85, 0x31,
    0xA6, 0x39, 0xC6, 0x39, 0x07, 0x42, 0x28, 0x4A, 0x48, 0x4A, 0x68, 0x4A, 0x48, 0x4A, 0x27, 0x42,
    0xE6, 0x39, 0x85, 0x31, 0x23, 0x21, 0xA1, 0x10, 0xA1, 0x10, 0xC2, 0x18, 0xE3, 0x18, 0x24, 0x21,
    0x44, 0x29, 0x24, 0x21, 0x24, 0x21, 0xE3, 0x18, 0xC2, 0x18, 0x81, 0x08, 0x40, 0x08, 0x40, 0x08,
    0x61, 0x08, 0x40, 0x08, 0x40, 0x08, 0x61, 0x08, 0x61, 0x08, 0x41, 0x08, 0x40, 0x08, 0x40, 0x08,
    0x41, 0x08, 0x41, 0x08, 0x41, 0x08, 0x41, 0x08, 0x61, 0x08, 0x81, 0x10, 0xC2, 0x18, 0xE3, 0x18,
    0x03, 0x21, 0x24, 0x21, 0x03, 0x21, 0x03, 0x21, 0x24, 0x29, 0x65, 0x29, 0x65, 0x29, 0x65, 0x29,
    0x44, 0x29, 0xE3, 0x20, 0xC2, 0x18, 0xC2, 0x18, 0xC2, 0x18, 0xC2, 0x18, 0xC2, 0x18, 0xE2, 0x18,
    0x23, 0x29, 0x64, 0x31, 0xC5, 0x39, 0x27, 0x4A, 0xC9, 0x5A, 0x8C, 0x73, 0x2F, 0x8C, 0x90, 0x94,
    0xB1, 0x94, 0xD1, 0x9C, 0xF2, 0x9C, 0xF2, 0x9C, 0xD2, 0x9C, 0xF2, 0x9C, 0xF2, 0x9C, 0xF2, 0xA4,
    0xF2, 0xA4, 0xF2, 0xA4, 0xF2, 0x9C, 0xD1, 0x9C, 0xD1, 0x9C, 0xD1, 0x9C, 0xB1, 0x9C, 0xB1, 0x9C,
    0xB1, 0x9C, 0xB1, 0x9C, 0xB1, 0x9C, 0xB1, 0x9C, 0xB1, 0x9C, 0xB1, 0x9C, 0xB1, 0x9C, 0xB1, 0x9C,
    0xB1, 0x9C, 0xB1, 0x9C, 0xD1, 0xA4, 0xD1, 0x9C, 0xD1, 0xA4, 0xD1, 0xA4, 0xD1, 0xA4, 0xD1, 0xA4,
    0xF2, 0xA4, 0xF2, 0xA4, 0xF2, 0xA4, 0xF2, 0xA4, 0xF2, 0xA4, 0xF2, 0xA4, 0xD2, 0xA4, 0xD1, 0xA4,
    0xD1, 0xA4, 0xD1, 0xA4, 0xB1, 0x9C, 0xB1, 0x9C, 0xB1, 0x9C, 0xB1, 0x9C, 0xB1, 0x9C, 0x90, 0x9C,
    0x70, 0x94, 0x4F, 0x8C, 0x2F, 0x8C, 0x2F, 0x8C, 0x4F, 0x8C, 0x70, 0x94, 0x90, 0x94, 0x90, 0x94,
    0xB1, 0x9C, 0xB1, 0x9C, 0xB1, 0x9C, 0xB1, 0x9C, 0xD1, 0x9C, 0xB1, 0x9C, 0x90, 0x9C, 0x2F, 0x8C,
    0x4B, 0x6B, 0x88, 0x52, 0x06, 0x42, 0x06, 0x42, 0x06, 0x42, 0x07, 0x4A, 0x07, 0x4A, 0x07, 0x4A,
    0x06, 0x42, 0xC6, 0x41, 0xA5, 0x39, 0x84, 0x31, 0x84, 0x31, 0x64, 0x31, 0x23, 0x29, 0x23, 0x21,
    0x23, 0x21, 0x23, 0x21, 0x03, 0x21, 0x03, 0x21, 0x64, 0x29, 0xE6, 0x39, 0x27, 0x42, 0x68, 0x52,
    0xEA, 0x5A, 0x2B, 0x63, 0x4B, 0x6B, 0x6C, 0x73, 0x6C, 0x73, 0x8C, 0x73, 0x8C, 0x73, 0x8C, 0x73,
    0x8C, 0x73, 0x8C, 0x73, 0x8C, 0x73, 0xAC, 0x73, 0xAC, 0x73, 0xCD, 0x7B, 0xEE, 0x83, 0xEE, 0x83,
    0xCD, 0x7B, 0xAD, 0x73, 0xAC, 0x73, 0xAD, 0x73, 0xAD, 0x73, 0xAD, 0x7B, 0xAD, 0x7B, 0xAD, 0x7B,
    0xAD, 0x7B, 0x8C, 0x73, 0x6C, 0x73, 0x4B, 0x6B, 0x2B, 0x6B, 0x2B, 0x63, 0x0A, 0x63, 0xEA, 0x5A,
    0xC9, 0x5A, 0xC9, 0x5A, 0xA9, 0x5A, 0x88, 0x52, 0x68, 0x52, 0x68, 0x52, 0x68, 0x52, 0x68, 0x4A,
    0x68, 0x4A, 0x68, 0x52, 0x88, 0x52, 0x88, 0x52, 0x88, 0x52, 0x88, 0x52, 0x88, 0x52, 0x88, 0x52,
    0x88, 0x52, 0x88, 0x52, 0xC9, 0x5A, 0x0A, 0x63, 0x8C, 0x73, 0x70, 0x8C, 0x53, 0xAD, 0x37, 0xCE,
    0x98, 0xD6, 0xD9, 0xDE, 0xFA, 0xE6, 0x1A, 0xE7, 0x3A, 0xE7, 0x3A, 0xE7, 0x3A, 0xE7, 0x3B, 0xEF,
    0x3B, 0xEF, 0x3B, 0xEF, 0x3B, 0xEF, 0x3B, 0xEF, 0x3B, 0xEF, 0x3B, 0xEF, 0x3B, 0xEF, 0x3B, 0xE7,
    0x3B, 0xE7, 0x3A, 0xE7, 0x3A, 0xE7, 0x3A, 0xE7, 0x1A, 0xE7, 0x1A, 0xE7, 0xFA, 0xE6, 0xFA, 0xE6,
    0xFA, 0xDE, 0xF9, 0xDE, 0xD9, 0xDE, 0xB9, 0xDE, 0xB9, 0xDE, 0xB9, 0xDE, 0xB9, 0xDE, 0xB9, 0xD6,
    0xFC, 0xDE, 0xFC, 0xDE, 0xFC, 0xDE, 0xFC, 0xDE, 0xDC, 0xDE, 0xDC, 0xDE, 0xDC, 0xDE, 0xDC, 0xD6,
    0xDC, 0xD6, 0xDC, 0xD6, 0xDC, 0xD6, 0xDC, 0xD6, 0xDC, 0xD6, 0xDB, 0xD6, 0xDB, 0xD6, 0xDC, 0xD6,
    0xDC, 0xD6, 0xDC, 0xD6, 0xDC, 0xD6, 0xDB, 0xD6, 0xDB, 0xD6, 0xDB, 0xD6, 0xFB, 0xD6, 0xFB, 0xD6,
    0xFB, 0xD6, 0xFB, 0xD6, 0xFB, 0xD6, 0xFB, 0xD6, 0xFB, 0xD6, 0xFB, 0xD6, 0xFB, 0xD6, 0xFB, 0xD6,
    0xFB, 0xD6, 0xFB, 0xD6, 0xFB, 0xD6, 0xFB, 0xD6, 0xFB, 0xD6, 0xFB, 0xD6, 0xFB, 0xD6, 0xFB, 0xD6,
    0xFB, 0xD6, 0xFB, 0xD6, 0xFB, 0xD6, 0xDB, 0xD6, 0xFB, 0xD6, 0xFB, 0xDE, 0xDB, 0xD6, 0x9A, 0xCE,
    0x79, 0xCE, 0x79, 0xCE, 0x58, 0xC6, 0x18, 0xC6, 0x96, 0xB5, 0xB2, 0x94, 0xCE, 0x7B, 0x2C, 0x63,
    0x69, 0x4A, 0x48, 0x4A, 0x28, 0x42, 0x07, 0x42, 0x07, 0x42, 0x27, 0x42, 0x27, 0x42, 0x27, 0x42,
    0x27, 0x42, 0x48, 0x4A, 0x48, 0x4A, 0x48, 0x4A, 0x28, 0x42, 0x07, 0x42, 0x07, 0x42, 0xE6, 0x39,
    0xE6, 0x39, 0xC6, 0x39, 0x85, 0x31, 0x85, 0x31, 0x85, 0x31, 0x85, 0x31, 0x85, 0x31, 0x85, 0x31,
    0xA6, 0x39, 0xC6, 0x39, 0xE7, 0x41, 0xE7, 0x41, 0xE7, 0x41, 0x07, 0x42, 0x07, 0x42, 0x07, 0x42,
    0x07, 0x42, 0xA6, 0x39, 0x44, 0x29, 0xC2, 0x18, 0x81, 0x10, 0xA2, 0x10, 0xC2, 0x18, 0x03, 0x21,
    0x44, 0x29, 0x24, 0x21, 0x24, 0x21, 0x03, 0x21, 0xE3, 0x18, 0xC2, 0x18, 0x81, 0x10, 0x40, 0x08,
    0x60, 0x08, 0x61, 0x08, 0x61, 0x08, 0x61, 0x08, 0x61, 0x08, 0x40, 0x08, 0x40, 0x08, 0x40, 0x08,
    0x41, 0x08, 0x41, 0x08, 0x41, 0x08, 0x40, 0x08, 0x61, 0x08, 0xC2, 0x18, 0x03, 0x19, 0x03, 0x21,
    0x24, 0x21, 0x24, 0x29, 0x24, 0x21, 0x24, 0x29, 0x44, 0x29, 0x65, 0x29, 0x65, 0x29, 0x65, 0x29,
    0x24, 0x21, 0xC2, 0x18, 0xA2, 0x10, 0xC2, 0x18, 0xC2, 0x18, 0xC2, 0x18, 0xC2, 0x18, 0xE2, 0x18,
    0x44, 0x29, 0x64, 0x31, 0xA5, 0x39, 0x06, 0x42, 0xC9, 0x5A, 0xAD, 0x73, 0x70, 0x8C, 0x91, 0x94,
    0xB1, 0x9C, 0xD2, 0x9C, 0xF2, 0xA4, 0xF2, 0xA4, 0xF2, 0x9C, 0xF2, 0x9C, 0xF2, 0x9C, 0xF2, 0xA4,
    0xF2, 0xA4, 0xF2, 0xA4, 0xD1, 0x9C, 0xD1, 0x9C, 0xD1, 0x9C, 0xB1, 0x9C, 0xB1, 0x9C, 0xB1, 0x9C,
    0xB1, 0x9C, 0xB1, 0x9C, 0xB1, 0x9C, 0xB1, 0x9C, 0xB1, 0x9C, 0xB1, 0x9C, 0xB1, 0x9C, 0xB1, 0x9C,
    0xB1, 0x9C, 0xD1, 0xA4, 0xD1, 0xA4, 0xD1, 0x9C, 0xD1, 0xA4, 0xD1, 0xA4, 0xD1, 0xA4, 0xD2, 0xA4,
    0xF2, 0xA4, 0xF2, 0xA4, 0xD1, 0x9C, 0xD1, 0x9C, 0xD1, 0xA4, 0xD1, 0xA4, 0xD1, 0xA4, 0xD1, 0xA4,
    0xD1, 0xA4, 0xD1, 0xA4, 0xD1, 0xA4, 0xB1, 0x9C, 0xB1, 0x9C, 0xB1, 0x9C, 0xB1, 0x9C, 0x91, 0x9C,
    0x90, 0x9C, 0x70, 0x94, 0x70, 0x94, 0x70, 0x94, 0x70, 0x94, 0x90, 0x94, 0xB1, 0x9C, 0xB1, 0x9C,
    0xB1, 0x9C, 0xB1, 0x9C, 0xB1, 0x9C, 0xD1, 0x9C, 0xB1, 0x9C, 0xB1, 0x9C, 0xB1, 0x9C, 0xB1, 0x9C,
    0x0E, 0x84, 0x8C, 0x73, 0x0A, 0x63, 0xC9, 0x5A, 0xC9, 0x62, 0xEA, 0x62, 0xEA, 0x62, 0xEA, 0x62,
    0xC9, 0x5A, 0xA9, 0x5A, 0x68, 0x52, 0x47, 0x4A, 0x47, 0x4A, 0x27, 0x4A, 0xE6, 0x39, 0xC6, 0x39,
    0xC5, 0x39, 0xE6, 0x41, 0x07, 0x42, 0x47, 0x4A, 0x88, 0x52, 0xC9, 0x5A, 0xEA, 0x5A, 0x0A, 0x63,
    0x4B, 0x6B, 0x6C, 0x6B, 0x6C, 0x73, 0x6C, 0x73, 0x6C, 0x73, 0x8C, 0x73, 0x8C, 0x73, 0xAD, 0x73,
    0xAD, 0x73, 0xAD, 0x73, 0xED, 0x7B, 0xED, 0x7B, 0xEE, 0x7B, 0xEE, 0x83, 0x0E, 0x84, 0x0E, 0x84,
    0x0E, 0x84, 0xEE, 0x7B, 0xCD, 0x7B, 0xCD, 0x7B, 0xCD, 0x7B, 0xCD, 0x7B, 0xCD, 0x7B, 0xCD, 0x7B,
    0xCD, 0x7B, 0xAD, 0x7B, 0xAD, 0x73, 0x6C, 0x73, 0x6B, 0x6B, 0x4B, 0x6B, 0x4B, 0x6B, 0x2B, 0x6B,
    0x0A, 0x63, 0x0A, 0x63, 0xEA, 0x62, 0xC9, 0x5A, 0x88, 0x52, 0x88, 0x52, 0x88, 0x52, 0x88, 0x52,
    0x88, 0x52, 0xA9, 0x52, 0xA9, 0x52, 0xA9, 0x5A, 0xC9, 0x5A, 0xC9, 0x5A, 0xC9, 0x5A, 0xC9, 0x5A,
    0xC9, 0x5A, 0xC9, 0x5A, 0x2B, 0x63, 0x0A, 0x63, 0x4B, 0x6B, 0x2E, 0x84, 0x12, 0xA5, 0xF6, 0xC5,
    0x77, 0xCE, 0xB9, 0xD6, 0xFA, 0xDE, 0x1A, 0xE7, 0x3A, 0xE7, 0x3A, 0xE7, 0x3A, 0xE7, 0x3B, 0xEF,
    0x3B, 0xEF, 0x3B, 0xEF, 0x3B, 0xEF, 0x3B, 0xEF, 0x3B, 0xEF, 0x3B, 0xEF, 0x3B, 0xEF, 0x3B, 0xE7,
    0x3B, 0xE7, 0x3A, 0xE7, 0x1A, 0xE7, 0x1A, 0xE7, 0x1A, 0xE7, 0xFA, 0xE6, 0xFA, 0xE6, 0xFA, 0xE6,
    0xFA, 0xDE, 0xD9, 0xDE, 0xD9, 0xDE, 0xB9, 0xDE, 0xB9, 0xDE, 0xB9, 0xDE, 0xB9, 0xDE, 0xB9, 0xD6,
    0xFC, 0xDE, 0xFC, 0xDE, 0xFC, 0xDE, 0xFC, 0xDE, 0xFC, 0xDE, 0xDC, 0xDE, 0xDC, 0xDE, 0xDC, 0xDE,
    0xDC, 0xDE, 0xDC, 0xDE, 0xDC, 0xDE, 0xDC, 0xD6, 0xDC, 0xD6, 0xDC, 0xD6, 0xDC, 0xD6, 0xDC, 0xD6,
    0xDC, 0xD6, 0xDC, 0xD6, 0xDC, 0xD6, 0xDB, 0xD6, 0xDB, 0xD6, 0xDB, 0xD6, 0xFB, 0xD6, 0xFB, 0xD6,
    0xFB, 0xD6, 0xFB, 0xD6, 0xFB, 0xD6, 0xFB, 0xD6, 0xFB, 0xD6, 0xFB, 0xD6, 0xFB, 0xD6, 0xFB, 0xD6,
    0xFB, 0xD6, 0xDB, 0xD6, 0xDB, 0xD6, 0xDB, 0xD6, 0xDB, 0xD6, 0xDB, 0xD6, 0xFB, 0xD6, 0xFB, 0xD6,
    0xFB, 0xD6, 0xFB, 0xD6, 0xDB, 0xD6, 0xDB, 0xD6, 0xFB, 0xD6, 0xFB, 0xD6, 0xDB, 0xD6, 0x9A, 0xCE,
    0x79, 0xCE, 0x79, 0xCE, 0x59, 0xC6, 0x17, 0xC6, 0xB6, 0xB5, 0x91, 0x94, 0x8D, 0x73, 0x0B, 0x63,
    0x69, 0x4A, 0x48, 0x4A, 0x28, 0x42, 0x27, 0x42, 0x27, 0x42, 0x27, 0x42, 0x27, 0x42, 0x27, 0x42,
    0x27, 0x42, 0x27, 0x42, 0x27, 0x42, 0x27, 0x42, 0x07, 0x42, 0x07, 0x42, 0x07, 0x42, 0xC6, 0x39,
    0xC6, 0x39, 0xA6, 0x39, 0x85, 0x31, 0x65, 0x31, 0x65, 0x31, 0x65, 0x31, 0x65, 0x31, 0x85, 0x31,
    0x85, 0x31, 0xC6, 0x39, 0xC6, 0x39, 0xE7, 0x41, 0xE7, 0x41, 0xE7, 0x41, 0x07, 0x42, 0x07, 0x42,
    0x27, 0x42, 0xC6, 0x39, 0x85, 0x31, 0x24, 0x21, 0xC2, 0x18, 0xA2, 0x18, 0xA2, 0x18, 0xE3, 0x18,
    0x24, 0x21, 0x24, 0x21, 0x24, 0x21, 0x03, 0x21, 0x03, 0x19, 0xE3, 0x18, 0xC2, 0x18, 0x81, 0x10,
    0x60, 0x08, 0x61, 0x08, 0x40, 0x08, 0x40, 0x08, 0x40, 0x08, 0x40, 0x08, 0x40, 0x08, 0x40, 0x08,
    0x40, 0x08, 0x40, 0x08, 0x41, 0x08, 0x41, 0x08, 0x82, 0x10, 0xE3, 0x18, 0x24, 0x21, 0x24, 0x21,
    0x24, 0x29, 0x24, 0x29, 0x44, 0x29, 0x44, 0x29, 0x65, 0x29, 0x65, 0x29, 0x65, 0x29, 0x44, 0x29,
    0xE3, 0x20, 0xC2, 0x18, 0xA2, 0x10, 0xC2, 0x18, 0xC2, 0x18, 0xC2, 0x18, 0xC2, 0x18, 0xE2, 0x18,
    0x23, 0x29, 0x85, 0x31, 0xA5, 0x31, 0x06, 0x42, 0xCA, 0x5A, 0xCE, 0x7B, 0x90, 0x94, 0xB1, 0x9C,
    0xD1, 0x9C, 0xF2, 0xA4, 0xF2, 0xA4, 0xF2, 0xA4, 0xF2, 0xA4, 0xF2, 0xA4, 0xF2, 0xA4, 0xF2, 0xA4,
    0xF2, 0xA4, 0xD2, 0x9C, 0xD1, 0x9C, 0xD1, 0x9C, 0xB1, 0x9C, 0xB1, 0x9C, 0xB1, 0x9C, 0xB1, 0x9C,
    0xB1, 0x9C, 0xB1, 0x9C, 0xB1, 0x9C, 0xB1, 0x9C, 0xB1, 0x9C, 0xB1, 0x9C, 0xB1, 0x9C, 0xB1, 0x9C,
    0xB1, 0x9C, 0xD1, 0xA4, 0xD1, 0x9C, 0xD1, 0xA4, 0xD1, 0xA4, 0xD1, 0xA4, 0xD1, 0xA4, 0xD1, 0xA4,
    0xD1, 0xA4, 0xD1, 0x9C, 0xD1, 0x9C, 0xD1, 0x9C, 0xD1, 0x9C, 0xD1, 0x9C, 0xD1, 0xA4, 0xD1, 0xA4,
    0xD1, 0xA4, 0xD1, 0xA4, 0xD1, 0xA4, 0xD1, 0xA4, 0xD1, 0x9C, 0xB1, 0x9C, 0xB1, 0x9C, 0x91, 0x9C,
    0xB1, 0x9C, 0xB1, 0x9C, 0xB1, 0x9C, 0xB1, 0x9C, 0xB1, 0x9C, 0xB1, 0x9C, 0xB1, 0x9C, 0x90, 0x9C,
    0x90, 0x9C, 0xB1, 0x9C, 0xB1, 0x9C, 0xB1, 0x9C, 0xB1, 0x9C, 0xB1, 0x9C, 0xB1, 0x9C, 0xB1, 0x9C,
    0xB1, 0x9C, 0x4F, 0x8C, 0xCD, 0x7B, 0x8C, 0x73, 0x8C, 0x73, 0x8C, 0x73, 0x6C, 0x73, 0x6C, 0x73,
    0x6C, 0x73, 0x6C, 0x73, 0x4B, 0x6B, 0x2B, 0x6B, 0x2B, 0x6B, 0x2B, 0x63, 0x0B, 0x63, 0x0A, 0x63,
    0xEA, 0x62, 0xEA, 0x5A, 0x0A, 0x63, 0x2B, 0x63, 0x4B, 0x6B, 0x4B, 0x6B, 0x6B, 0x6B, 0x6C, 0x73,
    0x8C, 0x73, 0x8C, 0x73, 0x8C, 0x73, 0x8C, 0x73, 0x8C, 0x73, 0x8C, 0x73, 0xAD, 0x7B, 0xCD, 0x7B,
    0xCD, 0x7B, 0xEE, 0x7B, 0x2E, 0x84, 0x2E, 0x84, 0x2E, 0x84, 0x0E, 0x84, 0x0E, 0x84, 0x0E, 0x84,
    0x0E, 0x84, 0x0E, 0x84, 0xEE, 0x83, 0xEE, 0x83, 0xEE, 0x83, 0xEE, 0x83, 0xEE, 0x83, 0xEE, 0x83,
    0xED, 0x7B, 0xCD, 0x7B, 0xCD, 0x7B, 0xAD, 0x7B, 0xAD, 0x73, 0x8C, 0x73, 0x8C, 0x73, 0x6C, 0x73,
    0x6B, 0x6B, 0x6B, 0x6B, 0x4B, 0x6B, 0x0A, 0x63, 0xEA, 0x62, 0x0A, 0x63, 0xEA, 0x62, 0xE9, 0x5A,
    0xC9, 0x5A, 0xC9, 0x5A, 0xC9, 0x5A, 0xC9, 0x5A, 0xC9, 0x5A, 0xC9, 0x5A, 0xC9, 0x5A, 0xC9, 0x5A,
    0xC9, 0x5A, 0xC9, 0x5A, 0xC9, 0x5A, 0xC9, 0x5A, 0x0A, 0x63, 0xCD, 0x7B, 0x90, 0x94, 0x74, 0xB5,
    0x36, 0xC6, 0xB9, 0xD6, 0xFA, 0xE6, 0x1A, 0xE7, 0x1A, 0xE7, 0x1A, 0xE7, 0x1A, 0xE7, 0x1A, 0xE7,
    0x3B, 0xEF, 0x3B, 0xEF, 0x3B, 0xEF, 0x3B, 0xEF, 0x3B, 0xEF, 0x3B, 0xEF, 0x3B, 0xEF, 0x3A, 0xE7,
    0x3A, 0xE7, 0x1A, 0xE7, 0x1A, 0xE7, 0xFA, 0xE6, 0xFA, 0xE6, 0xFA, 0xE6, 0xFA, 0xE6, 0xFA, 0xDE,
    0xF9, 0xDE, 0xD9, 0xDE, 0xB9, 0xDE, 0xB9, 0xDE, 0xB9, 0xDE, 0xB9, 0xDE, 0xB9, 0xDE, 0xB8, 0xD6,
    0xFC, 0xDE, 0xFC, 0xDE, 0xFC, 0xDE, 0xFC, 0xDE, 0xFC, 0xDE, 0xDC, 0xDE, 0xDC, 0xDE, 0xDC, 0xDE,
    0xDC, 0xDE, 0xDC, 0xDE, 0xDC, 0xDE, 0xDC, 0xD6, 0xDC, 0xD6, 0xDC, 0xD6, 0xDC, 0xD6, 0xDC, 0xD6,
    0xDC, 0xD6, 0xDC, 0xD6, 0xDC, 0xD6, 0xDB, 0xD6, 0xDB, 0xD6, 0xDB, 0xD6, 0xFB, 0xD6, 0xFB, 0xD6,
    0xFB, 0xD6, 0xFB, 0xD6, 0xFB, 0xD6, 0xFB, 0xD6, 0xFB, 0xD6, 0xFB, 0xD6, 0xFB, 0xD6, 0xFB, 0xD6,
    0xFB, 0xD6, 0xFB, 0xD6, 0xDB, 0xD6, 0xDB, 0xD6, 0xDB, 0xD6, 0xFB, 0xD6, 0xFB, 0xD6, 0xFB, 0xD6,
    0xFB, 0xD6, 0xFB, 0xD6, 0xDB, 0xD6, 0xDB, 0xD6, 0xDB, 0xD6, 0xDB, 0xD6, 0xDB, 0xD6, 0xBA, 0xCE,
    0x9A, 0xCE, 0x79, 0xCE, 0x38, 0xC6, 0x95, 0xB5, 0xF3, 0x9C, 0xEF, 0x7B, 0x2C, 0x6B, 0xAA, 0x52,
    0x69, 0x4A, 0x48, 0x4A, 0x28, 0x42, 0x27, 0x42, 0x27, 0x42, 0x07, 0x42, 0x27, 0x42, 0x27, 0x42,
    0x27, 0x42, 0x27, 0x42, 0x07, 0x42, 0x07, 0x42, 0x07, 0x42, 0xE7, 0x41, 0xC6, 0x39, 0xA6, 0x39,
    0xA6, 0x39, 0xA6, 0x31, 0x85, 0x31, 0x64, 0x31, 0x44, 0x29, 0x45, 0x29, 0x64, 0x29, 0x44, 0x29,
    0x64, 0x29, 0x65, 0x31, 0x85, 0x31, 0xA6, 0x39, 0xC6, 0x39, 0xE7, 0x41, 0x07, 0x42, 0x07, 0x42,
    0x07, 0x42, 0xE7, 0x41, 0xA6, 0x31, 0x85, 0x31, 0x44, 0x29, 0xE3, 0x18, 0xA2, 0x18, 0xA2, 0x18,
    0xC3, 0x18, 0x03, 0x19, 0x23, 0x21, 0x03, 0x21, 0x03, 0x19, 0x03, 0x19, 0xE3, 0x18, 0xC2, 0x18,
    0x81, 0x10, 0x81, 0x10, 0x61, 0x08, 0x40, 0x08, 0x40, 0x08, 0x41, 0x08, 0x41, 0x08, 0x20, 0x00,
    0x20, 0x00, 0x40, 0x08, 0x81, 0x08, 0xA2, 0x10, 0xC2, 0x18, 0x03, 0x21, 0x24, 0x21, 0x44, 0x29,
    0x24, 0x29, 0x24, 0x29, 0x44, 0x29, 0x44, 0x29, 0x65, 0x29, 0x65, 0x31, 0x44, 0x29, 0x03, 0x21,
    0xC2, 0x18, 0xA2, 0x18, 0xA2, 0x18, 0xC2, 0x18, 0xC2, 0x18, 0xC2, 0x18, 0xC2, 0x18, 0xC2, 0x18,
    0x03, 0x21, 0x64, 0x29, 0x84, 0x31, 0x27, 0x42, 0x6C, 0x6B, 0x4F, 0x8C, 0xB1, 0x9C, 0xD1, 0x9C,
    0xF2, 0xA4, 0xF2, 0xA4, 0xF2, 0xA4, 0xF2, 0xA4, 0xF2, 0x9C, 0xF2, 0x9C, 0xF2, 0x9C, 0xD2, 0x9C,
    0xF2, 0x9C, 0xD1, 0x9C, 0xD1, 0x9C, 0xD1, 0x9C, 0xB1, 0x9C, 0xB1, 0x9C, 0xB1, 0x9C, 0xB1, 0x9C,
    0xB1, 0x9C, 0xB1, 0x9C, 0xB1, 0x9C, 0xB1, 0x9C, 0xB1, 0x9C, 0xB1, 0x9C, 0xB1, 0x9C, 0xB1, 0x9C,
    0xB1, 0x9C, 0xD1, 0x9C, 0xD1, 0x9C, 0xD1, 0xA4, 0xD1, 0xA4, 0xD1, 0xA4, 0xD1, 0xA4, 0xD1, 0xA4,
    0xD1, 0x9C, 0xD1, 0x9C, 0xD1, 0x9C, 0xD1, 0x9C, 0xD1, 0x9C, 0xD1, 0x9C, 0xD1, 0xA4, 0xB1, 0x9C,
    0xB1, 0x9C, 0xB1, 0x9C, 0xD1, 0xA4, 0xD1, 0xA4, 0xD1, 0xA4, 0xD1, 0x9C, 0xB1, 0x9C, 0xB1, 0x9C,
    0xB1, 0x9C, 0xB1, 0x9C, 0xB1, 0x9C, 0xB1, 0x9C, 0xB1, 0x9C, 0xB1, 0x9C, 0xB1, 0x9C, 0x90, 0x94,
    0x90, 0x9C, 0xB1, 0x9C, 0xB1, 0x9C, 0xB1, 0x9C, 0xB1, 0x9C, 0xB1, 0x9C, 0xB1, 0x9C, 0xB1, 0x9C,
    0xB1, 0x9C, 0xB1, 0x9C, 0x4F, 0x8C, 0x2F, 0x8C, 0x2F, 0x8C, 0x0E, 0x84, 0x0E, 0x84, 0x0E, 0x84,
    0xEE, 0x83, 0xCD, 0x7B, 0xCD, 0x7B, 0xCD, 0x7B, 0xAD, 0x7B, 0xAD, 0x7B, 0xAD, 0x7B, 0xAD, 0x7B,
    0xAD, 0x7B, 0xAD, 0x73, 0xAD, 0x73, 0xAD, 0x73, 0xCD, 0x7B, 0xCD, 0x7B, 0xCD, 0x7B, 0xCD, 0x7B,
    0xCD, 0x7B, 0xCD, 0x7B, 0xCD, 0x7B, 0xCD, 0x7B, 0xCD, 0x7B, 0xCD, 0x7B, 0xEE, 0x83, 0xEE, 0x83,
    0x0E, 0x84, 0x2E, 0x84, 0x2E, 0x8C, 0x2E, 0x84, 0x2E, 0x84, 0x2E, 0x84, 0x0E, 0x84, 0x0E, 0x84,
    0x0E, 0x84, 0x0E, 0x84, 0x0E, 0x84, 0x0E, 0x84, 0x0E, 0x84, 0xEE, 0x83, 0xEE, 0x83, 0xEE, 0x83,
    0xEE, 0x83, 0xED, 0x7B, 0xCD, 0x7B, 0xCD, 0x7B, 0xCD, 0x7B, 0xCD, 0x7B, 0xAD, 0x7B, 0x8C, 0x73,
    0x8C, 0x73, 0x8C, 0x73, 0x6C, 0x73, 0x4B, 0x6B, 0x4B, 0x6B, 0x4B, 0x6B, 0x4B, 0x6B, 0x2B, 0x63,
    0x0A, 0x63, 0xEA, 0x5A, 0xC9, 0x5A, 0xC9, 0x5A, 0xC9, 0x5A, 0xC9, 0x5A, 0xC9, 0x5A, 0xC9, 0x5A,
    0xC9, 0x5A, 0xA9, 0x5A, 0x88, 0x52, 0xA9, 0x5A, 0xEA, 0x62, 0x6C, 0x73, 0xEE, 0x83, 0xF2, 0xA4,
    0xD5, 0xBD, 0x78, 0xCE, 0xB9, 0xDE, 0xD9, 0xDE, 0xD9, 0xDE, 0xFA, 0xE6, 0x1A, 0xE7, 0x1A, 0xE7,
    0x3A, 0xE7, 0x3B, 0xE7, 0x3B, 0xE7, 0x3B, 0xEF, 0x3B, 0xEF, 0x3B, 0xE7, 0x3B, 0xE7, 0x3A, 0xE7,
    0x3A, 0xE7, 0x1A, 0xE7, 0x1A, 0xE7, 0xFA, 0xE6, 0xFA, 0xE6, 0xFA, 0xE6, 0xFA, 0xE6, 0xFA, 0xDE,
    0xF9, 0xDE, 0xD9, 0xDE, 0xB9, 0xDE, 0xB9, 0xDE, 0xB9, 0xDE, 0xB9, 0xDE, 0xB9, 0xDE, 0xB8, 0xD6,
    0xFC, 0xDE, 0xFC, 0xDE, 0xFC, 0xDE, 0xFC, 0xDE, 0xFC, 0xDE, 0xFC, 0xDE, 0xFC, 0xDE, 0xDC, 0xDE,
    0xDC, 0xDE, 0xDC, 0xDE, 0xDC, 0xDE, 0xDC, 0xD6, 0xDC, 0xD6, 0xDC, 0xD6, 0xDC, 0xD6, 0xDC, 0xD6,
    0xDC, 0xD6, 0xDC, 0xD6, 0xDC, 0xD6, 0xDB, 0xD6, 0xDB, 0xD6, 0xDB, 0xD6, 0xFB, 0xD6, 0xFB, 0xD6,
    0xFB, 0xD6, 0xFB, 0xD6, 0xFB, 0xD6, 0xFB, 0xD6, 0xFB, 0xD6, 0xFB, 0xD6, 0xFB, 0xD6, 0xFB, 0xD6,
    0xFB, 0xD6, 0xFB, 0xD6, 0xFB, 0xD6, 0xFB, 0xD6, 0xFB, 0xD6, 0xFB, 0xD6, 0xFB, 0xD6, 0xFB, 0xD6,
    0xFB, 0xD6, 0xFB, 0xD6, 0xFB, 0xD6, 0xDB, 0xD6, 0xDA, 0xD6, 0xDB, 0xD6, 0xDB, 0xD6, 0xBA, 0xD6,
    0x9A, 0xCE, 0x79, 0xCE, 0x59, 0xC6, 0x75, 0xAD, 0x71, 0x8C, 0xAE, 0x73, 0x0B, 0x63, 0xAA, 0x52,
    0x69, 0x4A, 0x48, 0x42, 0x28, 0x42, 0x27, 0x42, 0x27, 0x42, 0x07, 0x42, 0x07, 0x42, 0x27, 0x42,
    0x27, 0x42, 0x27, 0x42, 0x07, 0x42, 0x07, 0x42, 0xE7, 0x41, 0xC6, 0x39, 0xC6, 0x39, 0xA6, 0x39,
    0xA5, 0x31, 0xA5, 0x31, 0x85, 0x31, 0x65, 0x31, 0x64, 0x29, 0x45, 0x29, 0x64, 0x29, 0x44, 0x29,
    0x44, 0x29, 0x44, 0x29, 0x65, 0x31, 0x85, 0x31, 0x86, 0x39, 0xE6, 0x39, 0x07, 0x42, 0x07, 0x42,
    0x07, 0x42, 0x07, 0x42, 0xC6, 0x39, 0xC6, 0x39, 0x85, 0x31, 0x44, 0x29, 0xE3, 0x18, 0xA2, 0x18,
    0xA2, 0x10, 0xC2, 0x18, 0xE3, 0x18, 0x03, 0x19, 0x03, 0x19, 0x03, 0x19, 0x03, 0x19, 0xE3, 0x18,
    0xC2, 0x18, 0xC2, 0x18, 0xA1, 0x10, 0x61, 0x08, 0x61, 0x08, 0x61, 0x08, 0x61, 0x08, 0x81, 0x10,
    0x81, 0x10, 0x81, 0x10, 0xA2, 0x10, 0xA2, 0x10, 0xE3, 0x18, 0x03, 0x21, 0x24, 0x21, 0x44, 0x29,
    0x44, 0x29, 0x44, 0x29, 0x44, 0x29, 0x65, 0x29, 0x65, 0x29, 0x44, 0x29, 0x03, 0x21, 0xC2, 0x18,
    0xC3, 0x18, 0xC2, 0x18, 0xC2, 0x18, 0xC2, 0x18, 0xC2, 0x18, 0xC2, 0x18, 0xC2, 0x18, 0xC2, 0x18,
    0x02, 0x21, 0x64, 0x29, 0xA5, 0x39, 0xC9, 0x5A, 0x2F, 0x84, 0x91, 0x94, 0xD1, 0x9C, 0xD2, 0x9C,
    0xF2, 0xA4, 0xF2, 0xA4, 0xF2, 0xA4, 0xF2, 0x9C, 0xF2, 0x9C, 0xF2, 0x9C, 0xD2, 0x9C, 0xD1, 0x9C,
    0xD1, 0x9C, 0xD1, 0x9C, 0xD1, 0x9C, 0xD1, 0x9C, 0xB1, 0x9C, 0xB1, 0x9C, 0xB1, 0x9C, 0xB1, 0x9C,
    0xB1, 0x9C, 0xB1, 0x9C, 0xB1, 0x9C, 0xB1, 0x9C, 0xB1, 0x9C, 0xB1, 0x9C, 0xB1, 0x9C, 0xB1, 0x9C,
    0xB1, 0x9C, 0xB1, 0x9C, 0xD1, 0x9C, 0xD1, 0xA4, 0xD1, 0xA4, 0xD1, 0xA4, 0xD1, 0xA4, 0xD1, 0xA4,
    0xD1, 0x9C, 0xD1, 0x9C, 0xD1, 0x9C, 0xD1, 0x9C, 0xD1, 0x9C, 0xD1, 0x9C, 0xD1, 0x9C, 0xB1, 0x9C,
    0x91, 0x9C, 0xB1, 0x9C, 0xB1, 0xA4, 0xD1, 0xA4, 0xD1, 0xA4, 0xD1, 0xA4, 0xD1, 0xA4, 0xB1, 0x9C,
    0xB1, 0x9C, 0xB1, 0x9C, 0xB1, 0x9C, 0xB1, 0x9C, 0xB1, 0x9C, 0xB1, 0x9C, 0xB1, 0x9C, 0xB1, 0x9C,
    0xB1, 0x9C, 0xB1, 0x9C, 0xB1, 0x9C, 0xB1, 0x9C, 0xB1, 0x9C, 0xB1, 0x9C, 0xB1, 0x9C, 0xB1, 0x9C,
    0xB1, 0x9C, 0xB1, 0x9C, 0xB1, 0x9C, 0x90, 0x94, 0x90, 0x94, 0x90, 0x94, 0x70, 0x94, 0x90, 0x94,
    0x2F, 0x8C, 0x0E, 0x84, 0x0E, 0x84, 0xCE, 0x7B, 0xCE, 0x7B, 0xCE, 0x7B, 0xCD, 0x7B, 0xCD, 0x7B,
    0xCE, 0x7B, 0xCD, 0x7B, 0xCE, 0x7B, 0xED, 0x7B, 0xED, 0x7B, 0xED, 0x7B, 0xED, 0x7B, 0xED, 0x83,
    0xED, 0x83, 0xEE, 0x83, 0xEE, 0x83, 0xEE, 0x83, 0xEE, 0x83, 0xEE, 0x83, 0x0E, 0x84, 0x0E, 0x84,
    0x2E, 0x84, 0x2E, 0x8C, 0x2E, 0x8C, 0x2E, 0x8C, 0x2E, 0x8C, 0x2E, 0x84, 0x2E, 0x84, 0x2E, 0x84,
    0x0E, 0x84, 0x0E, 0x84, 0x0E, 0x84, 0x0E, 0x84, 0x0E, 0x84, 0x0E, 0x84, 0x0E, 0x84, 0x0E, 0x84,
    0xEE, 0x83, 0xEE, 0x83, 0xED, 0x7B, 0xCD, 0x7B, 0xCD, 0x7B, 0xCD, 0x7B, 0xAD, 0x7B, 0x8C, 0x73,
    0x8C, 0x73, 0x8C, 0x73, 0x6C, 0x6B, 0x6B, 0x6B, 0x6B, 0x6B, 0x6B, 0x6B, 0x6C, 0x6B, 0x6B, 0x6B,
    0x4B, 0x6B, 0x2B, 0x63, 0x0A, 0x63, 0xEA, 0x62, 0xEA, 0x5A, 0xC9, 0x5A, 0xC9, 0x5A, 0xC9, 0x5A,
    0xC9, 0x5A, 0xC9, 0x5A, 0xC9, 0x5A, 0xEA, 0x5A, 0x2B, 0x6B, 0xCD, 0x7B, 0x90, 0x94, 0x53, 0xAD,
    0xD5, 0xBD, 0x37, 0xC6, 0x98, 0xD6, 0xB9, 0xD6, 0xB9, 0xD6, 0xD9, 0xDE, 0x1A, 0xE7, 0x1A, 0xE7,
    0x3A, 0xE7, 0x3B, 0xE7, 0x3B, 0xE7, 0x3B, 0xEF, 0x3B, 0xEF, 0x3B, 0xE7, 0x3B, 0xE7, 0x3A, 0xE7,
    0x3A, 0xE7, 0x1A, 0xE7, 0x1A, 0xE7, 0xFA, 0xE6, 0xFA, 0xE6, 0xFA, 0xE6, 0xFA, 0xE6, 0xFA, 0xDE,
    0xF9, 0xDE, 0xD9, 0xDE, 0xB9, 0xDE, 0xB9, 0xDE, 0xB9, 0xDE, 0xB9, 0xDE, 0xB9, 0xD6, 0xB8, 0xD6,
    0xFC, 0xDE, 0xFC, 0xDE, 0xFC, 0xDE, 0xFC, 0xDE, 0xFC, 0xDE, 0xFC, 0xDE, 0xFC, 0xDE, 0xDC, 0xD6,
    0xDC, 0xDE, 0xDC, 0xDE, 0xDC, 0xDE, 0xDC, 0xD6, 0xDC, 0xD6, 0xDC, 0xD6, 0xDC, 0xD6, 0xDC, 0xD6,
    0xDC, 0xD6, 0xDC, 0xD6, 0xDC, 0xD6, 0xDB, 0xD6, 0xDB, 0xD6, 0xFB, 0xD6, 0xFB, 0xD6, 0xFB, 0xDE,
    0xFB, 0xD6, 0xFB, 0xD6, 0xFB, 0xD6, 0xFB, 0xD6, 0xFB, 0xD6, 0xFB, 0xD6, 0xFB, 0xD6, 0xFB, 0xD6,
    0xFB, 0xD6, 0xFB, 0xD6, 0x1B, 0xDF, 0x1B, 0xDF, 0x1B, 0xDF, 0xFB, 0xD6, 0xFB, 0xD6, 0xFB, 0xD6,
    0xFB, 0xD6, 0xFB, 0xD6, 0xFB, 0xD6, 0xDB, 0xD6, 0xBA, 0xD6, 0xBA, 0xD6, 0xBA, 0xD6, 0xBA, 0xD6,
    0xBA, 0xD6, 0x79, 0xCE, 0x58, 0xCE, 0x95, 0xB5, 0x71, 0x8C, 0xAE, 0x73, 0xCA, 0x5A, 0xA9, 0x52,
    0x68, 0x4A, 0x28, 0x42, 0x28, 0x42, 0x27, 0x42, 0x07, 0x42, 0xE7, 0x41, 0x07, 0x42, 0x07, 0x42,
    0x07, 0x42, 0x07, 0x42, 0x07, 0x42, 0x07, 0x42, 0xE6, 0x39, 0xC6, 0x39, 0xA6, 0x39, 0xA5, 0x31,
    0xA5, 0x31, 0xA5, 0x31, 0x85, 0x31, 0x65, 0x31, 0x65, 0x29, 0x65, 0x29, 0x44, 0x29, 0x44, 0x29,
    0x44, 0x29, 0x44, 0x29, 0x44, 0x29, 0x44, 0x29, 0x64, 0x29, 0xA6, 0x31, 0xE7, 0x39, 0x07, 0x42,
    0xE7, 0x41, 0xE7, 0x39, 0xC6, 0x39, 0xC6, 0x39, 0xC6, 0x39, 0x85, 0x31, 0x24, 0x29, 0xE3, 0x18,
    0xA2, 0x18, 0xA2, 0x10, 0xA2, 0x10, 0xC2, 0x18, 0xC2, 0x18, 0xC2, 0x18, 0xE3, 0x18, 0xE3, 0x18,
    0xE3, 0x18, 0xE3, 0x18, 0xC2, 0x18, 0xA2, 0x18, 0xC2, 0x18, 0xC2, 0x18, 0xA2, 0x10, 0xC2, 0x18,
    0xE3, 0x18, 0xE3, 0x18, 0xE3, 0x18, 0xE3, 0x20, 0x03, 0x21, 0x03, 0x21, 0x04, 0x21, 0x44, 0x29,
    0x44, 0x29, 0x64, 0x29, 0x45, 0x29, 0x44, 0x29, 0x24, 0x29, 0xE3, 0x20, 0xA2, 0x18, 0xA2, 0x18,
    0xA2, 0x18, 0xC2, 0x18, 0xC2, 0x18, 0xC2, 0x18, 0xC2, 0x18, 0xE2, 0x18, 0x03, 0x21, 0x02, 0x21,
    0x44, 0x29, 0x06, 0x42, 0xA9, 0x52, 0xCD, 0x7B, 0x90, 0x94, 0xB1, 0x94, 0xD2, 0x9C, 0xF2, 0x9C,
    0xF2, 0xA4, 0xF2, 0xA4, 0xF2, 0xA4, 0xF2, 0xA4, 0xF2, 0x9C, 0xD2, 0x9C, 0xD1, 0x9C, 0xB1, 0x9C,
    0x91, 0x94, 0xB1, 0x9C, 0xB1, 0x9C, 0xB1, 0x9C, 0xB1, 0x9C, 0xB1, 0x9C, 0xB1, 0x9C, 0xB1, 0x9C,
    0x91, 0x9C, 0xB1, 0x9C, 0xB1, 0x9C, 0xB1, 0x9C, 0xB1, 0x9C, 0xB1, 0x9C, 0xB1, 0x9C, 0xB1, 0x9C,
    0xB1, 0x9C, 0xD1, 0x9C, 0xD1, 0x9C, 0xD1, 0x9C, 0xD1, 0x9C, 0xD1, 0x9C, 0xD1, 0x9C, 0xB1, 0x9C,
    0xB1, 0x9C, 0xB1, 0x9C, 0xB1, 0x9C, 0xB1, 0x9C, 0xD1, 0x9C, 0xD1, 0x9C, 0xB1, 0x9C, 0xB1, 0x9C,
    0xB1, 0x9C, 0x91, 0x9C, 0xB1, 0x9C, 0xB1, 0x9C, 0xD1, 0x9C, 0xD1, 0x9C, 0xD1, 0xA4, 0xD1, 0x9C,
    0xB1, 0x9C, 0xB1, 0x9C, 0xB1, 0x9C, 0xB1, 0x9C, 0xB1, 0x9C, 0xB1, 0x9C, 0xB1, 0x9C, 0xB1, 0x9C,
    0xB1, 0x9C, 0xB1, 0x9C, 0xB1, 0x9C, 0xB1, 0x9C, 0xB1, 0x9C, 0xB1, 0x9C, 0xB1, 0x9C, 0xB1, 0x9C,
    0xB1, 0x9C, 0xB1, 0x9C, 0xB1, 0x9C, 0xB1, 0x9C, 0xB1, 0x9C, 0x90, 0x9C, 0x90, 0x94, 0x90, 0x94,
    0x70, 0x94, 0x70, 0x94, 0x4F, 0x94, 0x2F, 0x8C, 0x0E, 0x84, 0xEE, 0x83, 0xEE, 0x7B, 0xEE, 0x83,
    0xEE, 0x83, 0xEE, 0x83, 0x0E, 0x84, 0x0E, 0x84, 0xEE, 0x83, 0x0E, 0x84, 0x0E, 0x84, 0x0E, 0x84,
    0x0E, 0x84, 0x0E, 0x84, 0x0E, 0x84, 0x0E, 0x84, 0x2F, 0x8C, 0x2F, 0x8C, 0x2F, 0x8C, 0x2F, 0x8C,
    0x2F, 0x8C, 0x2F, 0x8C, 0x2E, 0x8C, 0x2E, 0x8C, 0x2E, 0x8C, 0x2F, 0x8C, 0x2E, 0x84, 0x2E, 0x84,
    0x2E, 0x84, 0x2E, 0x84, 0x0E, 0x84, 0x0E, 0x84, 0x0E, 0x84, 0x0E, 0x84, 0x0E, 0x84, 0x0E, 0x84,
    0xEE, 0x83, 0xEE, 0x83, 0xEE, 0x83, 0xCD, 0x7B, 0xCD, 0x7B, 0xCD, 0x7B, 0xAD, 0x7B, 0xAD, 0x7B,
    0x8C, 0x73, 0x8C, 0x73, 0x8C, 0x73, 0x8C, 0x73, 0x8C, 0x73, 0x8C, 0x73, 0x8C, 0x73, 0x8C, 0x73,
    0x8C, 0x73, 0x6C, 0x6B, 0x4B, 0x6B, 0x2A, 0x63, 0xEA, 0x62, 0xEA, 0x5A, 0xE9, 0x5A, 0xEA, 0x5A,
    0xEA, 0x62, 0xEA, 0x5A, 0xEA, 0x62, 0x2B, 0x6B, 0xCD, 0x7B, 0x90, 0x94, 0xF2, 0xA4, 0x94, 0xB5,
    0xF6, 0xC5, 0x57, 0xCE, 0x98, 0xD6, 0xB9, 0xD6, 0xB9, 0xDE, 0xF9, 0xE6, 0x1A, 0xE7, 0x3A, 0xE7,
    0x3B, 0xE7, 0x3B, 0xE7, 0x3B, 0xE7, 0x3B, 0xEF, 0x3B, 0xEF, 0x3B, 0xEF, 0x3B, 0xE7, 0x3B, 0xE7,
    0x3A, 0xE7, 0x1A, 0xE7, 0xFA, 0xE6, 0xFA, 0xE6, 0xFA, 0xE6, 0xFA, 0xE6, 0xFA, 0xDE, 0xF9, 0xDE,
    0xD9, 0xDE, 0xD9, 0xDE, 0xD9, 0xDE, 0xB9, 0xDE, 0xB9, 0xDE, 0xB9, 0xDE, 0xB9, 0xD6, 0x98, 0xD6,
    0xFC, 0xDE, 0xFC, 0xDE, 0xFC, 0xDE, 0xFC, 0xDE, 0xFC, 0xDE, 0xFC, 0xDE, 0xFC, 0xDE, 0xDC, 0xD6,
    0xDC, 0xDE, 0xDC, 0xDE, 0xDC, 0xDE, 0xDC, 0xD6, 0xDC, 0xD6, 0xDC, 0xD6, 0xDB, 0xD6, 0xDB, 0xD6,
    0xDB, 0xD6, 0xDC, 0xD6, 0xDC, 0xD6, 0xDB, 0xD6, 0xDB, 0xD6, 0xFB, 0xD6, 0xFB, 0xD6, 0xFB, 0xDE,
    0xFB, 0xD6, 0xFB, 0xD6, 0xFB, 0xD6, 0xFB, 0xD6, 0xFB, 0xD6, 0xFB, 0xD6, 0xFB, 0xD6, 0xFB, 0xD6,
    0xFB, 0xD6, 0x1B, 0xDF, 0x1B, 0xDF, 0x1B, 0xDF, 0x1B, 0xDF, 0xFB, 0xD6, 0xFB, 0xD6, 0xFB, 0xD6,
    0xFB, 0xDE, 0xFB, 0xDE, 0xFB, 0xDE, 0xDB, 0xD6, 0xBA, 0xD6, 0x9A, 0xCE, 0x9A, 0xCE, 0xBA, 0xD6,
    0x99, 0xD6, 0x58, 0xCE, 0x17, 0xC6, 0x34, 0xA5, 0x30, 0x84, 0x6C, 0x6B, 0xAA, 0x5A, 0x89, 0x52,
    0x48, 0x4A, 0x28, 0x42, 0x28, 0x42, 0x07, 0x42, 0xE7, 0x41, 0x07, 0x42, 0x07, 0x42, 0x07, 0x42,
    0x07, 0x42, 0x07, 0x42, 0x07, 0x42, 0xE7, 0x41, 0xE6, 0x39, 0xC6, 0x39, 0xC6, 0x39, 0xA6, 0x31,
    0xA6, 0x31, 0xA6, 0x31, 0x85, 0x31, 0x65, 0x31, 0x65, 0x29, 0x65, 0x29, 0x44, 0x29, 0x44, 0x29,
    0x44, 0x29, 0x44, 0x29, 0x24, 0x29, 0x24, 0x29, 0x44, 0x29, 0x44, 0x29, 0x85, 0x31, 0x85, 0x31,
    0xA6, 0x39, 0xC6, 0x39, 0xC6, 0x39, 0xC6, 0x39, 0xC6, 0x39, 0xC6, 0x39, 0x85, 0x31, 0x65, 0x31,
    0x44, 0x29, 0x03, 0x21, 0xA2, 0x18, 0xA2, 0x18, 0xA2, 0x18, 0xA2, 0x18, 0xC2, 0x18, 0xC2, 0x18,
    0xC2, 0x18, 0xC2, 0x18, 0xC2, 0x18, 0xC3, 0x18, 0xE3, 0x18, 0xE3, 0x20, 0xE3, 0x18, 0xE3, 0x18,
    0x03, 0x21, 0x24, 0x21, 0x24, 0x29, 0x44, 0x29, 0x44, 0x29, 0x44, 0x29, 0x44, 0x29, 0x44, 0x29,
    0x44, 0x29, 0x44, 0x29, 0x44, 0x29, 0x24, 0x29, 0xE3, 0x20, 0xC3, 0x18, 0xC3, 0x18, 0xC3, 0x18,
    0xE3, 0x18, 0x03, 0x21, 0x23, 0x21, 0x23, 0x21, 0x23, 0x21, 0x23, 0x21, 0x03, 0x21, 0x44, 0x29,
    0xC6, 0x39, 0xA9, 0x52, 0x8D, 0x73, 0x50, 0x8C, 0xB1, 0x9C, 0xD2, 0x9C, 0xF2, 0x9C, 0xF2, 0x9C,
    0xF2, 0xA4, 0xF2, 0xA4, 0xF2, 0xA4, 0xF2, 0xA4, 0xD2, 0x9C, 0xD1, 0x9C, 0xB1, 0x9C, 0x91, 0x9C,
    0x91, 0x94, 0x91, 0x9C, 0xB1, 0x9C, 0xB1, 0x9C, 0xD1, 0x9C, 0xB1, 0x9C, 0xB1, 0x9C, 0xB1, 0x9C,
    0x91, 0x9C, 0x91, 0x9C, 0xB1, 0x9C, 0x90, 0x9C, 0xB1, 0x9C, 0xB1, 0x9C, 0xB1, 0x9C, 0xB1, 0x9C,
    0xB1, 0x9C, 0xB1, 0x9C, 0xB1, 0x9C, 0xB1, 0x9C, 0xB1, 0x9C, 0xB1, 0x9C, 0xB1, 0x9C, 0xB1, 0x9C,
    0xB1, 0x9C, 0xB1, 0x9C, 0xB1, 0x9C, 0xB1, 0x9C, 0xB1, 0x9C, 0xB1, 0x9C, 0xB1, 0x9C, 0x91, 0x9C,
    0x91, 0x9C, 0x91, 0x9C, 0x91, 0x9C, 0xB1, 0x9C, 0xD1, 0x9C, 0xD1, 0x9C, 0xD1, 0x9C, 0xD1, 0x9C,
    0xD1, 0x9C, 0xD1, 0x9C, 0xB1, 0x9C, 0xB1, 0x9C, 0xB1, 0x9C, 0xB1, 0x9C, 0xB1, 0x9C, 0xB1, 0x9C,
    0xB1, 0x9C, 0xB1, 0x9C, 0xB1, 0x9C, 0xB1, 0x9C, 0xB1, 0x9C, 0xB1, 0x9C, 0xB1, 0x9C, 0xB1, 0x9C,
    0xB1, 0x9C, 0xB1, 0x9C, 0xB1, 0x9C, 0xB1, 0x9C, 0xB1, 0x9C, 0x90, 0x9C, 0x90, 0x94, 0x90, 0x94,
    0x70, 0x94, 0x70, 0x94, 0x70, 0x94, 0x70, 0x94, 0x4F, 0x8C, 0x2F, 0x8C, 0x2F, 0x8C, 0x2F, 0x8C,
    0x2F, 0x84, 0x0F, 0x84, 0x2F, 0x8C, 0x2F, 0x8C, 0x2F, 0x84, 0x2F, 0x8C, 0x2F, 0x8C, 0x2F, 0x8C,
    0x4F, 0x8C, 0x4F, 0x8C, 0x4F, 0x8C, 0x2F, 0x8C, 0x4F, 0x94, 0x4F, 0x94, 0x6F, 0x94, 0x4F, 0x8C,
    0x4F, 0x8C, 0x4F, 0x8C, 0x2E, 0x8C, 0x2E, 0x8C, 0x2E, 0x8C, 0x2F, 0x8C, 0x2E, 0x84, 0x2F, 0x84,
    0x2F, 0x8C, 0x2F, 0x84, 0x0E, 0x84, 0x0E, 0x84, 0x0E, 0x84, 0x0E, 0x84, 0x0E, 0x84, 0x0E, 0x84,
    0x0E, 0x84, 0x0E, 0x84, 0x0E, 0x84, 0xED, 0x7B, 0xCD, 0x7B, 0xCD, 0x7B, 0xAD, 0x7B, 0xAD, 0x7B,
    0xAC, 0x73, 0xAD, 0x73, 0x8C, 0x73, 0x8C, 0x73, 0xAC, 0x73, 0x8C, 0x73, 0x8C, 0x73, 0x8C, 0x73,
    0x8C, 0x73, 0x8C, 0x73, 0x6C, 0x73, 0x6B, 0x6B, 0x2B, 0x6B, 0xEA, 0x62, 0xEA, 0x5A, 0xEA, 0x5A,
    0xEA, 0x5A, 0xE9, 0x5A, 0xEA, 0x62, 0x2B, 0x6B, 0xEE, 0x7B, 0x90, 0x94, 0x12, 0xA5, 0xB5, 0xBD,
    0x36, 0xC6, 0x98, 0xD6, 0xD9, 0xDE, 0xD9, 0xDE, 0xFA, 0xE6, 0x1A, 0xE7, 0x1A, 0xE7, 0x3B, 0xE7,
    0x3B, 0xE7, 0x3B, 0xE7, 0x3B, 0xE7, 0x3B, 0xEF, 0x3B, 0xEF, 0x3B, 0xEF, 0x3B, 0xE7, 0x3B, 0xE7,
    0x3A, 0xE7, 0x1A, 0xE7, 0xFA, 0xE6, 0xFA, 0xE6, 0xFA, 0xE6, 0xFA, 0xE6, 0xF9, 0xDE, 0xF9, 0xDE,
    0xD9, 0xDE, 0xD9, 0xDE, 0xB9, 0xDE, 0xB9, 0xDE, 0xB9, 0xDE, 0xB9, 0xDE, 0xB9, 0xD6, 0x98, 0xD6,
    0xFC, 0xDE, 0xFC, 0xDE, 0xFC, 0xDE, 0xFC, 0xDE, 0xFC, 0xDE, 0xFC, 0xDE, 0xFC, 0xDE, 0xDC, 0xD6,
    0xDC, 0xDE, 0xDC, 0xDE, 0xDC, 0xDE, 0xDC, 0xD6, 0xDC, 0xD6, 0xDC, 0xD6, 0xDB, 0xD6, 0xDB, 0xD6,
    0xDB, 0xD6, 0xDC, 0xD6, 0xDC, 0xD6, 0xDB, 0xD6, 0xDB, 0xD6, 0xFB, 0xD6, 0xFB, 0xD6, 0xFB, 0xDE,
    0xFB, 0xD6, 0xFB, 0xDE, 0xFB, 0xDE, 0xFB, 0xDE, 0x1B, 0xDF, 0x1B, 0xDF, 0x1B, 0xDF, 0x1B, 0xDF,
    0x1B, 0xDF, 0x1B, 0xDF, 0x1B, 0xDF, 0x1B, 0xDF, 0x1B, 0xDF, 0xFB, 0xD6, 0xFB, 0xD6, 0xFB, 0xD6,
    0xFB, 0xDE, 0xFB, 0xDE, 0xFB, 0xDE, 0xDB, 0xD6, 0xBA, 0xD6, 0x9A, 0xCE, 0xBA, 0xD6, 0x9A, 0xCE,
    0x79, 0xCE, 0x18, 0xC6, 0x95, 0xB5, 0xD2, 0x94, 0xAE, 0x73, 0xEB, 0x5A, 0x89, 0x52, 0x68, 0x4A,
    0x28, 0x42, 0x28, 0x42, 0x28, 0x42, 0x07, 0x42, 0xE7, 0x39, 0x07, 0x42, 0x07, 0x42, 0x07, 0x42,
    0x07, 0x42, 0x07, 0x42, 0x07, 0x42, 0xE7, 0x41, 0xE6, 0x39, 0xC6, 0x39, 0xC6, 0x39, 0xC6, 0x39,
    0xC6, 0x39, 0xA6, 0x39, 0x85, 0x31, 0x85, 0x31, 0x65, 0x31, 0x65, 0x29, 0x44, 0x29, 0x44, 0x29,
    0x44, 0x29, 0x44, 0x29, 0x44, 0x29, 0x24, 0x29, 0x23, 0x21, 0x24, 0x21, 0x24, 0x21, 0x24, 0x29,
    0x24, 0x29, 0x65, 0x31, 0xA6, 0x31, 0xA6, 0x39, 0xC6, 0x39, 0xC6, 0x39, 0xC6, 0x39, 0xC6, 0x39,
    0xC6, 0x39, 0x85, 0x31, 0x24, 0x21, 0xE3, 0x18, 0xC2, 0x18, 0xE3, 0x18, 0xC2, 0x18, 0xC2, 0x18,
    0xE3, 0x18, 0xC2, 0x18, 0xC2, 0x18, 0xC2, 0x18, 0xC3, 0x18, 0xE3, 0x18, 0xE3, 0x18, 0xE3, 0x18,
    0x03, 0x21, 0x24, 0x21, 0x24, 0x29, 0x44, 0x29, 0x44, 0x29, 0x44, 0x29, 0x65, 0x29, 0x64, 0x29,
    0x64, 0x29, 0x65, 0x31, 0x03, 0x21, 0xC2, 0x18, 0xE3, 0x20, 0x03, 0x21, 0x24, 0x29, 0x24, 0x29,
    0x24, 0x21, 0x44, 0x29, 0x64, 0x29, 0x64, 0x29, 0x64, 0x29, 0x64, 0x29, 0x43, 0x29, 0x85, 0x31,
    0x48, 0x4A, 0x2B, 0x6B, 0x2F, 0x84, 0xB1, 0x94, 0xD1, 0x9C, 0xF2, 0xA4, 0xF2, 0xA4, 0xF2, 0xA4,
    0xF2, 0x9C, 0xF2, 0xA4, 0xF2, 0xA4, 0xF2, 0x9C, 0xD1, 0x9C, 0xB1, 0x9C, 0x91, 0x94, 0x91, 0x9C,
    0x91, 0x9C, 0x91, 0x9C, 0x90, 0x94, 0xB1, 0x9C, 0xB1, 0x9C, 0xD1, 0x9C, 0xB1, 0x9C, 0xB1, 0x9C,
    0xB1, 0x9C, 0x91, 0x9C, 0x90, 0x94, 0x90, 0x94, 0x90, 0x94, 0x90, 0x94, 0x90, 0x94, 0x90, 0x94,
    0x90, 0x9C, 0x90, 0x9C, 0x90, 0x9C, 0xB1, 0x9C, 0x90, 0x9C, 0xB0, 0x9C, 0x90, 0x9C, 0x91, 0x9C,
    0xB1, 0x9C, 0xB1, 0x9C, 0xB1, 0x9C, 0x90, 0x9C, 0x91, 0x9C, 0x90, 0x9C, 0x90, 0x9C, 0x90, 0x94,
    0x90, 0x9C, 0x90, 0x9C, 0x91, 0x9C, 0x91, 0x9C, 0xB0, 0x9C, 0xD1, 0x9C, 0xD1, 0x9C, 0xD1, 0x9C,
    0xD1, 0x9C, 0xD1, 0x9C, 0xB1, 0x9C, 0xB1, 0x9C, 0xB1, 0x9C, 0xB1, 0x9C, 0xB1, 0x9C, 0xB1, 0x9C,
    0xB1, 0x9C, 0xB1, 0x9C, 0xB1, 0x9C, 0xB1, 0x9C, 0xB1, 0x9C, 0x90, 0x94, 0x90, 0x94, 0x90, 0x94,
    0x90, 0x94, 0xB1, 0x9C, 0xB1, 0x9C, 0xB1, 0x9C, 0xB1, 0x9C, 0xB1, 0x9C, 0x90, 0x9C, 0x90, 0x9C,
    0x90, 0x94, 0x90, 0x94, 0x90, 0x9C, 0x90, 0x94, 0x90, 0x94, 0x70, 0x94, 0x70, 0x8C, 0x4F, 0x8C,
    0x4F, 0x8C, 0x4F, 0x8C, 0x4F, 0x8C, 0x4F, 0x8C, 0x4F, 0x8C, 0x4F, 0x8C, 0x4F, 0x8C, 0x4F, 0x8C,
    0x70, 0x8C, 0x70, 0x8C, 0x70, 0x8C, 0x70, 0x94, 0x50, 0x94, 0x4F, 0x94, 0x6F, 0x94, 0x4F, 0x8C,
    0x4F, 0x8C, 0x4F, 0x8C, 0x2F, 0x8C, 0x2F, 0x8C, 0x2F, 0x8C, 0x2F, 0x8C, 0x2F, 0x8C, 0x2F, 0x8C,
    0x2F, 0x8C, 0x2F, 0x8C, 0x0E, 0x84, 0x0E, 0x84, 0x0E, 0x84, 0x0E, 0x84, 0x0E, 0x84, 0x0E, 0x84,
    0x0E, 0x84, 0x0E, 0x84, 0x0E, 0x84, 0xEE, 0x83, 0xED, 0x7B, 0xCD, 0x7B, 0xCD, 0x7B, 0xCD, 0x7B,
    0xCD, 0x7B, 0xAD, 0x7B, 0xAD, 0x7B, 0xAC, 0x73, 0xAD, 0x7B, 0x8C, 0x73, 0x8C, 0x73, 0x8C, 0x73,
    0x8C, 0x73, 0x8C, 0x73, 0x8C, 0x73, 0x8C, 0x73, 0x6B, 0x6B, 0x2B, 0x63, 0xEA, 0x62, 0xC9, 0x5A,
    0xA9, 0x5A, 0xA9, 0x5A, 0xC9, 0x5A, 0x0A, 0x63, 0xAD, 0x7B, 0xB0, 0x94, 0x74, 0xB5, 0x36, 0xC6,
    0x98, 0xD6, 0x1A, 0xE7, 0x1A, 0xE7, 0x1A, 0xE7, 0x3B, 0xE7, 0x1A, 0xE7, 0x3B, 0xE7, 0x3B, 0xE7,
    0x3B, 0xE7, 0x3B, 0xE7, 0x3B, 0xE7, 0x3B, 0xEF, 0x3B, 0xEF, 0x3B, 0xEF, 0x3B, 0xEF, 0x3B, 0xE7,
    0x1A, 0xE7, 0xFA, 0xE6, 0xFA, 0xE6, 0xFA, 0xE6, 0xFA, 0xE6, 0xF9, 0xDE, 0xD9, 0xDE, 0xD9, 0xDE,
    0xB9, 0xDE, 0xB9, 0xDE, 0xB9, 0xDE, 0xB9, 0xDE, 0xB9, 0xDE, 0xB9, 0xD6, 0xB9, 0xD6, 0x98, 0xD6,
    0xFC, 0xDE, 0xFC, 0xDE, 0xFC, 0xDE, 0xFC, 0xDE, 0xFC, 0xDE, 0xFC, 0xDE, 0xFC, 0xDE, 0xDC, 0xDE,
    0xDC, 0xDE, 0xDC, 0xDE, 0xDC, 0xDE, 0xFC, 0xD6, 0xFC, 0xD6, 0xFC, 0xD6, 0xDC, 0xD6, 0xDB, 0xD6,
    0xDB, 0xD6, 0xDC, 0xD6, 0xDB, 0xD6, 0xDB, 0xD6, 0xDB, 0xD6, 0xFB, 0xD6, 0xFB, 0xD6, 0xFB, 0xD6,
    0xFB, 0xD6, 0xFB, 0xD6, 0xFB, 0xD6, 0xFB, 0xDE, 0xFB, 0xDE, 0x1B, 0xDF, 0x1B, 0xDF, 0x1B, 0xDF,
    0x1B, 0xDF, 0x1B, 0xDF, 0x1B, 0xDF, 0xFB, 0xD6, 0xFB, 0xD6, 0xFB, 0xD6, 0xFB, 0xD6, 0xFB, 0xD6,
    0xFB, 0xDE, 0xDB, 0xD6, 0xDB, 0xD6, 0xBB, 0xD6, 0xBA, 0xD6, 0xBA, 0xCE, 0xBA, 0xCE, 0x99, 0xCE,
    0x58, 0xC6, 0xD6, 0xB5, 0x13, 0xA5, 0x2F, 0x84, 0x2B, 0x63, 0x89, 0x52, 0x68, 0x4A, 0x48, 0x4A,
    0x27, 0x42, 0x07, 0x42, 0x07, 0x42, 0xE7, 0x39, 0xE7, 0x39, 0xE7, 0x41, 0xE7, 0x39, 0xE7, 0x39,
    0xE7, 0x41, 0x07, 0x42, 0x07, 0x42, 0xE7, 0x41, 0xE7, 0x39, 0xC6, 0x39, 0xC6, 0x39, 0xC6, 0x39,
    0xC6, 0x39, 0xA6, 0x31, 0x85, 0x31, 0x85, 0x31, 0x65, 0x31, 0x65, 0x29, 0x44, 0x29, 0x44, 0x29,
    0x44, 0x29, 0x44, 0x29, 0x44, 0x29, 0x24, 0x29, 0x23, 0x21, 0x03, 0x21, 0x03, 0x21, 0x03, 0x21,
    0x03, 0x21, 0x24, 0x21, 0x44, 0x29, 0x65, 0x29, 0x85, 0x31, 0xA6, 0x31, 0xA6, 0x31, 0xC6, 0x39,
    0xC6, 0x39, 0xA6, 0x31, 0x65, 0x31, 0x24, 0x21, 0x03, 0x21, 0x03, 0x21, 0x03, 0x21, 0xE3, 0x18,
    0xE3, 0x18, 0xC2, 0x18, 0xC2, 0x18, 0xA2, 0x18, 0xC2, 0x18, 0xE3, 0x18, 0xE3, 0x18, 0xE3, 0x18,
    0xE3, 0x18, 0xE3, 0x20, 0x03, 0x21, 0x24, 0x29, 0x24, 0x29, 0x24, 0x29, 0x44, 0x29, 0x44, 0x29,
    0x44, 0x29, 0x24, 0x29, 0xE3, 0x20, 0xE2, 0x20, 0xE3, 0x20, 0x85, 0x31, 0xA6, 0x39, 0x85, 0x31,
    0xA5, 0x31, 0xA5, 0x31, 0xA5, 0x31, 0xA5, 0x31, 0xC6, 0x39, 0xC6, 0x39, 0xA5, 0x31, 0xE6, 0x41,
    0xEA, 0x5A, 0xCD, 0x7B, 0x50, 0x8C, 0xB1, 0x9C, 0xD2, 0x9C, 0xD2, 0x9C, 0xF2, 0x9C, 0xF2, 0xA4,
    0xF2, 0xA4, 0xF2, 0xA4, 0xF2, 0x9C, 0xF2, 0x9C, 0xD1, 0x9C, 0xB1, 0x9C, 0x91, 0x94, 0x91, 0x9C,
    0x91, 0x9C, 0x91, 0x9C, 0xB0, 0x9C, 0xB1, 0x9C, 0xD1, 0x9C, 0xD1, 0x9C, 0xB1, 0x9C, 0xB1, 0x9C,
    0xB1, 0x9C, 0x91, 0x9C, 0xB1, 0x9C, 0x90, 0x94, 0x90, 0x94, 0x90, 0x94, 0x90, 0x94, 0x90, 0x94,
    0x90, 0x94, 0x90, 0x94, 0x90, 0x94, 0x90, 0x94, 0x90, 0x94, 0x90, 0x94, 0x90, 0x9C, 0x90, 0x9C,
    0x90, 0x9C, 0x90, 0x9C, 0x90, 0x9C, 0x90, 0x9C, 0x90, 0x94, 0x90, 0x94, 0x70, 0x94, 0x70, 0x94,
    0x70, 0x94, 0x70, 0x94, 0x90, 0x9C, 0x90, 0x9C, 0x90, 0x94, 0xB0, 0x9C, 0xB0, 0x9C, 0xB1, 0x9C,
    0xB1, 0x9C, 0xB1, 0x9C, 0xB1, 0x9C, 0xB1, 0x9C, 0xB1, 0x9C, 0xB1, 0x9C, 0x91, 0x9C, 0xB1, 0x9C,
    0xB1, 0x9C, 0xB1, 0x9C, 0xB1, 0x9C, 0xB1, 0x9C, 0x90, 0x94, 0x90, 0x94, 0x90, 0x94, 0x90, 0x94,
    0x90, 0x94, 0x90, 0x94, 0x90, 0x9C, 0xB1, 0x9C, 0xB1, 0x9C, 0xB1, 0x9C, 0xB1, 0x9C, 0xB1, 0x9C,
    0xB1, 0x9C, 0xB1, 0x9C, 0xB1, 0x9C, 0xB1, 0x9C, 0xB1, 0x9C, 0x90, 0x94, 0x90, 0x94, 0x70, 0x94,
    0x70, 0x8C, 0x70, 0x8C, 0x70, 0x8C, 0x70, 0x8C, 0x70, 0x8C, 0x70, 0x94, 0x70, 0x94, 0x70, 0x94,
    0x70, 0x94, 0x70, 0x94, 0x70, 0x94, 0x70, 0x94, 0x50, 0x94, 0x4F, 0x94, 0x4F, 0x94, 0x4F, 0x94,
    0x4F, 0x8C, 0x4F, 0x8C, 0x2F, 0x8C, 0x2F, 0x8C, 0x2F, 0x8C, 0x2F, 0x8C, 0x2F, 0x8C, 0x2F, 0x8C,
    0x4F, 0x8C, 0x2F, 0x8C, 0x2F, 0x84, 0x0E, 0x84, 0x0E, 0x84, 0x0E, 0x84, 0x0E, 0x84, 0x0E, 0x84,
    0x0E, 0x84, 0xEE, 0x83, 0xEE, 0x83, 0xEE, 0x83, 0xED, 0x7B, 0xCD, 0x7B, 0xCD, 0x7B, 0xCD, 0x7B,
    0xCD, 0x7B, 0xCD, 0x7B, 0xAD, 0x7B, 0xAD, 0x7B, 0xAD, 0x7B, 0xAD, 0x73, 0xAC, 0x73, 0xAC, 0x73,
    0xAC, 0x73, 0x8C, 0x73, 0x8C, 0x73, 0x8C, 0x73, 0x8C, 0x73, 0x6C, 0x73, 0x4B, 0x6B, 0x0A, 0x63,
    0xE9, 0x5A, 0xC9, 0x5A, 0xEA, 0x62, 0x2B, 0x63, 0x8C, 0x73, 0x4F, 0x8C, 0x12, 0xA5, 0xF5, 0xBD,
    0x57, 0xCE, 0xD9, 0xDE, 0xFA, 0xDE, 0xFA, 0xE6, 0x1A, 0xE7, 0x3B, 0xEF, 0x3B, 0xEF, 0x3B, 0xEF,
    0x3B, 0xEF, 0x3B, 0xEF, 0x3B, 0xEF, 0x5B, 0xEF, 0x5B, 0xEF, 0x5B, 0xEF, 0x3B, 0xEF, 0x3B, 0xEF,
    0x1A, 0xE7, 0xFA, 0xE6, 0xFA, 0xDE, 0xFA, 0xDE, 0xF9, 0xDE, 0xD9, 0xDE, 0xD9, 0xDE, 0xD9, 0xDE,
    0xB9, 0xDE, 0xB9, 0xDE, 0xB9, 0xDE, 0xB9, 0xDE, 0xB9, 0xDE, 0xB9, 0xDE, 0xB9, 0xD6, 0xB8, 0xD6,
    0xFC, 0xDE, 0xFC, 0xDE, 0xFC, 0xDE, 0xFC, 0xDE, 0xFC, 0xDE, 0xFC, 0xDE, 0xFC, 0xDE, 0xDC, 0xDE,
    0xDC, 0xDE, 0xDC, 0xDE, 0xDC, 0xDE, 0xFC, 0xD6, 0xFC, 0xD6, 0xFC, 0xD6, 0xDC, 0xD6, 0xDB, 0xD6,
    0xDB, 0xD6, 0xDC, 0xD6, 0xDB, 0xD6, 0xDB, 0xD6, 0xDB, 0xD6, 0xFB, 0xD6, 0xFB, 0xD6, 0xFB, 0xD6,
    0xFB, 0xD6, 0xFB, 0xD6, 0xFB, 0xD6, 0xFB, 0xDE, 0xFB, 0xDE, 0x1B, 0xDF, 0x1B, 0xDF, 0xFB, 0xD6,
    0xFB, 0xD6, 0xFB, 0xD6, 0xFB, 0xD6, 0xFB, 0xD6, 0xFB, 0xD6, 0xFB, 0xD6, 0xFB, 0xD6, 0xFB, 0xD6,
    0xFB, 0xDE, 0xDB, 0xD6, 0xDB, 0xD6, 0xBB, 0xD6, 0xBA, 0xD6, 0xBA, 0xD6, 0xBA, 0xD6, 0x99, 0xCE,
    0x58, 0xC6, 0xD6, 0xB5, 0x13, 0x9D, 0x0F, 0x7C, 0x0B, 0x63, 0x89, 0x4A, 0x28, 0x4A, 0x28, 0x42,
    0x27, 0x42, 0x07, 0x42, 0xE7, 0x39, 0xE7, 0x39, 0xE7, 0x39, 0xE7, 0x39, 0xE7, 0x39, 0xE7, 0x39,
    0xE7, 0x39, 0xE7, 0x41, 0xE7, 0x41, 0xE7, 0x41, 0xE6, 0x39, 0xC6, 0x39, 0xC6, 0x39, 0xC6, 0x39,
    0xC6, 0x39, 0x85, 0x31, 0x85, 0x31, 0x65, 0x31, 0x65, 0x31, 0x65, 0x29, 0x44, 0x29, 0x44, 0x29,
    0x44, 0x29, 0x44, 0x29, 0x44, 0x29, 0x24, 0x29, 0x23, 0x21, 0x03, 0x21, 0x03, 0x21, 0x03, 0x21,
    0x03, 0x21, 0x24, 0x21, 0x24, 0x21, 0x24, 0x21, 0x44, 0x29, 0x44, 0x29, 0x65, 0x29, 0x85, 0x31,
    0xA6, 0x31, 0x85, 0x31, 0x85, 0x31, 0x65, 0x31, 0x85, 0x31, 0x85, 0x31, 0x65, 0x29, 0x24, 0x29,
    0x03, 0x21, 0xE3, 0x20, 0xE3, 0x18, 0xC2, 0x18, 0xC2, 0x18, 0xC2, 0x18, 0xC2, 0x18, 0xC2, 0x18,
    0xC2, 0x18, 0xC2, 0x18, 0xE3, 0x18, 0x03, 0x21, 0xE3, 0x20, 0xC2, 0x18, 0xE3, 0x18, 0xE3, 0x20,
    0x23, 0x29, 0x44, 0x29, 0x65, 0x31, 0x65, 0x31, 0x65, 0x31, 0xC6, 0x39, 0xE6, 0x41, 0xE6, 0x41,
    0xE6, 0x41, 0xE6, 0x39, 0xE6, 0x39, 0xE6, 0x41, 0x27, 0x42, 0x27, 0x42, 0x27, 0x42, 0xC9, 0x5A,
    0xAD, 0x73, 0x50, 0x8C, 0x91, 0x94, 0xD1, 0x9C, 0xD2, 0x9C, 0xD2, 0x9C, 0xF2, 0x9C, 0xF2, 0xA4,
    0xF2, 0xA4, 0xF2, 0xA4, 0xF2, 0x9C, 0xF2, 0x9C, 0xD1, 0x9C, 0xB1, 0x9C, 0xB1, 0x94, 0x91, 0x9C,
    0xB1, 0x9C, 0x91, 0x9C, 0xB0, 0x9C, 0xB1, 0x9C, 0xD1, 0x9C, 0xD1, 0x9C, 0xB1, 0x9C, 0xB1, 0x9C,
    0xB1, 0x9C, 0x91, 0x9C, 0xB1, 0x9C, 0xB1, 0x9C, 0xB1, 0x9C, 0x90, 0x94, 0x90, 0x94, 0x90, 0x94,
    0x90, 0x94, 0x90, 0x94, 0x90, 0x94, 0x90, 0x94, 0x90, 0x94, 0x90, 0x94, 0x90, 0x9C, 0x90, 0x9C,
    0x90, 0x9C, 0x90, 0x9C, 0x90, 0x9C, 0x70, 0x94, 0x70, 0x94, 0x70, 0x94, 0x70, 0x94, 0x70, 0x94,
    0x70, 0x94, 0x70, 0x94, 0x70, 0x94, 0x70, 0x94, 0x90, 0x94, 0x90, 0x94, 0x90, 0x9C, 0x90, 0x9C,
    0x90, 0x9C, 0xB1, 0x9C, 0xB1, 0x9C, 0x91, 0x9C, 0x91, 0x9C, 0xB1, 0x9C, 0x90, 0x9C, 0xB1, 0x9C,
    0xB1, 0x9C, 0xB1, 0x9C, 0xB1, 0x9C, 0xB1, 0x9C, 0x90, 0x94, 0x90, 0x94, 0x90, 0x94, 0x90, 0x94,
    0x90, 0x94, 0x90, 0x94, 0x90, 0x94, 0x90, 0x94, 0xB1, 0x9C, 0xB1, 0x9C, 0xB1, 0x9C, 0xB1, 0x9C,
    0xB1, 0x9C, 0xB1, 0x9C, 0xB1, 0x9C, 0xB1, 0x9C, 0xB1, 0x9C, 0xB1, 0x9C, 0xB0, 0x94, 0x90, 0x94,
    0x90, 0x94, 0x90, 0x94, 0x90, 0x94, 0x90, 0x94, 0x70, 0x94, 0x70, 0x8C, 0x70, 0x94, 0x70, 0x94,
    0x70, 0x94, 0x70, 0x94, 0x70, 0x94, 0x70, 0x94, 0x50, 0x94, 0x4F, 0x94, 0x4F, 0x94, 0x4F, 0x94,
    0x4F, 0x8C, 0x4F, 0x8C, 0x2F, 0x8C, 0x2F, 0x8C, 0x2F, 0x8C, 0x2F, 0x8C, 0x2F, 0x8C, 0x2F, 0x8C,
    0x2F, 0x84, 0x2E, 0x84, 0x2E, 0x84, 0x0E, 0x84, 0x0E, 0x84, 0x0E, 0x84, 0x0E, 0x84, 0x0E, 0x84,
    0x0E, 0x84, 0xEE, 0x83, 0xEE, 0x83, 0xEE, 0x83, 0xED, 0x7B, 0xCD, 0x7B, 0xCD, 0x7B, 0xCD, 0x7B,
    0xCD, 0x7B, 0xCD, 0x7B, 0xAD, 0x7B, 0xAD, 0x7B, 0xAD, 0x7B, 0xAD, 0x7B, 0xAC, 0x73, 0xAC, 0x73,
    0xAC, 0x73, 0x8C, 0x73, 0xAC, 0x73, 0x8C, 0x73, 0x8C, 0x73, 0x8C, 0x73, 0x8C, 0x73, 0x6C, 0x73,
    0x4B, 0x6B, 0x2B, 0x6B, 0x4B, 0x6B, 0x6C, 0x73, 0x8C, 0x73, 0xCD, 0x7B, 0x70, 0x94, 0x53, 0xAD,
    0xD5, 0xBD, 0x37, 0xCE, 0xB9, 0xDE, 0xFA, 0xE6, 0x1A, 0xE7, 0x3B, 0xEF, 0x3B, 0xEF, 0x3B, 0xEF,
    0x3B, 0xEF, 0x3B, 0xEF, 0x3B, 0xEF, 0x5B, 0xEF, 0x3B, 0xEF, 0x3B, 0xEF, 0x3B, 0xEF, 0x3B, 0xEF,
    0x1A, 0xE7, 0xFA, 0xE6, 0xFA, 0xDE, 0xFA, 0xDE, 0xF9, 0xDE, 0xD9, 0xDE, 0xD9, 0xDE, 0xD9, 0xDE,
    0xB9, 0xDE, 0xB9, 0xDE, 0xB9, 0xDE, 0xB9, 0xDE, 0xB9, 0xDE, 0xB9, 0xDE, 0xB9, 0xD6, 0xB8, 0xD6,
    0xFC, 0xDE, 0xFC, 0xDE, 0xFC, 0xDE, 0xFC, 0xDE, 0xFC, 0xDE, 0xFC, 0xDE, 0xFC, 0xDE, 0xDC, 0xDE,
    0xDC, 0xDE, 0xDC, 0xDE, 0xDC, 0xDE, 0xFC, 0xD6, 0xFC, 0xD6, 0xFC, 0xD6, 0xDC, 0xD6, 0xDB, 0xD6,
    0xDB, 0xD6, 0xDB, 0xD6, 0xDB, 0xD6, 0xDB, 0xD6, 0xDB, 0xD6, 0xFB, 0xD6, 0xFB, 0xD6, 0xFB, 0xD6,
    0xFB, 0xD6, 0xFB, 0xD6, 0xFB, 0xD6, 0xFB, 0xDE, 0xFB, 0xDE, 0x1B, 0xDF, 0xFB, 0xD6, 0xFB, 0xD6,
    0xDB, 0xD6, 0xFB, 0xD6, 0xFB, 0xD6, 0xFB, 0xD6, 0xFB, 0xD6, 0xFB, 0xD6, 0xFB, 0xD6, 0xFB, 0xD6,
    0xFB, 0xDE, 0xFB, 0xDE, 0xDB, 0xD6, 0xBB, 0xD6, 0xBA, 0xD6, 0xBA, 0xD6, 0xBA, 0xD6, 0x99, 0xCE,
    0x58, 0xC6, 0xD6, 0xB5, 0x13, 0x9D, 0x0F, 0x84, 0x2B, 0x63, 0x89, 0x4A, 0x27, 0x42, 0x27, 0x42,
    0x07, 0x42, 0xE7, 0x39, 0xE7, 0x39, 0xE6, 0x39, 0xE7, 0x39, 0xE7, 0x39, 0xE7, 0x39, 0xE7, 0x39,
    0xE7, 0x39, 0xE7, 0x41, 0xE7, 0x41, 0xE7, 0x41, 0xC6, 0x39, 0xA6, 0x31, 0xA6, 0x31, 0xC6, 0x39,
    0xA6, 0x31, 0x65, 0x31, 0x65, 0x31, 0x65, 0x31, 0x45, 0x29, 0x45, 0x29, 0x44, 0x29, 0x44, 0x29,
    0x44, 0x29, 0x44, 0x29, 0x44, 0x29, 0x24, 0x29, 0x03, 0x21, 0x03, 0x21, 0x03, 0x21, 0x03, 0x21,
    0x03, 0x21, 0x03, 0x21, 0x03, 0x21, 0x03, 0x21, 0x24, 0x21, 0x24, 0x21, 0x24, 0x29, 0x44, 0x29,
    0x65, 0x29, 0x65, 0x29, 0x65, 0x29, 0x65, 0x29, 0x65, 0x31, 0x65, 0x31, 0x85, 0x31, 0x85, 0x31,
    0x65, 0x29, 0x44, 0x29, 0x24, 0x21, 0x03, 0x21, 0xE3, 0x20, 0xE3, 0x18, 0xC2, 0x18, 0xC2, 0x18,
    0xC2, 0x18, 0xC2, 0x18, 0xC2, 0x18, 0xC2, 0x18, 0xC2, 0x18, 0xC2, 0x18, 0xE2, 0x18, 0x23, 0x21,
    0x64, 0x31, 0xC6, 0x39, 0x27, 0x4A, 0x27, 0x4A, 0x27, 0x4A, 0x47, 0x4A, 0x47, 0x4A, 0x47, 0x4A,
    0x47, 0x4A, 0x27, 0x4A, 0x27, 0x42, 0x27, 0x4A, 0x47, 0x4A, 0x88, 0x52, 0xEA, 0x5A, 0x6C, 0x6B,
    0x2F, 0x8C, 0xB1, 0x94, 0xB1, 0x94, 0xD1, 0x9C, 0xD1, 0x9C, 0xD2, 0x9C, 0xF2, 0x9C, 0xF2, 0x9C,
    0xF2, 0xA4, 0xF2, 0xA4, 0xF1, 0x9C, 0xD1, 0x9C, 0xD1, 0x9C, 0xB1, 0x9C, 0xB1, 0x9C, 0xB1, 0x9C,
    0xB1, 0x9C, 0x91, 0x9C, 0xB1, 0x9C, 0xD1, 0x9C, 0xD1, 0x9C, 0xD1, 0x9C, 0xB1, 0x9C, 0xB1, 0x9C,
    0xB1, 0x9C, 0xB1, 0x9C, 0xB1, 0x9C, 0xB1, 0x9C, 0xB1, 0x9C, 0x90, 0x94, 0x90, 0x94, 0x90, 0x94,
    0x90, 0x94, 0x90, 0x94, 0x90, 0x94, 0x90, 0x94, 0x90, 0x94, 0x90, 0x94, 0x90, 0x94, 0x90, 0x94,
    0x70, 0x94, 0x70, 0x94, 0x70, 0x94, 0x70, 0x94, 0x70, 0x94, 0x70, 0x94, 0x70, 0x94, 0x70, 0x94,
    0x70, 0x94, 0x70, 0x94, 0x70, 0x94, 0x70, 0x94, 0x70, 0x94, 0x90, 0x94, 0x90, 0x94, 0x90, 0x94,
    0x90, 0x94, 0x90, 0x9C, 0x90, 0x9C, 0x90, 0x9C, 0x90, 0x9C, 0x90, 0x9C, 0x90, 0x9C, 0x90, 0x9C,
    0x90, 0x9C, 0x90, 0x9C, 0xB1, 0x9C, 0xB1, 0x9C, 0x90, 0x94, 0x90, 0x94, 0x90, 0x94, 0x90, 0x94,
    0x90, 0x94, 0x90, 0x94, 0x90, 0x94, 0x90, 0x94, 0xB1, 0x9C, 0xB1, 0x9C, 0xB1, 0x9C, 0xB1, 0x9C,
    0xB1, 0x9C, 0xB1, 0x9C, 0xB1, 0x9C, 0xB1, 0x9C, 0xB1, 0x9C, 0xB1, 0x9C, 0xB1, 0x9C, 0xB1, 0x9C,
    0xB0, 0x94, 0xB0, 0x94, 0xB0, 0x94, 0xB0, 0x94, 0x90, 0x94, 0x70, 0x94, 0x70, 0x8C, 0x70, 0x94,
    0x70, 0x94, 0x70, 0x94, 0x70, 0x94, 0x70, 0x94, 0x70, 0x94, 0x4F, 0x94, 0x4F, 0x94, 0x4F, 0x94,
    0x4F, 0x8C, 0x4F, 0x8C, 0x2F, 0x8C, 0x2F, 0x8C, 0x2F, 0x8C, 0x2F, 0x8C, 0x2F, 0x8C, 0x2E, 0x84,
    0x0E, 0x84, 0x0E, 0x84, 0x0E, 0x84, 0x0E, 0x84, 0x0E, 0x84, 0x0E, 0x84, 0x0E, 0x84, 0x0E, 0x84,
    0x0E, 0x84, 0xEE, 0x83, 0xEE, 0x83, 0xEE, 0x83, 0xEE, 0x83, 0xEE, 0x83, 0xEE, 0x83, 0xCD, 0x7B,
    0xCD, 0x7B, 0xCD, 0x7B, 0xAD, 0x7B, 0xAD, 0x7B, 0xAD, 0x7B, 0xAD, 0x7B, 0xAD, 0x7B, 0xAD, 0x7B,
    0xAD, 0x7B, 0xAC, 0x73, 0xAC, 0x73, 0xAC, 0x73, 0x8C, 0x73, 0x8C, 0x73, 0x8C, 0x73, 0x8C, 0x73,
    0x8C, 0x73, 0x6C, 0x73, 0x6C, 0x73, 0x6C, 0x73, 0x8C, 0x73, 0xCD, 0x7B, 0xD1, 0x9C, 0xF6, 0xBD,
    0x78, 0xD6, 0xFA, 0xE6, 0xFA, 0xE6, 0xFA, 0xE6, 0x1A, 0xE7, 0x3B, 0xEF, 0x3B, 0xEF, 0x3B, 0xEF,
    0x3B, 0xEF, 0x3B, 0xEF, 0x3B, 0xEF, 0x3B, 0xEF, 0x3B, 0xE7, 0x3B, 0xE7, 0x3B, 0xEF, 0x3A, 0xE7,
    0x1A, 0xE7, 0xFA, 0xE6, 0xFA, 0xDE, 0xFA, 0xDE, 0xF9, 0xDE, 0xD9, 0xDE, 0xD9, 0xDE, 0xD9, 0xDE,
    0xB9, 0xDE, 0xB9, 0xDE, 0xB9, 0xDE, 0xB9, 0xDE, 0xB9, 0xDE, 0xB9, 0xDE, 0xB9, 0xDE, 0xB9, 0xD6,
    0xFC, 0xDE, 0xFC, 0xDE, 0xFC, 0xDE, 0xFC, 0xDE, 0xFC, 0xDE, 0xFC, 0xDE, 0xFC, 0xDE, 0xFC, 0xDE,
    0xDC, 0xDE, 0xDC, 0xDE, 0xDC, 0xDE, 0xFC, 0xD6, 0xFC, 0xD6, 0xFC, 0xD6, 0xFC, 0xD6, 0xFC, 0xD6,
    0xFC, 0xD6, 0xDC, 0xD6, 0xDB, 0xD6, 0xDB, 0xD6, 0xDB, 0xD6, 0xFB, 0xD6, 0xFB, 0xD6, 0xFB, 0xD6,
    0xFB, 0xDE, 0xFB, 0xDE, 0xFB, 0xDE, 0xFB, 0xDE, 0x1B, 0xDF, 0x1B, 0xDF, 0xFB, 0xD6, 0xFB, 0xD6,
    0xDB, 0xD6, 0xFB, 0xD6, 0xFB, 0xD6, 0x1B, 0xDF, 0x1B, 0xDF, 0x1B, 0xDF, 0x1B, 0xDF, 0xFB, 0xDE,
    0xFB, 0xDE, 0xFB, 0xDE, 0xFB, 0xDE, 0xDB, 0xD6, 0xBA, 0xCE, 0xBB, 0xD6, 0xBA, 0xD6, 0x59, 0xC6,
    0x38, 0xC6, 0x75, 0xAD, 0xD2, 0x94, 0xEE, 0x7B, 0xEA, 0x5A, 0x89, 0x52, 0x28, 0x42, 0x27, 0x42,
    0x07, 0x42, 0xE7, 0x39, 0xE6, 0x39, 0x07, 0x42, 0xE7, 0x41, 0xE7, 0x39, 0xE7, 0x39, 0xE7, 0x39,
    0xE7, 0x39, 0xE7, 0x39, 0xE7, 0x39, 0xE7, 0x41, 0xE6, 0x39, 0xA6, 0x39, 0xA6, 0x31, 0xA6, 0x31,
    0x85, 0x31, 0x65, 0x29, 0x65, 0x29, 0x65, 0x29, 0x45, 0x29, 0x45, 0x29, 0x44, 0x29, 0x44, 0x29,
    0x44, 0x29, 0x44, 0x29, 0x44, 0x29, 0x24, 0x29, 0x23, 0x29, 0x24, 0x21, 0x03, 0x21, 0x03, 0x21,
    0x03, 0x21, 0x03, 0x21, 0x03, 0x21, 0x03, 0x21, 0x03, 0x21, 0x03, 0x21, 0x03, 0x21, 0x03, 0x21,
    0x03, 0x21, 0x03, 0x21, 0x03, 0x21, 0x24, 0x29, 0x44, 0x29, 0x44, 0x29, 0x44, 0x29, 0x64, 0x29,
    0x64, 0x29, 0x65, 0x29, 0x45, 0x29, 0x44, 0x29, 0x44, 0x29, 0x24, 0x29, 0x24, 0x21, 0x24, 0x21,
    0x44, 0x29, 0x44, 0x29, 0x24, 0x29, 0x64, 0x29, 0x85, 0x31, 0x85, 0x31, 0xA5, 0x31, 0xC6, 0x39,
    0x06, 0x42, 0x47, 0x4A, 0x88, 0x52, 0xA9, 0x5A, 0xC9, 0x5A, 0xC9, 0x5A, 0xEA, 0x5A, 0xEA, 0x62,
    0xEA, 0x62, 0xC9, 0x5A, 0xA9, 0x5A, 0xC9, 0x5A, 0xEA, 0x5A, 0x2B, 0x6B, 0xAD, 0x7B, 0x2F, 0x84,
    0x91, 0x94, 0xB1, 0x9C, 0xB1, 0x9C, 0xD1, 0x9C, 0xD1, 0x9C, 0xD1, 0x9C, 0xD2, 0x9C, 0xF2, 0x9C,
    0xF2, 0x9C, 0xF2, 0xA4, 0xD2, 0x9C, 0xD1, 0x9C, 0xD1, 0x9C, 0xB1, 0x9C, 0xB1, 0x9C, 0xB1, 0x9C,
    0xB1, 0x9C, 0xB1, 0x9C, 0xB1, 0x9C, 0xD1, 0x9C, 0xD1, 0x9C, 0xD1, 0x9C, 0xB1, 0x9C, 0xB1, 0x9C,
    0xB1, 0x9C, 0xB1, 0x9C, 0xB1, 0x9C, 0xB1, 0x9C, 0xB1, 0x9C, 0x91, 0x9C, 0x91, 0x9C, 0x90, 0x9C,
    0x90, 0x9C, 0x90, 0x94, 0x70, 0x94, 0x6F, 0x94, 0x6F, 0x94, 0x70, 0x94, 0x90, 0x94, 0x90, 0x94,
    0x90, 0x94, 0x70, 0x94, 0x70, 0x94, 0x70, 0x94, 0x70, 0x94, 0x70, 0x94, 0x6F, 0x94, 0x6F, 0x94,
    0x4F, 0x94, 0x4F, 0x94, 0x4F, 0x94, 0x4F, 0x94, 0x70, 0x94, 0x70, 0x94, 0x70, 0x94, 0x70, 0x94,
    0x70, 0x94, 0x70, 0x94, 0x70, 0x94, 0x90, 0x9C, 0x90, 0x9C, 0x70, 0x94, 0x70, 0x94, 0x90, 0x9C,
    0x90, 0x9C, 0x90, 0x9C, 0x90, 0x9C, 0x91, 0x9C, 0xB1, 0x9C, 0x90, 0x9C, 0xB1, 0x94, 0xB1, 0x9C,
    0xB1, 0x9C, 0x90, 0x94, 0x90, 0x94, 0x90, 0x94, 0x90, 0x94, 0x90, 0x94, 0x90, 0x94, 0xB1, 0x9C,
    0xB1, 0x9C, 0xB1, 0x9C, 0xB1, 0x9C, 0xB1, 0x9C, 0xB1, 0x9C, 0xB1, 0x9C, 0xB1, 0x9C, 0xD1, 0x9C,
    0xB1, 0x9C, 0xB1, 0x9C, 0xB1, 0x9C, 0xB1, 0x9C, 0xB1, 0x94, 0x90, 0x94, 0x70, 0x94, 0x6F, 0x94,
    0x6F, 0x94, 0x6F, 0x94, 0x6F, 0x94, 0x6F, 0x94, 0x6F, 0x94, 0x6F, 0x94, 0x4F, 0x94, 0x4F, 0x8C,
    0x4F, 0x8C, 0x2F, 0x8C, 0x2E, 0x8C, 0x2E, 0x8C, 0x2F, 0x8C, 0x2F, 0x8C, 0x2F, 0x8C, 0x0E, 0x84,
    0x0E, 0x84, 0x0E, 0x84, 0x0E, 0x84, 0x0E, 0x84, 0x0E, 0x84, 0x0E, 0x84, 0x0E, 0x84, 0xEE, 0x83,
    0xEE, 0x83, 0xEE, 0x83, 0xEE, 0x83, 0xEE, 0x83, 0xEE, 0x83, 0xEE, 0x83, 0xED, 0x83, 0xED, 0x7B,
    0xCD, 0x7B, 0xCD, 0x7B, 0xCD, 0x7B, 0xCD, 0x7B, 0xAD, 0x7B, 0xAD, 0x7B, 0xAD, 0x7B, 0xAD, 0x7B,
    0xAD, 0x7B, 0xAC, 0x73, 0xAC, 0x73, 0xAC, 0x73, 0xAC, 0x73, 0xAC, 0x73, 0x8C, 0x73, 0x8C, 0x73,
    0x8C, 0x73, 0x8C, 0x73, 0x8C, 0x73, 0x8C, 0x73, 0x6C, 0x73, 0x6C, 0x73, 0x2F, 0x8C, 0x33, 0xAD,
    0xF6, 0xBD, 0xB8, 0xD6, 0xD9, 0xDE, 0xFA, 0xE6, 0x3B, 0xEF, 0x5B, 0xEF, 0x5B, 0xEF, 0x5B, 0xEF,
    0x3B, 0xEF, 0x3B, 0xEF, 0x3B, 0xEF, 0x3B, 0xEF, 0x3A, 0xE7, 0x1A, 0xE7, 0x1A, 0xE7, 0x3A, 0xE7,
    0x1A, 0xE7, 0xFA, 0xE6, 0xFA, 0xDE, 0xF9, 0xDE, 0xF9, 0xDE, 0xF9, 0xDE, 0xD9, 0xDE, 0xD9, 0xDE,
    0xB9, 0xDE, 0xB9, 0xDE, 0xB9, 0xD6, 0xB9, 0xD6, 0xB9, 0xDE, 0xB9, 0xDE, 0xB9, 0xDE, 0xB9, 0xDE,
    0xFC, 0xDE, 0xFC, 0xDE, 0xFC, 0xDE, 0xFC, 0xDE, 0xFC, 0xDE, 0xFC, 0xDE, 0xFC, 0xDE, 0xFC, 0xDE,
    0xDC, 0xDE, 0xDC, 0xDE, 0xDC, 0xDE, 0xFC, 0xD6, 0xFC, 0xD6, 0xFC, 0xD6, 0xFC, 0xD6, 0xFC, 0xD6,
    0xFC, 0xD6, 0xDB, 0xD6, 0xDB, 0xD6, 0xDB, 0xD6, 0xDB, 0xD6, 0xFB, 0xD6, 0xFB, 0xD6, 0xFB, 0xD6,
    0xFB, 0xDE, 0xFB, 0xDE, 0xFB, 0xDE, 0xFB, 0xDE, 0x1B, 0xDF, 0x1B, 0xDF, 0xFB, 0xD6, 0xFB, 0xD6,
    0xFB, 0xD6, 0xFB, 0xD6, 0xFB, 0xD6, 0x1B, 0xDF, 0x1B, 0xDF, 0x1B, 0xDF, 0x1B, 0xDF, 0xFB, 0xDE,
    0xFB, 0xDE, 0xFB, 0xDE, 0xFB, 0xDE, 0xDB, 0xD6, 0xBA, 0xD6, 0xBA, 0xD6, 0x9A, 0xCE, 0x39, 0xC6,
    0xF7, 0xBD, 0x34, 0xA5, 0x71, 0x8C, 0x6C, 0x6B, 0xA9, 0x52, 0x89, 0x52, 0x28, 0x4A, 0x27, 0x42,
    0x07, 0x42, 0xE7, 0x39, 0xE6, 0x39, 0x06, 0x42, 0x07, 0x42, 0x07, 0x42, 0xE7, 0x41, 0xE7, 0x41,
    0xE7, 0x41, 0xE7, 0x41, 0xE7, 0x41, 0xE7, 0x39, 0xE6, 0x39, 0xC6, 0x39, 0xC6, 0x39, 0xA6, 0x39,
    0x85, 0x31, 0x65, 0x29, 0x65, 0x29, 0x65, 0x29, 0x65, 0x29, 0x45, 0x29, 0x44, 0x29, 0x44, 0x29,
    0x44, 0x29, 0x44, 0x29, 0x44, 0x29, 0x24, 0x29, 0x23, 0x29, 0x24, 0x21, 0x24, 0x21, 0x24, 0x21,
    0x03, 0x21, 0x03, 0x21, 0x03, 0x21, 0x03, 0x21, 0x03, 0x21, 0x03, 0x21, 0x03, 0x21, 0x23, 0x21,
    0x23, 0x21, 0x23, 0x21, 0x24, 0x29, 0x44, 0x29, 0x44, 0x29, 0x64, 0x29, 0x44, 0x29, 0x44, 0x29,
    0x64, 0x29, 0x65, 0x31, 0x65, 0x31, 0x65, 0x31, 0x65, 0x31, 0x65, 0x31, 0x65, 0x31, 0x85, 0x31,
    0xA6, 0x31, 0xC6, 0x39, 0x07, 0x42, 0x27, 0x42, 0x27, 0x42, 0x27, 0x42, 0x47, 0x4A, 0x68, 0x52,
    0xA9, 0x52, 0xA9, 0x5A, 0xCA, 0x5A, 0x0A, 0x63, 0x2B, 0x63, 0x4B, 0x6B, 0x4B, 0x6B, 0x4B, 0x6B,
    0x4B, 0x6B, 0x4B, 0x6B, 0x6C, 0x6B, 0x6C, 0x73, 0xAC, 0x73, 0xCD, 0x7B, 0x2F, 0x84, 0x70, 0x94,
    0x90, 0x94, 0xB1, 0x9C, 0xB1, 0x9C, 0xB1, 0x9C, 0xD1, 0x9C, 0xD1, 0x9C, 0xD2, 0x9C, 0xD2, 0x9C,
    0xF2, 0x9C, 0xF2, 0xA4, 0xD1, 0x9C, 0xD1, 0x9C, 0xB1, 0x9C, 0xB1, 0x9C, 0xB1, 0x9C, 0xB1, 0x9C,
    0xB1, 0x9C, 0xB1, 0x9C, 0xD1, 0x9C, 0xD1, 0x9C, 0xD1, 0x9C, 0xD1, 0x9C, 0xB1, 0x9C, 0xB1, 0x9C,
    0xB1, 0x9C, 0xB1, 0x9C, 0xB1, 0x9C, 0xB1, 0x9C, 0xB1, 0x9C, 0x91, 0x9C, 0x91, 0x9C, 0x90, 0x9C,
    0x70, 0x94, 0x70, 0x94, 0x70, 0x94, 0x6F, 0x94, 0x6F, 0x94, 0x6F, 0x94, 0x6F, 0x94, 0x6F, 0x94,
    0x4F, 0x94, 0x4F, 0x94, 0x4F, 0x94, 0x4F, 0x94, 0x4F, 0x94, 0x4F, 0x94, 0x4F, 0x94, 0x4F, 0x94,
    0x4F, 0x94, 0x4F, 0x94, 0x4F, 0x94, 0x4F, 0x94, 0x6F, 0x94, 0x6F, 0x94, 0x70, 0x94, 0x90, 0x94,
    0x90, 0x94, 0x90, 0x9C, 0x90, 0x9C, 0x90, 0x9C, 0x90, 0x94, 0x70, 0x94, 0x70, 0x94, 0x70, 0x94,
    0x90, 0x94, 0x90, 0x9C, 0x90, 0x9C, 0x91, 0x9C, 0x91, 0x9C, 0x90, 0x94, 0xB1, 0x9C, 0xB1, 0x9C,
    0xB1, 0x9C, 0x90, 0x94, 0x90, 0x94, 0x90, 0x94, 0x90, 0x94, 0x90, 0x94, 0x90, 0x94, 0x90, 0x94,
    0x90, 0x94, 0x90, 0x9C, 0xB1, 0x9C, 0xB1, 0x9C, 0xB1, 0x9C, 0xB1, 0x9C, 0xB1, 0x9C, 0xD1, 0x9C,
    0xD1, 0x9C, 0xB1, 0x9C, 0xB1, 0x9C, 0xB1, 0x9C, 0xB1, 0x9C, 0xB1, 0x9C, 0x90, 0x94, 0x90, 0x94,
    0x70, 0x94, 0x6F, 0x94, 0x6F, 0x94, 0x6F, 0x94, 0x6F, 0x94, 0x4F, 0x94, 0x4F, 0x94, 0x2F, 0x8C,
    0x2F, 0x8C, 0x2F, 0x8C, 0x2F, 0x8C, 0x2E, 0x84, 0x2F, 0x8C, 0x2F, 0x8C, 0x0E, 0x84, 0x0E, 0x84,
    0x0E, 0x84, 0x0E, 0x84, 0x0E, 0x84, 0x0E, 0x84, 0x0E, 0x84, 0xED, 0x7B, 0xED, 0x7B, 0xED, 0x7B,
    0xED, 0x7B, 0xED, 0x7B, 0xED, 0x7B, 0xED, 0x7B, 0xED, 0x7B, 0xED, 0x7B, 0xED, 0x7B, 0xCD, 0x7B,
    0xCD, 0x7B, 0xCD, 0x7B, 0xCD, 0x7B, 0xCD, 0x7B, 0xAD, 0x7B, 0xAD, 0x7B, 0xAD, 0x7B, 0xAD, 0x7B,
    0xAD, 0x7B, 0xAD, 0x73, 0xAD, 0x73, 0xAD, 0x73, 0xAC, 0x73, 0x8C, 0x73, 0x8C, 0x73, 0x8C, 0x73,
    0x8C, 0x73, 0x8C, 0x73, 0x8C, 0x73, 0x8C, 0x73, 0x6C, 0x73, 0x4B, 0x6B, 0xAD, 0x7B, 0x6F, 0x8C,
    0x33, 0xA5, 0xD5, 0xBD, 0x78, 0xD6, 0xB9, 0xDE, 0xFA, 0xE6, 0x3B, 0xEF, 0x3B, 0xEF, 0x3B, 0xEF,
    0x5B, 0xEF, 0x5B, 0xEF, 0x5B, 0xEF, 0x3B, 0xEF, 0x3A, 0xE7, 0x1A, 0xE7, 0x1A, 0xE7, 0x1A, 0xE7,
    0xFA, 0xE6, 0xFA, 0xDE, 0xFA, 0xDE, 0xF9, 0xDE, 0xF9, 0xDE, 0xF9, 0xDE, 0xD9, 0xDE, 0xD9, 0xDE,
    0xB9, 0xDE, 0xB9, 0xDE, 0xB9, 0xD6, 0xB9, 0xD6, 0xB9, 0xDE, 0xB9, 0xDE, 0xB9, 0xDE, 0xB9, 0xDE,
    0xFC, 0xDE, 0xFC, 0xDE, 0xFC, 0xDE, 0xFC, 0xDE, 0xFC, 0xDE, 0xFC, 0xDE, 0xFC, 0xDE, 0xFC, 0xDE,
    0xDC, 0xDE, 0xDC, 0xDE, 0xDC, 0xDE, 0xFC, 0xD6, 0xFC, 0xD6, 0xFC, 0xD6, 0xFC, 0xD6, 0xFC, 0xD6,
    0xFC, 0xD6, 0xDB, 0xD6, 0xDB, 0xD6, 0xDB, 0xD6, 0xDB, 0xD6, 0xFB, 0xD6, 0xFB, 0xD6, 0xFB, 0xD6,
    0xFB, 0xDE, 0xFB, 0xDE, 0xFB, 0xDE, 0xFB, 0xDE, 0x1B, 0xDF, 0x1B, 0xDF, 0xFB, 0xD6, 0xFB, 0xD6,
    0xFB, 0xD6, 0xFB, 0xD6, 0xFB, 0xD6, 0x1B, 0xDF, 0x1B, 0xDF, 0xFB, 0xD6, 0xFB, 0xD6, 0xFB, 0xDE,
    0xFB, 0xDE, 0xFB, 0xDE, 0xFB, 0xDE, 0xDB, 0xD6, 0xBA, 0xD6, 0x9A, 0xCE, 0x79, 0xCE, 0x18, 0xBE,
    0xD6, 0xB5, 0xF2, 0x9C, 0x2F, 0x84, 0x2B, 0x63, 0x68, 0x4A, 0x68, 0x4A, 0x28, 0x4A, 0x27, 0x42,
    0x07, 0x42, 0xE7, 0x41, 0x06, 0x42, 0x06, 0x42, 0x06, 0x42, 0x07, 0x42, 0x07, 0x42, 0x07, 0x42,
    0x07, 0x42, 0x07, 0x42, 0xE7, 0x41, 0xE7, 0x41, 0xE7, 0x41, 0xE6, 0x39, 0xC6, 0x39, 0xC6, 0x39,
    0xA6, 0x31, 0x65, 0x31, 0x65, 0x29, 0x65, 0x29, 0x65, 0x29, 0x45, 0x29, 0x44, 0x29, 0x44, 0x29,
    0x44, 0x29, 0x44, 0x29, 0x44, 0x29, 0x44, 0x29, 0x24, 0x29, 0x44, 0x29, 0x24, 0x29, 0x24, 0x21,
    0x03, 0x21, 0x03, 0x21, 0x03, 0x21, 0x03, 0x21, 0x24, 0x21, 0x24, 0x21, 0x23, 0x29, 0x24, 0x29,
    0x44, 0x29, 0x44, 0x29, 0x44, 0x29, 0x44, 0x29, 0x44, 0x29, 0x44, 0x29, 0x44, 0x29, 0x64, 0x29,
    0x64, 0x29, 0x85, 0x31, 0x85, 0x31, 0x85, 0x31, 0x85, 0x31, 0x85, 0x31, 0xA6, 0x31, 0xE7, 0x39,
    0x07, 0x42, 0x48, 0x4A, 0x89, 0x52, 0xA9, 0x52, 0xA9, 0x52, 0x89, 0x52, 0xA9, 0x5A, 0xE9, 0x5A,
    0xEA, 0x62, 0xEA, 0x62, 0x0A, 0x63, 0x2B, 0x6B, 0x4B, 0x6B, 0x6C, 0x73, 0x6C, 0x73, 0x6C, 0x73,
    0x6C, 0x73, 0xAD, 0x7B, 0xCE, 0x7B, 0x0E, 0x84, 0x0E, 0x84, 0x2F, 0x8C, 0x70, 0x94, 0x90, 0x94,
    0x90, 0x94, 0xB1, 0x94, 0xB1, 0x9C, 0xB1, 0x9C, 0xD1, 0x9C, 0xD1, 0x9C, 0xD2, 0x9C, 0xF2, 0x9C,
    0xF2, 0x9C, 0xD2, 0x9C, 0xD1, 0x9C, 0xD1, 0x9C, 0xB1, 0x9C, 0xB1, 0x9C, 0xB1, 0x9C, 0xB1, 0x9C,
    0xB1, 0x9C, 0xB1, 0x9C, 0xB1, 0x9C, 0xD1, 0x9C, 0xD1, 0x9C, 0xD1, 0x9C, 0xB1, 0x9C, 0xB1, 0x9C,
    0xB1, 0x9C, 0xB1, 0x9C, 0xB1, 0x9C, 0xB1, 0x9C, 0xB1, 0x9C, 0x91, 0x9C, 0x91, 0x9C, 0x90, 0x9C,
    0x70, 0x94, 0x70, 0x94, 0x70, 0x94, 0x6F, 0x94, 0x6F, 0x94, 0x4F, 0x94, 0x4F, 0x8C, 0x4F, 0x8C,
    0x2F, 0x8C, 0x2F, 0x8C, 0x2F, 0x8C, 0x2F, 0x8C, 0x4F, 0x8C, 0x4F, 0x94, 0x4F, 0x94, 0x4F, 0x94,
    0x4F, 0x94, 0x4F, 0x94, 0x4F, 0x94, 0x4F, 0x94, 0x4F, 0x94, 0x6F, 0x94, 0x6F, 0x94, 0x70, 0x94,
    0x90, 0x94, 0x90, 0x94, 0x70, 0x94, 0x90, 0x9C, 0x90, 0x94, 0x70, 0x94, 0x70, 0x94, 0x70, 0x94,
    0x70, 0x94, 0x70, 0x94, 0x70, 0x94, 0x90, 0x9C, 0x90, 0x9C, 0x90, 0x9C, 0x90, 0x9C, 0x90, 0x9C,
    0x90, 0x94, 0x70, 0x94, 0x70, 0x94, 0x90, 0x94, 0x90, 0x94, 0x90, 0x94, 0x90, 0x94, 0x90, 0x94,
    0x90, 0x94, 0x90, 0x94, 0x90, 0x94, 0xB1, 0x9C, 0xB1, 0x9C, 0xB1, 0x9C, 0xB1, 0x9C, 0xB1, 0x9C,
    0xB1, 0x9C, 0xB1, 0x9C, 0xB1, 0x9C, 0xB1, 0x9C, 0xB1, 0x9C, 0xB1, 0x9C, 0xB0, 0x94, 0xB0, 0x94,
    0xB0, 0x94, 0x90, 0x94, 0x90, 0x94, 0x70, 0x94, 0x4F, 0x8C, 0x4F, 0x8C, 0x4F, 0x94, 0x4F, 0x8C,
    0x2F, 0x8C, 0x2F, 0x8C, 0x2E, 0x8C, 0x2E, 0x84, 0x2E, 0x84, 0x0E, 0x84, 0x0E, 0x84, 0x0E, 0x84,
    0x0E, 0x84, 0x0E, 0x84, 0xEE, 0x83, 0xED, 0x7B, 0xCD, 0x7B, 0xCD, 0x7B, 0xCD, 0x7B, 0xCD, 0x7B,
    0xCD, 0x7B, 0xCD, 0x7B, 0xCD, 0x7B, 0xCD, 0x7B, 0xCD, 0x7B, 0xCD, 0x7B, 0xCD, 0x7B, 0xCD, 0x7B,
    0xAD, 0x7B, 0xAD, 0x7B, 0xAD, 0x7B, 0xAD, 0x7B, 0xAD, 0x7B, 0xAD, 0x7B, 0xAD, 0x7B, 0xAD, 0x7B,
    0xAD, 0x7B, 0xAD, 0x7B, 0xAD, 0x7B, 0xAD, 0x7B, 0xAC, 0x73, 0x8C, 0x73, 0x8C, 0x73, 0x8C, 0x73,
    0x8C, 0x73, 0x8C, 0x73, 0x8C, 0x73, 0x8C, 0x73, 0x8C, 0x73, 0xAD, 0x7B, 0xCD, 0x7B, 0x4F, 0x8C,
    0x12, 0xA5, 0xD5, 0xBD, 0x57, 0xCE, 0x98, 0xD6, 0xB9, 0xDE, 0x1A, 0xE7, 0x3A, 0xE7, 0x1A, 0xE7,
    0x3B, 0xEF, 0x3B, 0xEF, 0x5B, 0xEF, 0x3B, 0xEF, 0x3A, 0xE7, 0x1A, 0xE7, 0x1A, 0xE7, 0x1A, 0xE7,
    0xFA, 0xE6, 0xFA, 0xDE, 0xF9, 0xDE, 0xD9, 0xDE, 0xF9, 0xDE, 0xD9, 0xDE, 0xD9, 0xDE, 0xD9, 0xDE,
    0xB9, 0xDE, 0xB9, 0xDE, 0xB9, 0xD6, 0xB9, 0xD6, 0xB9, 0xDE, 0xB9, 0xDE, 0xB9, 0xDE, 0x98, 0xDE,
    0xFC, 0xDE, 0xFC, 0xDE, 0xFC, 0xDE, 0xFC, 0xDE, 0xFC, 0xDE, 0xFC, 0xDE, 0xFC, 0xDE, 0xFC, 0xDE,
    0xFC, 0xDE, 0xFC, 0xDE, 0xFC, 0xDE, 0xFC, 0xD6, 0xFC, 0xD6, 0xFC, 0xD6, 0xFC, 0xD6, 0xFC, 0xD6,
    0xFC, 0xD6, 0xFC, 0xD6, 0xFC, 0xD6, 0xFC, 0xD6, 0xFC, 0xD6, 0xFC, 0xD6, 0xFB, 0xD6, 0xFB, 0xD6,
    0xFB, 0xD6, 0xFB, 0xDE, 0xFB, 0xDE, 0x1B, 0xDF, 0x1B, 0xDF, 0x1B, 0xDF, 0xFB, 0xD6, 0xFB, 0xD6,
    0xFB, 0xD6, 0xFB, 0xD6, 0xFB, 0xD6, 0xFB, 0xD6, 0xFB, 0xD6, 0xFB, 0xD6, 0xFB, 0xD6, 0xFB, 0xD6,
    0xFB, 0xDE, 0xFB, 0xDE, 0xFB, 0xD6, 0xBB, 0xD6, 0x9A, 0xCE, 0x9A, 0xCE, 0x59, 0xC6, 0xF7, 0xBD,
    0x95, 0xAD, 0x13, 0x9D, 0x0F, 0x7C, 0x6C, 0x6B, 0x89, 0x52, 0x48, 0x4A, 0x28, 0x4A, 0x27, 0x42,
    0x07, 0x42, 0x07, 0x42, 0x07, 0x42, 0x07, 0x42, 0x07, 0x42, 0x07, 0x42, 0x07, 0x42, 0x07, 0x42,
    0x07, 0x42, 0x07, 0x42, 0x07, 0x42, 0x07, 0x42, 0x06, 0x42, 0xE6, 0x39, 0xC6, 0x39, 0xC6, 0x39,
    0xA5, 0x31, 0x85, 0x31, 0x65, 0x29, 0x65, 0x29, 0x65, 0x29, 0x65, 0x29, 0x65, 0x29, 0x65, 0x29,
    0x65, 0x29, 0x64, 0x29, 0x44, 0x29, 0x44, 0x29, 0x44, 0x29, 0x44, 0x29, 0x24, 0x21, 0x03, 0x21,
    0x03, 0x21, 0x03, 0x21, 0x03, 0x21, 0x03, 0x21, 0x24, 0x21, 0x24, 0x21, 0x23, 0x21, 0x24, 0x29,
    0x44, 0x29, 0x44, 0x29, 0x44, 0x29, 0x44, 0x29, 0x44, 0x29, 0x44, 0x29, 0x64, 0x29, 0x64, 0x31,
    0x64, 0x31, 0x85, 0x31, 0xA5, 0x31, 0xA5, 0x39, 0xC6, 0x39, 0xC6, 0x39, 0xE6, 0x39, 0x48, 0x4A,
    0x89, 0x52, 0x89, 0x52, 0xA9, 0x52, 0xC9, 0x5A, 0xCA, 0x5A, 0xC9, 0x5A, 0xEA, 0x62, 0x0A, 0x63,
    0x4B, 0x6B, 0x6C, 0x6B, 0x6C, 0x73, 0x8C, 0x73, 0xCD, 0x7B, 0xCD, 0x7B, 0xED, 0x7B, 0xED, 0x7B,
    0x0E, 0x84, 0x2F, 0x8C, 0x4F, 0x8C, 0x6F, 0x8C, 0x6F, 0x8C, 0x70, 0x8C, 0x90, 0x94, 0x90, 0x94,
    0xB1, 0x94, 0xB1, 0x9C, 0xB1, 0x9C, 0xB1, 0x9C, 0xB1, 0x9C, 0xB1, 0x9C, 0xD1, 0x9C, 0xF2, 0xA4,
    0xD2, 0x9C, 0xD1, 0x9C, 0xD1, 0x9C, 0xB1, 0x9C, 0xB1, 0x9C, 0xB1, 0x9C, 0xB1, 0x9C, 0xB1, 0x9C,
    0xB1, 0x9C, 0xB1, 0x9C, 0xB1, 0x9C, 0xD1, 0x9C, 0xD1, 0x9C, 0xB1, 0x9C, 0xB1, 0x9C, 0xB1, 0x9C,
    0xB1, 0x9C, 0xB1, 0x9C, 0xB1, 0x9C, 0xB1, 0x9C, 0xB1, 0x9C, 0x91, 0x9C, 0x91, 0x9C, 0x91, 0x9C,
    0x70, 0x94, 0x70, 0x94, 0x6F, 0x94, 0x4F, 0x94, 0x6F, 0x94, 0x4F, 0x94, 0x2F, 0x8C, 0x2E, 0x8C,
    0x2F, 0x8C, 0x2F, 0x8C, 0x2F, 0x8C, 0x2F, 0x8C, 0x2F, 0x94, 0x4F, 0x94, 0x4F, 0x94, 0x4F, 0x94,
    0x4F, 0x94, 0x4F, 0x94, 0x4F, 0x94, 0x4F, 0x94, 0x4F, 0x94, 0x4F, 0x94, 0x4F, 0x94, 0x6F, 0x94,
    0x70, 0x94, 0x70, 0x94, 0x70, 0x94, 0x90, 0x94, 0x90, 0x94, 0x70, 0x94, 0x70, 0x94, 0x70, 0x94,
    0x70, 0x94, 0x70, 0x94, 0x70, 0x94, 0x70, 0x94, 0x70, 0x94, 0x70, 0x94, 0x70, 0x9C, 0x70, 0x94,
    0x70, 0x94, 0x70, 0x94, 0x70, 0x94, 0x70, 0x94, 0x70, 0x94, 0x70, 0x94, 0x70, 0x94, 0x70, 0x94,
    0x90, 0x94, 0x90, 0x94, 0x90, 0x94, 0x90, 0x94, 0xB1, 0x9C, 0xB1, 0x9C, 0xB1, 0x9C, 0xB1, 0x9C,
    0xB1, 0x9C, 0xB1, 0x9C, 0xB1, 0x9C, 0xB1, 0x9C, 0xB1, 0x9C, 0xB1, 0x9C, 0xB0, 0x94, 0xB0, 0x94,
    0xB0, 0x94, 0x90, 0x94, 0x90, 0x94, 0x70, 0x94, 0x6F, 0x94, 0x4F, 0x8C, 0x4F, 0x94, 0x4F, 0x8C,
    0x2F, 0x8C, 0x2F, 0x8C, 0x2F, 0x8C, 0x2E, 0x84, 0x2E, 0x84, 0x0E, 0x84, 0x0E, 0x84, 0x0E, 0x84,
    0x0E, 0x84, 0xEE, 0x83, 0xCD, 0x7B, 0xCD, 0x7B, 0xCD, 0x7B, 0xCD, 0x7B, 0xCD, 0x7B, 0xCD, 0x7B,
    0xAD, 0x7B, 0xAD, 0x7B, 0xAD, 0x7B, 0xAC, 0x73, 0x8C, 0x73, 0x8C, 0x73, 0x8C, 0x73, 0x8C, 0x73,
    0x8C, 0x73, 0x8C, 0x73, 0x8C, 0x73, 0x8C, 0x73, 0x8C, 0x73, 0x8C, 0x73, 0x8C, 0x73, 0x8C, 0x73,
    0x8C, 0x73, 0xAC, 0x73, 0xAC, 0x73, 0xAC, 0x73, 0xAC, 0x73, 0xAD, 0x73, 0xAD, 0x7B, 0xAC, 0x73,
    0xAC, 0x73, 0xAD, 0x7B, 0xAD, 0x7B, 0xAD, 0x7B, 0xCD, 0x7B, 0xED, 0x7B, 0x0E, 0x84, 0x4F, 0x8C,
    0x32, 0xA5, 0xF5, 0xBD, 0x37, 0xCE, 0x78, 0xD6, 0xB9, 0xDE, 0xFA, 0xDE, 0x1A, 0xE7, 0x3B, 0xE7,
    0x3B, 0xEF, 0x3B, 0xEF, 0x3B, 0xE7, 0x3B, 0xE7, 0x3A, 0xE7, 0x3A, 0xE7, 0x3A, 0xE7, 0x1A, 0xE7,
    0xFA, 0xDE, 0xFA, 0xDE, 0xF9, 0xDE, 0xF9, 0xDE, 0xF9, 0xDE, 0xD9, 0xDE, 0xD9, 0xDE, 0xB9, 0xDE,
    0xB9, 0xDE, 0xB9, 0xDE, 0xB9, 0xDE, 0xB9, 0xD6, 0xB9, 0xDE, 0xB9, 0xDE, 0xB9, 0xDE, 0x98, 0xD6,
    0xFC, 0xDE, 0xFC, 0xDE, 0xFC, 0xDE, 0xFC, 0xDE, 0xFC, 0xDE, 0xFC, 0xDE, 0xFC, 0xDE, 0xFC, 0xDE,
    0xFC, 0xDE, 0xFC, 0xDE, 0xFC, 0xDE, 0xFC, 0xD6, 0xFC, 0xD6, 0xFC, 0xD6, 0xFC, 0xD6, 0xFC, 0xD6,
    0xFC, 0xD6, 0xFC, 0xD6, 0xFC, 0xD6, 0xFC, 0xD6, 0xFC, 0xD6, 0xFC, 0xD6, 0xFC, 0xD6, 0xFB, 0xD6,
    0xFB, 0xD6, 0xFB, 0xDE, 0xFB, 0xDE, 0x1B, 0xDF, 0x1B, 0xDF, 0x1B, 0xDF, 0x1B, 0xDF, 0xFB, 0xD6,
    0xFB, 0xD6, 0xFB, 0xD6, 0xFB, 0xD6, 0xFB, 0xD6, 0xFB, 0xD6, 0xFB, 0xD6, 0xFB, 0xD6, 0xFB, 0xD6,
    0xDB, 0xD6, 0xDB, 0xD6, 0xDB, 0xD6, 0xBB, 0xD6, 0x9A, 0xCE, 0xBA, 0xD6, 0x79, 0xCE, 0xF7, 0xBD,
    0x75, 0xAD, 0xD2, 0x94, 0xEE, 0x7B, 0x2C, 0x63, 0x68, 0x4A, 0x48, 0x42, 0x28, 0x4A, 0x27, 0x42,
    0x07, 0x42, 0x07, 0x42, 0x07, 0x42, 0x07, 0x42, 0x07, 0x42, 0x07, 0x42, 0x07, 0x42, 0x07, 0x42,
    0x07, 0x42, 0x07, 0x42, 0x07, 0x42, 0x07, 0x42, 0x06, 0x42, 0xE6, 0x39, 0xE6, 0x39, 0xC6, 0x39,
    0xA6, 0x39, 0x85, 0x31, 0x65, 0x29, 0x65, 0x29, 0x65, 0x29, 0x65, 0x29, 0x65, 0x29, 0x65, 0x29,
    0x65, 0x29, 0x64, 0x29, 0x64, 0x29, 0x64, 0x29, 0x64, 0x29, 0x44, 0x29, 0x24, 0x29, 0x03, 0x21,
    0x03, 0x21, 0x24, 0x21, 0x24, 0x21, 0x24, 0x21, 0x24, 0x21, 0x24, 0x21, 0x23, 0x21, 0x24, 0x29,
    0x44, 0x29, 0x44, 0x29, 0x44, 0x29, 0x64, 0x29, 0x64, 0x29, 0x64, 0x29, 0x85, 0x31, 0x85, 0x31,
    0x85, 0x31, 0xA5, 0x31, 0xA5, 0x39, 0xC6, 0x39, 0xC6, 0x39, 0xC6, 0x39, 0xE7, 0x41, 0x48, 0x4A,
    0x68, 0x52, 0x89, 0x52, 0xA9, 0x52, 0xC9, 0x5A, 0xCA, 0x5A, 0xEA, 0x62, 0x0A, 0x63, 0x2B, 0x6B,
    0x4B, 0x6B, 0x8C, 0x73, 0xAD, 0x7B, 0xED, 0x7B, 0x0E, 0x84, 0x0F, 0x84, 0x2F, 0x84, 0x2F, 0x84,
    0x70, 0x94, 0x90, 0x94, 0x90, 0x94, 0x90, 0x94, 0x90, 0x94, 0x90, 0x94, 0x90, 0x94, 0x90, 0x94,
    0xB1, 0x9C, 0xB1, 0x94, 0xB1, 0x9C, 0xB1, 0x9C, 0xB1, 0x9C, 0xB1, 0x9C, 0xB1, 0x9C, 0xD2, 0x9C,
    0xD1, 0x9C, 0xB1, 0x9C, 0xB1, 0x9C, 0xB1, 0x9C, 0xB1, 0x9C, 0xB1, 0x9C, 0xB1, 0x9C, 0xB1, 0x9C,
    0xB1, 0x9C, 0xB1, 0x9C, 0xB1, 0x9C, 0xB1, 0x9C, 0xB1, 0x9C, 0xB1, 0x9C, 0xB1, 0x9C, 0xB1, 0x9C,
    0xB1, 0x9C, 0xB1, 0x9C, 0xB1, 0x9C, 0xB1, 0x9C, 0xB1, 0x9C, 0x91, 0x9C, 0x91, 0x9C, 0x90, 0x9C,
    0x70, 0x94, 0x70, 0x94, 0x4F, 0x94, 0x4F, 0x8C, 0x4F, 0x8C, 0x2E, 0x8C, 0x2E, 0x8C, 0x2E, 0x8C,
    0x2E, 0x8C, 0x2E, 0x8C, 0x2E, 0x8C, 0x0E, 0x8C, 0x2E, 0x8C, 0x4F, 0x8C, 0x4F, 0x8C, 0x4F, 0x8C,
    0x4F, 0x94, 0x4F, 0x94, 0x4F, 0x94, 0x4F, 0x94, 0x4F, 0x94, 0x4F, 0x94, 0x4F, 0x94, 0x4F, 0x94,
    0x4F, 0x94, 0x4F, 0x94, 0x6F, 0x94, 0x70, 0x94, 0x70, 0x94, 0x6F, 0x94, 0x6F, 0x94, 0x70, 0x94,
    0x70, 0x94, 0x70, 0x94, 0x70, 0x94, 0x70, 0x94, 0x70, 0x94, 0x70, 0x94, 0x70, 0x94, 0x70, 0x94,
    0x50, 0x94, 0x70, 0x94, 0x70, 0x94, 0x70, 0x94, 0x70, 0x94, 0x70, 0x94, 0x70, 0x94, 0x70, 0x94,
    0x70, 0x94, 0x70, 0x94, 0x70, 0x94, 0x70, 0x94, 0x90, 0x94, 0xB1, 0x9C, 0xB1, 0x9C, 0xB1, 0x9C,
    0xB1, 0x9C, 0xB1, 0x9C, 0xB1, 0x9C, 0xB1, 0x9C, 0xB1, 0x9C, 0xB1, 0x9C, 0xB1, 0x9C, 0xB0, 0x94,
    0xB0, 0x94, 0x90, 0x94, 0x90, 0x94, 0x70, 0x94, 0x6F, 0x94, 0x4F, 0x94, 0x4F, 0x94, 0x4F, 0x8C,
    0x2F, 0x8C, 0x2F, 0x8C, 0x0E, 0x84, 0x2F, 0x8C, 0x2F, 0x8C, 0x0E, 0x84, 0x0E, 0x84, 0x0E, 0x84,
    0xEE, 0x83, 0xCD, 0x7B, 0xCD, 0x7B, 0xCD, 0x7B, 0xCD, 0x7B, 0xCD, 0x7B, 0xAD, 0x7B, 0xAD, 0x7B,
    0xAD, 0x7B, 0xAD, 0x7B, 0xAC, 0x73, 0xAC, 0x73, 0x8C, 0x73, 0x8C, 0x73, 0x8C, 0x73, 0x6C, 0x73,
    0x6B, 0x6B, 0x6B, 0x6B, 0x6C, 0x6B, 0x6C, 0x6B, 0x6C, 0x6B, 0x6C, 0x73, 0x8C, 0x73, 0x8C, 0x73,
    0x8C, 0x73, 0xAC, 0x73, 0xAC, 0x73, 0xAC, 0x73, 0xAC, 0x73, 0xAC, 0x73, 0xAD, 0x7B, 0xAD, 0x73,
    0xAD, 0x7B, 0xAD, 0x7B, 0xAD, 0x7B, 0xAD, 0x7B, 0xAD, 0x7B, 0xCD, 0x7B, 0xEE, 0x83, 0x2F, 0x84,
    0xD1, 0x9C, 0x94, 0xB5, 0x16, 0xC6, 0x57, 0xCE, 0x98, 0xD6, 0xD9, 0xDE, 0xFA, 0xDE, 0x1A, 0xE7,
    0x3B, 0xEF, 0x3B, 0xEF, 0x3B, 0xE7, 0x3B, 0xE7, 0x3A, 0xE7, 0x3A, 0xE7, 0x3B, 0xE7, 0x1A, 0xE7,
    0xFA, 0xDE, 0xF9, 0xDE, 0xF9, 0xDE, 0xF9, 0xDE, 0xF9, 0xDE, 0xD9, 0xDE, 0xB9, 0xDE, 0xB9, 0xDE,
    0xB9, 0xDE, 0xB9, 0xDE, 0xB9, 0xDE, 0xB9, 0xD6, 0xB9, 0xDE, 0x98, 0xDE, 0x98, 0xDE, 0x98, 0xD6,
    0x1D, 0xDF, 0x1D, 0xDF, 0xFC, 0xDE, 0xFC, 0xDE, 0xFC, 0xDE, 0xFC, 0xDE, 0xFC, 0xDE, 0xFC, 0xDE,
    0xFC, 0xDE, 0xFC, 0xDE, 0xFC, 0xDE, 0xFC, 0xD6, 0xFC, 0xD6, 0xFC, 0xD6, 0xFC, 0xD6, 0xFC, 0xD6,
    0xFC, 0xD6, 0xFC, 0xD6, 0xFC, 0xD6, 0xFC, 0xD6, 0xFC, 0xD6, 0xFC, 0xD6, 0xFC, 0xD6, 0xFB, 0xD6,
    0xFB, 0xD6, 0xFB, 0xDE, 0xFB, 0xDE, 0x1B, 0xDF, 0x1B, 0xDF, 0x1B, 0xDF, 0x1B, 0xDF, 0xFB, 0xDE,
    0xFB, 0xD6, 0xFB, 0xD6, 0xFB, 0xD6, 0xFB, 0xD6, 0xFB, 0xD6, 0xFB, 0xD6, 0xFB, 0xD6, 0xFB, 0xD6,
    0xDB, 0xD6, 0xDB, 0xD6, 0xDB, 0xD6, 0xBA, 0xD6, 0x9A, 0xCE, 0x9A, 0xCE, 0x59, 0xC6, 0xF7, 0xBD,
    0x75, 0xAD, 0xB1, 0x94, 0xCD, 0x73, 0x0B, 0x63, 0x68, 0x4A, 0x07, 0x42, 0x48, 0x4A, 0x27, 0x42,
    0x07, 0x42, 0x07, 0x42, 0x07, 0x42, 0x07, 0x42, 0x06, 0x42, 0x06, 0x42, 0x07, 0x42, 0x07, 0x42,
    0x07, 0x42, 0x07, 0x42, 0x07, 0x42, 0x07, 0x42, 0x06, 0x42, 0xE6, 0x41, 0xE6, 0x39, 0xC6, 0x39,
    0xA6, 0x39, 0xA5, 0x31, 0x65, 0x31, 0x65, 0x31, 0x65, 0x31, 0x65, 0x29, 0x65, 0x29, 0x65, 0x29,
    0x65, 0x29, 0x64, 0x29, 0x64, 0x29, 0x64, 0x29, 0x64, 0x29, 0x44, 0x29, 0x24, 0x29, 0x24, 0x21,
    0x24, 0x21, 0x24, 0x21, 0x24, 0x21, 0x24, 0x21, 0x24, 0x21, 0x24, 0x21, 0x24, 0x21, 0x24, 0x29,
    0x44, 0x29, 0x44, 0x29, 0x44, 0x29, 0x64, 0x29, 0x85, 0x31, 0x85, 0x31, 0xA5, 0x31, 0xA5, 0x31,
    0xA5, 0x31, 0xC6, 0x39, 0xE6, 0x39, 0xE6, 0x39, 0x07, 0x42, 0x07, 0x42, 0x27, 0x42, 0x48, 0x4A,
    0x68, 0x52, 0x89, 0x52, 0xA9, 0x52, 0xC9, 0x5A, 0xEA, 0x5A, 0x0A, 0x63, 0x2B, 0x6B, 0x4B, 0x6B,
    0x8C, 0x73, 0xAD, 0x73, 0xEE, 0x83, 0x2F, 0x84, 0x2F, 0x8C, 0x4F, 0x8C, 0x4F, 0x8C, 0x6F, 0x8C,
    0xB1, 0x94, 0x91, 0x94, 0x90, 0x94, 0x90, 0x94, 0x90, 0x94, 0x90, 0x94, 0x90, 0x94, 0xB1, 0x9C,
    0xB1, 0x9C, 0xB1, 0x94, 0xB1, 0x9C, 0xB1, 0x9C, 0xB1, 0x9C, 0xB1, 0x9C, 0xB1, 0x9C, 0xD1, 0x9C,
    0xB1, 0x9C, 0xB1, 0x9C, 0xB1, 0x9C, 0xB1, 0x9C, 0xB1, 0x9C, 0xB1, 0x9C, 0xB1, 0x9C, 0xB1, 0x9C,
    0xB1, 0x9C, 0xB1, 0x9C, 0xB1, 0x9C, 0xB1, 0x9C, 0xB1, 0x9C, 0xB1, 0x9C, 0xB1, 0x9C, 0xB1, 0x9C,
    0xB1, 0x9C, 0xB1, 0x9C, 0xB1, 0x9C, 0xB1, 0x9C, 0xB1, 0x9C, 0x90, 0x9C, 0x90, 0x9C, 0x90, 0x9C,
    0x70, 0x94, 0x70, 0x94, 0x4F, 0x94, 0x2F, 0x8C, 0x2F, 0x8C, 0x2E, 0x8C, 0x0E, 0x8C, 0x0E, 0x8C,
    0x0E, 0x8C, 0x0E, 0x8C, 0x2E, 0x8C, 0x0E, 0x8C, 0x0E, 0x8C, 0x2E, 0x8C, 0x2F, 0x8C, 0x2F, 0x8C,
    0x2F, 0x8C, 0x2F, 0x8C, 0x4F, 0x8C, 0x4F, 0x94, 0x4F, 0x94, 0x4F, 0x94, 0x4F, 0x94, 0x4F, 0x94,
    0x4F, 0x94, 0x4F, 0x94, 0x4F, 0x94, 0x6F, 0x94, 0x6F, 0x94, 0x6F, 0x94, 0x6F, 0x94, 0x70, 0x94,
    0x70, 0x94, 0x70, 0x94, 0x70, 0x94, 0x70, 0x94, 0x70, 0x94, 0x70, 0x94, 0x70, 0x94, 0x70, 0x94,
    0x70, 0x94, 0x70, 0x94, 0x70, 0x94, 0x70, 0x94, 0x70, 0x94, 0x70, 0x94, 0x70, 0x94, 0x70, 0x94,
    0x70, 0x94, 0x70, 0x94, 0x70, 0x94, 0x70, 0x94, 0x70, 0x94, 0x90, 0x94, 0xB1, 0x94, 0xB1, 0x9C,
    0xB1, 0x9C, 0xB1, 0x9C, 0xB1, 0x9C, 0xB1, 0x9C, 0xB1, 0x9C, 0xB1, 0x9C, 0xB1, 0x9C, 0xB0, 0x94,
    0xB0, 0x94, 0x90, 0x94, 0x90, 0x94, 0x90, 0x94, 0x70, 0x94, 0x6F, 0x94, 0x4F, 0x94, 0x4F, 0x8C,
    0x2F, 0x8C, 0x2F, 0x8C, 0x2F, 0x8C, 0x2F, 0x8C, 0x2F, 0x8C, 0x0E, 0x84, 0x0E, 0x84, 0x0E, 0x84,
    0xEE, 0x83, 0xCD, 0x7B, 0xCD, 0x7B, 0xCD, 0x7B, 0xCD, 0x7B, 0xAD, 0x7B, 0xAD, 0x7B, 0xAD, 0x7B,
    0xAD, 0x7B, 0xAD, 0x7B, 0xAC, 0x73, 0xAC, 0x73, 0x8C, 0x73, 0x8C, 0x73, 0x8C, 0x73, 0x6C, 0x73,
    0x6C, 0x73, 0x6C, 0x6B, 0x6C, 0x73, 0x6C, 0x73, 0x6C, 0x73, 0x6C, 0x73, 0x8C, 0x73, 0x8C, 0x73,
    0x8C, 0x73, 0xAC, 0x73, 0xAC, 0x73, 0xAC, 0x73, 0xAD, 0x73, 0xAD, 0x7B, 0xAD, 0x7B, 0xAD, 0x7B,
    0xAD, 0x7B, 0xAD, 0x7B, 0xAD, 0x7B, 0xAD, 0x7B, 0xAD, 0x7B, 0xCD, 0x7B, 0xEE, 0x83, 0x0E, 0x84,
    0x90, 0x94, 0x53, 0xAD, 0xD5, 0xBD, 0x57, 0xCE, 0x98, 0xD6, 0xB9, 0xDE, 0xD9, 0xDE, 0xFA, 0xE6,
    0x3B, 0xE7, 0x3B, 0xE7, 0x3B, 0xE7, 0x3B, 0xE7, 0x3A, 0xE7, 0x3A, 0xE7, 0x3B, 0xE7, 0x1A, 0xE7,
    0xFA, 0xDE, 0xF9, 0xDE, 0xF9, 0xDE, 0xF9, 0xDE, 0xF9, 0xDE, 0xD9, 0xDE, 0xB9, 0xDE, 0xB9, 0xDE,
    0xB9, 0xDE, 0xB9, 0xDE, 0xB9, 0xDE, 0xB9, 0xD6, 0x98, 0xDE, 0x98, 0xDE, 0x98, 0xDE, 0x98, 0xD6,
    0x1D, 0xDF, 0x1D, 0xDF, 0xFD, 0xDE, 0xFC, 0xDE, 0xFC, 0xDE, 0xFC, 0xDE, 0xFC, 0xDE, 0xFC, 0xDE,
    0xFC, 0xDE, 0xFC, 0xDE, 0xFC, 0xDE, 0xFC, 0xDE, 0xFC, 0xDE, 0xFC, 0xDE, 0xFC, 0xDE, 0xFC, 0xDE,
    0xFC, 0xDE, 0xFC, 0xDE, 0xFC, 0xDE, 0xFC, 0xDE, 0xFC, 0xDE, 0xFC, 0xDE, 0xFC, 0xDE, 0xFC, 0xDE,
    0xFB, 0xDE, 0xFB, 0xDE, 0x1B, 0xDF, 0x1B, 0xDF, 0x1B, 0xDF, 0x1B, 0xDF, 0x1B, 0xDF, 0x1B, 0xDF,
    0xFB, 0xD6, 0xFB, 0xD6, 0xDB, 0xD6, 0xDB, 0xD6, 0xDB, 0xD6, 0xDB, 0xD6, 0xDB, 0xD6, 0xDB, 0xD6,
    0xBB, 0xD6, 0xBA, 0xD6, 0xBA, 0xD6, 0x9A, 0xD6, 0x7A, 0xCE, 0x59, 0xCE, 0x18, 0xC6, 0x96, 0xB5,
    0x55, 0xAD, 0xB1, 0x94, 0x8D, 0x73, 0xEA, 0x5A, 0x68, 0x4A, 0x07, 0x42, 0x28, 0x4A, 0x27, 0x4A,
    0x07, 0x42, 0xE6, 0x41, 0xE6, 0x41, 0xE6, 0x41, 0x06, 0x42, 0x06, 0x42, 0x06, 0x42, 0x07, 0x42,
    0x07, 0x42, 0x07, 0x42, 0x07, 0x42, 0x07, 0x42, 0xE6, 0x41, 0xE6, 0x41, 0xE6, 0x41, 0xA6, 0x39,
    0xA6, 0x39, 0xA6, 0x39, 0xA5, 0x31, 0xA5, 0x31, 0x85, 0x31, 0x65, 0x29, 0x64, 0x29, 0x64, 0x29,
    0x64, 0x29, 0x64, 0x29, 0x64, 0x29, 0x64, 0x29, 0x64, 0x29, 0x44, 0x29, 0x44, 0x29, 0x24, 0x21,
    0x24, 0x21, 0x24, 0x21, 0x24, 0x21, 0x24, 0x21, 0x24, 0x21, 0x24, 0x21, 0x24, 0x29, 0x24, 0x29,
    0x24, 0x29, 0x44, 0x29, 0x64, 0x29, 0x64, 0x29, 0x64, 0x29, 0x85, 0x31, 0xA5, 0x31, 0xA5, 0x31,
    0xA5, 0x31, 0xC6, 0x39, 0xE6, 0x39, 0x07, 0x42, 0x47, 0x4A, 0x48, 0x4A, 0x48, 0x4A, 0x48, 0x4A,
    0x88, 0x52, 0x89, 0x52, 0xA9, 0x5A, 0xCA, 0x5A, 0x0A, 0x63, 0x2B, 0x6B, 0x4B, 0x6B, 0x8C, 0x73,
    0xAD, 0x7B, 0xEE, 0x7B, 0x4F, 0x8C, 0x70, 0x8C, 0x6F, 0x8C, 0x70, 0x94, 0x90, 0x94, 0x90, 0x94,
    0x91, 0x94, 0x91, 0x94, 0x91, 0x94, 0x90, 0x94, 0x90, 0x94, 0x90, 0x94, 0x90, 0x9C, 0xB1, 0x9C,
    0xB1, 0x9C, 0xB1, 0x9C, 0xB1, 0x9C, 0xB1, 0x9C, 0xB1, 0x9C, 0xB1, 0x9C, 0xB1, 0x9C, 0xB1, 0x9C,
    0xB1, 0x9C, 0xB1, 0x9C, 0xB1, 0x9C, 0xB1, 0x9C, 0xB1, 0x9C, 0xB1, 0x9C, 0xB1, 0x9C, 0xB1, 0x9C,
    0xB1, 0x9C, 0xB1, 0x9C, 0xB1, 0x9C, 0xB1, 0x9C, 0xB1, 0x9C, 0xB1, 0x9C, 0xB1, 0x9C, 0xB1, 0x9C,
    0xB1, 0x9C, 0xB1, 0x9C, 0xB1, 0x9C, 0xB1, 0x9C, 0xB1, 0x9C, 0x90, 0x9C, 0x90, 0x9C, 0x90, 0x94,
    0x70, 0x94, 0x6F, 0x94, 0x4F, 0x94, 0x4F, 0x8C, 0x4F, 0x8C, 0x2F, 0x8C, 0x0E, 0x8C, 0x0E, 0x8C,
    0x0E, 0x8C, 0x0E, 0x8C, 0x0E, 0x8C, 0x0E, 0x8C, 0xEE, 0x83, 0x0E, 0x8C, 0x2E, 0x8C, 0x2E, 0x8C,
    0x2E, 0x8C, 0x2E, 0x8C, 0x2E, 0x8C, 0x2E, 0x8C, 0x2F, 0x8C, 0x2F, 0x8C, 0x2F, 0x8C, 0x4F, 0x94,
    0x4F, 0x94, 0x4F, 0x94, 0x4F, 0x94, 0x4F, 0x94, 0x4F, 0x94, 0x4F, 0x94, 0x70, 0x94, 0x6F, 0x94,
    0x6F, 0x94, 0x6F, 0x94, 0x6F, 0x94, 0x6F, 0x94, 0x6F, 0x94, 0x6F, 0x94, 0x70, 0x94, 0x70, 0x94,
    0x70, 0x94, 0x70, 0x94, 0x70, 0x94, 0x70, 0x94, 0x70, 0x94, 0x70, 0x94, 0x70, 0x94, 0x70, 0x94,
    0x70, 0x94, 0x70, 0x94, 0x70, 0x94, 0x70, 0x94, 0x70, 0x94, 0x70, 0x94, 0x90, 0x94, 0xB1, 0x9C,
    0xB1, 0x9C, 0xB1, 0x9C, 0xB1, 0x9C, 0xB1, 0x9C, 0xB1, 0x9C, 0xB1, 0x9C, 0xB1, 0x9C, 0xB1, 0x9C,
    0xB1, 0x9C, 0x90, 0x94, 0x90, 0x94, 0x90, 0x94, 0x90, 0x94, 0x70, 0x94, 0x70, 0x94, 0x4F, 0x8C,
    0x2F, 0x8C, 0x2F, 0x8C, 0x2F, 0x8C, 0x2F, 0x8C, 0x2F, 0x8C, 0x2E, 0x8C, 0x0E, 0x84, 0x0E, 0x84,
    0xEE, 0x83, 0xED, 0x7B, 0xCD, 0x7B, 0xCD, 0x7B, 0xCD, 0x7B, 0xCD, 0x7B, 0xAD, 0x7B, 0xAD, 0x7B,
    0xAD, 0x7B, 0xAD, 0x7B, 0x8C, 0x73, 0x8C, 0x73, 0x8C, 0x73, 0x8C, 0x73, 0x8C, 0x73, 0x6C, 0x73,
    0x6C, 0x73, 0x6C, 0x73, 0x8C, 0x73, 0x8C, 0x73, 0x6C, 0x73, 0x8C, 0x73, 0x8C, 0x73, 0x8C, 0x73,
    0x8C, 0x73, 0x8C, 0x73, 0x8C, 0x73, 0xAC, 0x73, 0xAD, 0x7B, 0xAD, 0x7B, 0xAD, 0x7B, 0xAD, 0x7B,
    0xAD, 0x7B, 0xAD, 0x7B, 0xAD, 0x7B, 0xAD, 0x7B, 0xAD, 0x7B, 0xAD, 0x7B, 0xEE, 0x83, 0xEE, 0x83,
    0x4F, 0x8C, 0xD1, 0x9C, 0x74, 0xB5, 0x16, 0xC6, 0x78, 0xD6, 0xF9, 0xDE, 0x1A, 0xE7, 0x3B, 0xE7,
    0x3B, 0xE7, 0x3B, 0xE7, 0x3A, 0xE7, 0x3A, 0xE7, 0x3A, 0xE7, 0x3A, 0xE7, 0x1A, 0xE7, 0xFA, 0xE6,
    0xF9, 0xDE, 0xF9, 0xDE, 0xF9, 0xDE, 0xF9, 0xDE, 0xF9, 0xDE, 0xD9, 0xDE, 0xD9, 0xDE, 0xD9, 0xDE,
    0xB9, 0xDE, 0xB9, 0xDE, 0xB9, 0xDE, 0x98, 0xDE, 0x98, 0xD6, 0x98, 0xD6, 0x98, 0xD6, 0x98, 0xD6,
    0x1D, 0xDF, 0x1D, 0xDF, 0x1D, 0xDF, 0xFD, 0xDE, 0xFD, 0xDE, 0xFC, 0xDE, 0xFC, 0xDE, 0xFC, 0xDE,
    0xFC, 0xDE, 0xFC, 0xDE, 0xFC, 0xDE, 0xFC, 0xDE, 0xFC, 0xDE, 0xFC, 0xDE, 0xFC, 0xDE, 0xFC, 0xDE,
    0xFC, 0xDE, 0xFC, 0xDE, 0xFC, 0xDE, 0xFC, 0xDE, 0xFC, 0xDE, 0xFC, 0xDE, 0xFC, 0xDE, 0xFC, 0xDE,
    0x1C, 0xDF, 0x1C, 0xDF, 0x1C, 0xDF, 0x1C, 0xDF, 0x1B, 0xDF, 0x1B, 0xDF, 0x1B, 0xDF, 0x1B, 0xDF,
    0xFB, 0xD6, 0xDB, 0xD6, 0xDA, 0xD6, 0xDA, 0xD6, 0xDA, 0xD6, 0xBA, 0xD6, 0xBA, 0xD6, 0xBA, 0xD6,
    0x9A, 0xCE, 0x9A, 0xCE, 0x9A, 0xCE, 0x79, 0xCE, 0x59, 0xC6, 0x38, 0xC6, 0xD7, 0xB5, 0x75, 0xAD,
    0x34, 0xA5, 0x91, 0x94, 0x6C, 0x6B, 0xCA, 0x5A, 0x68, 0x4A, 0x28, 0x42, 0x27, 0x4A, 0x07, 0x42,
    0x07, 0x42, 0xE6, 0x41, 0xE6, 0x41, 0xE6, 0x41, 0x06, 0x42, 0x06, 0x42, 0xE6, 0x41, 0xE6, 0x41,
    0xE6, 0x41, 0x07, 0x42, 0x07, 0x42, 0x07, 0x42, 0xE6, 0x41, 0xE6, 0x41, 0xE6, 0x41, 0xC6, 0x39,
    0xC6, 0x39, 0xC6, 0x39, 0xC6, 0x39, 0xA6, 0x39, 0xA6, 0x31, 0x85, 0x31, 0x65, 0x31, 0x64, 0x29,
    0x65, 0x29, 0x64, 0x29, 0x64, 0x29, 0x64, 0x29, 0x44, 0x29, 0x24, 0x29, 0x24, 0x29, 0x24, 0x29,
    0x24, 0x21, 0x24, 0x21, 0x24, 0x21, 0x24, 0x29, 0x24, 0x29, 0x24, 0x29, 0x24, 0x29, 0x24, 0x29,
    0x24, 0x29, 0x44, 0x29, 0x64, 0x29, 0x85, 0x31, 0xA5, 0x31, 0xC6, 0x39, 0x07, 0x42, 0x07, 0x42,
    0x07, 0x42, 0x27, 0x4A, 0x48, 0x4A, 0x68, 0x4A, 0x48, 0x4A, 0x68, 0x4A, 0x68, 0x4A, 0x68, 0x52,
    0x89, 0x52, 0xA9, 0x52, 0xA9, 0x5A, 0xEA, 0x62, 0x2B, 0x63, 0x4B, 0x6B, 0x6C, 0x73, 0xAD, 0x73,
    0xEE, 0x7B, 0x0E, 0x84, 0x70, 0x94, 0x90, 0x94, 0x90, 0x94, 0x90, 0x94, 0x90, 0x94, 0x90, 0x94,
    0x91, 0x94, 0x91, 0x94, 0x91, 0x94, 0x90, 0x94, 0x90, 0x94, 0x90, 0x94, 0xB1, 0x9C, 0xB1, 0x9C,
    0xB1, 0x9C, 0x90, 0x9C, 0xB1, 0x9C, 0xB1, 0x9C, 0xB1, 0x9C, 0xB1, 0x9C, 0xB1, 0x9C, 0xB1, 0x9C,
    0xB1, 0x9C, 0xB1, 0x9C, 0xB1, 0x9C, 0xB1, 0x9C, 0xB1, 0x9C, 0xB1, 0x9C, 0xB1, 0x9C, 0xB1, 0x9C,
    0xB1, 0x9C, 0xB1, 0x9C, 0xB1, 0x9C, 0xB1, 0x9C, 0xB1, 0x9C, 0xB1, 0x9C, 0xB1, 0x9C, 0xB1, 0x9C,
    0xB1, 0x9C, 0xB1, 0x9C, 0xB1, 0x9C, 0xB1, 0x9C, 0xB1, 0x9C, 0x90, 0x9C, 0x70, 0x94, 0x70, 0x94,
    0x70, 0x94, 0x4F, 0x94, 0x4F, 0x94, 0x4F, 0x8C, 0x4F, 0x8C, 0x2F, 0x8C, 0x0E, 0x8C, 0x0E, 0x8C,
    0x0E, 0x8C, 0x0E, 0x8C, 0xEE, 0x8B, 0xEE, 0x8B, 0xEE, 0x8B, 0xEE, 0x8B, 0x0E, 0x8C, 0x2E, 0x8C,
    0x2E, 0x8C, 0x2E, 0x8C, 0x2E, 0x8C, 0x2E, 0x8C, 0x2F, 0x8C, 0x2F, 0x8C, 0x2F, 0x8C, 0x2F, 0x8C,
    0x2F, 0x94, 0x2F, 0x94, 0x2F, 0x94, 0x4F, 0x94, 0x4F, 0x94, 0x4F, 0x94, 0x4F, 0x94, 0x4F, 0x94,
    0x4F, 0x94, 0x6F, 0x94, 0x6F, 0x94, 0x6F, 0x94, 0x6F, 0x94, 0x6F, 0x94, 0x70, 0x94, 0x70, 0x94,
    0x70, 0x94, 0x70, 0x94, 0x70, 0x94, 0x70, 0x94, 0x70, 0x94, 0x70, 0x94, 0x70, 0x94, 0x70, 0x94,
    0x70, 0x94, 0x70, 0x94, 0x70, 0x94, 0x70, 0x94, 0x70, 0x94, 0x70, 0x94, 0x70, 0x94, 0x90, 0x94,
    0xB1, 0x94, 0xB1, 0x9C, 0xB1, 0x9C, 0xB1, 0x9C, 0xB1, 0x9C, 0xB1, 0x9C, 0xB1, 0x9C, 0xB1, 0x9C,
    0xB1, 0x94, 0xB0, 0x94, 0x90, 0x94, 0x90, 0x94, 0x90, 0x94, 0x90, 0x94, 0x90, 0x94, 0x70, 0x94,
    0x4F, 0x8C, 0x4F, 0x8C, 0x4F, 0x8C, 0x4F, 0x8C, 0x2F, 0x8C, 0x2F, 0x84, 0x0E, 0x84, 0x0E, 0x84,
    0x0E, 0x84, 0xEE, 0x83, 0xED, 0x7B, 0xCD, 0x7B, 0xCD, 0x7B, 0xCD, 0x7B, 0xAD, 0x7B, 0xAD, 0x7B,
    0xAD, 0x7B, 0x8C, 0x73, 0x8C, 0x73, 0x8C, 0x73, 0x8C, 0x73, 0x8C, 0x73, 0x8C, 0x73, 0x8C, 0x73,
    0x6C, 0x73, 0x8C, 0x73, 0x8C, 0x73, 0x8C, 0x73, 0x6C, 0x73, 0x8C, 0x73, 0x8C, 0x73, 0x8C, 0x73,
    0x8C, 0x73, 0x8C, 0x73, 0x8C, 0x73, 0x8C, 0x73, 0x8C, 0x73, 0x8C, 0x73, 0x8C, 0x73, 0x8C, 0x73,
    0xAC, 0x73, 0xAC, 0x73, 0xAD, 0x7B, 0xAD, 0x7B, 0xAD, 0x7B, 0xAD, 0x7B, 0xCD, 0x7B, 0xED, 0x83,
    0x2F, 0x8C, 0xD1, 0x9C, 0x73, 0xAD, 0xF6, 0xBD, 0x57, 0xCE, 0xB9, 0xDE, 0xFA, 0xE6, 0x1A, 0xE7,
    0x3A, 0xE7, 0x3A, 0xE7, 0x3A, 0xE7, 0x3A, 0xE7, 0x3A, 0xE7, 0x3A, 0xE7, 0x1A, 0xE7, 0xFA, 0xE6,
    0xF9, 0xDE, 0xF9, 0xDE, 0xF9, 0xDE, 0xF9, 0xDE, 0xF9, 0xDE, 0xD9, 0xDE, 0xD9, 0xDE, 0xD9, 0xDE,
    0xB9, 0xDE, 0xB9, 0xDE, 0xB9, 0xDE, 0x98, 0xDE, 0x98, 0xD6, 0x98, 0xD6, 0x98, 0xD6, 0x98, 0xD6,
    0x1D, 0xDF, 0x1D, 0xDF, 0x1D, 0xDF, 0xFD, 0xDE, 0xFD, 0xDE, 0xFC, 0xDE, 0xFC, 0xDE, 0xFC, 0xDE,
    0xFC, 0xDE, 0xFC, 0xDE, 0xFC, 0xDE, 0xFC, 0xDE, 0xFC, 0xDE, 0xFC, 0xDE, 0xDC, 0xDE, 0xFC, 0xDE,
    0xFC, 0xDE, 0xFC, 0xDE, 0xFC, 0xDE, 0xFC, 0xDE, 0xFC, 0xDE, 0xFC, 0xDE, 0xFC, 0xDE, 0x1C, 0xDF,
    0x1C, 0xDF, 0x1C, 0xDF, 0x1C, 0xDF, 0x1B, 0xDF, 0x1B, 0xDF, 0x1B, 0xDF, 0x1B, 0xDF, 0x1B, 0xDF,
    0xFB, 0xD6, 0xDB, 0xD6, 0xBA, 0xD6, 0xBA, 0xD6, 0xBA, 0xD6, 0xBA, 0xD6, 0xBA, 0xD6, 0xBA, 0xD6,
    0xBA, 0xD6, 0xBA, 0xD6, 0xBA, 0xD6, 0x7A, 0xCE, 0x39, 0xC6, 0x18, 0xBE, 0xB7, 0xB5, 0x34, 0xA5,
    0xB2, 0x94, 0xEE, 0x7B, 0xEA, 0x5A, 0xA9, 0x52, 0x68, 0x4A, 0x48, 0x4A, 0x07, 0x42, 0xE7, 0x41,
    0xE6, 0x41, 0xE6, 0x41, 0xE6, 0x41, 0xE6, 0x41, 0xE6, 0x41, 0xE6, 0x41, 0xE6, 0x41, 0xE6, 0x41,
    0xE6, 0x41, 0x06, 0x42, 0x06, 0x42, 0x06, 0x42, 0xE6, 0x41, 0xE6, 0x41, 0xE6, 0x41, 0x07, 0x42,
    0xE7, 0x41, 0xE7, 0x41, 0xE6, 0x39, 0xE6, 0x39, 0xC6, 0x39, 0xA6, 0x31, 0x85, 0x31, 0x65, 0x31,
    0x64, 0x29, 0x64, 0x29, 0x64, 0x29, 0x44, 0x29, 0x24, 0x29, 0x24, 0x21, 0x24, 0x29, 0x24, 0x29,
    0x24, 0x29, 0x24, 0x21, 0x24, 0x21, 0x24, 0x21, 0x24, 0x21, 0x24, 0x21, 0x24, 0x29, 0x24, 0x29,
    0x44, 0x29, 0x44, 0x29, 0x65, 0x31, 0xA6, 0x39, 0xE6, 0x39, 0x07, 0x42, 0x68, 0x4A, 0x89, 0x52,
    0x89, 0x52, 0xA9, 0x5A, 0xCA, 0x5A, 0xEA, 0x5A, 0xA9, 0x5A, 0xA9, 0x5A, 0xA9, 0x5A, 0x89, 0x52,
    0xA9, 0x52, 0xA9, 0x5A, 0xCA, 0x5A, 0x0A, 0x63, 0x4B, 0x6B, 0x8C, 0x73, 0xCD, 0x7B, 0xEE, 0x83,
    0x2F, 0x8C, 0x4F, 0x8C, 0x90, 0x94, 0xB1, 0x94, 0x90, 0x94, 0x90, 0x94, 0x90, 0x94, 0x90, 0x94,
    0x91, 0x94, 0x91, 0x94, 0x91, 0x94, 0x90, 0x94, 0xB0, 0x94, 0xB1, 0x9C, 0xB1, 0x9C, 0xB1, 0x9C,
    0xB1, 0x9C, 0x90, 0x94, 0x90, 0x94, 0x91, 0x9C, 0x91, 0x9C, 0xB1, 0x9C, 0xB1, 0x9C, 0xB1, 0x9C,
    0xB1, 0x9C, 0xB1, 0x9C, 0xB1, 0x9C, 0xB1, 0x9C, 0xB1, 0x9C, 0xB1, 0x9C, 0xB1, 0x9C, 0x90, 0x94,
    0xB1, 0x9C, 0xB1, 0x9C, 0x91, 0x9C, 0xB1, 0x9C, 0xB1, 0x9C, 0xB1, 0x9C, 0xB1, 0x9C, 0xB1, 0x9C,
    0xB1, 0x9C, 0xB1, 0x9C, 0xB1, 0x9C, 0xB1, 0x9C, 0x90, 0x9C, 0x70, 0x94, 0x70, 0x94, 0x70, 0x94,
    0x6F, 0x94, 0x4F, 0x94, 0x4F, 0x8C, 0x2F, 0x8C, 0x2F, 0x8C, 0x2E, 0x8C, 0x0E, 0x8C, 0x0E, 0x8C,
    0x0E, 0x8C, 0xEE, 0x83, 0xCD, 0x83, 0xCD, 0x83, 0xEE, 0x8B, 0xEE, 0x83, 0x0E, 0x8C, 0x2E, 0x8C,
    0x2E, 0x8C, 0x2E, 0x8C, 0x2E, 0x8C, 0x2E, 0x8C, 0x2F, 0x8C, 0x2F, 0x8C, 0x2F, 0x8C, 0x2E, 0x8C,
    0x2F, 0x8C, 0x2F, 0x8C, 0x2E, 0x8C, 0x2E, 0x8C, 0x2F, 0x8C, 0x2F, 0x94, 0x4F, 0x94, 0x4F, 0x94,
    0x4F, 0x94, 0x6F, 0x94, 0x6F, 0x94, 0x6F, 0x94, 0x6F, 0x94, 0x6F, 0x94, 0x70, 0x94, 0x70, 0x94,
    0x70, 0x94, 0x70, 0x94, 0x70, 0x94, 0x70, 0x94, 0x70, 0x94, 0x70, 0x94, 0x70, 0x94, 0x70, 0x94,
    0x70, 0x94, 0x70, 0x94, 0x70, 0x94, 0x70, 0x94, 0x70, 0x94, 0x70, 0x94, 0x70, 0x94, 0x90, 0x94,
    0x90, 0x94, 0x90, 0x94, 0xB1, 0x94, 0xB1, 0x9C, 0xB1, 0x9C, 0xB1, 0x9C, 0xB1, 0x9C, 0xB1, 0x9C,
    0xB1, 0x94, 0xB0, 0x9C, 0xB1, 0x9C, 0x90, 0x94, 0x90, 0x94, 0x90, 0x94, 0x90, 0x94, 0x70, 0x94,
    0x4F, 0x8C, 0x4F, 0x8C, 0x4F, 0x8C, 0x4F, 0x8C, 0x4F, 0x8C, 0x2F, 0x8C, 0x0E, 0x84, 0x0E, 0x84,
    0x0E, 0x84, 0x0E, 0x84, 0xEE, 0x83, 0xED, 0x7B, 0xCD, 0x7B, 0xCD, 0x7B, 0xAD, 0x7B, 0xAD, 0x7B,
    0xAD, 0x7B, 0x8C, 0x73, 0x8C, 0x73, 0x8C, 0x73, 0x8C, 0x73, 0x8C, 0x73, 0x8C, 0x73, 0x8C, 0x73,
    0x8C, 0x73, 0x6C, 0x73, 0x6C, 0x73, 0x6C, 0x73, 0x6C, 0x73, 0x8C, 0x73, 0x8C, 0x73, 0x8C, 0x73,
    0x8C, 0x73, 0x8C, 0x73, 0x8C, 0x73, 0x8C, 0x73, 0x8C, 0x73, 0x8C, 0x73, 0x8C, 0x73, 0x8C, 0x73,
    0x8C, 0x73, 0x8C, 0x73, 0xAC, 0x73, 0xAD, 0x7B, 0xAD, 0x7B, 0xAD, 0x7B, 0xED, 0x7B, 0x0E, 0x84,
    0x70, 0x94, 0xF2, 0xA4, 0x74, 0xB5, 0xF6, 0xC5, 0x57, 0xCE, 0x78, 0xD6, 0x98, 0xD6, 0xB9, 0xDE,
    0x1A, 0xE7, 0x1A, 0xE7, 0x1A, 0xE7, 0x1A, 0xE7, 0x1A, 0xE7, 0x1A, 0xE7, 0xFA, 0xE6, 0xFA, 0xDE,
    0xF9, 0xDE, 0xF9, 0xDE, 0xD9, 0xDE, 0xD9, 0xDE, 0xF9, 0xDE, 0xD9, 0xDE, 0xD9, 0xDE, 0xD9, 0xDE,
    0xB9, 0xDE, 0xB9, 0xDE, 0xB9, 0xDE, 0x98, 0xDE, 0x98, 0xD6, 0x98, 0xD6, 0x98, 0xD6, 0x98, 0xD6,
    0x1D, 0xDF, 0x1D, 0xDF, 0x1D, 0xDF, 0xFD, 0xDE, 0xFC, 0xDE, 0xFC, 0xDE, 0xFC, 0xDE, 0xFC, 0xDE,
    0xFC, 0xDE, 0xFC, 0xDE, 0xFC, 0xDE, 0xFC, 0xDE, 0xDC, 0xDE, 0xDC, 0xD6, 0xDC, 0xD6, 0xFC, 0xDE,
    0x1C, 0xDF, 0xFD, 0xDE, 0xFD, 0xDE, 0xFD, 0xDE, 0x1D, 0xDF, 0x1D, 0xDF, 0x1C, 0xDF, 0x1C, 0xDF,
    0x1C, 0xDF, 0x1C, 0xDF, 0x1B, 0xDF, 0x1B, 0xDF, 0x1B, 0xDF, 0x1B, 0xDF, 0x1B, 0xDF, 0x1B, 0xDF,
    0xFB, 0xDE, 0xDB, 0xD6, 0xDB, 0xD6, 0xDA, 0xD6, 0xBA, 0xD6, 0xBA, 0xD6, 0xDB, 0xD6, 0xDB, 0xD6,
    0xDB, 0xD6, 0xDB, 0xD6, 0xDB, 0xD6, 0xBB, 0xD6, 0x39, 0xC6, 0x18, 0xC6, 0xF7, 0xBD, 0x54, 0xA5,
    0xB2, 0x94, 0xCE, 0x7B, 0x2B, 0x63, 0xA9, 0x52, 0x88, 0x52, 0x68, 0x4A, 0x27, 0x4A, 0xE6, 0x41,
    0xC6, 0x39, 0xC6, 0x39, 0xC6, 0x39, 0xC6, 0x41, 0xE6, 0x41, 0xE6, 0x41, 0xE6, 0x41, 0xE6, 0x41,
    0xE6, 0x41, 0xE6, 0x41, 0xE6, 0x41, 0x06, 0x42, 0xE6, 0x41, 0xE6, 0x41, 0x06, 0x42, 0x07, 0x42,
    0x07, 0x42, 0x07, 0x42, 0x07, 0x42, 0xE7, 0x41, 0xC6, 0x39, 0xC6, 0x39, 0xA5, 0x31, 0x85, 0x31,
    0x64, 0x29, 0x44, 0x29, 0x24, 0x29, 0x23, 0x21, 0x23, 0x21, 0x24, 0x21, 0x24, 0x21, 0x24, 0x21,
    0x24, 0x21, 0x24, 0x21, 0x24, 0x21, 0x24, 0x21, 0x24, 0x21, 0x24, 0x21, 0x24, 0x21, 0x44, 0x29,
    0x64, 0x29, 0x65, 0x31, 0xA5, 0x31, 0xA5, 0x31, 0xC6, 0x39, 0x07, 0x42, 0x68, 0x4A, 0x89, 0x52,
    0xA9, 0x52, 0xCA, 0x5A, 0xCA, 0x5A, 0xC9, 0x5A, 0xA9, 0x52, 0xA9, 0x52, 0xA9, 0x5A, 0xEA, 0x62,
    0x2B, 0x63, 0x2B, 0x6B, 0x4B, 0x6B, 0x6C, 0x73, 0xAD, 0x7B, 0x0E, 0x84, 0x2F, 0x8C, 0x2F, 0x8C,
    0x70, 0x8C, 0xB1, 0x9C, 0xB1, 0x94, 0x90, 0x94, 0x90, 0x94, 0x90, 0x94, 0x90, 0x94, 0x90, 0x94,
    0x91, 0x94, 0xB1, 0x94, 0xB1, 0x94, 0x90, 0x94, 0xB1, 0x94, 0xB1, 0x9C, 0xB1, 0x9C, 0xB1, 0x9C,
    0x90, 0x94, 0x90, 0x94, 0x90, 0x94, 0x90, 0x9C, 0x90, 0x9C, 0x91, 0x9C, 0xB1, 0x9C, 0xB1, 0x9C,
    0xB1, 0x9C, 0xB1, 0x9C, 0xB1, 0x9C, 0xB1, 0x9C, 0xB1, 0x9C, 0x90, 0x94, 0x90, 0x94, 0x90, 0x94,
    0x90, 0x94, 0x90, 0x9C, 0x91, 0x9C, 0x91, 0x9C, 0xB1, 0x9C, 0xB1, 0x9C, 0xB1, 0x9C, 0xB1, 0x9C,
    0xB1, 0x9C, 0x91, 0x9C, 0x91, 0x9C, 0x90, 0x9C, 0x70, 0x94, 0x70, 0x94, 0x70, 0x94, 0x6F, 0x94,
    0x4F, 0x94, 0x4F, 0x8C, 0x2F, 0x8C, 0x2E, 0x8C, 0x2E, 0x8C, 0x0E, 0x8C, 0xEE, 0x8B, 0xEE, 0x8B,
    0xEE, 0x83, 0xCD, 0x83, 0xCD, 0x83, 0xCD, 0x83, 0xEE, 0x83, 0xEE, 0x83, 0x0E, 0x8C, 0x2E, 0x8C,
    0x0E, 0x8C, 0x0E, 0x8C, 0x2E, 0x8C, 0x2E, 0x8C, 0x2F, 0x8C, 0x2F, 0x8C, 0x0E, 0x8C, 0x0E, 0x8C,
    0x0E, 0x8C, 0x0E, 0x8C, 0x0E, 0x8C, 0x0E, 0x8C, 0x2E, 0x8C, 0x2E, 0x8C, 0x2E, 0x8C, 0x4F, 0x94,
    0x4F, 0x94, 0x6F, 0x94, 0x6F, 0x94, 0x70, 0x94, 0x70, 0x94, 0x70, 0x94, 0x70, 0x94, 0x70, 0x94,
    0x70, 0x94, 0x70, 0x94, 0x70, 0x94, 0x70, 0x94, 0x70, 0x94, 0x70, 0x94, 0x70, 0x94, 0x70, 0x94,
    0x70, 0x94, 0x70, 0x94, 0x70, 0x94, 0x70, 0x94, 0x70, 0x94, 0x70, 0x94, 0x70, 0x8C, 0x70, 0x94,
    0x90, 0x94, 0x90, 0x94, 0x90, 0x94, 0xB1, 0x9C, 0xB1, 0x9C, 0xB1, 0x9C, 0xB1, 0x9C, 0xB1, 0x9C,
    0xB1, 0x9C, 0xB1, 0x9C, 0xB1, 0x9C, 0x90, 0x94, 0x90, 0x94, 0x90, 0x94, 0x90, 0x94, 0x70, 0x94,
    0x70, 0x94, 0x4F, 0x8C, 0x4F, 0x8C, 0x4F, 0x8C, 0x4F, 0x8C, 0x4F, 0x8C, 0x2E, 0x84, 0x0E, 0x84,
    0x0E, 0x84, 0x0E, 0x84, 0xEE, 0x83, 0xEE, 0x83, 0xED, 0x7B, 0xCD, 0x7B, 0xCD, 0x7B, 0xAD, 0x7B,
    0xAD, 0x7B, 0x8C, 0x73, 0x8C, 0x73, 0x8C, 0x73, 0x8C, 0x73, 0x8C, 0x73, 0x8C, 0x73, 0x8C, 0x73,
    0x6C, 0x73, 0x6C, 0x73, 0x6C, 0x6B, 0x6C, 0x73, 0x6C, 0x73, 0x6C, 0x73, 0x6C, 0x73, 0x6C, 0x73,
    0x8C, 0x73, 0x8C, 0x73, 0x8C, 0x73, 0x8C, 0x73, 0x8C, 0x73, 0x8C, 0x73, 0x8C, 0x73, 0x8C, 0x73,
    0x8C, 0x73, 0x8C, 0x73, 0x8C, 0x73, 0xAC, 0x73, 0xAC, 0x73, 0xCD, 0x7B, 0xEE, 0x83, 0x2F, 0x84,
    0x90, 0x94, 0xF2, 0x9C, 0x74, 0xB5, 0xF6, 0xC5, 0x77, 0xCE, 0xB9, 0xDE, 0xB9, 0xDE, 0xD9, 0xDE,
    0xFA, 0xE6, 0xFA, 0xE6, 0xFA, 0xE6, 0xFA, 0xE6, 0xFA, 0xE6, 0xFA, 0xE6, 0xF9, 0xDE, 0xF9, 0xDE,
    0xF9, 0xDE, 0xF9, 0xDE, 0xD9, 0xDE, 0xD9, 0xDE, 0xD9, 0xDE, 0xD9, 0xDE, 0xD9, 0xDE, 0xD9, 0xDE,
    0xB9, 0xDE, 0xB9, 0xDE, 0xB9, 0xDE, 0xB9, 0xDE, 0x98, 0xD6, 0x98, 0xD6, 0x98, 0xD6, 0x98, 0xD6,
    0x1D, 0xDF, 0x1D, 0xDF, 0x1D, 0xDF, 0xFD, 0xDE, 0xFD, 0xDE, 0xFC, 0xDE, 0xFC, 0xDE, 0xFC, 0xDE,
    0xFC, 0xDE, 0xFC, 0xDE, 0xFC, 0xDE, 0xFC, 0xDE, 0xDC, 0xDE, 0xDC, 0xDE, 0xFC, 0xDE, 0x1C, 0xDF,
    0x1D, 0xDF, 0x1C, 0xDF, 0x1C, 0xDF, 0x1C, 0xDF, 0x1C, 0xDF, 0x1C, 0xDF, 0x1C, 0xDF, 0x1C, 0xDF,
    0x1C, 0xDF, 0x1C, 0xDF, 0x1C, 0xDF, 0x1B, 0xDF, 0x1B, 0xDF, 0x1B, 0xDF, 0x1B, 0xDF, 0x1B, 0xDF,
    0xFB, 0xDE, 0xDB, 0xD6, 0xFB, 0xDE, 0xDB, 0xDE, 0xBA, 0xD6, 0xDB, 0xD6, 0xDB, 0xD6, 0xBB, 0xD6,
    0xBA, 0xD6, 0x9A, 0xD6, 0x9A, 0xD6, 0x9A, 0xCE, 0x79, 0xCE, 0x59, 0xC6, 0x38, 0xC6, 0xD7, 0xB5,
    0x75, 0xAD, 0xB1, 0x94, 0xEE, 0x7B, 0x2B, 0x63, 0xC9, 0x5A, 0x68, 0x4A, 0x27, 0x4A, 0xE6, 0x41,
    0xC6, 0x39, 0xC6, 0x39, 0xE6, 0x39, 0xC6, 0x39, 0xC5, 0x39, 0xC5, 0x39, 0xC5, 0x39, 0xC5, 0x39,
    0xC5, 0x39, 0xE6, 0x39, 0xE6, 0x41, 0x06, 0x42, 0xE6, 0x41, 0xE6, 0x41, 0xE6, 0x41, 0xE6, 0x41,
    0xE6, 0x41, 0xE6, 0x41, 0x07, 0x42, 0xE7, 0x39, 0xC6, 0x39, 0xC6, 0x39, 0xA6, 0x31, 0xA5, 0x31,
    0x65, 0x31, 0x44, 0x29, 0x24, 0x21, 0x23, 0x21, 0x03, 0x21, 0x24, 0x21, 0x24, 0x21, 0x24, 0x21,
    0x24, 0x21, 0x24, 0x21, 0x24, 0x21, 0x24, 0x21, 0x03, 0x21, 0x03, 0x21, 0x24, 0x21, 0x44, 0x29,
    0x65, 0x29, 0xA5, 0x31, 0xC6, 0x39, 0xE6, 0x39, 0x27, 0x42, 0x68, 0x4A, 0x89, 0x52, 0xA9, 0x52,
    0xCA, 0x5A, 0xCA, 0x5A, 0xC9, 0x5A, 0xC9, 0x5A, 0xC9, 0x5A, 0x0A, 0x63, 0x2B, 0x6B, 0x4B, 0x6B,
    0x6C, 0x73, 0x8D, 0x73, 0xAD, 0x7B, 0xCE, 0x7B, 0x0F, 0x84, 0x4F, 0x8C, 0x4F, 0x8C, 0x4F, 0x8C,
    0x90, 0x94, 0x90, 0x94, 0x90, 0x94, 0x90, 0x94, 0x90, 0x94, 0x90, 0x94, 0x90, 0x94, 0x90, 0x94,
    0x91, 0x94, 0xB1, 0x94, 0xB1, 0x94, 0xB1, 0x94, 0xB1, 0x9C, 0xB1, 0x9C, 0xB1, 0x9C, 0x90, 0x9C,
    0x90, 0x94, 0x90, 0x94, 0x90, 0x94, 0x90, 0x94, 0x90, 0x94, 0xB1, 0x9C, 0xB1, 0x9C, 0xB1, 0x9C,
    0xB1, 0x9C, 0xB1, 0x9C, 0xB1, 0x9C, 0xB1, 0x9C, 0xB1, 0x9C, 0x90, 0x94, 0x90, 0x94, 0x90, 0x94,
    0x90, 0x94, 0x90, 0x9C, 0x91, 0x9C, 0x91, 0x9C, 0xB1, 0x9C, 0xB1, 0x9C, 0xB1, 0x9C, 0xB1, 0x9C,
    0xB1, 0x9C, 0xB1, 0x9C, 0x90, 0x9C, 0x90, 0x94, 0x70, 0x94, 0x70, 0x94, 0x70, 0x94, 0x4F, 0x94,
    0x4F, 0x94, 0x2F, 0x8C, 0x2E, 0x8C, 0x0E, 0x8C, 0x0E, 0x8C, 0x0E, 0x8C, 0xEE, 0x8B, 0xEE, 0x8B,
    0xEE, 0x83, 0xCD, 0x83, 0xCD, 0x83, 0xAD, 0x83, 0xCD, 0x83, 0xEE, 0x83, 0xED, 0x8B, 0x0E, 0x8C,
    0x0E, 0x8C, 0x0E, 0x8C, 0x0E, 0x8C, 0x2E, 0x8C, 0x0E, 0x8C, 0x0E, 0x8C, 0x0E, 0x8C, 0x0E, 0x8C,
    0x0E, 0x8C, 0x0E, 0x8C, 0x0E, 0x8C, 0x0E, 0x8C, 0x0E, 0x8C, 0x0E, 0x8C, 0x2E, 0x8C, 0x2F, 0x8C,
    0x4F, 0x94, 0x4F, 0x94, 0x6F, 0x94, 0x70, 0x94, 0x70, 0x94, 0x70, 0x94, 0x70, 0x94, 0x70, 0x94,
    0x70, 0x94, 0x70, 0x94, 0x70, 0x94, 0x70, 0x94, 0x70, 0x94, 0x70, 0x94, 0x70, 0x94, 0x70, 0x94,
    0x70, 0x94, 0x70, 0x94, 0x70, 0x94, 0x70, 0x94, 0x70, 0x94, 0x70, 0x94, 0x70, 0x8C, 0x70, 0x94,
    0x90, 0x94, 0x90, 0x94, 0x90, 0x94, 0xB1, 0x9C, 0xB1, 0x9C, 0xB1, 0x9C, 0xB1, 0x9C, 0xB1, 0x9C,
    0xB1, 0x9C, 0xB1, 0x9C, 0xB1, 0x9C, 0xB1, 0x9C, 0x90, 0x94, 0x90, 0x94, 0x90, 0x94, 0x70, 0x94,
    0x70, 0x94, 0x70, 0x94, 0x4F, 0x94, 0x4F, 0x8C, 0x4F, 0x8C, 0x4F, 0x8C, 0x2F, 0x8C, 0x0E, 0x84,
    0x0E, 0x84, 0x0E, 0x84, 0x0E, 0x84, 0xEE, 0x83, 0xEE, 0x83, 0xCD, 0x7B, 0xCD, 0x7B, 0xAD, 0x7B,
    0xAD, 0x7B, 0x8C, 0x73, 0x8C, 0x73, 0x8C, 0x73, 0x8C, 0x73, 0x8C, 0x73, 0x8C, 0x73, 0x8C, 0x73,
    0x6C, 0x73, 0x6C, 0x73, 0x6C, 0x6B, 0x6C, 0x73, 0x6C, 0x73, 0x6C, 0x73, 0x6C, 0x73, 0x6C, 0x73,
    0x8C, 0x73, 0x8C, 0x73, 0x8C, 0x73, 0x8C, 0x73, 0x8C, 0x73, 0x8C, 0x73, 0x8C, 0x73, 0x8C, 0x73,
    0x8C, 0x73, 0x8C, 0x73, 0x8C, 0x73, 0xAC, 0x73, 0xAD, 0x73, 0xCD, 0x7B, 0xEE, 0x83, 0x0E, 0x84,
    0x70, 0x94, 0xD1, 0x9C, 0x53, 0xAD, 0xB5, 0xBD, 0x36, 0xC6, 0x78, 0xCE, 0xB9, 0xDE, 0xFA, 0xE6,
    0x1A, 0xE7, 0xFA, 0xE6, 0xFA, 0xE6, 0xFA, 0xE6, 0xFA, 0xE6, 0xFA, 0xE6, 0xFA, 0xDE, 0xF9, 0xDE,
    0xF9, 0xDE, 0xD9, 0xDE, 0xD9, 0xDE, 0xD9, 0xDE, 0xD9, 0xDE, 0xD9, 0xDE, 0xD9, 0xDE, 0xD9, 0xDE,
    0xB9, 0xDE, 0xB9, 0xDE, 0xB9, 0xDE, 0xB9, 0xDE, 0x98, 0xD6, 0x98, 0xD6, 0x98, 0xD6, 0x78, 0xD6,
    0x1D, 0xDF, 0x1D, 0xDF, 0x1D, 0xDF, 0x1D, 0xDF, 0xFD, 0xDE, 0xFD, 0xDE, 0xFC, 0xDE, 0xFC, 0xDE,
    0xFC, 0xDE, 0xFC, 0xDE, 0xFC, 0xDE, 0xDC, 0xDE, 0xDC, 0xDE, 0xFC, 0xDE, 0xFC, 0xDE, 0x1C, 0xDF,
    0x1C, 0xDF, 0x1D, 0xDF, 0x1C, 0xDF, 0x1C, 0xDF, 0x1C, 0xDF, 0x1C, 0xDF, 0x1C, 0xDF, 0x1C, 0xDF,
    0x1C, 0xDF, 0x1B, 0xDF, 0x1B, 0xDF, 0x1B, 0xDF, 0x1B, 0xDF, 0x1B, 0xDF, 0x1B, 0xDF, 0x1B, 0xDF,
    0xFB, 0xDE, 0xFB, 0xDE, 0xFB, 0xDE, 0xFB, 0xDE, 0xDB, 0xDE, 0xDB, 0xDE, 0xDB, 0xDE, 0xBB, 0xD6,
    0x9A, 0xD6, 0x9A, 0xCE, 0x79, 0xCE, 0x79, 0xCE, 0x59, 0xC6, 0x39, 0xC6, 0x38, 0xC6, 0xD6, 0xB5,
    0x74, 0xAD, 0xB1, 0x94, 0xCE, 0x7B, 0x2B, 0x63, 0xA9, 0x52, 0x68, 0x4A, 0x27, 0x4A, 0x06, 0x42,
    0xE6, 0x39, 0xC6, 0x39, 0xC6, 0x39, 0xC5, 0x39, 0xC5, 0x39, 0xC5, 0x39, 0xC5, 0x39, 0xC5, 0x39,
    0xC5, 0x39, 0xC5, 0x39, 0xC6, 0x39, 0xE6, 0x41, 0x06, 0x42, 0x06, 0x42, 0xE6, 0x41, 0xE6, 0x41,
    0xE6, 0x41, 0xE6, 0x41, 0x07, 0x42, 0xE7, 0x39, 0xE7, 0x39, 0xC6, 0x39, 0xA6, 0x39, 0x85, 0x31,
    0x64, 0x29, 0x44, 0x29, 0x23, 0x21, 0x23, 0x21, 0x03, 0x21, 0x24, 0x21, 0x24, 0x21, 0x24, 0x21,
    0x24, 0x21, 0x24, 0x21, 0x24, 0x21, 0x24, 0x29, 0x44, 0x29, 0x44, 0x29, 0x44, 0x29, 0x65, 0x29,
    0xA5, 0x31, 0xC6, 0x39, 0xE7, 0x41, 0x27, 0x42, 0x48, 0x4A, 0x89, 0x52, 0xA9, 0x52, 0xCA, 0x5A,
    0xEA, 0x5A, 0xEA, 0x62, 0xEA, 0x62, 0xEA, 0x62, 0x0A, 0x63, 0x6C, 0x6B, 0x8C, 0x73, 0x6C, 0x73,
    0xAD, 0x73, 0xCD, 0x7B, 0xEE, 0x7B, 0x0E, 0x84, 0x2F, 0x8C, 0x4F, 0x8C, 0x4F, 0x8C, 0x6F, 0x8C,
    0x70, 0x94, 0x90, 0x94, 0x90, 0x94, 0x90, 0x94, 0x90, 0x94, 0x90, 0x94, 0x90, 0x94, 0x90, 0x94,
    0x91, 0x94, 0x91, 0x94, 0x91, 0x94, 0xB1, 0x9C, 0xB1, 0x9C, 0xB1, 0x9C, 0x91, 0x9C, 0x90, 0x94,
    0x70, 0x94, 0x70, 0x94, 0x90, 0x94, 0x90, 0x94, 0x90, 0x94, 0x90, 0x9C, 0xB1, 0x9C, 0xB1, 0x9C,
    0xB1, 0x9C, 0xB1, 0x9C, 0xB1, 0x9C, 0xB1, 0x9C, 0xB1, 0x9C, 0xB1, 0x9C, 0xB1, 0x9C, 0xB1, 0x9C,
    0xB1, 0x9C, 0xB1, 0x9C, 0x91, 0x9C, 0x91, 0x9C, 0x91, 0x9C, 0x91, 0x9C, 0x91, 0x9C, 0xB1, 0x9C,
    0xB0, 0x9C, 0x90, 0x9C, 0x90, 0x94, 0x90, 0x94, 0x90, 0x94, 0x70, 0x94, 0x4F, 0x94, 0x4F, 0x8C,
    0x4F, 0x8C, 0x2F, 0x8C, 0x2E, 0x8C, 0x2E, 0x8C, 0x0E, 0x8C, 0x0E, 0x8C, 0xEE, 0x83, 0xEE, 0x83,
    0xEE, 0x83, 0xCD, 0x83, 0xAD, 0x83, 0xAD, 0x83, 0xCD, 0x83, 0xED, 0x83, 0xEE, 0x8B, 0xEE, 0x8B,
    0xEE, 0x8B, 0xEE, 0x8B, 0xEE, 0x8B, 0xEE, 0x8B, 0xEE, 0x8B, 0x0E, 0x8C, 0xEE, 0x8B, 0xEE, 0x8B,
    0xEE, 0x8B, 0x0E, 0x8C, 0x0E, 0x8C, 0x0E, 0x8C, 0x0E, 0x8C, 0x0E, 0x8C, 0x0E, 0x8C, 0x0E, 0x8C,
    0x2F, 0x8C, 0x4F, 0x94, 0x4F, 0x94, 0x6F, 0x94, 0x70, 0x94, 0x6F, 0x94, 0x70, 0x94, 0x70, 0x94,
    0x70, 0x94, 0x6F, 0x94, 0x70, 0x94, 0x70, 0x94, 0x70, 0x94, 0x70, 0x94, 0x70, 0x94, 0x70, 0x94,
    0x70, 0x94, 0x70, 0x94, 0x70, 0x94, 0x70, 0x94, 0x70, 0x94, 0x70, 0x94, 0x70, 0x94, 0x70, 0x94,
    0x90, 0x94, 0x90, 0x94, 0x90, 0x94, 0xB1, 0x94, 0xB1, 0x94, 0xB1, 0x94, 0xB1, 0x94, 0xB1, 0x9C,
    0xB1, 0x9C, 0xB1, 0x9C, 0xB1, 0x9C, 0xB1, 0x9C, 0x90, 0x94, 0x90, 0x94, 0x90, 0x94, 0x70, 0x94,
    0x70, 0x94, 0x70, 0x94, 0x70, 0x8C, 0x4F, 0x8C, 0x4F, 0x8C, 0x4F, 0x8C, 0x2F, 0x8C, 0x2F, 0x8C,
    0x0E, 0x84, 0x0E, 0x84, 0x0E, 0x84, 0xEE, 0x83, 0xEE, 0x83, 0xED, 0x7B, 0xCD, 0x7B, 0xCD, 0x7B,
    0xAD, 0x7B, 0x8C, 0x73, 0x8C, 0x73, 0x8C, 0x73, 0x8C, 0x73, 0x6C, 0x73, 0x6C, 0x73, 0x6C, 0x73,
    0x6C, 0x73, 0x6B, 0x6B, 0x6C, 0x6B, 0x6C, 0x6B, 0x6C, 0x73, 0x6C, 0x73, 0x6C, 0x73, 0x6C, 0x73,
    0x6C, 0x73, 0x8C, 0x73, 0x8C, 0x73, 0x8C, 0x73, 0x8C, 0x73, 0x8C, 0x73, 0x8C, 0x73, 0x8C, 0x73,
    0x8C, 0x73, 0x8C, 0x73, 0x8C, 0x73, 0x8C, 0x73, 0xAD, 0x73, 0xCD, 0x7B, 0x0E, 0x84, 0x4F, 0x8C,
    0xD1, 0x9C, 0x33, 0xAD, 0x94, 0xB5, 0xD5, 0xBD, 0x16, 0xC6, 0x16, 0xC6, 0x78, 0xCE, 0xB9, 0xDE,
    0xD9, 0xDE, 0xFA, 0xDE, 0xFA, 0xE6, 0xFA, 0xE6, 0xFA, 0xDE, 0xFA, 0xDE, 0xFA, 0xDE, 0xD9, 0xDE,
    0xD9, 0xDE, 0xD9, 0xDE, 0xD9, 0xDE, 0xD9, 0xDE, 0xD9, 0xDE, 0xB9, 0xDE, 0xB9, 0xDE, 0xB9, 0xDE,
    0xB9, 0xD6, 0xB9, 0xDE, 0xB9, 0xDE, 0x98, 0xDE, 0x98, 0xD6, 0x98, 0xD6, 0x78, 0xD6, 0x78, 0xD6,
    0x1D, 0xDF, 0x1D, 0xDF, 0x1D, 0xDF, 0x1D, 0xDF, 0xFD, 0xDE, 0xFD, 0xDE, 0xFC, 0xDE, 0xFC, 0xDE,
    0xFC, 0xDE, 0xFC, 0xDE, 0xFC, 0xDE, 0xFC, 0xDE, 0xFC, 0xDE, 0xFC, 0xDE, 0xFC, 0xDE, 0x1C, 0xDF,
    0x1C, 0xDF, 0x1C, 0xDF, 0x1C, 0xDF, 0x1C, 0xDF, 0xFC, 0xDE, 0x1C, 0xDF, 0x1C, 0xDF, 0xFB, 0xDE,
    0x1B, 0xDF, 0x1B, 0xDF, 0x1B, 0xDF, 0x1B, 0xDF, 0x1B, 0xDF, 0x1B, 0xDF, 0x1B, 0xDF, 0x1B, 0xDF,
    0xFB, 0xDE, 0xFB, 0xDE, 0xFB, 0xDE, 0xDB, 0xDE, 0xDB, 0xDE, 0xFB, 0xDE, 0xFB, 0xDE, 0xFB, 0xDE,
    0xDB, 0xD6, 0xBA, 0xD6, 0x9A, 0xCE, 0x59, 0xCE, 0x59, 0xC6, 0xF7, 0xBD, 0xD7, 0xB5, 0x54, 0xA5,
    0xD2, 0x9C, 0x30, 0x84, 0x4B, 0x63, 0xA9, 0x52, 0x48, 0x4A, 0x47, 0x4A, 0x27, 0x4A, 0x27, 0x42,
    0xE6, 0x41, 0xE6, 0x39, 0xE6, 0x39, 0xE6, 0x39, 0xC6, 0x41, 0xC6, 0x39, 0xC5, 0x39, 0xC5, 0x39,
    0xC5, 0x39, 0xC5, 0x39, 0xC5, 0x39, 0xC5, 0x39, 0xE6, 0x39, 0xE6, 0x39, 0xE6, 0x39, 0xA6, 0x39,
    0xA6, 0x39, 0xA6, 0x39, 0xC6, 0x39, 0xC6, 0x39, 0xC6, 0x39, 0x85, 0x31, 0x85, 0x31, 0x65, 0x29,
    0x44, 0x29, 0x44, 0x29, 0x23, 0x21, 0x23, 0x21, 0x23, 0x21, 0x24, 0x21, 0x24, 0x21, 0x24, 0x21,
    0x24, 0x21, 0x24, 0x21, 0x24, 0x21, 0x24, 0x29, 0x65, 0x29, 0x65, 0x31, 0x65, 0x31, 0xC6, 0x39,
    0xE7, 0x39, 0x07, 0x42, 0x27, 0x42, 0x48, 0x4A, 0x89, 0x52, 0x89, 0x52, 0xA9, 0x5A, 0xEA, 0x5A,
    0xEA, 0x62, 0x0B, 0x63, 0x0B, 0x63, 0x0B, 0x63, 0x0A, 0x63, 0x4B, 0x6B, 0x6C, 0x73, 0x8D, 0x7B,
    0xCD, 0x7B, 0xCE, 0x7B, 0xEE, 0x83, 0x2F, 0x84, 0x4F, 0x8C, 0x4F, 0x8C, 0x70, 0x94, 0x70, 0x94,
    0x70, 0x94, 0x90, 0x94, 0x90, 0x94, 0x90, 0x94, 0x90, 0x94, 0x90, 0x94, 0x90, 0x94, 0x90, 0x94,
    0x91, 0x94, 0x91, 0x94, 0x91, 0x94, 0xB1, 0x9C, 0xB1, 0x9C, 0xB1, 0x9C, 0x90, 0x9C, 0x70, 0x94,
    0x70, 0x94, 0x70, 0x94, 0x70, 0x94, 0x70, 0x94, 0x90, 0x94, 0x90, 0x94, 0x90, 0x94, 0x90, 0x9C,
    0xB1, 0x9C, 0xB1, 0x9C, 0xB1, 0x9C, 0xB1, 0x9C, 0xB1, 0x9C, 0xB1, 0x9C, 0xB1, 0x9C, 0xB1, 0x9C,
    0xB1, 0x9C, 0xB1, 0x9C, 0x91, 0x9C, 0x91, 0x9C, 0x91, 0x9C, 0x91, 0x9C, 0x91, 0x9C, 0xB1, 0x9C,
    0x90, 0x9C, 0x6F, 0x94, 0x6F, 0x94, 0x70, 0x94, 0x70, 0x94, 0x6F, 0x94, 0x4F, 0x8C, 0x2F, 0x8C,
    0x2F, 0x8C, 0x2F, 0x8C, 0x2E, 0x8C, 0x0E, 0x84, 0x0E, 0x84, 0xEE, 0x83, 0xCD, 0x83, 0xCD, 0x83,
    0xED, 0x83, 0xCD, 0x83, 0xCD, 0x83, 0xCD, 0x83, 0xCD, 0x83, 0xED, 0x83, 0xEE, 0x83, 0xEE, 0x83,
    0xEE, 0x83, 0xEE, 0x83, 0xEE, 0x83, 0xEE, 0x83, 0xED, 0x83, 0xED, 0x83, 0xED, 0x83, 0xED, 0x83,
    0xED, 0x83, 0xEE, 0x83, 0xEE, 0x8B, 0x0E, 0x8C, 0x0E, 0x8C, 0x0E, 0x8C, 0x0E, 0x8C, 0x2E, 0x8C,
    0x2E, 0x8C, 0x2F, 0x8C, 0x4F, 0x8C, 0x4F, 0x94, 0x4F, 0x94, 0x4F, 0x94, 0x6F, 0x94, 0x70, 0x94,
    0x70, 0x94, 0x70, 0x94, 0x70, 0x94, 0x70, 0x94, 0x70, 0x94, 0x70, 0x94, 0x70, 0x94, 0x70, 0x94,
    0x70, 0x94, 0x70, 0x8C, 0x70, 0x8C, 0x70, 0x8C, 0x70, 0x8C, 0x70, 0x8C, 0x70, 0x94, 0x70, 0x94,
    0x70, 0x94, 0x90, 0x94, 0x90, 0x94, 0x90, 0x94, 0x90, 0x94, 0xB1, 0x94, 0xB1, 0x9C, 0xB1, 0x9C,
    0xB1, 0x9C, 0xB1, 0x9C, 0xB1, 0x9C, 0xB1, 0x9C, 0x90, 0x94, 0x90, 0x94, 0x90, 0x94, 0x70, 0x94,
    0x70, 0x94, 0x70, 0x94, 0x70, 0x8C, 0x70, 0x8C, 0x6F, 0x8C, 0x4F, 0x8C, 0x2F, 0x8C, 0x2F, 0x8C,
    0x2F, 0x84, 0x0E, 0x84, 0x0E, 0x84, 0x0E, 0x84, 0xEE, 0x83, 0xEE, 0x83, 0xEE, 0x83, 0xED, 0x83,
    0xCD, 0x7B, 0xAD, 0x7B, 0xAC, 0x73, 0x8C, 0x73, 0x8C, 0x73, 0x8C, 0x73, 0x6C, 0x73, 0x6C, 0x73,
    0x6C, 0x6B, 0x6B, 0x6B, 0x6B, 0x6B, 0x6B, 0x6B, 0x6B, 0x6B, 0x6B, 0x6B, 0x6B, 0x6B, 0x6B, 0x6B,
    0x6B, 0x6B, 0x6C, 0x6B, 0x6C, 0x6B, 0x6C, 0x6B, 0x6C, 0x73, 0x6C, 0x73, 0x8C, 0x73, 0x8C, 0x73,
    0x8C, 0x73, 0x8C, 0x73, 0x8C, 0x73, 0x8C, 0x73, 0xAD, 0x7B, 0xCD, 0x7B, 0x0E, 0x84, 0xB1, 0x9C,
    0x73, 0xAD, 0x16, 0xC6, 0x37, 0xCE, 0x37, 0xCE, 0x57, 0xCE, 0x98, 0xD6, 0xB9, 0xDE, 0xD9, 0xDE,
    0xF9, 0xDE, 0xFA, 0xDE, 0xFA, 0xDE, 0xFA, 0xDE, 0xFA, 0xDE, 0xFA, 0xDE, 0xD9, 0xDE, 0xD9, 0xDE,
    0xD9, 0xDE, 0xD9, 0xDE, 0xD9, 0xDE, 0xD9, 0xDE, 0xB9, 0xDE, 0xB9, 0xDE, 0xB9, 0xDE, 0xB9, 0xDE,
    0xB8, 0xD6, 0xB9, 0xDE, 0xB9, 0xDE, 0x98, 0xDE, 0x98, 0xD6, 0x98, 0xD6, 0x78, 0xD6, 0x78, 0xD6,
    0x1D, 0xDF, 0x1D, 0xDF, 0x1D, 0xDF, 0x1D, 0xDF, 0x1D, 0xDF, 0x1D, 0xDF, 0x1D, 0xDF, 0xFC, 0xDE,
    0xFC, 0xDE, 0xFC, 0xDE, 0xFC, 0xDE, 0x1C, 0xDF, 0xFC, 0xDE, 0x1C, 0xDF, 0x1C, 0xDF, 0x1C, 0xDF,
    0x1C, 0xDF, 0x1C, 0xDF, 0x1C, 0xDF, 0x1C, 0xDF, 0x1C, 0xDF, 0x1B, 0xDF, 0x1B, 0xDF, 0x1B, 0xDF,
    0x1B, 0xDF, 0x1B, 0xDF, 0x1B, 0xDF, 0x1B, 0xDF, 0x1B, 0xDF, 0x1B, 0xDF, 0x1B, 0xDF, 0x1B, 0xDF,
    0xFB, 0xDE, 0xFB, 0xDE, 0xDB, 0xDE, 0xDA, 0xD6, 0xBA, 0xD6, 0xBA, 0xD6, 0xBA, 0xD6, 0xDA, 0xD6,
    0xBA, 0xD6, 0x99, 0xCE, 0x79, 0xCE, 0x58, 0xC6, 0x38, 0xC6, 0xB6, 0xB5, 0x75, 0xAD, 0xF3, 0x9C,
    0x71, 0x8C, 0xEE, 0x7B, 0xEA, 0x5A, 0xA9, 0x52, 0x48, 0x4A, 0x27, 0x4A, 0x48, 0x4A, 0x27, 0x4A,
    0x07, 0x42, 0xE6, 0x41, 0xE6, 0x41, 0xE6, 0x41, 0xE6, 0x41, 0x06, 0x42, 0xE5, 0x39, 0xC5, 0x39,
    0xC5, 0x39, 0xC5, 0x39, 0xC5, 0x39, 0xC5, 0x39, 0xA5, 0x39, 0xA5, 0x39, 0xA5, 0x39, 0x85, 0x31,
    0x85, 0x31, 0x85, 0x31, 0x85, 0x31, 0x85, 0x31, 0x65, 0x31, 0x65, 0x31, 0x65, 0x29, 0x65, 0x31,
    0x44, 0x29, 0x24, 0x29, 0x23, 0x21, 0x23, 0x21, 0x23, 0x21, 0x24, 0x21, 0x24, 0x21, 0x24, 0x21,
    0x24, 0x21, 0x24, 0x29, 0x24, 0x21, 0x24, 0x29, 0x44, 0x29, 0x65, 0x31, 0xC6, 0x39, 0xE7, 0x41,
    0x28, 0x42, 0x48, 0x4A, 0x68, 0x4A, 0x89, 0x52, 0xAA, 0x5A, 0xA9, 0x5A, 0xC9, 0x5A, 0xEA, 0x5A,
    0xEA, 0x62, 0xEA, 0x5A, 0xCA, 0x5A, 0xCA, 0x5A, 0x0A, 0x63, 0x4B, 0x6B, 0x6C, 0x73, 0xAD, 0x7B,
    0xCD, 0x7B, 0xEE, 0x83, 0xEE, 0x83, 0x0F, 0x84, 0x4F, 0x8C, 0x4F, 0x8C, 0x70, 0x8C, 0x90, 0x94,
    0x70, 0x94, 0x90, 0x94, 0x90, 0x94, 0x90, 0x94, 0x90, 0x94, 0x90, 0x94, 0x90, 0x94, 0x90, 0x94,
    0x91, 0x94, 0x91, 0x94, 0x91, 0x94, 0xB1, 0x9C, 0xB1, 0x9C, 0xB1, 0x9C, 0x90, 0x9C, 0x70, 0x94,
    0x70, 0x94, 0x70, 0x94, 0x70, 0x94, 0x90, 0x94, 0x90, 0x94, 0x90, 0x94, 0x90, 0x94, 0x90, 0x9C,
    0xB1, 0x9C, 0xB1, 0x9C, 0xB1, 0x9C, 0x90, 0x94, 0x90, 0x94, 0x90, 0x94, 0x90, 0x94, 0x90, 0x94,
    0x90, 0x94, 0x90, 0x9C, 0x90, 0x9C, 0x90, 0x9C, 0x90, 0x9C, 0x90, 0x9C, 0x91, 0x9C, 0x90, 0x9C,
    0x90, 0x94, 0x6F, 0x94, 0x4F, 0x94, 0x4F, 0x94, 0x4F, 0x94, 0x4F, 0x8C, 0x2F, 0x8C, 0x2E, 0x8C,
    0x2E, 0x8C, 0x2E, 0x8C, 0x2E, 0x8C, 0x0E, 0x84, 0x0E, 0x84, 0xEE, 0x83, 0xCD, 0x83, 0xCD, 0x83,
    0xCD, 0x83, 0xAD, 0x83, 0xAD, 0x83, 0xCD, 0x83, 0xCD, 0x83, 0xCD, 0x83, 0xCD, 0x83, 0xEE, 0x83,
    0xEE, 0x83, 0xED, 0x83, 0xED, 0x83, 0xED, 0x83, 0xED, 0x83, 0xED, 0x83, 0xED, 0x83, 0xCD, 0x83,
    0xCD, 0x83, 0xCD, 0x83, 0xEE, 0x83, 0xEE, 0x8B, 0x0E, 0x8C, 0x0E, 0x8C, 0x0E, 0x8C, 0x0E, 0x8C,
    0x2E, 0x8C, 0x2E, 0x8C, 0x2E, 0x8C, 0x2F, 0x8C, 0x4F, 0x8C, 0x4F, 0x94, 0x4F, 0x94, 0x6F, 0x94,
    0x70, 0x94, 0x70, 0x94, 0x70, 0x94, 0x70, 0x94, 0x70, 0x94, 0x70, 0x94, 0x70, 0x94, 0x70, 0x94,
    0x4F, 0x8C, 0x4F, 0x8C, 0x4F, 0x8C, 0x4F, 0x8C, 0x4F, 0x8C, 0x4F, 0x8C, 0x50, 0x8C, 0x70, 0x94,
    0x70, 0x94, 0x90, 0x94, 0x90, 0x94, 0x90, 0x94, 0x90, 0x94, 0xB1, 0x94, 0xB1, 0x9C, 0xB1, 0x9C,
    0xB1, 0x9C, 0xB1, 0x9C, 0xB1, 0x9C, 0xB1, 0x9C, 0x90, 0x94, 0x90, 0x94, 0x90, 0x94, 0x70, 0x94,
    0x70, 0x94, 0x70, 0x94, 0x70, 0x8C, 0x70, 0x8C, 0x70, 0x8C, 0x4F, 0x8C, 0x4F, 0x8C, 0x2F, 0x8C,
    0x2F, 0x8C, 0x2F, 0x84, 0x0E, 0x84, 0x0E, 0x84, 0x0E, 0x84, 0x0E, 0x84, 0xEE, 0x83, 0xEE, 0x83,
    0xEE, 0x83, 0xCD, 0x7B, 0xAD, 0x7B, 0xAD, 0x73, 0x8C, 0x73, 0x8C, 0x73, 0x6C, 0x73, 0x6C, 0x73,
    0x6C, 0x6B, 0x6B, 0x6B, 0x4B, 0x6B, 0x4B, 0x6B, 0x4B, 0x6B, 0x4B, 0x6B, 0x4B, 0x6B, 0x4B, 0x6B,
    0x4B, 0x6B, 0x4B, 0x6B, 0x4B, 0x6B, 0x4B, 0x6B, 0x4B, 0x6B, 0x6C, 0x6B, 0x6C, 0x73, 0x8C, 0x73,
    0x8C, 0x73, 0x8C, 0x73, 0x8C, 0x73, 0x8C, 0x73, 0xAD, 0x7B, 0xCD, 0x7B, 0x0E, 0x84, 0x70, 0x94,
    0x12, 0xA5, 0xF6, 0xC5, 0x78, 0xD6, 0xB8, 0xD6, 0xD9, 0xDE, 0xF9, 0xDE, 0xF9, 0xDE, 0xFA, 0xDE,
    0xFA, 0xDE, 0xFA, 0xDE, 0xFA, 0xDE, 0xFA, 0xE6, 0xFA, 0xDE, 0xFA, 0xDE, 0xF9, 0xDE, 0xD9, 0xDE,
    0xD9, 0xDE, 0xD9, 0xDE, 0xD9, 0xDE, 0xD9, 0xDE, 0xB9, 0xDE, 0xB9, 0xDE, 0xB9, 0xDE, 0xB9, 0xDE,
    0xB8, 0xD6, 0xB9, 0xDE, 0xB9, 0xDE, 0x98, 0xDE, 0x98, 0xD6, 0x98, 0xD6, 0x78, 0xD6, 0x78, 0xD6,
    0x1C, 0xDF, 0x1D, 0xDF, 0x1D, 0xDF, 0x1D, 0xDF, 0x1C, 0xDF, 0x1C, 0xDF, 0x1C, 0xDF, 0xFC, 0xDE,
    0xFC, 0xDE, 0xFC, 0xDE, 0xFC, 0xDE, 0x1C, 0xDF, 0x1C, 0xDF, 0x1C, 0xDF, 0x1C, 0xDF, 0x1C, 0xDF,
    0x1C, 0xDF, 0x1C, 0xDF, 0x1C, 0xDF, 0x1C, 0xDF, 0x1C, 0xDF, 0x1B, 0xDF, 0x1B, 0xDF, 0x1B, 0xDF,
    0x1B, 0xDF, 0x1B, 0xDF, 0x1B, 0xDF, 0x1B, 0xDF, 0x1B, 0xDF, 0x1B, 0xDF, 0x1B, 0xDF, 0x1B, 0xDF,
    0xFB, 0xDE, 0xFB, 0xDE, 0xDB, 0xD6, 0xBB, 0xD6, 0xBA, 0xD6, 0xBA, 0xD6, 0xBA, 0xD6, 0xBA, 0xD6,
    0x99, 0xCE, 0x79, 0xCE, 0x58, 0xC6, 0x18, 0xC6, 0x18, 0xBE, 0xB6, 0xB5, 0x34, 0xA5, 0xD2, 0x94,
    0x50, 0x84, 0xAD, 0x73, 0x0A, 0x63, 0xA9, 0x5A, 0x68, 0x4A, 0x48, 0x4A, 0x68, 0x52, 0x47, 0x4A,
    0x27, 0x42, 0xE6, 0x41, 0x06, 0x42, 0x06, 0x42, 0xE6, 0x41, 0xE6, 0x41, 0xC5, 0x39, 0xC5, 0x39,
    0xC5, 0x39, 0xA5, 0x39, 0xA5, 0x31, 0x85, 0x31, 0x85, 0x31, 0x85, 0x31, 0x85, 0x31, 0x65, 0x31,
    0x65, 0x31, 0x65, 0x31, 0x65, 0x31, 0x44, 0x29, 0x44, 0x29, 0x44, 0x29, 0x44, 0x29, 0x44, 0x29,
    0x24, 0x29, 0x24, 0x29, 0x24, 0x29, 0x24, 0x29, 0x23, 0x21, 0x24, 0x21, 0x24, 0x21, 0x24, 0x21,
    0x24, 0x21, 0x24, 0x21, 0x44, 0x29, 0x44, 0x29, 0x44, 0x29, 0x65, 0x29, 0xA6, 0x31, 0xC6, 0x39,
    0x27, 0x42, 0x48, 0x4A, 0x48, 0x4A, 0x48, 0x4A, 0x48, 0x4A, 0x68, 0x52, 0x89, 0x52, 0xA9, 0x5A,
    0xC9, 0x5A, 0xC9, 0x5A, 0xC9, 0x5A, 0xC9, 0x5A, 0x0A, 0x63, 0x4B, 0x6B, 0x8C, 0x73, 0xAD, 0x7B,
    0xCD, 0x7B, 0xEE, 0x83, 0xEE, 0x83, 0x0E, 0x84, 0x4F, 0x8C, 0x6F, 0x8C, 0x70, 0x8C, 0x70, 0x94,
    0x70, 0x94, 0x90, 0x94, 0x90, 0x94, 0x90, 0x94, 0x90, 0x94, 0x90, 0x94, 0x90, 0x94, 0x90, 0x94,
    0x91, 0x94, 0x91, 0x94, 0x91, 0x94, 0xB1, 0x9C, 0xB1, 0x9C, 0xB1, 0x9C, 0x90, 0x9C, 0x70, 0x94,
    0x70, 0x94, 0x70, 0x94, 0x70, 0x94, 0x70, 0x94, 0x90, 0x94, 0x90, 0x94, 0xB1, 0x9C, 0xB1, 0x9C,
    0xB1, 0x9C, 0xB1, 0x9C, 0xB1, 0x9C, 0x90, 0x94, 0x70, 0x94, 0x70, 0x94, 0x70, 0x94, 0x70, 0x94,
    0x70, 0x94, 0x70, 0x94, 0x90, 0x9C, 0x90, 0x94, 0x90, 0x94, 0x90, 0x94, 0x90, 0x94, 0x90, 0x9C,
    0x90, 0x94, 0x70, 0x94, 0x4F, 0x8C, 0x4F, 0x8C, 0x4F, 0x8C, 0x2F, 0x8C, 0x2F, 0x8C, 0x2F, 0x8C,
    0x2F, 0x8C, 0x2F, 0x8C, 0x2E, 0x8C, 0x0E, 0x8C, 0x0E, 0x84, 0xEE, 0x83, 0xCD, 0x83, 0xCD, 0x83,
    0xCD, 0x83, 0xCD, 0x83, 0xCD, 0x83, 0xCD, 0x83, 0xCD, 0x83, 0xCD, 0x83, 0xCD, 0x83, 0xCD, 0x83,
    0xCD, 0x83, 0xCD, 0x83, 0xCD, 0x83, 0xCD, 0x83, 0xCD, 0x83, 0xCD, 0x83, 0xCD, 0x83, 0xCD, 0x83,
    0xCD, 0x83, 0xCD, 0x83, 0xCD, 0x83, 0xCD, 0x83, 0xEE, 0x83, 0x0E, 0x8C, 0x0E, 0x8C, 0x0E, 0x8C,
    0x2F, 0x8C, 0x2F, 0x8C, 0x2E, 0x8C, 0x2F, 0x8C, 0x2F, 0x8C, 0x2F, 0x8C, 0x4F, 0x94, 0x4F, 0x94,
    0x4F, 0x94, 0x6F, 0x94, 0x70, 0x94, 0x70, 0x94, 0x70, 0x94, 0x70, 0x94, 0x70, 0x94, 0x4F, 0x8C,
    0x2F, 0x8C, 0x2F, 0x8C, 0x2F, 0x8C, 0x2F, 0x8C, 0x2F, 0x8C, 0x4F, 0x8C, 0x4F, 0x8C, 0x4F, 0x8C,
    0x4F, 0x8C, 0x70, 0x8C, 0x70, 0x94, 0x90, 0x94, 0x90, 0x94, 0xB1, 0x9C, 0xB1, 0x9C, 0xB1, 0x9C,
    0xB1, 0x94, 0xB1, 0x9C, 0xB1, 0x9C, 0x90, 0x9C, 0x90, 0x94, 0x90, 0x94, 0x70, 0x94, 0x70, 0x94,
    0x70, 0x94, 0x70, 0x94, 0x70, 0x94, 0x70, 0x94, 0x70, 0x94, 0x4F, 0x8C, 0x4F, 0x8C, 0x4F, 0x8C,
    0x2F, 0x8C, 0x2F, 0x8C, 0x0E, 0x84, 0x0E, 0x84, 0x0E, 0x84, 0x0E, 0x84, 0x0E, 0x84, 0xEE, 0x83,
    0xED, 0x7B, 0xCD, 0x7B, 0xAD, 0x7B, 0xAC, 0x73, 0x8C, 0x73, 0x6C, 0x73, 0x6C, 0x73, 0x6C, 0x73,
    0x6B, 0x6B, 0x4B, 0x6B, 0x4B, 0x6B, 0x4B, 0x6B, 0x2B, 0x6B, 0x2B, 0x6B, 0x2B, 0x6B, 0x2B, 0x6B,
    0x2B, 0x6B, 0x2B, 0x6B, 0x2B, 0x6B, 0x2B, 0x6B, 0x4B, 0x6B, 0x4B, 0x6B, 0x4B, 0x6B, 0x6C, 0x73,
    0x6C, 0x73, 0x8C, 0x73, 0x8C, 0x73, 0x8C, 0x73, 0xAD, 0x73, 0xCD, 0x7B, 0x0E, 0x84, 0x70, 0x94,
    0x12, 0xA5, 0x94, 0xB5, 0x37, 0xC6, 0xB9, 0xDE, 0xFA, 0xE6, 0x1A, 0xE7, 0x1A, 0xE7, 0x1A, 0xE7,
    0x1A, 0xE7, 0x1A, 0xE7, 0xFA, 0xE6, 0xFA, 0xE6, 0xFA, 0xE6, 0xFA, 0xE6, 0xD9, 0xDE, 0xD9, 0xDE,
    0xD9, 0xDE, 0xB9, 0xDE, 0xB9, 0xDE, 0xB9, 0xDE, 0xB9, 0xDE, 0xB9, 0xD6, 0xB9, 0xD6, 0xB9, 0xD6,
    0xB9, 0xD6, 0xB9, 0xDE, 0xB9, 0xDE, 0x98, 0xD6, 0x78, 0xD6, 0x78, 0xD6, 0x78, 0xD6, 0x78, 0xD6,
    0x1C, 0xDF, 0x1C, 0xDF, 0x1C, 0xDF, 0x1C, 0xDF, 0x1C, 0xDF, 0x1C, 0xDF, 0x1C, 0xDF, 0x1C, 0xDF,
    0x1C, 0xDF, 0x1C, 0xDF, 0x1C, 0xDF, 0x1C, 0xDF, 0x1C, 0xDF, 0x1C, 0xDF, 0x1C, 0xDF, 0x1C, 0xDF,
    0x1C, 0xDF, 0x1C, 0xDF, 0x1C, 0xDF, 0x1C, 0xDF, 0x1C, 0xDF, 0x1C, 0xDF, 0x1B, 0xDF, 0x1B, 0xDF,
    0x1B, 0xDF, 0x1B, 0xDF, 0x1B, 0xDF, 0x1B, 0xDF, 0x1B, 0xDF, 0x1B, 0xDF, 0x1B, 0xDF, 0xFB, 0xDE,
    0xFB, 0xDE, 0xDB, 0xDE, 0xDB, 0xD6, 0xDB, 0xD6, 0xBB, 0xD6, 0xDA, 0xD6, 0xDA, 0xD6, 0xDA, 0xD6,
    0xBA, 0xCE, 0x99, 0xCE, 0x59, 0xCE, 0x38, 0xC6, 0x18, 0xBE, 0x18, 0xC6, 0xD7, 0xBD, 0x75, 0xAD,
    0xF3, 0x9C, 0x0E, 0x7C, 0x2B, 0x63, 0xA9, 0x52, 0x48, 0x4A, 0x48, 0x4A, 0x48, 0x4A, 0x47, 0x4A,
    0x07, 0x42, 0xE6, 0x41, 0x06, 0x42, 0xE6, 0x41, 0xE5, 0x39, 0xC5, 0x39, 0xA5, 0x39, 0xA5, 0x39,
    0xA5, 0x39, 0x85, 0x31, 0x85, 0x31, 0x64, 0x31, 0x64, 0x31, 0x64, 0x29, 0x64, 0x29, 0x44, 0x29,
    0x44, 0x29, 0x44, 0x29, 0x44, 0x29, 0x24, 0x21, 0x03, 0x21, 0x03, 0x21, 0x03, 0x21, 0x03, 0x21,
    0x03, 0x21, 0x23, 0x21, 0x23, 0x21, 0x23, 0x21, 0x23, 0x21, 0x24, 0x21, 0x24, 0x21, 0x03, 0x21,
    0x03, 0x21, 0x24, 0x21, 0x44, 0x29, 0x65, 0x29, 0x65, 0x31, 0x85, 0x31, 0x85, 0x31, 0xC6, 0x39,
    0xE7, 0x39, 0xE7, 0x41, 0xE7, 0x39, 0xE6, 0x39, 0xE7, 0x41, 0x27, 0x42, 0x68, 0x4A, 0x89, 0x52,
    0xA9, 0x52, 0xC9, 0x5A, 0xC9, 0x5A, 0xC9, 0x5A, 0x0A, 0x63, 0x4B, 0x6B, 0x8C, 0x73, 0x8D, 0x7B,
    0xCD, 0x7B, 0xEE, 0x83, 0x0E, 0x84, 0x2F, 0x84, 0x4F, 0x8C, 0x70, 0x8C, 0x90, 0x94, 0x70, 0x94,
    0x70, 0x94, 0x90, 0x94, 0x90, 0x94, 0x90, 0x94, 0x90, 0x94, 0x90, 0x94, 0x90, 0x94, 0x90, 0x94,
    0x90, 0x94, 0x91, 0x94, 0x91, 0x94, 0xB1, 0x9C, 0xB1, 0x9C, 0xB1, 0x9C, 0x90, 0x94, 0x70, 0x94,
    0x70, 0x94, 0x70, 0x94, 0x70, 0x94, 0x70, 0x94, 0x70, 0x94, 0x90, 0x94, 0xB1, 0x9C, 0xB1, 0x9C,
    0xB1, 0x9C, 0xB1, 0x9C, 0xB1, 0x9C, 0x90, 0x94, 0x70, 0x94, 0x70, 0x94, 0x70, 0x94, 0x70, 0x94,
    0x70, 0x94, 0x70, 0x94, 0x70, 0x94, 0x70, 0x94, 0x70, 0x94, 0x70, 0x94, 0x70, 0x94, 0x90, 0x94,
    0x70, 0x94, 0x6F, 0x94, 0x4F, 0x8C, 0x4F, 0x8C, 0x2E, 0x8C, 0x2E, 0x8C, 0x2F, 0x8C, 0x2F, 0x8C,
    0x2F, 0x8C, 0x2F, 0x8C, 0x2F, 0x8C, 0x0E, 0x8C, 0x0E, 0x84, 0xEE, 0x83, 0xCD, 0x83, 0xCD, 0x83,
    0xAD, 0x83, 0xCD, 0x83, 0xCD, 0x83, 0xAD, 0x83, 0xAD, 0x83, 0xAD, 0x83, 0xAD, 0x83, 0xAD, 0x83,
    0xAD, 0x83, 0xAD, 0x83, 0xAD, 0x83, 0xAD, 0x83, 0xAD, 0x83, 0xAC, 0x7B, 0xAC, 0x7B, 0xAD, 0x83,
    0xAD, 0x83, 0xAD, 0x83, 0xCD, 0x83, 0xCD, 0x83, 0xEE, 0x83, 0x0E, 0x8C, 0x0E, 0x8C, 0x0E, 0x8C,
    0x0E, 0x8C, 0x0E, 0x8C, 0x0E, 0x8C, 0x0E, 0x8C, 0x0E, 0x8C, 0x2E, 0x8C, 0x2E, 0x8C, 0x2E, 0x8C,
    0x2F, 0x94, 0x4F, 0x94, 0x4F, 0x94, 0x50, 0x94, 0x70, 0x94, 0x70, 0x94, 0x4F, 0x94, 0x4F, 0x8C,
    0x2F, 0x8C, 0x2F, 0x8C, 0x2F, 0x8C, 0x2F, 0x8C, 0x2F, 0x8C, 0x4F, 0x8C, 0x4F, 0x8C, 0x4F, 0x8C,
    0x4F, 0x8C, 0x4F, 0x8C, 0x4F, 0x8C, 0x4F, 0x8C, 0x70, 0x8C, 0x90, 0x94, 0x90, 0x94, 0x90, 0x94,
    0x90, 0x94, 0x90, 0x94, 0x90, 0x94, 0x90, 0x94, 0x90, 0x94, 0x90, 0x94, 0x70, 0x94, 0x70, 0x94,
    0x70, 0x94, 0x70, 0x94, 0x70, 0x94, 0x70, 0x94, 0x70, 0x94, 0x70, 0x8C, 0x4F, 0x8C, 0x4F, 0x8C,
    0x2F, 0x8C, 0x2F, 0x8C, 0x0E, 0x84, 0x0E, 0x84, 0x0E, 0x84, 0xEE, 0x83, 0xEE, 0x83, 0xEE, 0x83,
    0xCD, 0x7B, 0xAD, 0x7B, 0xAC, 0x73, 0x8C, 0x73, 0x8C, 0x73, 0x6C, 0x73, 0x6C, 0x73, 0x6C, 0x6B,
    0x4B, 0x6B, 0x4B, 0x6B, 0x4B, 0x6B, 0x2B, 0x6B, 0x2B, 0x6B, 0x2B, 0x6B, 0x2B, 0x63, 0x2B, 0x63,
    0x2B, 0x63, 0x2B, 0x6B, 0x2B, 0x6B, 0x2B, 0x6B, 0x0B, 0x63, 0x0B, 0x63, 0x2B, 0x6B, 0x4B, 0x6B,
    0x6B, 0x6B, 0x6C, 0x73, 0x8C, 0x73, 0x8C, 0x73, 0x8C, 0x73, 0xCD, 0x7B, 0xED, 0x7B, 0x4F, 0x8C,
    0x12, 0xA5, 0x94, 0xB5, 0xD5, 0xBD, 0x57, 0xCE, 0x98, 0xD6, 0xFA, 0xE6, 0x1A, 0xE7, 0x3A, 0xE7,
    0x1A, 0xE7, 0x1A, 0xE7, 0x1A, 0xE7, 0xFA, 0xE6, 0xFA, 0xE6, 0xFA, 0xE6, 0xF9, 0xDE, 0xD9, 0xDE,
    0xD9, 0xDE, 0xB9, 0xDE, 0xB9, 0xDE, 0xB9, 0xDE, 0xB9, 0xDE, 0xB9, 0xD6, 0xB9, 0xD6, 0xB9, 0xD6,
    0xB9, 0xD6, 0xB9, 0xDE, 0x98, 0xDE, 0x78, 0xD6, 0x78, 0xD6, 0x78, 0xD6, 0x78, 0xD6, 0x78, 0xD6,
    0x1C, 0xDF, 0x1C, 0xDF, 0x1C, 0xDF, 0x1C, 0xDF, 0x1C, 0xDF, 0x1C, 0xDF, 0x1C, 0xDF, 0x1C, 0xDF,
    0x1C, 0xDF, 0x1C, 0xDF, 0x1D, 0xDF, 0x1C, 0xDF, 0x1C, 0xDF, 0x1C, 0xDF, 0x1C, 0xDF, 0x1C, 0xDF,
    0x1C, 0xDF, 0x1C, 0xDF, 0x1C, 0xDF, 0x1C, 0xDF, 0x1C, 0xDF, 0x1C, 0xDF, 0x1B, 0xDF, 0x1B, 0xDF,
    0x1B, 0xDF, 0x1B, 0xDF, 0x1B, 0xDF, 0x1B, 0xDF, 0x1B, 0xDF, 0x1B, 0xDF, 0x1B, 0xDF, 0xFB, 0xDE,
    0xFB, 0xDE, 0xFB, 0xDE, 0xFB, 0xDE, 0xFB, 0xDE, 0xFB, 0xD6, 0xFB, 0xD6, 0xFB, 0xD6, 0xFB, 0xD6,
    0xDA, 0xD6, 0xBA, 0xCE, 0x99, 0xCE, 0x59, 0xCE, 0x58, 0xC6, 0x38, 0xC6, 0xF7, 0xBD, 0x75, 0xAD,
    0x34, 0xA5, 0x50, 0x84, 0x4B, 0x6B, 0xA9, 0x52, 0x48, 0x4A, 0x47, 0x4A, 0x48, 0x4A, 0x27, 0x4A,
    0x06, 0x42, 0xE6, 0x41, 0xE6, 0x41, 0xE6, 0x39, 0xC5, 0x39, 0xA5, 0x39, 0x85, 0x31, 0x84, 0x31,
    0x85, 0x31, 0x64, 0x31, 0x64, 0x31, 0x64, 0x31, 0x64, 0x31, 0x64, 0x29, 0x64, 0x29, 0x23, 0x21,
    0x23, 0x21, 0x23, 0x21, 0x24, 0x21, 0x03, 0x21, 0xE3, 0x20, 0xE3, 0x18, 0xE3, 0x18, 0xE3, 0x20,
    0x03, 0x21, 0x03, 0x21, 0x03, 0x21, 0x03, 0x21, 0x03, 0x21, 0x03, 0x21, 0x03, 0x21, 0x03, 0x21,
    0x24, 0x21, 0x24, 0x29, 0x44, 0x29, 0x65, 0x29, 0x85, 0x31, 0xC6, 0x39, 0xA6, 0x39, 0xA6, 0x39,
    0xA6, 0x31, 0xA5, 0x31, 0xA5, 0x31, 0x85, 0x31, 0xA5, 0x31, 0xC6, 0x39, 0x27, 0x4A, 0x68, 0x52,
    0x88, 0x52, 0xA9, 0x5A, 0xC9, 0x5A, 0xC9, 0x5A, 0x0A, 0x63, 0x4B, 0x6B, 0x8C, 0x73, 0x8D, 0x7B,
    0xCD, 0x7B, 0xEE, 0x83, 0x2F, 0x8C, 0x4F, 0x8C, 0x70, 0x8C, 0x70, 0x8C, 0x90, 0x94, 0x70, 0x94,
    0x70, 0x94, 0x90, 0x94, 0x90, 0x94, 0x90, 0x94, 0x90, 0x94, 0x90, 0x94, 0x90, 0x94, 0x90, 0x94,
    0x90, 0x94, 0x91, 0x94, 0x91, 0x94, 0xB1, 0x9C, 0xB1, 0x9C, 0xB1, 0x9C, 0x90, 0x94, 0x70, 0x94,
    0x4F, 0x94, 0x4F, 0x8C, 0x4F, 0x8C, 0x6F, 0x8C, 0x70, 0x94, 0x90, 0x94, 0xB1, 0x9C, 0xB1, 0x9C,
    0xB1, 0x9C, 0xB1, 0x9C, 0x90, 0x9C, 0x70, 0x94, 0x4F, 0x94, 0x70, 0x94, 0x70, 0x94, 0x70, 0x94,
    0x70, 0x94, 0x70, 0x94, 0x70, 0x94, 0x70, 0x94, 0x70, 0x94, 0x70, 0x94, 0x70, 0x94, 0x70, 0x94,
    0x6F, 0x94, 0x4F, 0x94, 0x4F, 0x94, 0x4F, 0x8C, 0x2E, 0x8C, 0x2E, 0x8C, 0x2E, 0x8C, 0x2E, 0x8C,
    0x2E, 0x8C, 0x2F, 0x8C, 0x2F, 0x8C, 0x0E, 0x8C, 0x0E, 0x84, 0xEE, 0x83, 0xCD, 0x83, 0xCD, 0x83,
    0xAD, 0x83, 0xCD, 0x83, 0xCD, 0x83, 0xAD, 0x83, 0xAD, 0x83, 0xAD, 0x83, 0xAD, 0x83, 0xAD, 0x83,
    0xAD, 0x83, 0xAD, 0x83, 0xAD, 0x83, 0xAD, 0x83, 0xAC, 0x7B, 0xAC, 0x7B, 0xAC, 0x7B, 0xAC, 0x7B,
    0xAC, 0x7B, 0xAD, 0x7B, 0xAD, 0x7B, 0xAD, 0x83, 0xCD, 0x83, 0x0E, 0x8C, 0xEE, 0x8B, 0xEE, 0x83,
    0xEE, 0x8B, 0xEE, 0x8B, 0x0E, 0x8C, 0x0E, 0x8C, 0x0E, 0x8C, 0xEE, 0x8B, 0xEE, 0x83, 0xEE, 0x8B,
    0x0E, 0x8C, 0x0E, 0x8C, 0x2F, 0x8C, 0x4F, 0x8C, 0x50, 0x94, 0x70, 0x94, 0x4F, 0x8C, 0x4F, 0x8C,
    0x4F, 0x8C, 0x2F, 0x8C, 0x2F, 0x8C, 0x0E, 0x8C, 0x2F, 0x8C, 0x4F, 0x8C, 0x4F, 0x8C, 0x4F, 0x8C,
    0x4F, 0x8C, 0x4F, 0x8C, 0x4F, 0x8C, 0x4F, 0x8C, 0x4F, 0x8C, 0x70, 0x8C, 0x70, 0x94, 0x70, 0x94,
    0x90, 0x94, 0x90, 0x94, 0x90, 0x94, 0x90, 0x94, 0x90, 0x94, 0x90, 0x94, 0x70, 0x94, 0x70, 0x94,
    0x70, 0x94, 0x70, 0x94, 0x70, 0x94, 0x70, 0x94, 0x70, 0x94, 0x70, 0x94, 0x4F, 0x8C, 0x4F, 0x8C,
    0x4F, 0x8C, 0x2F, 0x8C, 0x2E, 0x84, 0x0E, 0x84, 0x0E, 0x84, 0xEE, 0x83, 0xEE, 0x83, 0xED, 0x7B,
    0xAD, 0x7B, 0xAC, 0x73, 0x8C, 0x73, 0x6C, 0x73, 0x6C, 0x73, 0x6C, 0x73, 0x6C, 0x6B, 0x6B, 0x6B,
    0x4B, 0x6B, 0x4B, 0x6B, 0x4B, 0x6B, 0x4B, 0x6B, 0x2B, 0x6B, 0x2B, 0x6B, 0x2B, 0x63, 0x2A, 0x63,
    0x2A, 0x63, 0x2B, 0x63, 0x2B, 0x63, 0x2B, 0x63, 0x0A, 0x63, 0x0A, 0x63, 0x0A, 0x63, 0x2B, 0x6B,
    0x4B, 0x6B, 0x4B, 0x6B, 0x6C, 0x73, 0x8C, 0x73, 0x8C, 0x73, 0xAD, 0x7B, 0xCD, 0x7B, 0xEE, 0x83,
    0xB1, 0x9C, 0x74, 0xB5, 0xF6, 0xC5, 0x78, 0xD6, 0xB9, 0xD6, 0xD9, 0xDE, 0xD9, 0xDE, 0xFA, 0xE6,
    0xFA, 0xE6, 0xFA, 0xE6, 0xFA, 0xE6, 0xFA, 0xE6, 0xFA, 0xE6, 0xFA, 0xE6, 0xFA, 0xE6, 0xD9, 0xDE,
    0xD9, 0xDE, 0xB9, 0xDE, 0xB9, 0xDE, 0xB9, 0xDE, 0xB9, 0xDE, 0x98, 0xD6, 0x98, 0xD6, 0x98, 0xD6,
    0x98, 0xD6, 0x98, 0xD6, 0x98, 0xD6, 0x78, 0xD6, 0x78, 0xD6, 0x78, 0xD6, 0x78, 0xD6, 0x57, 0xD6,
    0x1D, 0xDF, 0x1C, 0xDF, 0x1C, 0xDF, 0x1D, 0xDF, 0x1D, 0xDF, 0x1C, 0xDF, 0x1C, 0xDF, 0x1C, 0xDF,
    0x1C, 0xDF, 0x1D, 0xDF, 0x1D, 0xDF, 0x1D, 0xDF, 0x1D, 0xDF, 0x1D, 0xDF, 0x1C, 0xDF, 0x1C, 0xDF,
    0x1C, 0xDF, 0x1C, 0xDF, 0x1C, 0xDF, 0x1C, 0xDF, 0x1C, 0xDF, 0x1C, 0xDF, 0x1C, 0xDF, 0x1C, 0xDF,
    0x1B, 0xDF, 0x1B, 0xDF, 0x1B, 0xDF, 0x1B, 0xDF, 0x1B, 0xDF, 0x1C, 0xDF, 0x1B, 0xDF, 0x1B, 0xDF,
    0xFB, 0xDE, 0x1B, 0xDF, 0x1C, 0xDF, 0x1C, 0xDF, 0x1C, 0xDF, 0xFB, 0xDE, 0xFB, 0xDE, 0xFB, 0xDE,
    0xDB, 0xD6, 0xBA, 0xD6, 0x9A, 0xCE, 0x59, 0xCE, 0xF7, 0xBD, 0x96, 0xB5, 0x55, 0xAD, 0xF3, 0x9C,
    0x30, 0x84, 0x6C, 0x6B, 0x0A, 0x5B, 0xA9, 0x52, 0x48, 0x4A, 0x28, 0x42, 0x28, 0x4A, 0x27, 0x42,
    0x06, 0x42, 0xE6, 0x39, 0xE6, 0x39, 0xE6, 0x39, 0xC6, 0x39, 0xA5, 0x39, 0x85, 0x31, 0x85, 0x31,
    0x64, 0x31, 0x64, 0x31, 0x64, 0x29, 0x64, 0x29, 0x44, 0x29, 0x44, 0x29, 0x44, 0x29, 0x24, 0x29,
    0x24, 0x21, 0x24, 0x21, 0x03, 0x21, 0x03, 0x21, 0xE3, 0x18, 0xC2, 0x18, 0xC2, 0x18, 0xE3, 0x18,
    0xE3, 0x20, 0xE3, 0x20, 0x03, 0x21, 0x03, 0x21, 0x03, 0x21, 0x03, 0x21, 0x03, 0x21, 0x24, 0x21,
    0x24, 0x21, 0x24, 0x29, 0x44, 0x29, 0x44, 0x29, 0x65, 0x29, 0x85, 0x31, 0xA6, 0x31, 0xC6, 0x39,
    0xE7, 0x39, 0xE6, 0x39, 0xC6, 0x39, 0xC6, 0x39, 0xE6, 0x39, 0x07, 0x42, 0x27, 0x42, 0x47, 0x4A,
    0x47, 0x4A, 0xA9, 0x52, 0xA9, 0x52, 0xA9, 0x52, 0xEA, 0x62, 0x2B, 0x6B, 0x6C, 0x73, 0xAD, 0x7B,
    0xCD, 0x7B, 0xEE, 0x83, 0x2F, 0x8C, 0x4F, 0x8C, 0x70, 0x94, 0x6F, 0x94, 0x70, 0x94, 0x70, 0x94,
    0x70, 0x94, 0x70, 0x94, 0x70, 0x94, 0x90, 0x94, 0x90, 0x94, 0x90, 0x94, 0x90, 0x94, 0x90, 0x94,
    0x90, 0x94, 0x90, 0x94, 0x90, 0x94, 0x90, 0x94, 0x90, 0x94, 0x90, 0x94, 0x90, 0x94, 0x70, 0x94,
    0x4F, 0x8C, 0x4F, 0x8C, 0x4F, 0x8C, 0x4F, 0x94, 0x70, 0x94, 0x90, 0x94, 0xB0, 0x94, 0xB1, 0x94,
    0xB1, 0x94, 0x90, 0x94, 0x90, 0x94, 0x70, 0x94, 0x4F, 0x94, 0x4F, 0x94, 0x4F, 0x94, 0x6F, 0x94,
    0x70, 0x94, 0x70, 0x94, 0x70, 0x94, 0x70, 0x94, 0x70, 0x94, 0x70, 0x94, 0x70, 0x94, 0x4F, 0x94,
    0x4F, 0x94, 0x4F, 0x94, 0x4F, 0x8C, 0x2F, 0x8C, 0x2E, 0x8C, 0x2E, 0x8C, 0x2E, 0x8C, 0x2E, 0x8C,
    0x2E, 0x8C, 0x0E, 0x8C, 0x0E, 0x8C, 0x0E, 0x84, 0xEE, 0x83, 0xED, 0x83, 0xCD, 0x83, 0xAD, 0x83,
    0xAD, 0x83, 0xAD, 0x83, 0xAD, 0x83, 0xAD, 0x83, 0xAD, 0x83, 0xAD, 0x83, 0xAD, 0x83, 0xAD, 0x83,
    0xAD, 0x83, 0xAD, 0x83, 0xAD, 0x83, 0xAD, 0x83, 0xAD, 0x83, 0xAC, 0x7B, 0x8C, 0x7B, 0x8C, 0x7B,
    0x6C, 0x7B, 0x8C, 0x7B, 0xAD, 0x83, 0xAD, 0x83, 0xAD, 0x83, 0xAD, 0x83, 0xAD, 0x83, 0xCD, 0x83,
    0xCD, 0x83, 0xCD, 0x83, 0xED, 0x83, 0xED, 0x83, 0xCD, 0x83, 0xCD, 0x83, 0xCD, 0x83, 0xED, 0x83,
    0xEE, 0x83, 0x0E, 0x8C, 0x0E, 0x8C, 0x2F, 0x8C, 0x4F, 0x8C, 0x4F, 0x94, 0x4F, 0x8C, 0x4F, 0x8C,
    0x4F, 0x8C, 0x2F, 0x8C, 0x2E, 0x8C, 0x2E, 0x8C, 0x0E, 0x84, 0x0E, 0x84, 0x4F, 0x8C, 0x4F, 0x8C,
    0x4F, 0x8C, 0x4F, 0x8C, 0x2F, 0x8C, 0x4F, 0x8C, 0x4F, 0x8C, 0x4F, 0x8C, 0x4F, 0x8C, 0x70, 0x8C,
    0x70, 0x94, 0x70, 0x94, 0x70, 0x94, 0x90, 0x94, 0x90, 0x94, 0x90, 0x94, 0x70, 0x94, 0x70, 0x94,
    0x70, 0x94, 0x70, 0x94, 0x70, 0x94, 0x70, 0x94, 0x70, 0x94, 0x70, 0x8C, 0x4F, 0x8C, 0x4F, 0x8C,
    0x4F, 0x8C, 0x2F, 0x8C, 0x2E, 0x84, 0x0E, 0x84, 0x0E, 0x84, 0xEE, 0x83, 0xEE, 0x83, 0xED, 0x7B,
    0xAD, 0x7B, 0x8C, 0x73, 0x8C, 0x73, 0x6C, 0x73, 0x6C, 0x6B, 0x6C, 0x6B, 0x6C, 0x6B, 0x6B, 0x6B,
    0x6B, 0x6B, 0x4B, 0x6B, 0x2B, 0x6B, 0x2B, 0x6B, 0x2B, 0x6B, 0x2B, 0x63, 0x2B, 0x63, 0x0B, 0x63,
    0x0B, 0x63, 0x0B, 0x63, 0x0B, 0x63, 0x0B, 0x63, 0x0A, 0x63, 0x0A, 0x63, 0x0B, 0x63, 0x2B, 0x63,
    0x2B, 0x6B, 0x4B, 0x6B, 0x6B, 0x6B, 0x8C, 0x73, 0xAC, 0x73, 0xAD, 0x7B, 0xCD, 0x7B, 0x2F, 0x8C,
    0xD1, 0x9C, 0x74, 0xB5, 0xD5, 0xBD, 0x37, 0xCE, 0x98, 0xD6, 0xB8, 0xD6, 0xB9, 0xD6, 0xB9, 0xDE,
    0xD9, 0xDE, 0xD9, 0xDE, 0xD9, 0xDE, 0xF9, 0xDE, 0xFA, 0xE6, 0xFA, 0xE6, 0xFA, 0xDE, 0xD9, 0xDE,
    0xD9, 0xDE, 0xD9, 0xDE, 0xD9, 0xDE, 0xD9, 0xDE, 0xB9, 0xD6, 0x98, 0xD6, 0x98, 0xD6, 0x98, 0xD6,
    0x98, 0xD6, 0x98, 0xD6, 0x78, 0xD6, 0x78, 0xD6, 0x78, 0xD6, 0x58, 0xD6, 0x57, 0xD6, 0x37, 0xCE,
    0x1D, 0xDF, 0x1C, 0xDF, 0x1D, 0xDF, 0x1D, 0xDF, 0x1D, 0xDF, 0x1C, 0xDF, 0x1C, 0xDF, 0x1C, 0xDF,
    0x1C, 0xDF, 0x1D, 0xDF, 0x1D, 0xDF, 0x1D, 0xDF, 0x1D, 0xDF, 0x1D, 0xDF, 0x1C, 0xDF, 0x1C, 0xDF,
    0x1C, 0xDF, 0x1C, 0xDF, 0x1C, 0xDF, 0x1C, 0xDF, 0x1C, 0xDF, 0x1C, 0xDF, 0x1C, 0xDF, 0x1C, 0xDF,
    0x1B, 0xDF, 0x1B, 0xDF, 0x1B, 0xDF, 0x1B, 0xDF, 0x1B, 0xDF, 0x1C, 0xDF, 0x1B, 0xDF, 0xFB, 0xDE,
    0xFB, 0xDE, 0x1C, 0xDF, 0x1C, 0xDF, 0x1C, 0xDF, 0x1C, 0xDF, 0xFB, 0xDE, 0xFB, 0xDE, 0xFB, 0xDE,
    0xDB, 0xD6, 0xBA, 0xD6, 0x9A, 0xCE, 0x79, 0xCE, 0x18, 0xC6, 0xD7, 0xB5, 0xB6, 0xB5, 0x34, 0xA5,
    0x71, 0x8C, 0xCE, 0x7B, 0x0B, 0x63, 0xA9, 0x52, 0x48, 0x4A, 0x28, 0x42, 0x28, 0x42, 0x27, 0x42,
    0x07, 0x42, 0xE7, 0x41, 0x06, 0x42, 0x06, 0x42, 0xE6, 0x41, 0xC6, 0x39, 0xA5, 0x39, 0xA5, 0x39,
    0x85, 0x31, 0x64, 0x31, 0x44, 0x29, 0x44, 0x29, 0x23, 0x21, 0x23, 0x21, 0x23, 0x21, 0x03, 0x21,
    0x03, 0x21, 0x03, 0x21, 0x03, 0x21, 0x03, 0x21, 0xE3, 0x20, 0xE3, 0x18, 0xE3, 0x18, 0xE3, 0x18,
    0xE3, 0x18, 0xE3, 0x20, 0x03, 0x21, 0x03, 0x21, 0x03, 0x21, 0x03, 0x21, 0x03, 0x21, 0x24, 0x21,
    0x24, 0x21, 0x24, 0x29, 0x24, 0x29, 0x24, 0x29, 0x24, 0x29, 0x44, 0x29, 0x65, 0x29, 0xA6, 0x31,
    0xE7, 0x41, 0x27, 0x42, 0x07, 0x42, 0x27, 0x42, 0x48, 0x4A, 0x68, 0x4A, 0x89, 0x52, 0xA9, 0x52,
    0xC9, 0x5A, 0xCA, 0x5A, 0xEA, 0x5A, 0xEA, 0x5A, 0xEA, 0x62, 0x4B, 0x6B, 0x6C, 0x73, 0xCE, 0x7B,
    0xEE, 0x83, 0x0E, 0x84, 0x2F, 0x8C, 0x4F, 0x8C, 0x70, 0x94, 0x6F, 0x94, 0x70, 0x94, 0x70, 0x94,
    0x70, 0x94, 0x70, 0x94, 0x70, 0x94, 0x90, 0x94, 0x90, 0x94, 0x90, 0x94, 0x90, 0x94, 0x90, 0x94,
    0x90, 0x94, 0x90, 0x94, 0x90, 0x94, 0x90, 0x94, 0x90, 0x94, 0x90, 0x94, 0x90, 0x94, 0x70, 0x94,
    0x4F, 0x8C, 0x4F, 0x94, 0x4F, 0x94, 0x70, 0x94, 0x70, 0x94, 0x90, 0x94, 0xB0, 0x94, 0xB1, 0x94,
    0xB1, 0x94, 0x90, 0x94, 0x70, 0x94, 0x4F, 0x94, 0x4F, 0x94, 0x4F, 0x94, 0x4F, 0x94, 0x6F, 0x94,
    0x6F, 0x94, 0x70, 0x94, 0x70, 0x94, 0x70, 0x94, 0x70, 0x94, 0x70, 0x94, 0x70, 0x94, 0x4F, 0x94,
    0x4F, 0x94, 0x2F, 0x8C, 0x2E, 0x8C, 0x0E, 0x8C, 0x0E, 0x8C, 0x0E, 0x8C, 0x2E, 0x8C, 0x2E, 0x8C,
    0x2E, 0x8C, 0x0E, 0x8C, 0xEE, 0x83, 0xEE, 0x83, 0xED, 0x83, 0xCD, 0x83, 0xAD, 0x83, 0xAD, 0x83,
    0xAD, 0x83, 0xAD, 0x83, 0xAD, 0x83, 0xAD, 0x83, 0xAD, 0x83, 0xAD, 0x83, 0xAD, 0x83, 0xAD, 0x83,
    0xAD, 0x83, 0xAD, 0x83, 0xAD, 0x83, 0xAD, 0x83, 0xAD, 0x83, 0xAC, 0x7B, 0x8C, 0x7B, 0x6C, 0x7B,
    0x6B, 0x73, 0x8C, 0x7B, 0xAD, 0x83, 0xAD, 0x83, 0xAD, 0x83, 0xAD, 0x83, 0xAD, 0x83, 0xCD, 0x83,
    0xCD, 0x83, 0xCD, 0x83, 0xCD, 0x83, 0xAD, 0x83, 0xAC, 0x7B, 0xAC, 0x83, 0xAD, 0x83, 0xCD, 0x83,
    0xED, 0x83, 0xEE, 0x8B, 0x0E, 0x8C, 0x2E, 0x8C, 0x2F, 0x8C, 0x4F, 0x8C, 0x4F, 0x8C, 0x4F, 0x8C,
    0x4F, 0x8C, 0x2F, 0x8C, 0x2E, 0x8C, 0x0E, 0x84, 0x0E, 0x84, 0x0E, 0x84, 0x2F, 0x8C, 0x2F, 0x8C,
    0x2F, 0x8C, 0x2F, 0x8C, 0x2F, 0x8C, 0x2F, 0x8C, 0x2F, 0x84, 0x2F, 0x8C, 0x4F, 0x8C, 0x4F, 0x8C,
    0x4F, 0x8C, 0x70, 0x94, 0x70, 0x94, 0x70, 0x94, 0x70, 0x94, 0x70, 0x94, 0x70, 0x94, 0x70, 0x94,
    0x70, 0x94, 0x70, 0x94, 0x70, 0x94, 0x70, 0x94, 0x70, 0x94, 0x4F, 0x8C, 0x4F, 0x8C, 0x4F, 0x8C,
    0x4F, 0x8C, 0x2F, 0x8C, 0x2E, 0x84, 0x0E, 0x84, 0x0E, 0x84, 0xEE, 0x83, 0xEE, 0x83, 0xED, 0x7B,
    0xCD, 0x7B, 0xAD, 0x7B, 0x8C, 0x73, 0x8C, 0x73, 0x6C, 0x73, 0x6C, 0x73, 0x6C, 0x6B, 0x6C, 0x6B,
    0x4B, 0x6B, 0x4B, 0x6B, 0x4B, 0x6B, 0x2B, 0x6B, 0x2B, 0x63, 0x2A, 0x63, 0x2B, 0x63, 0x0B, 0x63,
    0x0B, 0x63, 0x0B, 0x63, 0x0B, 0x63, 0x0B, 0x63, 0x0B, 0x63, 0x0B, 0x63, 0x0B, 0x63, 0x2B, 0x63,
    0x2B, 0x6B, 0x4B, 0x6B, 0x4B, 0x6B, 0x6C, 0x73, 0xAC, 0x73, 0xCD, 0x7B, 0xED, 0x7B, 0x4F, 0x8C,
    0xF2, 0xA4, 0x94, 0xB5, 0xF6, 0xBD, 0x37, 0xC6, 0x37, 0xCE, 0xB8, 0xD6, 0xD9, 0xDE, 0xD9, 0xDE,
    0xD9, 0xDE, 0xD9, 0xDE, 0xD9, 0xDE, 0xD9, 0xDE, 0xD9, 0xDE, 0xD9, 0xDE, 0xD9, 0xDE, 0xB9, 0xDE,
    0xB9, 0xDE, 0xB9, 0xDE, 0xB9, 0xDE, 0xB9, 0xDE, 0xB9, 0xD6, 0x98, 0xD6, 0x98, 0xD6, 0x98, 0xD6,
    0x98, 0xD6, 0x98, 0xD6, 0x78, 0xD6, 0x78, 0xD6, 0x78, 0xD6, 0x57, 0xD6, 0x37, 0xCE, 0x37, 0xCE,
    0x3D, 0xE7, 0x3D, 0xE7, 0x3D, 0xE7, 0x3D, 0xE7, 0x1D, 0xDF, 0x1C, 0xE7, 0x3C, 0xE7, 0x1C, 0xDF,
    0x1C, 0xDF, 0x1C, 0xDF, 0x1D, 0xDF, 0x1D, 0xDF, 0x1D, 0xDF, 0x1D, 0xDF, 0x1C, 0xDF, 0x1C, 0xDF,
    0x1C, 0xDF, 0x1C, 0xDF, 0x1C, 0xDF, 0x1C, 0xDF, 0x1C, 0xDF, 0x1C, 0xDF, 0x1C, 0xDF, 0x1C, 0xDF,
    0x1C, 0xDF, 0x1C, 0xDF, 0x1C, 0xDF, 0x1C, 0xDF, 0x1C, 0xDF, 0x1B, 0xDF, 0x1B, 0xDF, 0x1B, 0xDF,
    0x1B, 0xDF, 0x1C, 0xDF, 0x1C, 0xDF, 0x1C, 0xDF, 0x1C, 0xDF, 0xFC, 0xDE, 0xFB, 0xDE, 0xFB, 0xDE,
    0xDB, 0xD6, 0xBA, 0xD6, 0x9A, 0xCE, 0x79, 0xCE, 0x59, 0xCE, 0x59, 0xC6, 0x38, 0xC6, 0xB6, 0xB5,
    0x54, 0xA5, 0xF2, 0x9C, 0xAD, 0x73, 0xA9, 0x52, 0x48, 0x4A, 0x27, 0x42, 0x27, 0x42, 0x27, 0x42,
    0x27, 0x42, 0x27, 0x42, 0x27, 0x42, 0x27, 0x42, 0x07, 0x42, 0xE6, 0x41, 0xC6, 0x39, 0xC6, 0x39,
    0xA5, 0x39, 0x64, 0x31, 0x44, 0x29, 0x44, 0x29, 0x03, 0x21, 0x03, 0x21, 0x03, 0x21, 0x03, 0x21,
    0xE3, 0x20, 0xE3, 0x20, 0x03, 0x21, 0x03, 0x21, 0x03, 0x21, 0x03, 0x21, 0x03, 0x21, 0xE3, 0x20,
    0xE3, 0x20, 0xE3, 0x20, 0x03, 0x21, 0x03, 0x21, 0x03, 0x21, 0x03, 0x21, 0x24, 0x29, 0x44, 0x29,
    0x44, 0x29, 0x24, 0x29, 0x24, 0x29, 0x24, 0x29, 0x24, 0x29, 0x24, 0x29, 0x24, 0x29, 0x65, 0x29,
    0xA6, 0x31, 0xE6, 0x39, 0x07, 0x42, 0x48, 0x4A, 0x89, 0x52, 0xA9, 0x52, 0xEA, 0x5A, 0x0B, 0x63,
    0x2B, 0x63, 0x6C, 0x6B, 0x6C, 0x6B, 0x6C, 0x6B, 0x6C, 0x6B, 0xAD, 0x7B, 0xEE, 0x7B, 0xEE, 0x83,
    0x0E, 0x84, 0x2F, 0x8C, 0x2F, 0x8C, 0x4F, 0x8C, 0x70, 0x94, 0x70, 0x94, 0x70, 0x94, 0x70, 0x8C,
    0x70, 0x8C, 0x70, 0x94, 0x70, 0x94, 0x90, 0x94, 0x90, 0x94, 0x90, 0x94, 0x90, 0x94, 0x90, 0x94,
    0x90, 0x94, 0x90, 0x94, 0x70, 0x94, 0x70, 0x94, 0x70, 0x94, 0x70, 0x94, 0x70, 0x94, 0x70, 0x94,
    0x70, 0x94, 0x70, 0x94, 0x70, 0x94, 0x70, 0x94, 0x70, 0x94, 0x90, 0x94, 0x90, 0x94, 0xB1, 0x9C,
    0x90, 0x94, 0x70, 0x94, 0x4F, 0x94, 0x4F, 0x8C, 0x4F, 0x8C, 0x4F, 0x94, 0x4F, 0x94, 0x4F, 0x94,
    0x6F, 0x94, 0x70, 0x94, 0x70, 0x94, 0x70, 0x94, 0x6F, 0x94, 0x6F, 0x94, 0x6F, 0x94, 0x4F, 0x94,
    0x2F, 0x8C, 0x2E, 0x8C, 0x2E, 0x8C, 0x0E, 0x8C, 0x0E, 0x8C, 0x0E, 0x8C, 0x0E, 0x8C, 0x0E, 0x8C,
    0x0E, 0x8C, 0xEE, 0x83, 0xED, 0x83, 0xED, 0x83, 0xCD, 0x83, 0xAD, 0x83, 0xAD, 0x83, 0xAD, 0x83,
    0xAD, 0x83, 0xAD, 0x83, 0xAD, 0x83, 0xAD, 0x83, 0xAD, 0x83, 0xAD, 0x83, 0xAD, 0x83, 0xAD, 0x83,
    0xAD, 0x83, 0xAD, 0x83, 0xAD, 0x83, 0xAD, 0x83, 0xAD, 0x83, 0xAC, 0x7B, 0x8C, 0x7B, 0x6C, 0x7B,
    0x6B, 0x73, 0x8C, 0x7B, 0xAD, 0x83, 0xAD, 0x83, 0xAD, 0x83, 0xAD, 0x83, 0xAD, 0x83, 0xCD, 0x83,
    0xCD, 0x83, 0xCD, 0x83, 0xCD, 0x83, 0xAC, 0x7B, 0x8C, 0x7B, 0x8C, 0x7B, 0x8C, 0x7B, 0xAC, 0x7B,
    0xCD, 0x83, 0xCD, 0x83, 0xED, 0x83, 0xEE, 0x83, 0x0E, 0x8C, 0x2F, 0x8C, 0x4F, 0x8C, 0x4F, 0x8C,
    0x4F, 0x8C, 0x4F, 0x8C, 0x2E, 0x8C, 0x0E, 0x84, 0x0E, 0x84, 0x0E, 0x84, 0x0E, 0x84, 0x0E, 0x84,
    0x2F, 0x84, 0x2F, 0x8C, 0x2F, 0x8C, 0x2F, 0x8C, 0x2F, 0x84, 0x2E, 0x84, 0x2F, 0x8C, 0x2F, 0x8C,
    0x2F, 0x8C, 0x4F, 0x8C, 0x4F, 0x8C, 0x70, 0x94, 0x70, 0x94, 0x70, 0x94, 0x70, 0x94, 0x70, 0x94,
    0x70, 0x8C, 0x70, 0x8C, 0x70, 0x8C, 0x70, 0x8C, 0x70, 0x8C, 0x4F, 0x8C, 0x4F, 0x8C, 0x4F, 0x8C,
    0x4F, 0x8C, 0x4F, 0x8C, 0x2F, 0x84, 0x0E, 0x84, 0x0E, 0x84, 0xEE, 0x83, 0xEE, 0x83, 0xEE, 0x83,
    0xCD, 0x7B, 0xCD, 0x7B, 0xAD, 0x7B, 0x8C, 0x73, 0x8C, 0x73, 0x8C, 0x73, 0x6C, 0x73, 0x6C, 0x73,
    0x6C, 0x6B, 0x4B, 0x6B, 0x4B, 0x6B, 0x2B, 0x6B, 0x2B, 0x6B, 0x2B, 0x6B, 0x0B, 0x63, 0x0B, 0x63,
    0x0B, 0x63, 0x0B, 0x63, 0x0B, 0x63, 0x0B, 0x63, 0x0B, 0x63, 0x0B, 0x63, 0x0B, 0x63, 0x2B, 0x63,
    0x2B, 0x6B, 0x4B, 0x6B, 0x4B, 0x6B, 0x6C, 0x6B, 0x8C, 0x73, 0xCD, 0x7B, 0xEE, 0x7B, 0x0E, 0x84,
    0x90, 0x94, 0x33, 0xAD, 0xF5, 0xBD, 0x78, 0xD6, 0xD9, 0xDE, 0xD9, 0xDE, 0xF9, 0xDE, 0xFA, 0xDE,
    0xF9, 0xDE, 0xD9, 0xDE, 0xD9, 0xDE, 0xD9, 0xDE, 0xB9, 0xDE, 0xB9, 0xDE, 0xB9, 0xD6, 0x98, 0xD6,
    0x98, 0xD6, 0x98, 0xD6, 0x98, 0xD6, 0xB9, 0xDE, 0xB9, 0xD6, 0x98, 0xD6, 0x98, 0xD6, 0x98, 0xD6,
    0x98, 0xD6, 0x78, 0xD6, 0x78, 0xD6, 0x78, 0xD6, 0x78, 0xD6, 0x58, 0xD6, 0x57, 0xD6, 0x57, 0xD6,
    0x3D, 0xE7, 0x3D, 0xE7, 0x3D, 0xE7, 0x3D, 0xE7, 0x3D, 0xE7, 0x3D, 0xE7, 0x3C, 0xE7, 0x1C, 0xDF,
    0x1C, 0xDF, 0x1C, 0xDF, 0x1C, 0xDF, 0x1C, 0xDF, 0x1C, 0xDF, 0x1C, 0xDF, 0x1C, 0xDF, 0x1C, 0xDF,
    0x1C, 0xDF, 0x1C, 0xDF, 0x1C, 0xDF, 0x1C, 0xDF, 0x1C, 0xDF, 0x1C, 0xDF, 0x1C, 0xDF, 0x1C, 0xDF,
    0x1C, 0xDF, 0x1C, 0xDF, 0x1C, 0xDF, 0x1C, 0xDF, 0x1C, 0xDF, 0x1C, 0xDF, 0x1C, 0xDF, 0x1B, 0xDF,
    0x1C, 0xDF, 0x1C, 0xDF, 0x1C, 0xDF, 0x1C, 0xDF, 0x1C, 0xDF, 0xFB, 0xDE, 0xFB, 0xDE, 0xFB, 0xDE,
    0xDB, 0xD6, 0xDB, 0xD6, 0xDA, 0xD6, 0x9A, 0xCE, 0x79, 0xCE, 0x79, 0xCE, 0x38, 0xC6, 0xD6, 0xB5,
    0x75, 0xAD, 0xF2, 0x9C, 0xCD, 0x7B, 0xCA, 0x5A, 0x07, 0x42, 0x07, 0x42, 0x27, 0x42, 0x27, 0x42,
    0x27, 0x42, 0x48, 0x4A, 0x47, 0x4A, 0x48, 0x4A, 0x28, 0x42, 0x07, 0x42, 0xC6, 0x39, 0xC6, 0x39,
    0xC6, 0x39, 0x85, 0x31, 0x44, 0x29, 0x24, 0x29, 0x44, 0x29, 0x24, 0x29, 0x24, 0x21, 0x24, 0x21,
    0x24, 0x21, 0x24, 0x21, 0x44, 0x29, 0x44, 0x29, 0x44, 0x29, 0x44, 0x29, 0x44, 0x29, 0x44, 0x29,
    0x44, 0x29, 0x44, 0x29, 0x44, 0x29, 0x44, 0x29, 0x44, 0x29, 0x44, 0x29, 0x44, 0x29, 0x65, 0x29,
    0x65, 0x29, 0x65, 0x29, 0x65, 0x29, 0x65, 0x29, 0x65, 0x29, 0x65, 0x29, 0x65, 0x29, 0x85, 0x31,
    0xC6, 0x39, 0xE6, 0x39, 0x07, 0x42, 0x27, 0x42, 0x28, 0x4A, 0x68, 0x4A, 0xA9, 0x52, 0xEA, 0x5A,
    0x0B, 0x63, 0x4C, 0x6B, 0x8C, 0x73, 0xAD, 0x73, 0xCD, 0x7B, 0xEE, 0x7B, 0xEE, 0x83, 0x0E, 0x84,
    0x2F, 0x8C, 0x2F, 0x8C, 0x4F, 0x8C, 0x6F, 0x8C, 0x70, 0x94, 0x70, 0x94, 0x70, 0x94, 0x70, 0x94,
    0x70, 0x94, 0x70, 0x94, 0x70, 0x94, 0x90, 0x94, 0x90, 0x94, 0x90, 0x94, 0x90, 0x94, 0x90, 0x94,
    0x90, 0x94, 0x90, 0x94, 0x90, 0x94, 0x70, 0x94, 0x70, 0x94, 0x70, 0x94, 0x90, 0x94, 0x70, 0x94,
    0x70, 0x94, 0x70, 0x94, 0x70, 0x94, 0x70, 0x94, 0x70, 0x94, 0x70, 0x94, 0x90, 0x94, 0xB1, 0x9C,
    0x90, 0x94, 0x70, 0x94, 0x50, 0x94, 0x4F, 0x8C, 0x4F, 0x8C, 0x4F, 0x8C, 0x4F, 0x8C, 0x4F, 0x94,
    0x70, 0x94, 0x70, 0x94, 0x6F, 0x94, 0x6F, 0x94, 0x6F, 0x94, 0x6F, 0x94, 0x6F, 0x94, 0x4F, 0x94,
    0x4F, 0x8C, 0x2F, 0x8C, 0x0E, 0x8C, 0x0E, 0x8C, 0x0E, 0x8C, 0x0E, 0x8C, 0x0E, 0x8C, 0x0E, 0x8C,
    0xEE, 0x83, 0xCD, 0x83, 0xCD, 0x83, 0xCD, 0x83, 0xCD, 0x83, 0xAD, 0x83, 0xAD, 0x83, 0xAD, 0x83,
    0xAD, 0x83, 0xAD, 0x83, 0xAD, 0x83, 0xAD, 0x83, 0xAD, 0x83, 0xAD, 0x83, 0xAD, 0x83, 0xAD, 0x83,
    0xAD, 0x83, 0xAC, 0x7B, 0xAC, 0x7B, 0xAC, 0x7B, 0x8C, 0x7B, 0x8C, 0x7B, 0x6B, 0x73, 0x6B, 0x73,
    0x6B, 0x73, 0x8C, 0x7B, 0x8C, 0x7B, 0x8C, 0x7B, 0x8C, 0x7B, 0x8C, 0x7B, 0x8C, 0x7B, 0x8C, 0x7B,
    0xAD, 0x83, 0xAD, 0x83, 0xAD, 0x83, 0xAC, 0x83, 0xAC, 0x7B, 0x6C, 0x7B, 0x8C, 0x7B, 0xAD, 0x83,
    0xAC, 0x7B, 0xAC, 0x7B, 0xAD, 0x83, 0xCD, 0x83, 0xED, 0x83, 0x0E, 0x8C, 0x0E, 0x8C, 0x0E, 0x8C,
    0x4F, 0x8C, 0x4F, 0x94, 0x2F, 0x8C, 0x0E, 0x84, 0x0E, 0x84, 0x2E, 0x8C, 0x2E, 0x8C, 0x2F, 0x8C,
    0x2F, 0x8C, 0x2F, 0x8C, 0x2F, 0x8C, 0x2F, 0x8C, 0x2F, 0x84, 0x2E, 0x84, 0x2E, 0x84, 0x2E, 0x84,
    0x2F, 0x8C, 0x2F, 0x8C, 0x2F, 0x8C, 0x2F, 0x8C, 0x4F, 0x8C, 0x4F, 0x94, 0x70, 0x94, 0x70, 0x8C,
    0x6F, 0x8C, 0x6F, 0x8C, 0x4F, 0x8C, 0x4F, 0x8C, 0x4F, 0x8C, 0x4F, 0x8C, 0x4F, 0x8C, 0x4F, 0x8C,
    0x4F, 0x8C, 0x4F, 0x8C, 0x2F, 0x8C, 0x2E, 0x84, 0x0E, 0x84, 0x0E, 0x84, 0xEE, 0x83, 0xED, 0x7B,
    0xCD, 0x7B, 0xCD, 0x7B, 0xAD, 0x7B, 0x8C, 0x73, 0x8C, 0x73, 0x8C, 0x73, 0x8C, 0x73, 0x6C, 0x73,
    0x6C, 0x73, 0x4B, 0x6B, 0x4B, 0x6B, 0x4B, 0x6B, 0x4B, 0x6B, 0x2B, 0x63, 0x0B, 0x63, 0x0B, 0x63,
    0x0B, 0x63, 0x0B, 0x63, 0x0B, 0x63, 0x0B, 0x63, 0x0B, 0x63, 0x0B, 0x63, 0x0B, 0x63, 0x0B, 0x63,
    0x2B, 0x6B, 0x4B, 0x6B, 0x6C, 0x6B, 0x6C, 0x73, 0xAC, 0x73, 0xCD, 0x7B, 0xEE, 0x83, 0x0E, 0x84,
    0x4F, 0x8C, 0xD1, 0x9C, 0x94, 0xB5, 0x57, 0xCE, 0x98, 0xD6, 0xD9, 0xDE, 0xF9, 0xDE, 0xFA, 0xDE,
    0xF9, 0xDE, 0xD9, 0xDE, 0xD9, 0xDE, 0xD9, 0xDE, 0xB9, 0xDE, 0xB9, 0xDE, 0xB9, 0xDE, 0xB9, 0xD6,
    0xB9, 0xD6, 0xB9, 0xDE, 0xB9, 0xD6, 0xB9, 0xD6, 0xB9, 0xD6, 0x98, 0xD6, 0x98, 0xD6, 0x98, 0xD6,
    0x98, 0xD6, 0x78, 0xD6, 0x78, 0xD6, 0x78, 0xD6, 0x78, 0xD6, 0x58, 0xD6, 0x58, 0xD6, 0x58, 0xD6,
    0x3D, 0xE7, 0x3D, 0xE7, 0x3D, 0xE7, 0x3D, 0xE7, 0x3D, 0xE7, 0x3D, 0xE7, 0x3D, 0xE7, 0x1C, 0xDF,
    0x1C, 0xDF, 0x1C, 0xDF, 0x1C, 0xDF, 0x1C, 0xDF, 0x1C, 0xDF, 0x1C, 0xDF, 0x1C, 0xDF, 0x1C, 0xDF,
    0x1C, 0xDF, 0x1C, 0xDF, 0x1C, 0xDF, 0x1C, 0xDF, 0x1C, 0xDF, 0x1C, 0xDF, 0x1C, 0xDF, 0x1C, 0xDF,
    0x1C, 0xDF, 0x1C, 0xDF, 0x1C, 0xDF, 0x1C, 0xDF, 0x1C, 0xDF, 0x1C, 0xDF, 0x1C, 0xDF, 0x1B, 0xDF,
    0x1C, 0xDF, 0x1C, 0xDF, 0x1C, 0xDF, 0x1C, 0xDF, 0x1C, 0xDF, 0xFC, 0xDE, 0xFB, 0xDE, 0xFB, 0xDE,
    0xFB, 0xDE, 0xFB, 0xD6, 0xDA, 0xD6, 0x9A, 0xD6, 0x79, 0xCE, 0x38, 0xC6, 0xF7, 0xBD, 0x95, 0xAD,
    0xD2, 0x94, 0xEE, 0x7B, 0x4C, 0x6B, 0xCA, 0x5A, 0x07, 0x42, 0x07, 0x42, 0x07, 0x42, 0x27, 0x42,
    0x47, 0x4A, 0x48, 0x4A, 0x47, 0x4A, 0x48, 0x4A, 0x28, 0x4A, 0x07, 0x42, 0xE7, 0x41, 0xE6, 0x41,
    0xE6, 0x41, 0xA6, 0x39, 0x85, 0x31, 0x65, 0x29, 0x85, 0x31, 0x65, 0x29, 0x44, 0x29, 0x44, 0x29,
    0x44, 0x29, 0x44, 0x29, 0x85, 0x31, 0x85, 0x31, 0x65, 0x31, 0x65, 0x31, 0x65, 0x31, 0x65, 0x31,
    0x85, 0x31, 0x85, 0x31, 0x65, 0x31, 0x65, 0x31, 0x65, 0x29, 0x65, 0x29, 0x65, 0x29, 0x65, 0x29,
    0x65, 0x29, 0x65, 0x29, 0x65, 0x29, 0x65, 0x31, 0x65, 0x29, 0x85, 0x31, 0x85, 0x31, 0xC6, 0x39,
    0xE6, 0x39, 0x07, 0x42, 0x27, 0x42, 0x27, 0x42, 0x27, 0x42, 0x48, 0x4A, 0x89, 0x52, 0xCA, 0x5A,
    0x0A, 0x63, 0x4C, 0x6B, 0x8C, 0x73, 0xAD, 0x73, 0xCD, 0x7B, 0xEE, 0x7B, 0xEE, 0x83, 0x0F, 0x84,
    0x2F, 0x8C, 0x2F, 0x8C, 0x4F, 0x8C, 0x6F, 0x94, 0x70, 0x94, 0x70, 0x94, 0x70, 0x94, 0x70, 0x94,
    0x70, 0x94, 0x70, 0x94, 0x70, 0x94, 0x70, 0x94, 0x90, 0x94, 0x90, 0x94, 0xB0, 0x9C, 0x90, 0x94,
    0x90, 0x94, 0x90, 0x94, 0x90, 0x94, 0x90, 0x94, 0x90, 0x94, 0x70, 0x94, 0x70, 0x94, 0x70, 0x94,
    0x70, 0x94, 0x70, 0x94, 0x70, 0x94, 0x70, 0x94, 0x70, 0x94, 0x70, 0x94, 0x90, 0x94, 0xB1, 0x94,
    0x70, 0x94, 0x4F, 0x94, 0x4F, 0x8C, 0x4F, 0x8C, 0x4F, 0x8C, 0x4F, 0x8C, 0x4F, 0x94, 0x4F, 0x94,
    0x70, 0x94, 0x70, 0x94, 0x6F, 0x94, 0x6F, 0x94, 0x4F, 0x94, 0x4F, 0x94, 0x4F, 0x94, 0x4F, 0x8C,
    0x2F, 0x8C, 0x0E, 0x8C, 0x0E, 0x8C, 0xEE, 0x8B, 0xEE, 0x8B, 0xEE, 0x8B, 0xEE, 0x83, 0xEE, 0x83,
    0xCD, 0x83, 0xCD, 0x83, 0xCD, 0x83, 0xCD, 0x83, 0xCD, 0x83, 0xAD, 0x83, 0xAD, 0x83, 0xAD, 0x83,
    0xAD, 0x83, 0xAD, 0x83, 0xAD, 0x83, 0xAD, 0x83, 0xAD, 0x83, 0xAD, 0x83, 0xAC, 0x83, 0xAC, 0x83,
    0xAC, 0x83, 0x8C, 0x7B, 0x8C, 0x7B, 0x8C, 0x7B, 0x8C, 0x7B, 0x6B, 0x73, 0x6B, 0x73, 0x6C, 0x7B,
    0x6C, 0x7B, 0x6B, 0x73, 0x6B, 0x73, 0x6B, 0x73, 0x6B, 0x7B, 0x6B, 0x7B, 0x6B, 0x7B, 0x6C, 0x7B,
    0x8C, 0x7B, 0x8C, 0x7B, 0x8C, 0x7B, 0x8C, 0x7B, 0x8C, 0x7B, 0x8C, 0x7B, 0x8C, 0x7B, 0x8C, 0x7B,
    0xAC, 0x7B, 0xAC, 0x83, 0xAD, 0x7B, 0xAD, 0x83, 0xCD, 0x83, 0x0E, 0x8C, 0x0E, 0x8C, 0x0E, 0x8C,
    0x4F, 0x94, 0x4F, 0x94, 0x2F, 0x8C, 0x0E, 0x84, 0x0E, 0x84, 0x0E, 0x84, 0x0E, 0x84, 0x0E, 0x84,
    0x0E, 0x84, 0x0E, 0x84, 0x0E, 0x84, 0x0E, 0x84, 0x0E, 0x84, 0x2E, 0x84, 0x2E, 0x84, 0x2E, 0x84,
    0x2E, 0x84, 0x2E, 0x8C, 0x2F, 0x8C, 0x2F, 0x8C, 0x2F, 0x8C, 0x4F, 0x8C, 0x4F, 0x8C, 0x4F, 0x8C,
    0x4F, 0x8C, 0x4F, 0x8C, 0x4F, 0x8C, 0x4F, 0x8C, 0x4F, 0x8C, 0x4F, 0x8C, 0x4F, 0x8C, 0x4F, 0x8C,
    0x4F, 0x8C, 0x4F, 0x8C, 0x2F, 0x8C, 0x2F, 0x84, 0x0E, 0x84, 0x0E, 0x84, 0x0E, 0x84, 0xEE, 0x83,
    0xEE, 0x83, 0xCD, 0x7B, 0xCD, 0x7B, 0x8C, 0x73, 0x8C, 0x73, 0x8C, 0x73, 0x8C, 0x73, 0x6C, 0x73,
    0x6C, 0x73, 0x6B, 0x6B, 0x4B, 0x6B, 0x4B, 0x6B, 0x4B, 0x6B, 0x2B, 0x63, 0x2B, 0x63, 0x2B, 0x63,
    0x2B, 0x63, 0x2B, 0x63, 0x0B, 0x63, 0x0B, 0x63, 0x0B, 0x63, 0x0B, 0x63, 0x0B, 0x63, 0x0A, 0x63,
    0x2B, 0x63, 0x4B, 0x6B, 0x6C, 0x73, 0x6C, 0x73, 0xAD, 0x73, 0xCD, 0x7B, 0xEE, 0x83, 0x0E, 0x84,
    0x2E, 0x84, 0x90, 0x94, 0x53, 0xAD, 0xF6, 0xC5, 0x57, 0xCE, 0x98, 0xD6, 0xD9, 0xDE, 0xF9, 0xDE,
    0xD9, 0xDE, 0xD9, 0xDE, 0xD9, 0xDE, 0xD9, 0xDE, 0xD9, 0xDE, 0xD9, 0xDE, 0xB9, 0xDE, 0xB9, 0xDE,
    0xB9, 0xDE, 0xB9, 0xDE, 0xB9, 0xD6, 0xB9, 0xD6, 0xB9, 0xD6, 0x98, 0xD6, 0x98, 0xD6, 0x98, 0xD6,
    0x98, 0xD6, 0x78, 0xD6, 0x78, 0xD6, 0x78, 0xD6, 0x58, 0xD6, 0x58, 0xD6, 0x58, 0xD6, 0x57, 0xD6,
    0x3D, 0xE7, 0x3D, 0xE7, 0x3D, 0xE7, 0x3D, 0xE7, 0x3D, 0xE7, 0x3D, 0xE7, 0x3D, 0xE7, 0x1C, 0xDF,
    0x1C, 0xDF, 0x1C, 0xDF, 0x1C, 0xDF, 0x1C, 0xDF, 0x1C, 0xDF, 0x1C, 0xDF, 0x1C, 0xDF, 0x1C, 0xDF,
    0x1C, 0xDF, 0x1C, 0xDF, 0x1C, 0xDF, 0x1C, 0xDF, 0x1C, 0xDF, 0x1C, 0xDF, 0x1C, 0xDF, 0x1C, 0xDF,
    0x1C, 0xDF, 0x1C, 0xDF, 0x1C, 0xDF, 0x1C, 0xDF, 0x1C, 0xDF, 0x1C, 0xDF, 0x1C, 0xDF, 0x1C, 0xDF,
    0x1C, 0xDF, 0x1C, 0xDF, 0x1C, 0xDF, 0x1C, 0xDF, 0x1C, 0xDF, 0xFC, 0xDE, 0xFB, 0xDE, 0xFB, 0xDE,
    0xFB, 0xDE, 0xFB, 0xDE, 0xDA, 0xD6, 0x9A, 0xCE, 0x79, 0xCE, 0x58, 0xC6, 0x17, 0xBE, 0xB6, 0xB5,
    0x13, 0x9D, 0x2F, 0x84, 0xCD, 0x73, 0xEA, 0x5A, 0x07, 0x42, 0x07, 0x42, 0x27, 0x42, 0x27, 0x42,
    0x48, 0x4A, 0x48, 0x4A, 0x68, 0x4A, 0x48, 0x4A, 0x27, 0x42, 0x07, 0x42, 0x07, 0x42, 0x07, 0x42,
    0xE6, 0x41, 0xC6, 0x39, 0xA6, 0x39, 0xA5, 0x31, 0xA6, 0x39, 0xA6, 0x31, 0x85, 0x31, 0x85, 0x31,
    0x85, 0x31, 0x85, 0x31, 0xA6, 0x31, 0xA6, 0x31, 0xA6, 0x31, 0xA5, 0x31, 0xA5, 0x31, 0xA5, 0x31,
    0xA5, 0x31, 0xA5, 0x31, 0x85, 0x31, 0x85, 0x31, 0x85, 0x31, 0x65, 0x31, 0x65, 0x29, 0x65, 0x29,
    0x65, 0x29, 0x65, 0x29, 0x65, 0x31, 0x65, 0x31, 0x65, 0x31, 0x85, 0x31, 0xA6, 0x31, 0xC6, 0x39,
    0x07, 0x42, 0x27, 0x42, 0x48, 0x4A, 0x68, 0x4A, 0x89, 0x52, 0xA9, 0x52, 0xEA, 0x5A, 0x2B, 0x63,
    0x6C, 0x6B, 0x6C, 0x6B, 0x8C, 0x73, 0xAD, 0x73, 0xAD, 0x7B, 0xCE, 0x7B, 0xEE, 0x83, 0x2F, 0x8C,
    0x2F, 0x8C, 0x4F, 0x8C, 0x6F, 0x8C, 0x6F, 0x94, 0x70, 0x94, 0x70, 0x94, 0x70, 0x94, 0x70, 0x94,
    0x70, 0x94, 0x70, 0x94, 0x70, 0x94, 0x70, 0x94, 0x90, 0x94, 0x90, 0x94, 0xB0, 0x9C, 0x91, 0x9C,
    0x90, 0x94, 0x90, 0x94, 0x90, 0x94, 0x90, 0x94, 0x90, 0x94, 0x70, 0x94, 0x70, 0x94, 0x70, 0x94,
    0x70, 0x94, 0x70, 0x94, 0x70, 0x94, 0x70, 0x94, 0x70, 0x94, 0x70, 0x94, 0x70, 0x94, 0x90, 0x94,
    0x6F, 0x8C, 0x4F, 0x8C, 0x2F, 0x8C, 0x2F, 0x8C, 0x2F, 0x8C, 0x4F, 0x8C, 0x4F, 0x94, 0x4F, 0x94,
    0x70, 0x94, 0x70, 0x94, 0x6F, 0x94, 0x6F, 0x94, 0x4F, 0x94, 0x2F, 0x8C, 0x2F, 0x8C, 0x2F, 0x8C,
    0x0E, 0x8C, 0x0E, 0x84, 0xEE, 0x83, 0xCD, 0x83, 0xCD, 0x83, 0xCD, 0x83, 0xCD, 0x83, 0xCD, 0x83,
    0xCD, 0x83, 0xCD, 0x83, 0xCD, 0x83, 0xCD, 0x83, 0xAD, 0x83, 0xAC, 0x83, 0xAC, 0x83, 0xAC, 0x83,
    0xAD, 0x83, 0xAD, 0x83, 0xAD, 0x83, 0xAD, 0x83, 0xAD, 0x83, 0xAD, 0x83, 0x8C, 0x7B, 0x8C, 0x7B,
    0x8C, 0x7B, 0x6C, 0x7B, 0x6C, 0x7B, 0x6C, 0x7B, 0x6B, 0x73, 0x4B, 0x73, 0x4B, 0x73, 0x6B, 0x7B,
    0x6B, 0x73, 0x6B, 0x73, 0x4B, 0x73, 0x4B, 0x73, 0x4B, 0x73, 0x4B, 0x73, 0x4B, 0x73, 0x6B, 0x73,
    0x6B, 0x7B, 0x6C, 0x7B, 0x6C, 0x7B, 0x6C, 0x7B, 0x6C, 0x7B, 0xAC, 0x83, 0x8C, 0x7B, 0x6B, 0x7B,
    0x6C, 0x7B, 0x8C, 0x7B, 0x8C, 0x7B, 0xAD, 0x83, 0xCD, 0x83, 0xEE, 0x8B, 0x0E, 0x8C, 0x0E, 0x8C,
    0x4F, 0x8C, 0x4F, 0x94, 0x2F, 0x8C, 0x0E, 0x84, 0x0E, 0x84, 0x0E, 0x84, 0x0E, 0x84, 0xEE, 0x83,
    0xEE, 0x83, 0x0E, 0x84, 0x0E, 0x84, 0x0E, 0x84, 0x2E, 0x84, 0x2E, 0x84, 0x2E, 0x84, 0x2E, 0x84,
    0x2E, 0x84, 0x0E, 0x8C, 0x0E, 0x8C, 0x0E, 0x8C, 0x2F, 0x8C, 0x2F, 0x8C, 0x2F, 0x8C, 0x2F, 0x8C,
    0x4F, 0x8C, 0x4F, 0x8C, 0x4F, 0x8C, 0x4F, 0x8C, 0x4F, 0x8C, 0x4F, 0x8C, 0x4F, 0x8C, 0x4F, 0x8C,
    0x4F, 0x8C, 0x4F, 0x8C, 0x2F, 0x8C, 0x2F, 0x8C, 0x0E, 0x84, 0x0E, 0x84, 0x0E, 0x84, 0x0E, 0x84,
    0xEE, 0x83, 0xED, 0x7B, 0xCD, 0x7B, 0xAD, 0x7B, 0x8C, 0x73, 0x8C, 0x73, 0x6C, 0x73, 0x6C, 0x73,
    0x6C, 0x73, 0x6C, 0x73, 0x4B, 0x6B, 0x4B, 0x6B, 0x4B, 0x6B, 0x2B, 0x63, 0x2B, 0x63, 0x2B, 0x6B,
    0x2B, 0x6B, 0x2B, 0x63, 0x0B, 0x63, 0x0B, 0x63, 0x0B, 0x63, 0x0B, 0x63, 0x0B, 0x63, 0x0A, 0x63,
    0x0A, 0x63, 0x2B, 0x6B, 0x6C, 0x73, 0x6C, 0x73, 0xAD, 0x73, 0xCD, 0x7B, 0xEE, 0x83, 0x0E, 0x84,
    0x0E, 0x84, 0x4F, 0x8C, 0x12, 0xA5, 0xB5, 0xBD, 0x16, 0xC6, 0x57, 0xCE, 0xB8, 0xD6, 0xD9, 0xDE,
    0xD9, 0xDE, 0xD9, 0xDE, 0xD9, 0xDE, 0xD9, 0xDE, 0xD9, 0xDE, 0xD9, 0xDE, 0xB9, 0xDE, 0xB9, 0xDE,
    0xB9, 0xDE, 0xB9, 0xDE, 0xB9, 0xD6, 0xB9, 0xD6, 0xB9, 0xD6, 0xB8, 0xD6, 0x98, 0xD6, 0x98, 0xD6,
    0x98, 0xD6, 0x78, 0xD6, 0x78, 0xD6, 0x78, 0xD6, 0x58, 0xD6, 0x58, 0xD6, 0x58, 0xD6, 0x57, 0xCE,
    0x3C, 0xE7, 0x3C, 0xE7, 0x3C, 0xE7, 0x3D, 0xE7, 0x3D, 0xE7, 0x3D, 0xE7, 0x3D, 0xE7, 0x1D, 0xE7,
    0x1C, 0xDF, 0x1C, 0xDF, 0x1C, 0xDF, 0x1D, 0xDF, 0x1D, 0xDF, 0x1D, 0xDF, 0x1D, 0xDF, 0x1D, 0xDF,
    0x1D, 0xDF, 0x1D, 0xDF, 0x1D, 0xDF, 0x1D, 0xDF, 0x1D, 0xDF, 0x1C, 0xDF, 0x1C, 0xDF, 0x1C, 0xDF,
    0x1C, 0xDF, 0x1C, 0xDF, 0x1C, 0xDF, 0x1C, 0xDF, 0x1C, 0xDF, 0x1C, 0xDF, 0x1C, 0xDF, 0x1C, 0xDF,
    0x1C, 0xDF, 0x1C, 0xDF, 0x1C, 0xDF, 0x1C, 0xDF, 0x1C, 0xDF, 0x1C, 0xDF, 0x1C, 0xDF, 0x1B, 0xDF,
    0xFB, 0xDE, 0xDB, 0xD6, 0xDA, 0xD6, 0x9A, 0xD6, 0x79, 0xCE, 0x18, 0xC6, 0xD7, 0xBD, 0x95, 0xB5,
    0x75, 0xAD, 0xF3, 0x9C, 0x0E, 0x7C, 0x0A, 0x63, 0x27, 0x42, 0x27, 0x42, 0x27, 0x42, 0x27, 0x4A,
    0x48, 0x4A, 0x48, 0x4A, 0x68, 0x4A, 0x47, 0x4A, 0x06, 0x42, 0x06, 0x42, 0x07, 0x42, 0x07, 0x42,
    0x07, 0x42, 0xC5, 0x39, 0xA5, 0x39, 0xA5, 0x39, 0xA6, 0x39, 0xA6, 0x39, 0xC6, 0x39, 0xC6, 0x39,
    0xC6, 0x39, 0xC6, 0x39, 0xA6, 0x39, 0xA6, 0x39, 0xA6, 0x39, 0xA5, 0x31, 0xA5, 0x31, 0x85, 0x31,
    0x65, 0x31, 0x64, 0x29, 0x64, 0x29, 0x65, 0x29, 0x64, 0x29, 0x65, 0x29, 0x65, 0x29, 0x44, 0x29,
    0x44, 0x29, 0x65, 0x29, 0x85, 0x31, 0x85, 0x31, 0xA5, 0x31, 0xA6, 0x39, 0xC6, 0x39, 0xE6, 0x39,
    0x07, 0x42, 0x28, 0x4A, 0x89, 0x52, 0x89, 0x52, 0xA9, 0x52, 0x0B, 0x63, 0x4B, 0x6B, 0x6C, 0x6B,
    0x6C, 0x6B, 0x6C, 0x6B, 0x8C, 0x73, 0xAD, 0x73, 0xCD, 0x7B, 0xEE, 0x83, 0x0E, 0x84, 0x2F, 0x8C,
    0x4F, 0x8C, 0x4F, 0x8C, 0x70, 0x8C, 0x70, 0x94, 0x70, 0x94, 0x70, 0x94, 0x70, 0x94, 0x70, 0x94,
    0x70, 0x94, 0x70, 0x94, 0x90, 0x94, 0x90, 0x94, 0x90, 0x94, 0xB1, 0x94, 0xB1, 0x94, 0xB0, 0x94,
    0x90, 0x94, 0x90, 0x94, 0x90, 0x94, 0x90, 0x94, 0x70, 0x94, 0x70, 0x94, 0x70, 0x94, 0x70, 0x94,
    0x70, 0x94, 0x70, 0x94, 0x70, 0x94, 0x70, 0x94, 0x70, 0x94, 0x70, 0x94, 0x70, 0x94, 0x6F, 0x94,
    0x4F, 0x94, 0x4F, 0x8C, 0x2F, 0x8C, 0x2F, 0x8C, 0x2F, 0x8C, 0x4F, 0x8C, 0x4F, 0x94, 0x70, 0x94,
    0x70, 0x94, 0x70, 0x94, 0x6F, 0x94, 0x6F, 0x94, 0x4F, 0x94, 0x2F, 0x8C, 0x2E, 0x8C, 0x0E, 0x8C,
    0xEE, 0x8B, 0xED, 0x83, 0xCD, 0x83, 0xCD, 0x83, 0xCD, 0x83, 0xCD, 0x83, 0xAD, 0x83, 0xAD, 0x83,
    0xAD, 0x83, 0xAD, 0x83, 0xAD, 0x83, 0xAD, 0x83, 0x8C, 0x7B, 0x8C, 0x7B, 0x8C, 0x7B, 0x8C, 0x7B,
    0x8C, 0x7B, 0x8C, 0x7B, 0x8C, 0x7B, 0x8C, 0x7B, 0x8C, 0x7B, 0x8C, 0x7B, 0x8C, 0x7B, 0x6B, 0x7B,
    0x6B, 0x73, 0x6B, 0x73, 0x4B, 0x73, 0x6B, 0x73, 0x6B, 0x73, 0x4B, 0x73, 0x4B, 0x73, 0x4B, 0x73,
    0x4B, 0x73, 0x4B, 0x73, 0x4B, 0x73, 0x4B, 0x73, 0x2A, 0x73, 0x2A, 0x6B, 0x2A, 0x6B, 0x2B, 0x73,
    0x2B, 0x73, 0x2B, 0x73, 0x4B, 0x73, 0x4B, 0x73, 0x4B, 0x73, 0x4B, 0x73, 0x8C, 0x7B, 0x8C, 0x7B,
    0x4B, 0x73, 0x6B, 0x73, 0x6B, 0x7B, 0x6C, 0x7B, 0x8C, 0x7B, 0xAD, 0x7B, 0xCD, 0x83, 0xEE, 0x83,
    0xEE, 0x8B, 0x0E, 0x8C, 0x4F, 0x8C, 0x0E, 0x84, 0x0E, 0x84, 0x0E, 0x84, 0x0E, 0x84, 0xEE, 0x83,
    0xCD, 0x83, 0x0E, 0x84, 0x0E, 0x84, 0x0E, 0x84, 0x0E, 0x84, 0x2E, 0x84, 0x2E, 0x84, 0x2E, 0x84,
    0x2E, 0x84, 0x0E, 0x8C, 0x0E, 0x8C, 0x0E, 0x8C, 0x0E, 0x8C, 0x2F, 0x8C, 0x2F, 0x8C, 0x2F, 0x8C,
    0x2F, 0x8C, 0x2F, 0x8C, 0x2F, 0x8C, 0x2F, 0x8C, 0x2F, 0x8C, 0x4F, 0x8C, 0x4F, 0x8C, 0x4F, 0x8C,
    0x4F, 0x8C, 0x4F, 0x8C, 0x2F, 0x8C, 0x2F, 0x8C, 0x2F, 0x84, 0x2F, 0x8C, 0x0E, 0x84, 0x0E, 0x84,
    0x0E, 0x84, 0x0E, 0x84, 0xEE, 0x83, 0xCD, 0x7B, 0xCD, 0x7B, 0xAD, 0x7B, 0x8C, 0x73, 0x8C, 0x73,
    0x6C, 0x73, 0x6C, 0x73, 0x6C, 0x73, 0x6B, 0x6B, 0x4B, 0x6B, 0x2B, 0x6B, 0x2B, 0x63, 0x2B, 0x6B,
    0x2B, 0x6B, 0x2B, 0x63, 0x2A, 0x63, 0x2A, 0x63, 0x0B, 0x63, 0x0B, 0x63, 0x0B, 0x63, 0x0A, 0x63,
    0x0A, 0x63, 0x2B, 0x6B, 0x6B, 0x6B, 0x6C, 0x73, 0x8C, 0x73, 0xCD, 0x7B, 0xEE, 0x83, 0x0E, 0x84,
    0x0E, 0x84, 0x4F, 0x8C, 0xD1, 0x9C, 0x94, 0xB5, 0x16, 0xC6, 0x98, 0xD6, 0xB9, 0xDE, 0xD9, 0xDE,
    0xD9, 0xDE, 0xD9, 0xDE, 0xF9, 0xDE, 0xD9, 0xE6, 0xD9, 0xE6, 0xD9, 0xDE, 0xB9, 0xDE, 0xB9, 0xDE,
    0xB9, 0xDE, 0xB9, 0xDE, 0xB9, 0xDE, 0xB9, 0xDE, 0xB9, 0xDE, 0x98, 0xD6, 0x78, 0xD6, 0x98, 0xD6,
    0x78, 0xD6, 0x78, 0xD6, 0x78, 0xD6, 0x78, 0xD6, 0x78, 0xD6, 0x78, 0xD6, 0x78, 0xD6, 0x57, 0xCE,
    0x1C, 0xDF, 0x1C, 0xDF, 0x1C, 0xDF, 0x1C, 0xDF, 0x1C, 0xDF, 0x1C, 0xDF, 0x1C, 0xDF, 0x3D, 0xE7,
    0x1C, 0xDF, 0x1C, 0xDF, 0x1C, 0xDF, 0x1C, 0xDF, 0x1C, 0xDF, 0x1C, 0xDF, 0x1C, 0xDF, 0x1C, 0xDF,
    0x1C, 0xDF, 0x1C, 0xDF, 0x1C, 0xDF, 0x1C, 0xDF, 0x1C, 0xDF, 0x1C, 0xDF, 0x1C, 0xDF, 0x1C, 0xDF,
    0x1C, 0xDF, 0x1C, 0xDF, 0x1C, 0xDF, 0x1C, 0xDF, 0x1C, 0xDF, 0x1C, 0xDF, 0x1C, 0xDF, 0x1C, 0xDF,
    0x1C, 0xDF, 0x1C, 0xDF, 0x1C, 0xDF, 0x1C, 0xDF, 0x1C, 0xDF, 0x1C, 0xDF, 0x1C, 0xDF, 0x1B, 0xDF,
    0xFB, 0xDE, 0xFB, 0xD6, 0xDB, 0xD6, 0xBA, 0xD6, 0x9A, 0xCE, 0x38, 0xC6, 0xF7, 0xBD, 0xB6, 0xB5,
    0x75, 0xAD, 0xF2, 0x9C, 0xEE, 0x7B, 0xEA, 0x5A, 0x88, 0x52, 0x68, 0x4A, 0x27, 0x42, 0x48, 0x4A,
    0x48, 0x4A, 0x47, 0x4A, 0x47, 0x4A, 0x27, 0x42, 0x06, 0x42, 0x06, 0x42, 0x06, 0x42, 0x06, 0x42,
    0x06, 0x42, 0xE6, 0x41, 0xE6, 0x41, 0xE6, 0x41, 0xC6, 0x39, 0xC6, 0x39, 0xE6, 0x39, 0xC6, 0x39,
    0xC6, 0x39, 0xC6, 0x39, 0xC6, 0x39, 0xC6, 0x39, 0xC6, 0x39, 0xA5, 0x31, 0xA5, 0x31, 0x85, 0x31,
    0x65, 0x31, 0x64, 0x29, 0x44, 0x29, 0x44, 0x29, 0x44, 0x29, 0x44, 0x29, 0x44, 0x29, 0x24, 0x29,
    0x24, 0x29, 0x44, 0x29, 0x64, 0x29, 0x85, 0x31, 0xA5, 0x31, 0xA5, 0x39, 0xC6, 0x39, 0xE6, 0x39,
    0x07, 0x42, 0x28, 0x4A, 0x89, 0x52, 0xA9, 0x52, 0xEA, 0x5A, 0x2B, 0x63, 0x4C, 0x6B, 0x6C, 0x73,
    0x8D, 0x73, 0xAD, 0x73, 0xCD, 0x7B, 0xEE, 0x7B, 0x0E, 0x84, 0x0E, 0x84, 0x2F, 0x8C, 0x4F, 0x8C,
    0x4F, 0x8C, 0x70, 0x8C, 0x70, 0x94, 0x70, 0x94, 0x70, 0x94, 0x70, 0x94, 0x70, 0x94, 0x70, 0x94,
    0x70, 0x94, 0x70, 0x94, 0x90, 0x94, 0x90, 0x94, 0xB0, 0x94, 0xB1, 0x94, 0xB1, 0x9C, 0xB1, 0x94,
    0xB1, 0x94, 0x90, 0x94, 0x90, 0x94, 0x90, 0x94, 0x70, 0x94, 0x70, 0x94, 0x70, 0x94, 0x70, 0x94,
    0x70, 0x94, 0x70, 0x94, 0x90, 0x94, 0x70, 0x94, 0x70, 0x94, 0x70, 0x94, 0x70, 0x94, 0x6F, 0x94,
    0x6F, 0x94, 0x4F, 0x8C, 0x4F, 0x8C, 0x2F, 0x8C, 0x2F, 0x8C, 0x4F, 0x8C, 0x50, 0x94, 0x70, 0x94,
    0x70, 0x94, 0x70, 0x94, 0x6F, 0x94, 0x6F, 0x94, 0x4F, 0x94, 0x0E, 0x8C, 0x0E, 0x8C, 0xEE, 0x8B,
    0xEE, 0x83, 0xCD, 0x83, 0xCD, 0x83, 0xCD, 0x83, 0xCD, 0x83, 0xAD, 0x83, 0xAD, 0x7B, 0xAD, 0x7B,
    0x8C, 0x7B, 0x8C, 0x7B, 0x8C, 0x7B, 0x8C, 0x7B, 0x8C, 0x7B, 0x6B, 0x7B, 0x6B, 0x7B, 0x6B, 0x7B,
    0x6B, 0x7B, 0x6B, 0x7B, 0x6B, 0x7B, 0x6B, 0x7B, 0x6B, 0x7B, 0x6B, 0x7B, 0x6B, 0x7B, 0x6B, 0x7B,
    0x6B, 0x73, 0x6B, 0x73, 0x4B, 0x73, 0x4B, 0x73, 0x4B, 0x73, 0x2B, 0x73, 0x2B, 0x73, 0x2A, 0x73,
    0x2A, 0x73, 0x2A, 0x73, 0x2A, 0x73, 0x2A, 0x73, 0x2A, 0x6B, 0x2A, 0x6B, 0x2A, 0x6B, 0x0A, 0x6B,
    0x0A, 0x6B, 0x0A, 0x6B, 0x0A, 0x6B, 0x0A, 0x6B, 0x0A, 0x6B, 0x2A, 0x73, 0x4B, 0x73, 0x4B, 0x73,
    0x4B, 0x73, 0x4B, 0x73, 0x4B, 0x73, 0x4C, 0x73, 0x6C, 0x7B, 0x8C, 0x7B, 0xAD, 0x7B, 0xCD, 0x83,
    0xED, 0x83, 0x0E, 0x8C, 0x0E, 0x8C, 0x0E, 0x84, 0x0E, 0x84, 0x0E, 0x84, 0x0E, 0x84, 0xEE, 0x83,
    0xCD, 0x83, 0x0E, 0x84, 0x0E, 0x84, 0x0E, 0x84, 0x0E, 0x84, 0x0E, 0x84, 0x2E, 0x84, 0x2E, 0x84,
    0x2E, 0x84, 0x0E, 0x8C, 0x0E, 0x8C, 0x0E, 0x8C, 0x0E, 0x8C, 0x2F, 0x8C, 0x2F, 0x8C, 0x2F, 0x8C,
    0x2F, 0x8C, 0x2F, 0x8C, 0x2F, 0x8C, 0x2F, 0x8C, 0x2F, 0x8C, 0x4F, 0x8C, 0x4F, 0x8C, 0x4F, 0x8C,
    0x4F, 0x8C, 0x4F, 0x8C, 0x2F, 0x8C, 0x2F, 0x8C, 0x2F, 0x8C, 0x2F, 0x8C, 0x2F, 0x8C, 0x2F, 0x84,
    0x2E, 0x84, 0x0E, 0x84, 0x0E, 0x84, 0xEE, 0x83, 0xCD, 0x7B, 0xCD, 0x7B, 0xCD, 0x7B, 0xAD, 0x7B,
    0x8C, 0x73, 0x8C, 0x73, 0x6C, 0x73, 0x6C, 0x73, 0x6C, 0x73, 0x4B, 0x6B, 0x2B, 0x6B, 0x2B, 0x6B,
    0x2B, 0x6B, 0x2B, 0x6B, 0x2B, 0x63, 0x2A, 0x63, 0x2B, 0x63, 0x0A, 0x63, 0x0A, 0x63, 0x0A, 0x63,
    0x2A, 0x63, 0x2B, 0x6B, 0x4B, 0x6B, 0x6C, 0x73, 0x8C, 0x73, 0xCD, 0x7B, 0xEE, 0x83, 0x0E, 0x84,
    0x0E, 0x84, 0x4F, 0x8C, 0xB1, 0x9C, 0x73, 0xAD, 0xD5, 0xBD, 0x57, 0xCE, 0xB9, 0xDE, 0xFA, 0xE6,
    0xF9, 0xDE, 0xF9, 0xDE, 0xF9, 0xDE, 0xD9, 0xE6, 0xFA, 0xE6, 0xD9, 0xE6, 0xB9, 0xDE, 0xB9, 0xDE,
    0xB9, 0xDE, 0xB9, 0xDE, 0xB9, 0xDE, 0xB9, 0xDE, 0x98, 0xD6, 0x98, 0xD6, 0x98, 0xD6, 0x78, 0xD6,
    0x78, 0xD6, 0x78, 0xD6, 0x78, 0xD6, 0x78, 0xD6, 0x78, 0xD6, 0x78, 0xD6, 0x78, 0xD6, 0x57, 0xCE,
    0xFC, 0xDE, 0x1C, 0xDF, 0x1C, 0xDF, 0x1C, 0xDF, 0x1C, 0xDF, 0x1C, 0xDF, 0x1C, 0xDF, 0x1C, 0xDF,
    0x1C, 0xDF, 0x1C, 0xDF, 0x1C, 0xDF, 0x1C, 0xDF, 0x1C, 0xDF, 0x1C, 0xDF, 0x1C, 0xDF, 0x1C, 0xDF,
    0x1C, 0xDF, 0x1C, 0xDF, 0x1C, 0xDF, 0x1C, 0xDF, 0x1C, 0xDF, 0x1C, 0xDF, 0x1C, 0xDF, 0x1C, 0xDF,
    0x1C, 0xDF, 0x1C, 0xDF, 0x1C, 0xDF, 0x1C, 0xDF, 0x1C, 0xDF, 0x1C, 0xDF, 0x1C, 0xDF, 0x1C, 0xDF,
    0x1C, 0xDF, 0x1C, 0xDF, 0x1C, 0xDF, 0x1C, 0xDF, 0x1C, 0xDF, 0x1C, 0xDF, 0x1B, 0xDF, 0x1B, 0xDF,
    0xFB, 0xDE, 0xFB, 0xDE, 0xDB, 0xD6, 0xDB, 0xD6, 0xBA, 0xD6, 0x9A, 0xCE, 0x59, 0xCE, 0x17, 0xC6,
    0x95, 0xB5, 0xF2, 0x9C, 0xEE, 0x7B, 0xEA, 0x5A, 0xA9, 0x52, 0x68, 0x4A, 0x27, 0x42, 0x27, 0x42,
    0x07, 0x42, 0x07, 0x42, 0x07, 0x42, 0x07, 0x42, 0x07, 0x42, 0x06, 0x42, 0x06, 0x42, 0x06, 0x42,
    0x06, 0x42, 0x06, 0x42, 0x26, 0x42, 0x27, 0x42, 0x06, 0x42, 0xE7, 0x41, 0xE6, 0x39, 0xE7, 0x41,
    0xE7, 0x41, 0xE6, 0x41, 0x07, 0x42, 0xE6, 0x41, 0xE6, 0x39, 0xA5, 0x31, 0xA5, 0x31, 0x85, 0x31,
    0x64, 0x31, 0x64, 0x29, 0x44, 0x29, 0x44, 0x29, 0x24, 0x29, 0x24, 0x29, 0x24, 0x29, 0x23, 0x29,
    0x24, 0x21, 0x44, 0x29, 0x64, 0x29, 0x85, 0x31, 0xA5, 0x31, 0xC5, 0x39, 0xC6, 0x39, 0xE6, 0x39,
    0x07, 0x42, 0x27, 0x42, 0x69, 0x52, 0xA9, 0x52, 0xEA, 0x5A, 0x4B, 0x6B, 0x6C, 0x73, 0xAD, 0x73,
    0xAD, 0x7B, 0xEE, 0x7B, 0x0E, 0x84, 0x2F, 0x84, 0x2F, 0x84, 0x2F, 0x8C, 0x2F, 0x8C, 0x4F, 0x8C,
    0x4F, 0x8C, 0x70, 0x8C, 0x70, 0x94, 0x70, 0x94, 0x70, 0x94, 0x70, 0x94, 0x70, 0x94, 0x70, 0x94,
    0x70, 0x94, 0x70, 0x94, 0x90, 0x94, 0xB0, 0x94, 0xB1, 0x94, 0xB1, 0x9C, 0xB1, 0x9C, 0xB1, 0x94,
    0xB0, 0x94, 0x90, 0x94, 0x90, 0x94, 0x70, 0x94, 0x70, 0x94, 0x70, 0x94, 0x70, 0x94, 0x90, 0x94,
    0x70, 0x94, 0x70, 0x94, 0x90, 0x94, 0x70, 0x94, 0x70, 0x94, 0x70, 0x94, 0x70, 0x94, 0x6F, 0x94,
    0x6F, 0x94, 0x4F, 0x8C, 0x4F, 0x8C, 0x2F, 0x8C, 0x2F, 0x8C, 0x4F, 0x8C, 0x70, 0x94, 0x70, 0x94,
    0x70, 0x94, 0x70, 0x94, 0x6F, 0x94, 0x6F, 0x94, 0x2F, 0x8C, 0x0E, 0x8C, 0x0E, 0x8C, 0xEE, 0x83,
    0xCD, 0x83, 0xAC, 0x7B, 0x8C, 0x7B, 0x8C, 0x7B, 0x8C, 0x7B, 0x8D, 0x7B, 0xAD, 0x7B, 0xAD, 0x7B,
    0x8C, 0x7B, 0x8C, 0x7B, 0x8C, 0x7B, 0x6C, 0x7B, 0x6B, 0x7B, 0x6B, 0x73, 0x6B, 0x73, 0x6B, 0x73,
    0x6B, 0x73, 0x6B, 0x73, 0x6B, 0x73, 0x4B, 0x73, 0x4B, 0x73, 0x4B, 0x73, 0x4B, 0x73, 0x4B, 0x73,
    0x4B, 0x73, 0x4B, 0x73, 0x6B, 0x73, 0x4B, 0x73, 0x2B, 0x73, 0x2B, 0x73, 0x2A, 0x73, 0x2A, 0x73,
    0x2A, 0x73, 0x2A, 0x6B, 0x2A, 0x6B, 0x2A, 0x6B, 0x2A, 0x6B, 0x2A, 0x6B, 0x0A, 0x6B, 0x0A, 0x6B,
    0x0A, 0x6B, 0x0A, 0x6B, 0x0A, 0x6B, 0x0A, 0x6B, 0x0A, 0x6B, 0x0A, 0x6B, 0x2A, 0x6B, 0x2A, 0x73,
    0x2B, 0x73, 0x2B, 0x73, 0x2B, 0x73, 0x4B, 0x73, 0x4B, 0x73, 0x6C, 0x7B, 0x8C, 0x7B, 0xAD, 0x7B,
    0xCD, 0x83, 0xEE, 0x8B, 0x0E, 0x8C, 0x0E, 0x8C, 0x0E, 0x84, 0x0E, 0x84, 0x0E, 0x84, 0xEE, 0x83,
    0xCD, 0x7B, 0xEE, 0x83, 0xEE, 0x83, 0xEE, 0x83, 0xEE, 0x83, 0xEE, 0x83, 0x0E, 0x84, 0x0E, 0x84,
    0x0E, 0x84, 0x0E, 0x84, 0x0E, 0x84, 0x0E, 0x8C, 0x2F, 0x8C, 0x2F, 0x8C, 0x2F, 0x8C, 0x2F, 0x8C,
    0x2F, 0x8C, 0x2F, 0x8C, 0x2F, 0x8C, 0x2F, 0x8C, 0x2F, 0x8C, 0x2F, 0x8C, 0x2F, 0x8C, 0x2F, 0x8C,
    0x4F, 0x8C, 0x4F, 0x8C, 0x2F, 0x8C, 0x2F, 0x8C, 0x2F, 0x8C, 0x2F, 0x8C, 0x2F, 0x8C, 0x2F, 0x8C,
    0x2F, 0x8C, 0x2F, 0x84, 0x0E, 0x84, 0x0E, 0x84, 0xEE, 0x83, 0xEE, 0x83, 0xED, 0x7B, 0xED, 0x7B,
    0xCD, 0x7B, 0xCD, 0x7B, 0xAD, 0x73, 0x8C, 0x73, 0x8C, 0x73, 0x6C, 0x73, 0x4B, 0x6B, 0x4B, 0x6B,
    0x4B, 0x6B, 0x2B, 0x6B, 0x2B, 0x63, 0x2A, 0x63, 0x0A, 0x63, 0x0A, 0x63, 0x0A, 0x63, 0x0A, 0x63,
    0x0A, 0x63, 0x2B, 0x63, 0x2B, 0x6B, 0x4B, 0x6B, 0x8C, 0x73, 0xCD, 0x7B, 0xED, 0x7B, 0x0E, 0x84,
    0x0E, 0x84, 0x4F, 0x8C, 0xB1, 0x9C, 0x53, 0xAD, 0xD5, 0xBD, 0x37, 0xCE, 0x98, 0xD6, 0xFA, 0xE6,
    0xD9, 0xDE, 0xD9, 0xDE, 0xD9, 0xDE, 0xD9, 0xDE, 0xD9, 0xE6, 0xD9, 0xDE, 0xB9, 0xDE, 0xB9, 0xDE,
    0xB9, 0xDE, 0xB9, 0xDE, 0xB9, 0xDE, 0x98, 0xDE, 0x98, 0xD6, 0x98, 0xD6, 0x98, 0xD6, 0x78, 0xD6,
    0x78, 0xD6, 0x78, 0xD6, 0x78, 0xD6, 0x57, 0xD6, 0x57, 0xCE, 0x57, 0xCE, 0x57, 0xCE, 0x57, 0xCE,
    0xFB, 0xDE, 0x1C, 0xDF, 0x1C, 0xDF, 0x1C, 0xDF, 0x1C, 0xDF, 0x1C, 0xDF, 0x1C, 0xDF, 0x1C, 0xDF,
    0x1C, 0xDF, 0x1C, 0xDF, 0x1C, 0xDF, 0x1C, 0xDF, 0x1C, 0xDF, 0x1C, 0xDF, 0x1C, 0xDF, 0x1C, 0xDF,
    0x1C, 0xDF, 0x1C, 0xDF, 0x1C, 0xDF, 0x1C, 0xDF, 0x1C, 0xDF, 0x1C, 0xDF, 0x1C, 0xDF, 0x1C, 0xDF,
    0x1C, 0xDF, 0x1C, 0xDF, 0x1C, 0xDF, 0x1C, 0xDF, 0x1C, 0xDF, 0x1C, 0xDF, 0x1C, 0xDF, 0x1C, 0xDF,
    0x1C, 0xDF, 0x1C, 0xDF, 0x1C, 0xDF, 0x1C, 0xDF, 0x1C, 0xDF, 0x1C, 0xDF, 0x1B, 0xDF, 0x1B, 0xDF,
    0xFB, 0xDE, 0xFB, 0xDE, 0xFB, 0xDE, 0xFB, 0xDE, 0xBA, 0xD6, 0xBA, 0xD6, 0x79, 0xCE, 0x17, 0xBE,
    0xB6, 0xB5, 0xD2, 0x94, 0xCD, 0x7B, 0x2B, 0x63, 0x89, 0x52, 0x27, 0x42, 0x07, 0x42, 0xE6, 0x39,
    0xC6, 0x39, 0xE6, 0x39, 0xE6, 0x41, 0x06, 0x42, 0x07, 0x42, 0x07, 0x42, 0x07, 0x42, 0x06, 0x42,
    0x06, 0x42, 0x27, 0x42, 0x27, 0x4A, 0x27, 0x4A, 0x07, 0x42, 0xE6, 0x41, 0xE6, 0x41, 0xE6, 0x41,
    0xE6, 0x41, 0x07, 0x42, 0x27, 0x42, 0x07, 0x42, 0xE6, 0x39, 0xA5, 0x31, 0x85, 0x31, 0x85, 0x31,
    0x64, 0x29, 0x44, 0x29, 0x44, 0x29, 0x44, 0x29, 0x44, 0x29, 0x44, 0x29, 0x44, 0x29, 0x44, 0x29,
    0x44, 0x29, 0x44, 0x29, 0x65, 0x31, 0xA5, 0x31, 0xC6, 0x39, 0xC6, 0x39, 0xE6, 0x39, 0x07, 0x42,
    0x07, 0x42, 0x27, 0x42, 0x68, 0x52, 0xA9, 0x52, 0xEA, 0x5A, 0x4B, 0x6B, 0x8C, 0x73, 0xCD, 0x7B,
    0xEE, 0x7B, 0x0E, 0x84, 0x2E, 0x8C, 0x2F, 0x8C, 0x2F, 0x8C, 0x2F, 0x8C, 0x2F, 0x8C, 0x4F, 0x8C,
    0x4F, 0x8C, 0x4F, 0x8C, 0x6F, 0x8C, 0x70, 0x94, 0x70, 0x94, 0x70, 0x94, 0x70, 0x94, 0x70, 0x94,
    0x70, 0x94, 0x90, 0x94, 0x90, 0x94, 0x90, 0x94, 0xB1, 0x94, 0xB1, 0x9C, 0xB1, 0x94, 0x90, 0x94,
    0x90, 0x94, 0x70, 0x94, 0x70, 0x94, 0x70, 0x94, 0x70, 0x94, 0x70, 0x94, 0x70, 0x94, 0x90, 0x94,
    0x70, 0x94, 0x70, 0x94, 0x70, 0x94, 0x70, 0x94, 0x70, 0x94, 0x70, 0x94, 0x6F, 0x94, 0x6F, 0x94,
    0x4F, 0x8C, 0x4F, 0x8C, 0x2F, 0x8C, 0x2E, 0x8C, 0x0E, 0x8C, 0x2F, 0x8C, 0x4F, 0x8C, 0x70, 0x94,
    0x70, 0x94, 0x50, 0x94, 0x4F, 0x94, 0x4F, 0x8C, 0x2F, 0x8C, 0x0E, 0x8C, 0xEE, 0x83, 0xCD, 0x83,
    0x8C, 0x7B, 0x4B, 0x73, 0x6C, 0x73, 0x6C, 0x7B, 0x6C, 0x7B, 0x6C, 0x7B, 0x8C, 0x7B, 0x8C, 0x7B,
    0x6C, 0x7B, 0x6C, 0x7B, 0x6B, 0x7B, 0x4B, 0x73, 0x4B, 0x73, 0x4B, 0x73, 0x6B, 0x73, 0x4B, 0x73,
    0x4B, 0x73, 0x4B, 0x73, 0x4B, 0x73, 0x4B, 0x73, 0x2B, 0x73, 0x2B, 0x73, 0x2A, 0x73, 0x0A, 0x6B,
    0x0A, 0x6B, 0x2A, 0x73, 0x4B, 0x73, 0x4B, 0x73, 0x4B, 0x73, 0x4B, 0x73, 0x4B, 0x73, 0x2A, 0x73,
    0x2A, 0x73, 0x2A, 0x73, 0x2B, 0x73, 0x2B, 0x73, 0x2A, 0x6B, 0x0A, 0x6B, 0x0A, 0x6B, 0x0A, 0x6B,
    0x0A, 0x6B, 0xEA, 0x6A, 0xE9, 0x6A, 0xE9, 0x6A, 0xE9, 0x6A, 0xE9, 0x6A, 0xEA, 0x6A, 0x0A, 0x6B,
    0x0A, 0x6B, 0x0A, 0x6B, 0x0A, 0x6B, 0x0A, 0x6B, 0x0B, 0x6B, 0x2B, 0x73, 0x6C, 0x7B, 0x6C, 0x7B,
    0xCD, 0x83, 0xEE, 0x8B, 0x0E, 0x8C, 0x0E, 0x8C, 0x0E, 0x84, 0x0E, 0x84, 0x0E, 0x84, 0xEE, 0x83,
    0xCD, 0x7B, 0xCD, 0x7B, 0xCD, 0x7B, 0xCD, 0x7B, 0xED, 0x7B, 0xEE, 0x83, 0xEE, 0x83, 0x0E, 0x84,
    0x0E, 0x84, 0x0E, 0x84, 0x0E, 0x84, 0x0E, 0x8C, 0x2F, 0x8C, 0x2F, 0x8C, 0x2F, 0x8C, 0x2F, 0x8C,
    0x2F, 0x8C, 0x2F, 0x8C, 0x2F, 0x8C, 0x2F, 0x8C, 0x2F, 0x8C, 0x2F, 0x8C, 0x2F, 0x8C, 0x2F, 0x8C,
    0x2F, 0x8C, 0x2F, 0x8C, 0x2F, 0x8C, 0x2F, 0x8C, 0x2F, 0x8C, 0x2F, 0x8C, 0x2F, 0x8C, 0x2F, 0x8C,
    0x2F, 0x8C, 0x2F, 0x8C, 0x2F, 0x8C, 0x0E, 0x84, 0x0E, 0x84, 0xEE, 0x83, 0xEE, 0x83, 0xEE, 0x83,
    0xCD, 0x7B, 0xCD, 0x7B, 0xCD, 0x7B, 0xAD, 0x7B, 0x8C, 0x73, 0x8C, 0x73, 0x8C, 0x73, 0x6C, 0x73,
    0x4B, 0x6B, 0x4B, 0x6B, 0x2B, 0x63, 0x0A, 0x63, 0xEA, 0x5A, 0xEA, 0x62, 0xEA, 0x62, 0x0A, 0x63,
    0x0A, 0x63, 0x0A, 0x63, 0x2B, 0x63, 0x4B, 0x6B, 0x6C, 0x73, 0xAD, 0x7B, 0xCD, 0x7B, 0x0E, 0x84,
    0x0E, 0x84, 0x2F, 0x8C, 0xD1, 0x9C, 0x53, 0xAD, 0xF5, 0xBD, 0x37, 0xCE, 0x98, 0xD6, 0xB8, 0xD6,
    0xD9, 0xDE, 0xD9, 0xDE, 0xD9, 0xDE, 0xB9, 0xDE, 0xB9, 0xDE, 0xB9, 0xDE, 0xB9, 0xDE, 0xB9, 0xDE,
    0xB9, 0xDE, 0x98, 0xDE, 0x98, 0xDE, 0x98, 0xD6, 0x98, 0xD6, 0x98, 0xD6, 0x78, 0xD6, 0x78, 0xD6,
    0x78, 0xD6, 0x78, 0xD6, 0x57, 0xD6, 0x57, 0xCE, 0x57, 0xCE, 0x57, 0xCE, 0x57, 0xCE, 0x57, 0xCE,
    0xFB, 0xDE, 0xFB, 0xDE, 0xFB, 0xDE, 0xFC, 0xDE, 0x1C, 0xDF, 0x1C, 0xDF, 0x1C, 0xDF, 0x1C, 0xDF,
    0x1C, 0xDF, 0x1C, 0xDF, 0x1C, 0xDF, 0x1C, 0xDF, 0x1C, 0xDF, 0x1C, 0xDF, 0x1C, 0xDF, 0x1C, 0xDF,
    0x1C, 0xDF, 0x1C, 0xDF, 0x1B, 0xDF, 0x1B, 0xDF, 0x1B, 0xDF, 0x1C, 0xDF, 0x1C, 0xDF, 0x1C, 0xDF,
    0x1C, 0xDF, 0x1C, 0xDF, 0x1C, 0xDF, 0x1C, 0xDF, 0x1C, 0xDF, 0x1C, 0xDF, 0x1C, 0xDF, 0x1B, 0xDF,
    0xFB, 0xDE, 0x1B, 0xDF, 0x1B, 0xDF, 0x1B, 0xDF, 0x1C, 0xDF, 0x1C, 0xDF, 0x1B, 0xDF, 0x1B, 0xDF,
    0x1B, 0xDF, 0xFB, 0xDE, 0xFB, 0xDE, 0xFB, 0xDE, 0xBA, 0xD6, 0xBA, 0xD6, 0x79, 0xCE, 0x17, 0xBE,
    0x95, 0xB5, 0xD2, 0x9C, 0xCD, 0x7B, 0x2B, 0x63, 0xA9, 0x52, 0x27, 0x42, 0x07, 0x42, 0xE6, 0x41,
    0xC6, 0x39, 0xC6, 0x39, 0xC6, 0x39, 0xC6, 0x39, 0xE6, 0x39, 0xE6, 0x39, 0x06, 0x42, 0x06, 0x42,
    0x06, 0x42, 0x27, 0x42, 0x27, 0x4A, 0x27, 0x4A, 0x06, 0x42, 0x06, 0x42, 0xE6, 0x41, 0xE6, 0x41,
    0xE6, 0x41, 0x06, 0x42, 0x06, 0x42, 0xE6, 0x39, 0xC6, 0x39, 0xA5, 0x31, 0x85, 0x31, 0x84, 0x31,
    0x64, 0x29, 0x44, 0x29, 0x44, 0x29, 0x44, 0x29, 0x44, 0x29, 0x44, 0x29, 0x44, 0x29, 0x44, 0x29,
    0x85, 0x31, 0xA5, 0x31, 0xC6, 0x39, 0xE6, 0x39, 0x07, 0x42, 0x07, 0x42, 0x07, 0x42, 0x27, 0x42,
    0x48, 0x4A, 0x88, 0x52, 0xCA, 0x5A, 0x0B, 0x63, 0x4C, 0x6B, 0xAD, 0x73, 0xCD, 0x7B, 0xEE, 0x7B,
    0x0E, 0x84, 0x0E, 0x84, 0x2E, 0x84, 0x2F, 0x8C, 0x2F, 0x8C, 0x2F, 0x8C, 0x4F, 0x8C, 0x4F, 0x8C,
    0x4F, 0x8C, 0x4F, 0x8C, 0x6F, 0x8C, 0x70, 0x94, 0x70, 0x94, 0x70, 0x94, 0x70, 0x94, 0x70, 0x94,
    0x70, 0x94, 0x90, 0x94, 0x90, 0x94, 0x90, 0x94, 0x90, 0x94, 0x90, 0x94, 0x90, 0x94, 0x70, 0x94,
    0x70, 0x94, 0x6F, 0x8C, 0x4F, 0x94, 0x70, 0x94, 0x70, 0x94, 0x70, 0x94, 0x70, 0x94, 0x70, 0x94,
    0x70, 0x94, 0x70, 0x94, 0x70, 0x94, 0x4F, 0x94, 0x4F, 0x8C, 0x4F, 0x8C, 0x4F, 0x8C, 0x4F, 0x8C,
    0x2F, 0x8C, 0x2F, 0x8C, 0x2E, 0x8C, 0x0E, 0x84, 0x0E, 0x84, 0x2F, 0x8C, 0x2F, 0x8C, 0x4F, 0x8C,
    0x4F, 0x8C, 0x4F, 0x8C, 0x2F, 0x8C, 0x2F, 0x8C, 0x0E, 0x8C, 0x0E, 0x8C, 0xEE, 0x83, 0xAC, 0x7B,
    0x8C, 0x7B, 0x6C, 0x7B, 0x6C, 0x7B, 0x6C, 0x7B, 0x6C, 0x7B, 0x6C, 0x7B, 0x6C, 0x7B, 0x6C, 0x7B,
    0x2B, 0x73, 0x2B, 0x73, 0x4B, 0x73, 0x2B, 0x73, 0x4A, 0x73, 0x4A, 0x73, 0x4B, 0x73, 0x2A, 0x73,
    0x2B, 0x73, 0x2B, 0x73, 0x2A, 0x73, 0x2A, 0x73, 0x2A, 0x6B, 0x2A, 0x6B, 0x0A, 0x6B, 0x0A, 0x6B,
    0x0A, 0x6B, 0x0A, 0x6B, 0x0A, 0x6B, 0x2A, 0x73, 0x2A, 0x6B, 0x2A, 0x73, 0x0A, 0x6B, 0x0A, 0x6B,
    0x0A, 0x6B, 0x0A, 0x6B, 0x0A, 0x6B, 0x0A, 0x6B, 0xE9, 0x6A, 0xE9, 0x62, 0xE9, 0x62, 0xC9, 0x62,
    0xC9, 0x62, 0xC9, 0x62, 0xC9, 0x62, 0xC9, 0x62, 0xC9, 0x62, 0xC9, 0x62, 0xC9, 0x62, 0xE9, 0x62,
    0xE9, 0x6A, 0xE9, 0x6A, 0xEA, 0x6A, 0xEA, 0x6A, 0x0A, 0x6B, 0x0A, 0x6B, 0x2B, 0x6B, 0x4B, 0x73,
    0x6C, 0x7B, 0xAD, 0x7B, 0xCD, 0x83, 0xED, 0x83, 0xEE, 0x83, 0x0E, 0x8C, 0x0E, 0x84, 0xEE, 0x83,
    0xCD, 0x7B, 0xAD, 0x7B, 0xAD, 0x7B, 0xAD, 0x7B, 0xCD, 0x7B, 0xED, 0x7B, 0xEE, 0x83, 0x0E, 0x84,
    0x0E, 0x84, 0x0E, 0x84, 0x0E, 0x84, 0x0E, 0x8C, 0x2F, 0x8C, 0x2F, 0x8C, 0x2F, 0x8C, 0x2F, 0x8C,
    0x2F, 0x8C, 0x2F, 0x8C, 0x2F, 0x8C, 0x2F, 0x8C, 0x2F, 0x8C, 0x2F, 0x8C, 0x2F, 0x8C, 0x2F, 0x8C,
    0x2F, 0x8C, 0x2F, 0x8C, 0x2F, 0x8C, 0x2F, 0x8C, 0x2F, 0x8C, 0x2F, 0x8C, 0x2F, 0x8C, 0x2F, 0x8C,
    0x2F, 0x8C, 0x2F, 0x8C, 0x2F, 0x8C, 0x0E, 0x84, 0x0E, 0x84, 0xEE, 0x83, 0xEE, 0x83, 0xEE, 0x83,
    0xED, 0x7B, 0xCD, 0x7B, 0xCD, 0x7B, 0xAD, 0x7B, 0xAD, 0x7B, 0xAD, 0x7B, 0x8C, 0x73, 0x6C, 0x73,
    0x4B, 0x6B, 0x4B, 0x6B, 0x2B, 0x6B, 0x0A, 0x63, 0xEA, 0x62, 0xEA, 0x62, 0xEA, 0x62, 0x0A, 0x63,
    0x0A, 0x63, 0x0A, 0x63, 0x2B, 0x63, 0x2B, 0x6B, 0x6C, 0x73, 0xAD, 0x7B, 0xCD, 0x7B, 0x0E, 0x84,
    0x0E, 0x84, 0x0E, 0x84, 0xB1, 0x94, 0x74, 0xAD, 0xF6, 0xBD, 0x37, 0xCE, 0x98, 0xD6, 0xB9, 0xD6,
    0xD9, 0xDE, 0xD9, 0xDE, 0xB9, 0xDE, 0xB9, 0xDE, 0xB9, 0xDE, 0xB9, 0xDE, 0xB9, 0xDE, 0xB9, 0xDE,
    0xB9, 0xDE, 0x98, 0xDE, 0x98, 0xD6, 0x98, 0xD6, 0x98, 0xD6, 0x98, 0xD6, 0x78, 0xD6, 0x78, 0xD6,
    0x78, 0xD6, 0x78, 0xD6, 0x57, 0xD6, 0x57, 0xCE, 0x57, 0xCE, 0x57, 0xCE, 0x57, 0xCE, 0x37, 0xCE,
    0xDB, 0xD6, 0xDB, 0xD6, 0xDB, 0xD6, 0xFB, 0xDE, 0xFB, 0xDE, 0xFB, 0xDE, 0xFB, 0xDE, 0xFB, 0xDE,
    0xFB, 0xDE, 0xFB, 0xDE, 0x1B, 0xDF, 0x1B, 0xDF, 0x1B, 0xDF, 0x1B, 0xDF, 0x1B, 0xDF, 0x1B, 0xDF,
    0x1B, 0xDF, 0x1B, 0xDF, 0x1B, 0xDF, 0x1B, 0xDF, 0x1B, 0xDF, 0x1B, 0xDF, 0x1B, 0xDF, 0x1B, 0xDF,
    0x1B, 0xDF, 0xFB, 0xDE, 0xFB, 0xDE, 0xFB, 0xDE, 0xFB, 0xDE, 0xFB, 0xDE, 0xFB, 0xDE, 0xFB, 0xDE,
    0xFB, 0xDE, 0xFB, 0xDE, 0xFB, 0xDE, 0xFB, 0xDE, 0xFB, 0xDE, 0xFB, 0xDE, 0xFB, 0xDE, 0xFB, 0xDE,
    0xFB, 0xDE, 0xDB, 0xDE, 0xDB, 0xDE, 0xDB, 0xDE, 0xBA, 0xD6, 0x9A, 0xD6, 0x79, 0xCE, 0x17, 0xBE,
    0xB5, 0xB5, 0xB1, 0x94, 0x0E, 0x7C, 0x0B, 0x63, 0x68, 0x4A, 0x48, 0x4A, 0x07, 0x42, 0xE7, 0x41,
    0xC6, 0x39, 0xC6, 0x39, 0xA6, 0x39, 0xA5, 0x31, 0xC5, 0x39, 0xC6, 0x39, 0x06, 0x42, 0x07, 0x42,
    0x07, 0x42, 0x07, 0x42, 0x27, 0x4A, 0x27, 0x4A, 0x06, 0x42, 0xE6, 0x41, 0xC6, 0x39, 0xC6, 0x41,
    0xE6, 0x41, 0xE6, 0x41, 0xE6, 0x41, 0xC5, 0x39, 0xC5, 0x39, 0xA5, 0x31, 0x85, 0x31, 0x84, 0x31,
    0x64, 0x29, 0x44, 0x29, 0x44, 0x29, 0x44, 0x29, 0x44, 0x29, 0x44, 0x29, 0x44, 0x29, 0x65, 0x31,
    0xE6, 0x39, 0x07, 0x42, 0x27, 0x42, 0x28, 0x4A, 0x48, 0x4A, 0x48, 0x4A, 0x48, 0x4A, 0x68, 0x52,
    0xA9, 0x5A, 0xEA, 0x62, 0x2B, 0x63, 0x4C, 0x6B, 0x8D, 0x73, 0xCD, 0x7B, 0xCE, 0x7B, 0xEE, 0x83,
    0x0E, 0x84, 0x0E, 0x84, 0x2E, 0x84, 0x2F, 0x8C, 0x2F, 0x8C, 0x2F, 0x8C, 0x4F, 0x8C, 0x4F, 0x8C,
    0x4F, 0x8C, 0x4F, 0x8C, 0x6F, 0x94, 0x70, 0x94, 0x70, 0x94, 0x70, 0x94, 0x70, 0x94, 0x70, 0x94,
    0x90, 0x94, 0x90, 0x94, 0x90, 0x94, 0x90, 0x94, 0x90, 0x94, 0x90, 0x94, 0x70, 0x94, 0x4F, 0x8C,
    0x4F, 0x8C, 0x4F, 0x8C, 0x4F, 0x8C, 0x6F, 0x94, 0x4F, 0x8C, 0x4F, 0x8C, 0x4F, 0x8C, 0x4F, 0x8C,
    0x4F, 0x8C, 0x4F, 0x8C, 0x4F, 0x8C, 0x4F, 0x8C, 0x4F, 0x8C, 0x4F, 0x8C, 0x2F, 0x8C, 0x2F, 0x8C,
    0x2F, 0x8C, 0x2F, 0x8C, 0x0E, 0x84, 0xEE, 0x83, 0xEE, 0x83, 0x0E, 0x84, 0x2F, 0x8C, 0x2F, 0x8C,
    0x2F, 0x8C, 0x2F, 0x8C, 0x2F, 0x8C, 0x2F, 0x8C, 0x0E, 0x8C, 0xEE, 0x8B, 0xCD, 0x83, 0x6C, 0x7B,
    0x6C, 0x73, 0x6C, 0x7B, 0x4B, 0x73, 0x4B, 0x73, 0x4B, 0x73, 0x4B, 0x73, 0x4B, 0x73, 0x2B, 0x73,
    0x0A, 0x6B, 0x2A, 0x6B, 0x0A, 0x6B, 0x2A, 0x6B, 0x2A, 0x6B, 0x2A, 0x6B, 0x2A, 0x6B, 0x0A, 0x6B,
    0x0A, 0x6B, 0x0A, 0x6B, 0x0A, 0x6B, 0xEA, 0x6A, 0xEA, 0x6A, 0xEA, 0x6A, 0x0A, 0x6B, 0x0A, 0x6B,
    0x0A, 0x6B, 0x0A, 0x6B, 0x0A, 0x6B, 0x0A, 0x6B, 0x0A, 0x6B, 0x0A, 0x6B, 0xEA, 0x6A, 0xE9, 0x6A,
    0xE9, 0x6A, 0xE9, 0x6A, 0xE9, 0x6A, 0xE9, 0x6A, 0xE9, 0x6A, 0xC9, 0x62, 0xC9, 0x62, 0xA9, 0x62,
    0xA8, 0x62, 0x88, 0x5A, 0x88, 0x5A, 0x88, 0x5A, 0xA8, 0x62, 0xA8, 0x62, 0xA8, 0x62, 0xA8, 0x62,
    0xA9, 0x62, 0xA9, 0x62, 0xA9, 0x62, 0xC9, 0x62, 0xC9, 0x62, 0xC9, 0x62, 0xEA, 0x6A, 0x0A, 0x6B,
    0x2B, 0x73, 0x6C, 0x7B, 0x8C, 0x7B, 0xAD, 0x7B, 0xCD, 0x83, 0xEE, 0x83, 0xEE, 0x83, 0xCD, 0x83,
    0xAD, 0x7B, 0xAC, 0x73, 0xAC, 0x73, 0xAC, 0x73, 0xAD, 0x7B, 0xCD, 0x7B, 0xEE, 0x83, 0x0E, 0x84,
    0x0E, 0x84, 0x0E, 0x84, 0x0E, 0x84, 0x0E, 0x8C, 0x2F, 0x8C, 0x2F, 0x8C, 0x2F, 0x8C, 0x2F, 0x8C,
    0x4F, 0x8C, 0x4F, 0x8C, 0x2F, 0x8C, 0x2F, 0x8C, 0x2F, 0x8C, 0x2F, 0x8C, 0x2F, 0x8C, 0x2F, 0x8C,
    0x2F, 0x8C, 0x2F, 0x8C, 0x2F, 0x8C, 0x2F, 0x8C, 0x2F, 0x8C, 0x2F, 0x8C, 0x2F, 0x8C, 0x2F, 0x8C,
    0x2F, 0x8C, 0x2F, 0x8C, 0x2F, 0x8C, 0x0E, 0x84, 0x0E, 0x84, 0xEE, 0x83, 0xEE, 0x83, 0xEE, 0x83,
    0xED, 0x83, 0xCD, 0x7B, 0xCD, 0x7B, 0xCD, 0x7B, 0xCD, 0x7B, 0xCD, 0x7B, 0x8C, 0x73, 0x6C, 0x73,
    0x4B, 0x6B, 0x4B, 0x6B, 0x2B, 0x63, 0x0A, 0x63, 0xEA, 0x5A, 0xEA, 0x62, 0xEA, 0x62, 0xEA, 0x62,
    0x0A, 0x63, 0x0A, 0x63, 0x2B, 0x63, 0x2B, 0x6B, 0x6C, 0x73, 0xAD, 0x7B, 0xCD, 0x7B, 0xEE, 0x83,
    0x0E, 0x84, 0x0E, 0x84, 0xB1, 0x94, 0x74, 0xAD, 0xF5, 0xBD, 0x57, 0xCE, 0x98, 0xD6, 0x98, 0xD6,
    0xD9, 0xDE, 0xD9, 0xDE, 0xB9, 0xDE, 0xB9, 0xDE, 0xB9, 0xDE, 0xB9, 0xDE, 0xB9, 0xDE, 0xB9, 0xDE,
    0xB9, 0xDE, 0x98, 0xDE, 0x98, 0xD6, 0x98, 0xD6, 0x98, 0xD6, 0x98, 0xD6, 0x78, 0xD6, 0x78, 0xD6,
    0x78, 0xD6, 0x57, 0xD6, 0x57, 0xD6, 0x57, 0xCE, 0x57, 0xCE, 0x57, 0xCE, 0x57, 0xCE, 0x37, 0xCE,
    0xBB, 0xD6, 0xDB, 0xD6, 0xDB, 0xD6, 0xDA, 0xD6, 0xDA, 0xD6, 0xDA, 0xD6, 0xDA, 0xD6, 0xDB, 0xD6,
    0xDB, 0xD6, 0xDB, 0xD6, 0xDB, 0xDE, 0xDB, 0xDE, 0xDB, 0xDE, 0xDB, 0xDE, 0xDB, 0xDE, 0xDB, 0xDE,
    0xDB, 0xDE, 0xDB, 0xDE, 0xDB, 0xDE, 0xDB, 0xDE, 0xDA, 0xD6, 0xDA, 0xD6, 0xDA, 0xD6, 0xDA, 0xDE,
    0xDA, 0xDE, 0xDA, 0xD6, 0xDA, 0xD6, 0xDA, 0xD6, 0xDA, 0xD6, 0xDA, 0xD6, 0xDA, 0xD6, 0xDA, 0xDE,
    0xDA, 0xDE, 0xDA, 0xDE, 0xDB, 0xDE, 0xDB, 0xDE, 0xDB, 0xDE, 0xDA, 0xD6, 0xDA, 0xD6, 0xBA, 0xD6,
    0xBA, 0xD6, 0xDA, 0xD6, 0xDA, 0xD6, 0xBA, 0xD6, 0x99, 0xD6, 0x99, 0xD6, 0x99, 0xD6, 0x17, 0xC6,
    0x74, 0xAD, 0x70, 0x8C, 0x2F, 0x8C, 0x0B, 0x63, 0x48, 0x4A, 0x68, 0x4A, 0x27, 0x42, 0x07, 0x42,
    0xE6, 0x39, 0xC6, 0x39, 0xA6, 0x31, 0x85, 0x31, 0xA5, 0x31, 0xC6, 0x39, 0xE6, 0x41, 0xE6, 0x41,
    0xE6, 0x41, 0xE6, 0x41, 0xE6, 0x41, 0xE6, 0x41, 0xE6, 0x41, 0xC5, 0x39, 0xA5, 0x39, 0xA5, 0x39,
    0xA5, 0x39, 0xC5, 0x39, 0xC5, 0x39, 0xA5, 0x39, 0x84, 0x31, 0x84, 0x31, 0x64, 0x31, 0x64, 0x31,
    0x84, 0x31, 0x64, 0x31, 0x44, 0x29, 0x44, 0x29, 0x44, 0x29, 0x64, 0x31, 0x65, 0x31, 0x85, 0x31,
    0xE6, 0x41, 0x07, 0x42, 0x27, 0x4A, 0x28, 0x4A, 0x48, 0x52, 0x68, 0x52, 0x68, 0x52, 0xA9, 0x52,
    0xEA, 0x62, 0x4B, 0x6B, 0x4C, 0x6B, 0x6C, 0x6B, 0x8C, 0x73, 0xAD, 0x7B, 0xCD, 0x7B, 0xEE, 0x7B,
    0x0E, 0x84, 0x0E, 0x84, 0x0E, 0x84, 0x2E, 0x84, 0x2F, 0x8C, 0x2F, 0x8C, 0x2F, 0x8C, 0x4F, 0x8C,
    0x4F, 0x8C, 0x4F, 0x8C, 0x4F, 0x94, 0x70, 0x94, 0x70, 0x94, 0x70, 0x94, 0x70, 0x94, 0x90, 0x94,
    0x90, 0x94, 0x90, 0x94, 0x90, 0x94, 0x90, 0x94, 0x90, 0x94, 0x90, 0x94, 0x6F, 0x8C, 0x4F, 0x8C,
    0x4F, 0x8C, 0x4F, 0x8C, 0x4F, 0x8C, 0x4F, 0x8C, 0x4F, 0x8C, 0x4F, 0x8C, 0x2F, 0x8C, 0x2E, 0x84,
    0x2E, 0x84, 0x2E, 0x84, 0x2E, 0x84, 0x2F, 0x8C, 0x4F, 0x8C, 0x4F, 0x8C, 0x2F, 0x8C, 0x2F, 0x8C,
    0x2F, 0x8C, 0x2F, 0x8C, 0x0E, 0x84, 0xCD, 0x7B, 0xCD, 0x83, 0x0E, 0x84, 0x2F, 0x8C, 0x2F, 0x8C,
    0x2F, 0x8C, 0x2F, 0x8C, 0x2F, 0x8C, 0x2F, 0x8C, 0x0E, 0x8C, 0xEE, 0x83, 0xAD, 0x7B, 0x6C, 0x73,
    0x6B, 0x73, 0x4B, 0x73, 0x4B, 0x73, 0x2B, 0x73, 0x0A, 0x6B, 0x0A, 0x6B, 0x0A, 0x6B, 0xE9, 0x6A,
    0xEA, 0x6A, 0x0A, 0x6B, 0xE9, 0x6A, 0x0A, 0x6B, 0x0A, 0x6B, 0xEA, 0x6A, 0xE9, 0x6A, 0xE9, 0x6A,
    0xE9, 0x6A, 0xE9, 0x6A, 0xEA, 0x6A, 0xE9, 0x6A, 0xE9, 0x6A, 0xE9, 0x6A, 0xE9, 0x6A, 0xEA, 0x6A,
    0xEA, 0x6A, 0xE9, 0x6A, 0xEA, 0x6A, 0xEA, 0x6A, 0x0A, 0x6B, 0xE9, 0x6A, 0xC9, 0x62, 0xC9, 0x62,
    0xC9, 0x62, 0xC9, 0x62, 0xC9, 0x62, 0xC9, 0x62, 0xC9, 0x62, 0xC9, 0x62, 0xA8, 0x62, 0x88, 0x5A,
    0x68, 0x5A, 0x67, 0x5A, 0x67, 0x5A, 0x67, 0x5A, 0x88, 0x5A, 0x88, 0x62, 0x88, 0x5A, 0x88, 0x5A,
    0x88, 0x5A, 0x88, 0x5A, 0x88, 0x5A, 0x88, 0x5A, 0x88, 0x5A, 0xA8, 0x62, 0xC9, 0x62, 0xC9, 0x62,
    0x0A, 0x6B, 0x2B, 0x73, 0x4B, 0x73, 0x8C, 0x7B, 0xCD, 0x7B, 0xCD, 0x83, 0xED, 0x83, 0xCD, 0x7B,
    0xAC, 0x7B, 0x8C, 0x73, 0x8C, 0x73, 0x8C, 0x73, 0xAC, 0x73, 0xAD, 0x7B, 0xEE, 0x83, 0x0E, 0x84,
    0x0E, 0x84, 0x0E, 0x84, 0x0E, 0x84, 0x2E, 0x84, 0x2E, 0x84, 0x2F, 0x84, 0x2F, 0x8C, 0x2F, 0x8C,
    0x2F, 0x8C, 0x2F, 0x8C, 0x2F, 0x8C, 0x2F, 0x8C, 0x2F, 0x8C, 0x2F, 0x8C, 0x2F, 0x8C, 0x2E, 0x84,
    0x0E, 0x84, 0x0E, 0x84, 0x0E, 0x84, 0x0E, 0x84, 0x0E, 0x84, 0x2F, 0x84, 0x2F, 0x8C, 0x2F, 0x8C,
    0x2E, 0x84, 0x2E, 0x84, 0x2E, 0x84, 0x0E, 0x84, 0x0E, 0x84, 0xEE, 0x83, 0xEE, 0x83, 0xEE, 0x83,
    0xEE, 0x83, 0xCD, 0x7B, 0xCD, 0x7B, 0xCD, 0x7B, 0xCD, 0x7B, 0xCD, 0x7B, 0xAD, 0x7B, 0x8C, 0x73,
    0x6C, 0x73, 0x4B, 0x6B, 0x2B, 0x6B, 0x0A, 0x63, 0xEA, 0x62, 0xEA, 0x62, 0xEA, 0x62, 0xEA, 0x62,
    0x0A, 0x63, 0x0A, 0x63, 0x2A, 0x63, 0x4B, 0x6B, 0x6C, 0x6B, 0x8C, 0x73, 0xAC, 0x73, 0xCD, 0x7B,
    0x0E, 0x84, 0x2E, 0x84, 0xB1, 0x9C, 0x74, 0xAD, 0xF5, 0xBD, 0x57, 0xCE, 0x98, 0xD6, 0x98, 0xD6,
    0xB9, 0xDE, 0xD9, 0xDE, 0xD9, 0xDE, 0xB9, 0xDE, 0xB9, 0xDE, 0xB9, 0xDE, 0xB9, 0xDE, 0xB9, 0xDE,
    0xB9, 0xDE, 0x98, 0xD6, 0x98, 0xD6, 0x98, 0xD6, 0x98, 0xD6, 0x98, 0xD6, 0x98, 0xD6, 0x78, 0xD6,
    0x78, 0xCE, 0x57, 0xCE, 0x57, 0xCE, 0x57, 0xCE, 0x57, 0xCE, 0x57, 0xCE, 0x57, 0xCE, 0x37, 0xCE,
    0x9A, 0xCE, 0x9A, 0xD6, 0x9A, 0xD6, 0x9A, 0xD6, 0x9A, 0xD6, 0x9A, 0xD6, 0x9A, 0xD6, 0xBA, 0xD6,
    0xBA, 0xD6, 0xBA, 0xD6, 0xBA, 0xD6, 0xBA, 0xD6, 0xBA, 0xD6, 0xBA, 0xD6, 0xBA, 0xD6, 0xBA, 0xD6,
    0xBA, 0xD6, 0x9A, 0xD6, 0x9A, 0xD6, 0x9A, 0xD6, 0xBA, 0xD6, 0xBA, 0xD6, 0xBA, 0xD6, 0xBA, 0xD6,
    0xBA, 0xD6, 0xBA, 0xD6, 0xBA, 0xD6, 0xBA, 0xD6, 0xBA, 0xD6, 0xBA, 0xD6, 0xBA, 0xD6, 0xDA, 0xD6,
    0xDA, 0xD6, 0xDA, 0xD6, 0xDA, 0xD6, 0xDA, 0xD6, 0xDA, 0xD6, 0xBA, 0xD6, 0xBA, 0xD6, 0xBA, 0xD6,
    0xBA, 0xD6, 0xBA, 0xD6, 0xBA, 0xD6, 0xBA, 0xD6, 0x99, 0xD6, 0x79, 0xCE, 0x59, 0xCE, 0xD6, 0xBD,
    0x95, 0xB5, 0xD1, 0x9C, 0xEE, 0x7B, 0x2B, 0x63, 0xC9, 0x5A, 0x68, 0x52, 0x27, 0x42, 0x07, 0x42,
    0xE6, 0x39, 0xC6, 0x39, 0xA6, 0x31, 0x65, 0x31, 0x64, 0x29, 0xA5, 0x31, 0xA5, 0x39, 0xA5, 0x39,
    0xA5, 0x39, 0xA5, 0x39, 0xA5, 0x39, 0xA5, 0x39, 0xA5, 0x39, 0xA5, 0x39, 0xA5, 0x39, 0x85, 0x39,
    0xA5, 0x39, 0xA5, 0x39, 0xA5, 0x39, 0x84, 0x31, 0x84, 0x31, 0x64, 0x31, 0x64, 0x31, 0x64, 0x31,
    0x84, 0x31, 0x84, 0x31, 0x64, 0x31, 0x64, 0x31, 0x64, 0x31, 0x65, 0x31, 0x85, 0x31, 0xA5, 0x39,
    0xE6, 0x41, 0x07, 0x42, 0x07, 0x42, 0x28, 0x4A, 0x48, 0x4A, 0x68, 0x52, 0x89, 0x52, 0xA9, 0x5A,
    0x0B, 0x63, 0x4C, 0x6B, 0x6C, 0x6B, 0x6C, 0x73, 0x8C, 0x73, 0xAD, 0x7B, 0xCD, 0x7B, 0xEE, 0x7B,
    0xEE, 0x83, 0x0E, 0x84, 0x0E, 0x84, 0x2E, 0x84, 0x2F, 0x8C, 0x2F, 0x8C, 0x2F, 0x8C, 0x4F, 0x8C,
    0x4F, 0x8C, 0x2F, 0x8C, 0x4F, 0x8C, 0x70, 0x94, 0x70, 0x94, 0x70, 0x94, 0x70, 0x94, 0x90, 0x94,
    0x90, 0x94, 0x90, 0x94, 0x90, 0x94, 0x90, 0x94, 0x90, 0x94, 0x90, 0x94, 0x6F, 0x8C, 0x4F, 0x8C,
    0x4F, 0x8C, 0x4F, 0x8C, 0x2F, 0x8C, 0x2F, 0x8C, 0x2F, 0x8C, 0x2F, 0x8C, 0x2E, 0x84, 0x0E, 0x84,
    0x0E, 0x84, 0x2E, 0x84, 0x2E, 0x84, 0x2F, 0x8C, 0x4F, 0x8C, 0x4F, 0x8C, 0x2F, 0x8C, 0x2F, 0x8C,
    0x2F, 0x8C, 0x2F, 0x8C, 0xEE, 0x83, 0xCD, 0x7B, 0xCD, 0x83, 0x0E, 0x84, 0x2F, 0x8C, 0x2F, 0x8C,
    0x2F, 0x8C, 0x2F, 0x8C, 0x2F, 0x8C, 0x2F, 0x8C, 0x0E, 0x8C, 0xCD, 0x83, 0x8C, 0x7B, 0x6C, 0x73,
    0x6B, 0x73, 0x6B, 0x73, 0x2B, 0x73, 0x0A, 0x6B, 0x0A, 0x6B, 0x0A, 0x6B, 0xE9, 0x6A, 0xC9, 0x62,
    0xE9, 0x6A, 0xEA, 0x6A, 0xC9, 0x62, 0xE9, 0x6A, 0xE9, 0x6A, 0xE9, 0x62, 0xC9, 0x62, 0xC9, 0x62,
    0xC9, 0x62, 0xA9, 0x62, 0xC9, 0x62, 0xC9, 0x6A, 0xE9, 0x6A, 0xC9, 0x6A, 0xE9, 0x6A, 0xE9, 0x6A,
    0xE9, 0x6A, 0xC9, 0x62, 0xC9, 0x62, 0xC9, 0x62, 0xE9, 0x6A, 0xC9, 0x62, 0xA8, 0x62, 0xC9, 0x62,
    0xC9, 0x62, 0xA8, 0x62, 0x88, 0x5A, 0x88, 0x5A, 0x88, 0x5A, 0x88, 0x5A, 0x68, 0x5A, 0x67, 0x5A,
    0x67, 0x5A, 0x67, 0x5A, 0x68, 0x5A, 0x67, 0x5A, 0x67, 0x5A, 0x67, 0x5A, 0x67, 0x5A, 0x67, 0x5A,
    0x67, 0x5A, 0x67, 0x5A, 0x67, 0x5A, 0x68, 0x5A, 0x88, 0x5A, 0x88, 0x5A, 0xA8, 0x5A, 0xA8, 0x62,
    0xE9, 0x62, 0x0A, 0x6B, 0x0A, 0x6B, 0x4B, 0x73, 0x8C, 0x7B, 0xCD, 0x7B, 0xCD, 0x7B, 0xAD, 0x7B,
    0x8C, 0x73, 0x6C, 0x73, 0x6C, 0x73, 0x8C, 0x73, 0xAC, 0x7B, 0xAD, 0x7B, 0xEE, 0x7B, 0x0E, 0x84,
    0x0E, 0x84, 0x0E, 0x84, 0x0E, 0x84, 0x2E, 0x84, 0x2E, 0x84, 0x2F, 0x84, 0x2F, 0x8C, 0x2E, 0x84,
    0x2E, 0x84, 0x2E, 0x84, 0x0E, 0x84, 0x0E, 0x84, 0x0E, 0x84, 0x0E, 0x84, 0x0E, 0x84, 0x0E, 0x84,
    0x0E, 0x84, 0x0E, 0x84, 0x0E, 0x84, 0x0E, 0x84, 0x0E, 0x84, 0x0E, 0x84, 0x0E, 0x84, 0x0E, 0x84,
    0x0E, 0x84, 0x0E, 0x84, 0x0E, 0x84, 0x0E, 0x84, 0x0E, 0x84, 0xEE, 0x83, 0xEE, 0x83, 0xEE, 0x83,
    0xEE, 0x83, 0xEE, 0x83, 0xCD, 0x7B, 0xCD, 0x7B, 0xCD, 0x7B, 0xCD, 0x7B, 0xCD, 0x7B, 0xAD, 0x7B,
    0x8C, 0x73, 0x6C, 0x73, 0x4B, 0x6B, 0x2B, 0x6B, 0x0A, 0x63, 0x0A, 0x63, 0x0A, 0x63, 0x0A, 0x63,
    0x0A, 0x63, 0x0A, 0x63, 0x2A, 0x63, 0x2B, 0x6B, 0x4B, 0x6B, 0x6C, 0x73, 0x8C, 0x73, 0xAC, 0x73,
    0xEE, 0x7B, 0x0E, 0x84, 0xB1, 0x94, 0x74, 0xAD, 0xF5, 0xBD, 0x57, 0xCE, 0x98, 0xD6, 0x98, 0xD6,
    0xB9, 0xDE, 0xD9, 0xDE, 0xD9, 0xDE, 0xB9, 0xDE, 0xB9, 0xDE, 0xB9, 0xDE, 0xB9, 0xDE, 0xB9, 0xDE,
    0xB9, 0xDE, 0x98, 0xD6, 0x98, 0xD6, 0x98, 0xD6, 0x98, 0xD6, 0x98, 0xD6, 0x98, 0xD6, 0x78, 0xD6,
    0x77, 0xCE, 0x57, 0xCE, 0x57, 0xCE, 0x57, 0xCE, 0x57, 0xCE, 0x57, 0xCE, 0x57, 0xCE, 0x57, 0xCE,
    0x59, 0xCE, 0x79, 0xCE, 0x79, 0xCE, 0x79, 0xCE, 0x79, 0xCE, 0x99, 0xCE, 0x99, 0xCE, 0x99, 0xCE,
    0x9A, 0xCE, 0x9A, 0xCE, 0x9A, 0xD6, 0x9A, 0xD6, 0x9A, 0xD6, 0x9A, 0xD6, 0x9A, 0xCE, 0x9A, 0xCE,
    0x9A, 0xCE, 0x79, 0xCE, 0x99, 0xCE, 0x99, 0xCE, 0x79, 0xCE, 0x99, 0xCE, 0x99, 0xCE, 0x99, 0xCE,
    0x9A, 0xD6, 0xBA, 0xD6, 0xBA, 0xD6, 0xBA, 0xD6, 0xBA, 0xD6, 0xBA, 0xD6, 0xBA, 0xD6, 0xBA, 0xD6,
    0xBA, 0xD6, 0xBA, 0xD6, 0xBA, 0xD6, 0xBA, 0xD6, 0xBA, 0xD6, 0xDA, 0xD6, 0xDA, 0xD6, 0xDA, 0xD6,
    0xDA, 0xD6, 0xDA, 0xD6, 0xBA, 0xD6, 0xBA, 0xD6, 0x99, 0xCE, 0x58, 0xCE, 0x18, 0xC6, 0x75, 0xAD,
    0x33, 0xA5, 0x50, 0x8C, 0x4B, 0x6B, 0x0A, 0x63, 0xA9, 0x52, 0x68, 0x4A, 0x28, 0x4A, 0x07, 0x42,
    0xC6, 0x39, 0xC6, 0x39, 0xA5, 0x31, 0x85, 0x31, 0xA5, 0x31, 0x85, 0x31, 0x85, 0x31, 0x85, 0x39,
    0x85, 0x31, 0x85, 0x31, 0x85, 0x31, 0x85, 0x31, 0x85, 0x31, 0x85, 0x31, 0x85, 0x31, 0x85, 0x31,
    0x85, 0x31, 0x85, 0x31, 0x84, 0x31, 0x84, 0x31, 0x64, 0x31, 0x84, 0x31, 0x84, 0x31, 0x84, 0x31,
    0x85, 0x31, 0x85, 0x31, 0x85, 0x31, 0x85, 0x31, 0x85, 0x31, 0x85, 0x31, 0xA5, 0x31, 0xA6, 0x39,
    0xC6, 0x39, 0xE7, 0x41, 0x07, 0x42, 0x27, 0x4A, 0x48, 0x4A, 0x48, 0x52, 0x89, 0x52, 0xA9, 0x5A,
    0xEA, 0x62, 0x4B, 0x6B, 0x6C, 0x6B, 0x6C, 0x6B, 0x8C, 0x73, 0xAD, 0x73, 0xCD, 0x7B, 0xEE, 0x83,
    0x0E, 0x84, 0x0E, 0x84, 0x0E, 0x84, 0x2F, 0x8C, 0x2F, 0x8C, 0x2F, 0x8C, 0x2F, 0x8C, 0x4F, 0x8C,
    0x4F, 0x8C, 0x4F, 0x8C, 0x2F, 0x8C, 0x4F, 0x94, 0x70, 0x94, 0x70, 0x94, 0x70, 0x94, 0x90, 0x94,
    0x90, 0x94, 0x90, 0x94, 0x90, 0x94, 0x90, 0x94, 0x70, 0x94, 0x70, 0x94, 0x4F, 0x8C, 0x4F, 0x8C,
    0x4F, 0x8C, 0x2F, 0x8C, 0x2E, 0x84, 0x0E, 0x84, 0x0E, 0x84, 0x0E, 0x84, 0x0E, 0x84, 0x0E, 0x84,
    0x0E, 0x84, 0x2E, 0x84, 0x2E, 0x84, 0x2F, 0x8C, 0x2F, 0x8C, 0x4F, 0x8C, 0x2F, 0x8C, 0x2F, 0x8C,
    0x2F, 0x8C, 0x2F, 0x8C, 0xEE, 0x83, 0xCD, 0x7B, 0xCD, 0x7B, 0x0E, 0x84, 0x2F, 0x8C, 0x2E, 0x8C,
    0x2E, 0x8C, 0x2E, 0x8C, 0x2F, 0x8C, 0x2F, 0x8C, 0xEE, 0x83, 0xAC, 0x7B, 0x8C, 0x7B, 0x6B, 0x73,
    0x4B, 0x73, 0x4B, 0x73, 0x2B, 0x73, 0x0A, 0x6B, 0xEA, 0x6A, 0xE9, 0x6A, 0xC9, 0x62, 0xA9, 0x62,
    0xA9, 0x62, 0xA9, 0x62, 0xA8, 0x62, 0xA8, 0x62, 0xA8, 0x62, 0xA8, 0x62, 0x88, 0x62, 0xA8, 0x62,
    0xA8, 0x62, 0xA8, 0x62, 0xA8, 0x62, 0xA9, 0x62, 0xC9, 0x62, 0xE9, 0x6A, 0xE9, 0x6A, 0xC9, 0x6A,
    0xC9, 0x62, 0xA8, 0x62, 0xA8, 0x62, 0xA9, 0x62, 0xA9, 0x62, 0xA9, 0x62, 0xA9, 0x62, 0x88, 0x5A,
    0x68, 0x5A, 0x68, 0x5A, 0x68, 0x5A, 0x68, 0x5A, 0x68, 0x5A, 0x68, 0x5A, 0x68, 0x5A, 0x67, 0x5A,
    0x67, 0x5A, 0x67, 0x5A, 0x67, 0x5A, 0x47, 0x5A, 0x47, 0x5A, 0x67, 0x5A, 0x67, 0x5A, 0x67, 0x5A,
    0x67, 0x5A, 0x67, 0x5A, 0x47, 0x5A, 0x47, 0x5A, 0x67, 0x5A, 0x67, 0x5A, 0x88, 0x5A, 0x88, 0x5A,
    0xC9, 0x62, 0xE9, 0x62, 0x0A, 0x6B, 0x2B, 0x6B, 0x6C, 0x73, 0xAD, 0x7B, 0xAD, 0x7B, 0x8C, 0x7B,
    0x6C, 0x73, 0x6C, 0x73, 0x6B, 0x6B, 0x6C, 0x73, 0xAC, 0x73, 0xAD, 0x7B, 0xEE, 0x7B, 0x0E, 0x84,
    0x0E, 0x84, 0x0E, 0x84, 0x0E, 0x84, 0x0E, 0x84, 0x0E, 0x84, 0x0E, 0x84, 0x0E, 0x84, 0x2E, 0x84,
    0x0E, 0x84, 0x0E, 0x84, 0x0E, 0x84, 0x0E, 0x84, 0x0E, 0x84, 0x0E, 0x84, 0x0E, 0x84, 0x0E, 0x84,
    0x0E, 0x84, 0x0E, 0x84, 0x0E, 0x84, 0x0E, 0x84, 0x0E, 0x84, 0x0E, 0x84, 0x0E, 0x84, 0x0E, 0x84,
    0x0E, 0x84, 0x0E, 0x84, 0x0E, 0x84, 0x0E, 0x84, 0x0E, 0x84, 0xEE, 0x83, 0xEE, 0x83, 0xEE, 0x83,
    0xEE, 0x83, 0xEE, 0x83, 0xCD, 0x7B, 0xCD, 0x7B, 0xCD, 0x7B, 0xAD, 0x7B, 0xCD, 0x7B, 0xAD, 0x7B,
    0x8C, 0x73, 0x8C, 0x73, 0x6C, 0x6B, 0x4B, 0x6B, 0x2B, 0x6B, 0x2A, 0x63, 0x0A, 0x63, 0x0A, 0x63,
    0x0A, 0x63, 0x0A, 0x63, 0x2A, 0x63, 0x4B, 0x6B, 0x4B, 0x6B, 0x6B, 0x6B, 0x6C, 0x73, 0x8C, 0x73,
    0xEE, 0x83, 0x2F, 0x84, 0xB0, 0x94, 0x73, 0xAD, 0xF5, 0xBD, 0x57, 0xCE, 0x98, 0xD6, 0x98, 0xD6,
    0xB9, 0xDE, 0xD9, 0xDE, 0xB9, 0xDE, 0xB9, 0xDE, 0xB9, 0xDE, 0xB9, 0xDE, 0xB9, 0xDE, 0xB9, 0xDE,
    0x98, 0xDE, 0x98, 0xD6, 0x98, 0xD6, 0x98, 0xD6, 0x98, 0xD6, 0x98, 0xD6, 0x78, 0xD6, 0x78, 0xCE,
    0x57, 0xCE, 0x57, 0xCE, 0x57, 0xCE, 0x57, 0xCE, 0x57, 0xCE, 0x57, 0xCE, 0x57, 0xCE, 0x37, 0xCE,
    0x59, 0xCE, 0x79, 0xCE, 0x79, 0xCE, 0x79, 0xCE, 0x59, 0xCE, 0x59, 0xCE, 0x59, 0xCE, 0x79, 0xCE,
    0x79, 0xCE, 0x79, 0xCE, 0x9A, 0xCE, 0x9A, 0xCE, 0x9A, 0xCE, 0x9A, 0xD6, 0xBA, 0xD6, 0xBA, 0xD6,
    0xBA, 0xD6, 0x9A, 0xD6, 0x9A, 0xD6, 0x9A, 0xD6, 0x9A, 0xCE, 0x9A, 0xCE, 0x9A, 0xCE, 0x9A, 0xD6,
    0xBA, 0xD6, 0xBA, 0xD6, 0xBA, 0xD6, 0xBA, 0xD6, 0xBA, 0xD6, 0xBA, 0xD6, 0xBA, 0xD6, 0xBA, 0xD6,
    0xBA, 0xD6, 0xBA, 0xD6, 0xBA, 0xD6, 0xDA, 0xD6, 0xDA, 0xD6, 0xDA, 0xD6, 0xDA, 0xD6, 0xDA, 0xD6,
    0xDA, 0xD6, 0xDA, 0xD6, 0xDA, 0xD6, 0xBA, 0xD6, 0x99, 0xD6, 0x79, 0xCE, 0x38, 0xC6, 0x75, 0xAD,
    0xD2, 0x9C, 0xCE, 0x7B, 0x2B, 0x63, 0xEA, 0x5A, 0xA9, 0x52, 0x68, 0x4A, 0x68, 0x4A, 0x07, 0x42,
    0xE6, 0x39, 0xE6, 0x39, 0xA6, 0x39, 0xA5, 0x39, 0xC6, 0x39, 0x85, 0x31, 0x85, 0x31, 0xA5, 0x39,
    0xA5, 0x31, 0x85, 0x31, 0x85, 0x31, 0x85, 0x31, 0x84, 0x31, 0x84, 0x31, 0x84, 0x31, 0x85, 0x31,
    0x85, 0x31, 0x85, 0x31, 0x85, 0x31, 0x85, 0x31, 0x84, 0x31, 0x84, 0x31, 0x84, 0x31, 0x85, 0x31,
    0xA5, 0x39, 0xA5, 0x39, 0xA5, 0x39, 0xA5, 0x39, 0xA5, 0x39, 0xA5, 0x31, 0xA5, 0x39, 0xC6, 0x39,
    0xE7, 0x41, 0x07, 0x42, 0x28, 0x4A, 0x48, 0x4A, 0x68, 0x52, 0x89, 0x52, 0xA9, 0x5A, 0xCA, 0x5A,
    0x0A, 0x63, 0x4B, 0x6B, 0x6C, 0x6B, 0x6C, 0x73, 0x8C, 0x73, 0xAD, 0x7B, 0xCD, 0x7B, 0xEE, 0x83,
    0x0E, 0x84, 0x0E, 0x84, 0x0E, 0x84, 0x2F, 0x8C, 0x2F, 0x8C, 0x2F, 0x8C, 0x2F, 0x8C, 0x4F, 0x8C,
    0x4F, 0x8C, 0x4F, 0x8C, 0x2F, 0x8C, 0x4F, 0x8C, 0x70, 0x94, 0x70, 0x94, 0x70, 0x94, 0x70, 0x94,
    0x70, 0x94, 0x70, 0x8C, 0x6F, 0x8C, 0x4F, 0x8C, 0x4F, 0x8C, 0x4F, 0x8C, 0x4F, 0x8C, 0x4F, 0x8C,
    0x4F, 0x8C, 0x2F, 0x8C, 0x0E, 0x84, 0x0E, 0x84, 0x0E, 0x84, 0x0E, 0x84, 0x0E, 0x84, 0x0E, 0x84,
    0x0E, 0x84, 0x2E, 0x84, 0x2E, 0x84, 0x2F, 0x8C, 0x2F, 0x8C, 0x2F, 0x8C, 0x2F, 0x8C, 0x2F, 0x8C,
    0x2F, 0x8C, 0x0E, 0x8C, 0xEE, 0x83, 0xCD, 0x7B, 0xCD, 0x7B, 0xEE, 0x83, 0x2E, 0x8C, 0x2E, 0x8C,
    0x2E, 0x8C, 0x2E, 0x8C, 0x2F, 0x8C, 0x0E, 0x8C, 0xCD, 0x83, 0x8C, 0x7B, 0x6C, 0x7B, 0x4B, 0x73,
    0x2B, 0x73, 0x0A, 0x6B, 0x0A, 0x6B, 0xEA, 0x6A, 0xC9, 0x62, 0xC9, 0x62, 0xA9, 0x62, 0x88, 0x5A,
    0x88, 0x5A, 0x88, 0x5A, 0x68, 0x5A, 0x68, 0x5A, 0x68, 0x5A, 0x68, 0x5A, 0x68, 0x5A, 0x68, 0x5A,
    0x68, 0x5A, 0x68, 0x5A, 0x68, 0x5A, 0x68, 0x5A, 0x88, 0x62, 0xA9, 0x62, 0xC9, 0x6A, 0xC9, 0x62,
    0xA8, 0x62, 0x88, 0x62, 0xA8, 0x62, 0xA8, 0x62, 0x88, 0x62, 0xA8, 0x62, 0x88, 0x62, 0x88, 0x5A,
    0x67, 0x5A, 0x47, 0x5A, 0x47, 0x5A, 0x47, 0x5A, 0x67, 0x5A, 0x67, 0x5A, 0x67, 0x5A, 0x67, 0x5A,
    0x47, 0x5A, 0x47, 0x5A, 0x47, 0x5A, 0x47, 0x5A, 0x47, 0x5A, 0x67, 0x5A, 0x67, 0x5A, 0x67, 0x5A,
    0x67, 0x5A, 0x67, 0x5A, 0x47, 0x5A, 0x47, 0x5A, 0x47, 0x5A, 0x67, 0x5A, 0x68, 0x5A, 0x88, 0x5A,
    0xA8, 0x62, 0xA8, 0x62, 0xC9, 0x62, 0x0A, 0x6B, 0x4B, 0x73, 0x8C, 0x7B, 0x8C, 0x7B, 0x6C, 0x73,
    0x6B, 0x73, 0x6C, 0x73, 0x6C, 0x6B, 0x6C, 0x73, 0xAD, 0x73, 0xCD, 0x7B, 0xEE, 0x83, 0x0E, 0x84,
    0x0E, 0x84, 0x0E, 0x84, 0x0E, 0x84, 0x0E, 0x84, 0x0E, 0x84, 0x0E, 0x84, 0x0E, 0x84, 0x2E, 0x84,
    0x2E, 0x84, 0x0E, 0x84, 0x0E, 0x84, 0x0E, 0x84, 0x0E, 0x84, 0x0E, 0x84, 0x0E, 0x84, 0x0E, 0x84,
    0x0E, 0x84, 0x0E, 0x84, 0xEE, 0x83, 0xEE, 0x83, 0xEE, 0x83, 0xEE, 0x83, 0x0E, 0x84, 0x0E, 0x84,
    0x0E, 0x84, 0x0E, 0x84, 0x0E, 0x84, 0x0E, 0x84, 0x0E, 0x84, 0xEE, 0x83, 0xEE, 0x83, 0xEE, 0x83,
    0xEE, 0x83, 0xED, 0x7B, 0xCD, 0x7B, 0xCD, 0x7B, 0xCD, 0x7B, 0xCD, 0x7B, 0xAD, 0x7B, 0xAC, 0x73,
    0x6C, 0x73, 0x6C, 0x73, 0x6B, 0x6B, 0x4B, 0x6B, 0x2B, 0x6B, 0x2A, 0x63, 0x0A, 0x63, 0x0A, 0x63,
    0x0A, 0x63, 0x0A, 0x63, 0x2A, 0x63, 0x4B, 0x6B, 0x4B, 0x6B, 0x6C, 0x73, 0x8C, 0x73, 0xAC, 0x73,
    0xEE, 0x83, 0x2F, 0x8C, 0xB0, 0x94, 0x73, 0xAD, 0xF5, 0xBD, 0x57, 0xCE, 0x98, 0xD6, 0x98, 0xD6,
    0xB9, 0xDE, 0xD9, 0xDE, 0xB9, 0xDE, 0xB9, 0xDE, 0xB9, 0xD6, 0xB9, 0xD6, 0xB9, 0xDE, 0x98, 0xDE,
    0x98, 0xD6, 0x98, 0xD6, 0x98, 0xD6, 0x98, 0xD6, 0x98, 0xD6, 0x78, 0xD6, 0x78, 0xCE, 0x57, 0xCE,
    0x57, 0xCE, 0x57, 0xCE, 0x57, 0xCE, 0x57, 0xCE, 0x57, 0xCE, 0x57, 0xCE, 0x37, 0xCE, 0x37, 0xCE,
    0x79, 0xCE, 0x79, 0xCE, 0x79, 0xCE, 0x79, 0xCE, 0x79, 0xCE, 0x79, 0xCE, 0x79, 0xCE, 0x79, 0xCE,
    0x79, 0xCE, 0x79, 0xCE, 0x9A, 0xCE, 0x9A, 0xCE, 0x9A, 0xD6, 0xBA, 0xD6, 0xBA, 0xD6, 0xBA, 0xD6,
    0xBA, 0xD6, 0xBA, 0xD6, 0xBA, 0xD6, 0xBA, 0xD6, 0xBA, 0xD6, 0xBA, 0xD6, 0xBA, 0xD6, 0xBA, 0xD6,
    0xBA, 0xD6, 0xBA, 0xD6, 0xDA, 0xD6, 0xDA, 0xD6, 0xDA, 0xD6, 0xDA, 0xD6, 0xDA, 0xD6, 0xDA, 0xD6,
    0xDA, 0xD6, 0xDA, 0xD6, 0xDA, 0xD6, 0xDA, 0xD6, 0xDA, 0xD6, 0xDA, 0xD6, 0xDA, 0xD6, 0xDA, 0xD6,
    0xDA, 0xD6, 0xDA, 0xD6, 0xDB, 0xDE, 0xDB, 0xDE, 0xBA, 0xD6, 0x79, 0xCE, 0x38, 0xC6, 0x75, 0xAD,
    0xD2, 0x9C, 0x0F, 0x84, 0x4B, 0x6B, 0xEA, 0x5A, 0xCA, 0x5A, 0x89, 0x52, 0x88, 0x52, 0x47, 0x4A,
    0x06, 0x42, 0x07, 0x42, 0xE6, 0x39, 0xC6, 0x39, 0xC5, 0x39, 0x85, 0x31, 0xA5, 0x31, 0xA5, 0x39,
    0xA5, 0x31, 0x85, 0x31, 0x85, 0x31, 0x85, 0x31, 0x84, 0x31, 0x85, 0x31, 0x85, 0x31, 0x85, 0x31,
    0x85, 0x31, 0x85, 0x31, 0xA5, 0x31, 0xA5, 0x31, 0x84, 0x31, 0x84, 0x31, 0x84, 0x31, 0x85, 0x31,
    0xA5, 0x39, 0xA5, 0x39, 0xA5, 0x39, 0xC6, 0x39, 0xC6, 0x39, 0xC5, 0x39, 0xC6, 0x39, 0xE6, 0x41,
    0x48, 0x4A, 0x68, 0x52, 0x89, 0x52, 0x89, 0x52, 0xCA, 0x5A, 0xCA, 0x5A, 0xCA, 0x5A, 0xEA, 0x5A,
    0x2B, 0x63, 0x6C, 0x6B, 0x8C, 0x73, 0x8C, 0x73, 0xAD, 0x7B, 0xED, 0x7B, 0xEE, 0x7B, 0xEE, 0x83,
    0x0E, 0x84, 0x0E, 0x84, 0x0E, 0x84, 0x2F, 0x8C, 0x2F, 0x8C, 0x2F, 0x8C, 0x2F, 0x8C, 0x4F, 0x8C,
    0x4F, 0x8C, 0x4F, 0x8C, 0x2F, 0x8C, 0x4F, 0x8C, 0x4F, 0x8C, 0x4F, 0x8C, 0x4F, 0x8C, 0x4F, 0x8C,
    0x4F, 0x8C, 0x2F, 0x8C, 0x2F, 0x8C, 0x2F, 0x8C, 0x2F, 0x8C, 0x2F, 0x84, 0x2E, 0x84, 0x2E, 0x84,
    0x2F, 0x84, 0x0E, 0x84, 0xEE, 0x83, 0x0E, 0x84, 0x0E, 0x84, 0x0E, 0x84, 0x0E, 0x84, 0x0E, 0x84,
    0x2E, 0x84, 0x2F, 0x8C, 0x2F, 0x8C, 0x2F, 0x8C, 0x2F, 0x8C, 0x2F, 0x8C, 0x2F, 0x8C, 0x0E, 0x8C,
    0x0E, 0x84, 0x0E, 0x8C, 0xEE, 0x83, 0xCD, 0x7B, 0xCD, 0x7B, 0xEE, 0x83, 0x2E, 0x8C, 0x2E, 0x8C,
    0x2E, 0x8C, 0x2F, 0x8C, 0x2F, 0x8C, 0xEE, 0x83, 0x8C, 0x7B, 0x8C, 0x7B, 0x6B, 0x73, 0x4B, 0x73,
    0x0A, 0x6B, 0x0A, 0x6B, 0xEA, 0x6A, 0xC9, 0x62, 0xA9, 0x62, 0xA8, 0x62, 0x88, 0x5A, 0x68, 0x5A,
    0x67, 0x5A, 0x67, 0x5A, 0x67, 0x52, 0x47, 0x52, 0x47, 0x52, 0x47, 0x52, 0x47, 0x5A, 0x47, 0x5A,
    0x47, 0x52, 0x47, 0x52, 0x47, 0x52, 0x47, 0x52, 0x47, 0x5A, 0x68, 0x5A, 0x88, 0x62, 0x68, 0x5A,
    0x67, 0x5A, 0x68, 0x5A, 0x68, 0x5A, 0x68, 0x5A, 0x68, 0x5A, 0x67, 0x5A, 0x67, 0x5A, 0x67, 0x5A,
    0x47, 0x5A, 0x47, 0x5A, 0x47, 0x5A, 0x47, 0x5A, 0x47, 0x5A, 0x47, 0x5A, 0x47, 0x5A, 0x47, 0x5A,
    0x47, 0x5A, 0x47, 0x52, 0x47, 0x52, 0x47, 0x5A, 0x47, 0x5A, 0x67, 0x5A, 0x67, 0x5A, 0x67, 0x5A,
    0x67, 0x5A, 0x67, 0x5A, 0x47, 0x5A, 0x47, 0x5A, 0x47, 0x5A, 0x47, 0x5A, 0x68, 0x5A, 0xA8, 0x5A,
    0x88, 0x5A, 0x88, 0x5A, 0x88, 0x5A, 0xEA, 0x62, 0x2B, 0x6B, 0x6C, 0x73, 0x6C, 0x73, 0x6B, 0x73,
    0x6C, 0x73, 0x6C, 0x73, 0x6B, 0x6B, 0x6C, 0x73, 0xAD, 0x7B, 0xED, 0x7B, 0xEE, 0x83, 0x0E, 0x84,
    0x0E, 0x84, 0x0E, 0x84, 0x0E, 0x84, 0x0E, 0x84, 0x0E, 0x84, 0x0E, 0x84, 0x0E, 0x84, 0x2E, 0x84,
    0x2E, 0x84, 0x0E, 0x84, 0x0E, 0x84, 0xEE, 0x83, 0xEE, 0x83, 0xED, 0x83, 0xED, 0x83, 0xED, 0x83,
    0xED, 0x7B, 0xED, 0x7B, 0xCD, 0x7B, 0xCD, 0x7B, 0xCD, 0x7B, 0xED, 0x7B, 0xEE, 0x83, 0xEE, 0x83,
    0xEE, 0x83, 0x0E, 0x84, 0x0E, 0x84, 0x0E, 0x84, 0x0E, 0x84, 0xEE, 0x83, 0xEE, 0x83, 0xEE, 0x83,
    0xEE, 0x83, 0xCD, 0x7B, 0xCD, 0x7B, 0xCD, 0x7B, 0xAD, 0x7B, 0xAD, 0x73, 0x8C, 0x73, 0x6C, 0x73,
    0x6B, 0x6B, 0x4B, 0x6B, 0x4B, 0x6B, 0x4B, 0x6B, 0x2B, 0x6B, 0x2A, 0x63, 0x0A, 0x63, 0x0A, 0x63,
    0x0A, 0x63, 0x0A, 0x63, 0x2B, 0x63, 0x4B, 0x6B, 0x4B, 0x6B, 0x6C, 0x73, 0x8C, 0x73, 0xAC, 0x73,
    0xEE, 0x83, 0x2F, 0x8C, 0xB0, 0x94, 0x53, 0xAD, 0xF5, 0xBD, 0x57, 0xCE, 0x98, 0xD6, 0x98, 0xD6,
    0xB9, 0xDE, 0xD9, 0xDE, 0xB9, 0xDE, 0xB9, 0xDE, 0xB9, 0xD6, 0xB9, 0xD6, 0xB9, 0xDE, 0x98, 0xDE,
    0x78, 0xD6, 0x78, 0xD6, 0x78, 0xD6, 0x78, 0xD6, 0x78, 0xD6, 0x78, 0xCE, 0x57, 0xCE, 0x57, 0xCE,
    0x57, 0xCE, 0x57, 0xCE, 0x57, 0xCE, 0x57, 0xCE, 0x37, 0xCE, 0x37, 0xCE, 0x16, 0xC6, 0x16, 0xC6,
    0x59, 0xCE, 0x59, 0xCE, 0x59, 0xCE, 0x79, 0xCE, 0x79, 0xCE, 0x79, 0xCE, 0x79, 0xCE, 0x99, 0xCE,
    0x99, 0xCE, 0x99, 0xCE, 0x9A, 0xD6, 0x9A, 0xD6, 0x9A, 0xD6, 0xBA, 0xD6, 0xBA, 0xD6, 0xDB, 0xD6,
    0xDB, 0xD6, 0xDA, 0xD6, 0xDA, 0xD6, 0xDA, 0xD6, 0xDA, 0xD6, 0xDA, 0xD6, 0xDA, 0xD6, 0xDA, 0xD6,
    0xDB, 0xD6, 0xDB, 0xD6, 0xDB, 0xD6, 0xDB, 0xDE, 0xDA, 0xDE, 0xDA, 0xDE, 0xDA, 0xDE, 0xDA, 0xDE,
    0xDA, 0xDE, 0xDA, 0xD6, 0xBA, 0xD6, 0xBA, 0xD6, 0xDA, 0xD6, 0xDB, 0xD6, 0xDB, 0xD6, 0xDB, 0xD6,
    0xDB, 0xD6, 0xDB, 0xD6, 0xDA, 0xD6, 0xDA, 0xD6, 0xBA, 0xD6, 0x99, 0xD6, 0x38, 0xC6, 0x95, 0xB5,
    0xF2, 0xA4, 0xEE, 0x83, 0x4B, 0x6B, 0xC9, 0x5A, 0xC9, 0x5A, 0x89, 0x52, 0x89, 0x52, 0x48, 0x4A,
    0x27, 0x42, 0x07, 0x42, 0xE6, 0x39, 0xC6, 0x39, 0xC6, 0x39, 0x85, 0x31, 0x85, 0x31, 0xA5, 0x31,
    0x85, 0x31, 0x85, 0x31, 0x85, 0x31, 0x85, 0x31, 0x85, 0x31, 0x85, 0x31, 0x85, 0x31, 0x85, 0x39,
    0x85, 0x39, 0xA5, 0x39, 0xA5, 0x39, 0xA5, 0x39, 0x85, 0x31, 0x85, 0x31, 0x85, 0x31, 0x85, 0x31,
    0xA5, 0x39, 0xC6, 0x39, 0xE6, 0x41, 0xE6, 0x41, 0xE6, 0x41, 0x07, 0x42, 0x27, 0x4A, 0x27, 0x4A,
    0x89, 0x52, 0xA9, 0x52, 0xA9, 0x5A, 0xC9, 0x5A, 0xC9, 0x5A, 0xCA, 0x5A, 0x0B, 0x63, 0x2B, 0x63,
    0x4B, 0x6B, 0x6C, 0x6B, 0xAD, 0x73, 0xCD, 0x7B, 0xCD, 0x7B, 0xEE, 0x83, 0xEE, 0x83, 0x0E, 0x84,
    0x0E, 0x84, 0x0E, 0x84, 0x0E, 0x84, 0x2F, 0x8C, 0x2F, 0x8C, 0x2F, 0x8C, 0x2F, 0x8C, 0x4F, 0x8C,
    0x4F, 0x8C, 0x2F, 0x8C, 0x2F, 0x8C, 0x2F, 0x8C, 0x2F, 0x8C, 0x2F, 0x8C, 0x2F, 0x8C, 0x2F, 0x8C,
    0x2F, 0x8C, 0x0E, 0x84, 0x0E, 0x84, 0x0E, 0x84, 0x0E, 0x84, 0x0E, 0x84, 0x0E, 0x84, 0x0E, 0x84,
    0x0E, 0x84, 0x0E, 0x84, 0xEE, 0x83, 0x0E, 0x84, 0x0E, 0x84, 0x0E, 0x84, 0x0E, 0x84, 0x0E, 0x84,
    0x0E, 0x84, 0x0E, 0x84, 0x0E, 0x84, 0x2E, 0x84, 0x0E, 0x84, 0x0E, 0x84, 0x0E, 0x84, 0x0E, 0x84,
    0x0E, 0x84, 0xEE, 0x83, 0xCD, 0x83, 0xCD, 0x83, 0xCD, 0x83, 0xEE, 0x83, 0x0E, 0x84, 0x2E, 0x8C,
    0x2E, 0x8C, 0x2F, 0x8C, 0x2E, 0x8C, 0xCD, 0x83, 0x8C, 0x7B, 0x6B, 0x73, 0x2B, 0x73, 0xEA, 0x6A,
    0xE9, 0x6A, 0xE9, 0x62, 0xC9, 0x62, 0xA9, 0x62, 0xA8, 0x62, 0xA8, 0x5A, 0x88, 0x5A, 0x67, 0x5A,
    0x47, 0x5A, 0x47, 0x5A, 0x47, 0x5A, 0x47, 0x52, 0x47, 0x52, 0x47, 0x52, 0x47, 0x52, 0x27, 0x52,
    0x27, 0x52, 0x27, 0x52, 0x27, 0x52, 0x47, 0x52, 0x47, 0x52, 0x47, 0x5A, 0x47, 0x5A, 0x47, 0x52,
    0x47, 0x52, 0x27, 0x52, 0x27, 0x52, 0x27, 0x52, 0x27, 0x52, 0x27, 0x52, 0x27, 0x52, 0x27, 0x52,
    0x27, 0x52, 0x27, 0x52, 0x47, 0x52, 0x47, 0x52, 0x47, 0x52, 0x47, 0x52, 0x47, 0x52, 0x27, 0x52,
    0x27, 0x52, 0x27, 0x52, 0x27, 0x52, 0x47, 0x52, 0x47, 0x52, 0x47, 0x52, 0x47, 0x52, 0x47, 0x52,
    0x47, 0x52, 0x47, 0x52, 0x47, 0x52, 0x47, 0x52, 0x47, 0x52, 0x47, 0x5A, 0x47, 0x5A, 0x67, 0x5A,
    0x67, 0x5A, 0x67, 0x5A, 0x67, 0x52, 0xA9, 0x5A, 0x0A, 0x6B, 0x4B, 0x73, 0x6C, 0x73, 0x6C, 0x73,
    0x6C, 0x73, 0x6C, 0x73, 0x8C, 0x73, 0xAD, 0x7B, 0xCD, 0x7B, 0xEE, 0x83, 0x0E, 0x84, 0x0E, 0x84,
    0x0E, 0x84, 0x0E, 0x84, 0x0E, 0x84, 0x0E, 0x84, 0x0E, 0x84, 0x0E, 0x84, 0x0E, 0x84, 0x0E, 0x84,
    0x0E, 0x84, 0x0E, 0x84, 0x0E, 0x84, 0xEE, 0x7B, 0xCD, 0x7B, 0xCD, 0x7B, 0xCD, 0x7B, 0xCD, 0x7B,
    0xCD, 0x7B, 0xCD, 0x7B, 0xCD, 0x7B, 0xCD, 0x7B, 0xCD, 0x7B, 0xCD, 0x7B, 0xCD, 0x7B, 0xCD, 0x7B,
    0xEE, 0x7B, 0x0E, 0x84, 0x0E, 0x84, 0x0E, 0x84, 0x0E, 0x84, 0x0E, 0x84, 0xEE, 0x83, 0xEE, 0x83,
    0xEE, 0x83, 0xEE, 0x83, 0xCD, 0x7B, 0xCD, 0x7B, 0xAD, 0x73, 0x6C, 0x73, 0x6B, 0x6B, 0x4B, 0x6B,
    0x2B, 0x6B, 0x2B, 0x6B, 0x4B, 0x6B, 0x2B, 0x6B, 0x2B, 0x6B, 0x2B, 0x63, 0x0A, 0x63, 0x0A, 0x63,
    0x0A, 0x63, 0x2A, 0x63, 0x2B, 0x6B, 0x2B, 0x6B, 0x4B, 0x6B, 0x6C, 0x73, 0x8C, 0x73, 0xAD, 0x73,
    0xED, 0x7B, 0x0E, 0x84, 0x90, 0x94, 0x53, 0xAD, 0xD5, 0xBD, 0x57, 0xCE, 0x78, 0xD6, 0x98, 0xD6,
    0xB9, 0xDE, 0xB9, 0xDE, 0xB9, 0xDE, 0xB9, 0xDE, 0xB9, 0xD6, 0xB9, 0xD6, 0x98, 0xDE, 0x98, 0xDE,
    0x98, 0xD6, 0x78, 0xD6, 0x78, 0xD6, 0x78, 0xD6, 0x78, 0xD6, 0x57, 0xD6, 0x57, 0xD6, 0x78, 0xD6,
    0x78, 0xD6, 0x57, 0xD6, 0x37, 0xCE, 0x37, 0xCE, 0x16, 0xCE, 0xF6, 0xC5, 0xF6, 0xC5, 0xF6, 0xC5,
    0x79, 0xCE, 0x79, 0xCE, 0x79, 0xCE, 0x79, 0xCE, 0x99, 0xD6, 0x99, 0xCE, 0x99, 0xCE, 0x99, 0xCE,
    0x99, 0xD6, 0x9A, 0xD6, 0xBA, 0xD6, 0xBA, 0xD6, 0xBA, 0xD6, 0xBA, 0xD6, 0xBA, 0xD6, 0xDB, 0xD6,
    0xDB, 0xD6, 0xDA, 0xD6, 0xDA, 0xD6, 0xDA, 0xD6, 0xDA, 0xD6, 0xDA, 0xD6, 0xDA, 0xD6, 0xDB, 0xD6,
    0xDB, 0xD6, 0xDB, 0xD6, 0xDB, 0xDE, 0xDB, 0xDE, 0xDB, 0xDE, 0xDB, 0xDE, 0xDB, 0xDE, 0xDB, 0xDE,
    0xDB, 0xDE, 0xDB, 0xDE, 0xDB, 0xDE, 0xDB, 0xDE, 0xDB, 0xDE, 0xDB, 0xDE, 0xDB, 0xD6, 0xDB, 0xD6,
    0xDB, 0xD6, 0xDB, 0xD6, 0xDA, 0xD6, 0xBA, 0xD6, 0xBA, 0xD6, 0x9A, 0xD6, 0x38, 0xC6, 0x95, 0xB5,
    0xD2, 0x9C, 0xCD, 0x7B, 0x0A, 0x63, 0xEA, 0x5A, 0xC9, 0x5A, 0xA9, 0x52, 0x88, 0x52, 0x48, 0x4A,
    0x07, 0x42, 0x07, 0x42, 0xE6, 0x39, 0xC6, 0x39, 0xA5, 0x31, 0x85, 0x31, 0x64, 0x31, 0x84, 0x31,
    0x84, 0x31, 0x64, 0x31, 0x64, 0x31, 0x64, 0x31, 0x85, 0x31, 0x85, 0x31, 0x85, 0x31, 0x85, 0x31,
    0x85, 0x39, 0xA5, 0x39, 0xA5, 0x39, 0xA5, 0x39, 0xA5, 0x39, 0xA5, 0x39, 0xA5, 0x39, 0xC6, 0x39,
    0xE6, 0x41, 0x07, 0x42, 0x27, 0x4A, 0x48, 0x4A, 0x48, 0x4A, 0x48, 0x4A, 0x68, 0x52, 0x89, 0x52,
    0xCA, 0x5A, 0xEA, 0x5A, 0xEA, 0x62, 0xEA, 0x62, 0xEA, 0x5A, 0x0A, 0x63, 0x4B, 0x6B, 0x6C, 0x6B,
    0x6C, 0x6B, 0x8C, 0x73, 0xEE, 0x7B, 0xEE, 0x7B, 0xEE, 0x83, 0x0E, 0x84, 0x0E, 0x84, 0x0E, 0x84,
    0x0E, 0x84, 0x0E, 0x84, 0x0E, 0x84, 0x2F, 0x8C, 0x2F, 0x8C, 0x2F, 0x8C, 0x2F, 0x8C, 0x4F, 0x8C,
    0x4F, 0x8C, 0x2F, 0x8C, 0x2F, 0x8C, 0x2F, 0x8C, 0x2F, 0x8C, 0x2F, 0x8C, 0x2F, 0x8C, 0x2F, 0x8C,
    0x2F, 0x8C, 0x0E, 0x84, 0x0E, 0x84, 0x0E, 0x84, 0x0E, 0x84, 0x0E, 0x84, 0x0E, 0x84, 0x0E, 0x84,
    0x0E, 0x84, 0x0E, 0x84, 0x0E, 0x84, 0x0E, 0x84, 0x0E, 0x84, 0x0E, 0x84, 0x0E, 0x84, 0x0E, 0x84,
    0x0E, 0x84, 0x0E, 0x84, 0x0E, 0x84, 0x0E, 0x84, 0x0E, 0x84, 0x0E, 0x84, 0xEE, 0x83, 0xEE, 0x83,
    0xEE, 0x83, 0xCD, 0x83, 0xCD, 0x83, 0xEE, 0x83, 0xEE, 0x83, 0xEE, 0x83, 0x0E, 0x84, 0x2E, 0x8C,
    0x2E, 0x8C, 0x2F, 0x8C, 0x0E, 0x8C, 0xCD, 0x83, 0x6C, 0x7B, 0x2A, 0x73, 0x0A, 0x6B, 0xE9, 0x6A,
    0xC9, 0x62, 0xC9, 0x62, 0xA9, 0x62, 0xA8, 0x62, 0xA8, 0x62, 0xA8, 0x5A, 0x88, 0x5A, 0x67, 0x5A,
    0x47, 0x5A, 0x47, 0x5A, 0x47, 0x5A, 0x47, 0x5A, 0x47, 0x5A, 0x47, 0x52, 0x47, 0x52, 0x27, 0x52,
    0x27, 0x52, 0x27, 0x52, 0x27, 0x52, 0x27, 0x52, 0x27, 0x52, 0x27, 0x52, 0x27, 0x52, 0x47, 0x52,
    0x47, 0x52, 0x27, 0x52, 0x27, 0x52, 0x27, 0x52, 0x27, 0x52, 0x26, 0x52, 0x26, 0x52, 0x26, 0x52,
    0x26, 0x52, 0x26, 0x52, 0x26, 0x52, 0x26, 0x52, 0x27, 0x52, 0x26, 0x52, 0x26, 0x52, 0x27, 0x52,
    0x26, 0x52, 0x27, 0x52, 0x26, 0x52, 0x27, 0x52, 0x47, 0x52, 0x47, 0x52, 0x47, 0x52, 0x47, 0x52,
    0x47, 0x52, 0x47, 0x52, 0x47, 0x52, 0x47, 0x52, 0x47, 0x52, 0x47, 0x5A, 0x47, 0x5A, 0x47, 0x5A,
    0x47, 0x5A, 0x47, 0x5A, 0x67, 0x52, 0xA9, 0x5A, 0xEA, 0x62, 0x4B, 0x73, 0x6C, 0x73, 0x8C, 0x73,
    0x6C, 0x73, 0x8C, 0x73, 0xCD, 0x7B, 0xEE, 0x7B, 0xEE, 0x83, 0x0E, 0x84, 0x0E, 0x84, 0x0E, 0x84,
    0x0E, 0x84, 0x0E, 0x84, 0x0E, 0x84, 0x0E, 0x84, 0x0E, 0x84, 0x0E, 0x84, 0x0E, 0x84, 0x0E, 0x84,
    0x0E, 0x84, 0x0E, 0x84, 0x0E, 0x84, 0xEE, 0x7B, 0xCD, 0x7B, 0xAD, 0x7B, 0xAD, 0x7B, 0xCD, 0x7B,
    0xCD, 0x7B, 0xCD, 0x7B, 0xCD, 0x7B, 0xCD, 0x7B, 0xCD, 0x7B, 0xCD, 0x7B, 0xCD, 0x7B, 0xCD, 0x7B,
    0xCD, 0x7B, 0xEE, 0x83, 0x0E, 0x84, 0x0E, 0x84, 0x0E, 0x84, 0x0E, 0x84, 0x0E, 0x84, 0x0E, 0x84,
    0x0E, 0x84, 0x0E, 0x84, 0xCD, 0x7B, 0xED, 0x7B, 0xCD, 0x7B, 0x8C, 0x73, 0x6B, 0x6B, 0x4B, 0x6B,
    0x2B, 0x63, 0x2B, 0x6B, 0x4B, 0x6B, 0x2B, 0x63, 0x2A, 0x63, 0x0A, 0x63, 0x0A, 0x63, 0x0A, 0x63,
    0x0A, 0x63, 0x2A, 0x63, 0x2B, 0x6B, 0x2B, 0x6B, 0x4B, 0x6B, 0x6C, 0x73, 0x8C, 0x73, 0xAD, 0x73,
    0xCD, 0x7B, 0x0E, 0x84, 0x90, 0x94, 0x53, 0xAD, 0xD5, 0xBD, 0x57, 0xCE, 0x98, 0xD6, 0xB8, 0xD6,
    0xB9, 0xDE, 0xB9, 0xDE, 0xB9, 0xD6, 0xB9, 0xD6, 0x98, 0xD6, 0x98, 0xD6, 0x98, 0xD6, 0x98, 0xD6,
    0x78, 0xD6, 0x78, 0xD6, 0x78, 0xD6, 0x78, 0xD6, 0x57, 0xD6, 0x57, 0xCE, 0x57, 0xCE, 0x57, 0xCE,
    0x57, 0xCE, 0x37, 0xCE, 0x17, 0xCE, 0x16, 0xCE, 0xF6, 0xC5, 0xF6, 0xC5, 0xF6, 0xC5, 0xF6, 0xC5,
    0x99, 0xD6, 0x99, 0xD6, 0x99, 0xD6, 0x99, 0xD6, 0xB9, 0xD6, 0xBA, 0xD6, 0xBA, 0xD6, 0xBA, 0xD6,
    0x9A, 0xD6, 0x9A, 0xD6, 0xBA, 0xD6, 0xBA, 0xD6, 0xBA, 0xD6, 0xBA, 0xD6, 0xDA, 0xD6, 0xDB, 0xDE,
    0xDB, 0xDE, 0xFB, 0xD6, 0xFB, 0xD6, 0xDA, 0xD6, 0xDA, 0xD6, 0xDA, 0xD6, 0xDB, 0xD6, 0xDB, 0xD6,
    0xDB, 0xD6, 0xFB, 0xDE, 0xFB, 0xDE, 0xFB, 0xDE, 0xFB, 0xDE, 0xFB, 0xDE, 0xFB, 0xDE, 0xDB, 0xDE,
    0xDB, 0xDE, 0xDB, 0xDE, 0xDB, 0xDE, 0xDB, 0xDE, 0xDB, 0xDE, 0xDB, 0xDE, 0xDB, 0xDE, 0xDB, 0xDE,
    0xDB, 0xD6, 0xDB, 0xD6, 0xDA, 0xD6, 0xBA, 0xD6, 0xBA, 0xD6, 0xBA, 0xD6, 0x38, 0xC6, 0x95, 0xB5,
    0x13, 0xA5, 0x0E, 0x84, 0x6B, 0x6B, 0x0A, 0x63, 0xEA, 0x62, 0xC9, 0x5A, 0x88, 0x52, 0x47, 0x4A,
    0x26, 0x42, 0x06, 0x42, 0xE6, 0x39, 0xC5, 0x39, 0x84, 0x31, 0x64, 0x29, 0x44, 0x29, 0x64, 0x29,
    0x64, 0x29, 0x44, 0x29, 0x44, 0x29, 0x44, 0x29, 0x85, 0x31, 0xA5, 0x39, 0x85, 0x31, 0x85, 0x31,
    0xA5, 0x31, 0xA5, 0x39, 0xA5, 0x39, 0xA5, 0x39, 0xC6, 0x39, 0xC6, 0x39, 0xC6, 0x39, 0xE6, 0x41,
    0x48, 0x4A, 0x68, 0x4A, 0x68, 0x52, 0x89, 0x52, 0x89, 0x52, 0xA9, 0x52, 0xC9, 0x5A, 0xCA, 0x5A,
    0x0B, 0x63, 0x2B, 0x6B, 0x4B, 0x6B, 0x4B, 0x6B, 0x4B, 0x6B, 0x4B, 0x63, 0x6C, 0x6B, 0x8C, 0x6B,
    0x8C, 0x73, 0xAC, 0x73, 0x0E, 0x84, 0x0E, 0x84, 0xEE, 0x83, 0x0E, 0x84, 0x0E, 0x84, 0x0E, 0x84,
    0x2E, 0x84, 0x0E, 0x84, 0x0E, 0x84, 0x2F, 0x8C, 0x2F, 0x8C, 0x2F, 0x8C, 0x2F, 0x8C, 0x4F, 0x8C,
    0x2F, 0x8C, 0x2F, 0x8C, 0x2F, 0x8C, 0x2F, 0x8C, 0x2F, 0x8C, 0x2F, 0x8C, 0x2F, 0x8C, 0x2F, 0x8C,
    0x2F, 0x8C, 0x0E, 0x84, 0x0E, 0x84, 0x0E, 0x84, 0x0E, 0x84, 0x0E, 0x84, 0x0E, 0x84, 0x0E, 0x84,
    0x0E, 0x84, 0x0E, 0x84, 0x0E, 0x84, 0x0E, 0x84, 0x0E, 0x84, 0x0E, 0x84, 0x0E, 0x84, 0x0E, 0x84,
    0x0E, 0x84, 0x0E, 0x84, 0x0E, 0x84, 0xEE, 0x83, 0xEE, 0x83, 0xEE, 0x83, 0xCD, 0x7B, 0xCD, 0x83,
    0xCD, 0x83, 0xCD, 0x83, 0xEE, 0x83, 0xEE, 0x83, 0xEE, 0x83, 0xEE, 0x83, 0x0E, 0x84, 0x2E, 0x8C,
    0x2E, 0x8C, 0x0E, 0x8C, 0xCD, 0x83, 0xAD, 0x7B, 0x4B, 0x73, 0x0A, 0x6B, 0xEA, 0x6A, 0xC9, 0x62,
    0xA8, 0x62, 0xA8, 0x62, 0xA8, 0x62, 0xA8, 0x62, 0xA8, 0x62, 0xA8, 0x5A, 0x88, 0x5A, 0x67, 0x5A,
    0x47, 0x5A, 0x47, 0x5A, 0x47, 0x5A, 0x47, 0x52, 0x47, 0x5A, 0x47, 0x52, 0x27, 0x52, 0x27, 0x52,
    0x27, 0x52, 0x27, 0x52, 0x27, 0x52, 0x06, 0x52, 0x06, 0x52, 0x06, 0x52, 0x26, 0x52, 0x26, 0x52,
    0x26, 0x52, 0x27, 0x52, 0x27, 0x52, 0x27, 0x52, 0x27, 0x52, 0x26, 0x52, 0x26, 0x52, 0x26, 0x52,
    0x26, 0x52, 0x26, 0x52, 0x26, 0x52, 0x26, 0x52, 0x26, 0x52, 0x26, 0x52, 0x26, 0x52, 0x26, 0x52,
    0x26, 0x52, 0x26, 0x52, 0x26, 0x52, 0x27, 0x52, 0x27, 0x52, 0x27, 0x52, 0x27, 0x52, 0x27, 0x52,
    0x27, 0x52, 0x47, 0x52, 0x47, 0x52, 0x47, 0x52, 0x47, 0x52, 0x47, 0x5A, 0x47, 0x5A, 0x47, 0x5A,
    0x47, 0x5A, 0x67, 0x5A, 0x67, 0x52, 0xA9, 0x5A, 0xEA, 0x62, 0x4B, 0x73, 0x6C, 0x73, 0x6C, 0x73,
    0x8C, 0x73, 0xCD, 0x7B, 0xEE, 0x83, 0x0E, 0x84, 0x0E, 0x84, 0x0E, 0x84, 0x0E, 0x84, 0x0E, 0x84,
    0x0E, 0x84, 0x0E, 0x84, 0x0E, 0x84, 0x0E, 0x84, 0x0E, 0x84, 0x0E, 0x84, 0x0E, 0x84, 0x0E, 0x84,
    0x0E, 0x84, 0x0E, 0x84, 0x0E, 0x84, 0xEE, 0x83, 0xCD, 0x7B, 0xAC, 0x73, 0x8C, 0x73, 0xAD, 0x7B,
    0xED, 0x7B, 0xCD, 0x7B, 0xCD, 0x7B, 0xCD, 0x7B, 0xCD, 0x7B, 0xAD, 0x7B, 0xAC, 0x73, 0xAC, 0x73,
    0xAD, 0x7B, 0xCD, 0x7B, 0xEE, 0x83, 0x0E, 0x84, 0x0E, 0x84, 0x0E, 0x84, 0x2F, 0x8C, 0x2F, 0x8C,
    0x2F, 0x8C, 0x2E, 0x84, 0xEE, 0x83, 0xEE, 0x83, 0xED, 0x7B, 0xAD, 0x73, 0x6C, 0x6B, 0x2B, 0x6B,
    0x2B, 0x6B, 0x2B, 0x6B, 0x2B, 0x63, 0x0A, 0x63, 0x0A, 0x63, 0x0A, 0x63, 0x0A, 0x63, 0x0A, 0x63,
    0x0A, 0x63, 0x2B, 0x63, 0x4B, 0x6B, 0x2B, 0x6B, 0x4B, 0x6B, 0x6C, 0x73, 0x8C, 0x73, 0xAD, 0x73,
    0xCD, 0x7B, 0x0E, 0x84, 0x90, 0x94, 0x53, 0xAD, 0xD5, 0xBD, 0x78, 0xCE, 0x98, 0xD6, 0xB9, 0xD6,
    0xB9, 0xDE, 0xB9, 0xDE, 0xB9, 0xD6, 0xB9, 0xD6, 0x98, 0xD6, 0x98, 0xD6, 0x78, 0xD6, 0x78, 0xD6,
    0x78, 0xD6, 0x57, 0xD6, 0x57, 0xD6, 0x57, 0xCE, 0x57, 0xCE, 0x37, 0xCE, 0x37, 0xCE, 0x37, 0xCE,
    0x16, 0xCE, 0x16, 0xCE, 0x16, 0xCE, 0xF6, 0xC5, 0xF6, 0xC5, 0xF6, 0xC5, 0xF6, 0xC5, 0xF6, 0xC5,
    0xBA, 0xD6, 0xBA, 0xD6, 0xBA, 0xD6, 0xBA, 0xD6, 0xBA, 0xD6, 0xBA, 0xD6, 0xBA, 0xD6, 0xDA, 0xD6,
    0xBA, 0xD6, 0xBA, 0xD6, 0xBA, 0xD6, 0xBA, 0xD6, 0xBA, 0xD6, 0xDA, 0xD6, 0xDB, 0xD6, 0xDB, 0xDE,
    0xDB, 0xDE, 0xFB, 0xDE, 0xFB, 0xDE, 0xFB, 0xDE, 0xFB, 0xDE, 0xFB, 0xDE, 0xFB, 0xDE, 0xFB, 0xDE,
    0xFB, 0xDE, 0xFB, 0xDE, 0xFB, 0xDE, 0xFB, 0xDE, 0xFB, 0xDE, 0xFB, 0xDE, 0xFB, 0xDE, 0xFB, 0xDE,
    0xFB, 0xDE, 0xFB, 0xDE, 0xFB, 0xDE, 0xFB, 0xDE, 0xFB, 0xDE, 0xFB, 0xDE, 0xDB, 0xDE, 0xDB, 0xDE,
    0xDB, 0xD6, 0xDA, 0xD6, 0xBA, 0xD6, 0xBA, 0xD6, 0x9A, 0xCE, 0x79, 0xCE, 0x58, 0xCE, 0xF7, 0xC5,
    0xB5, 0xB5, 0x90, 0x94, 0xAC, 0x73, 0x4B, 0x6B, 0x2B, 0x63, 0x0A, 0x63, 0x0A, 0x63, 0xA9, 0x52,
    0x68, 0x4A, 0x07, 0x42, 0x06, 0x42, 0xE6, 0x39, 0xA5, 0x39, 0x85, 0x31, 0x44, 0x29, 0x23, 0x29,
    0x43, 0x29, 0x44, 0x29, 0x44, 0x29, 0x44, 0x29, 0x44, 0x29, 0x64, 0x29, 0x64, 0x29, 0x64, 0x31,
    0x85, 0x31, 0x85, 0x31, 0xA5, 0x39, 0xE6, 0x41, 0xE6, 0x41, 0xE6, 0x41, 0x27, 0x42, 0x48, 0x4A,
    0x89, 0x52, 0xA9, 0x52, 0xA9, 0x5A, 0xA9, 0x5A, 0xEA, 0x5A, 0xEA, 0x62, 0x0A, 0x63, 0x2B, 0x63,
    0x4B, 0x6B, 0x6C, 0x6B, 0x6C, 0x6B, 0x6C, 0x6B, 0x8C, 0x73, 0xAD, 0x73, 0xCD, 0x7B, 0xCD, 0x7B,
    0xCD, 0x7B, 0xED, 0x7B, 0xEE, 0x7B, 0x0E, 0x84, 0x0E, 0x84, 0x0E, 0x84, 0x0E, 0x84, 0x0E, 0x84,
    0x2E, 0x84, 0x0E, 0x8C, 0x2F, 0x8C, 0x2F, 0x8C, 0x2F, 0x8C, 0x2F, 0x8C, 0x4F, 0x8C, 0x4F, 0x8C,
    0x2F, 0x8C, 0x2F, 0x8C, 0x2F, 0x8C, 0x2F, 0x8C, 0x2F, 0x8C, 0x2E, 0x84, 0x0E, 0x84, 0x2E, 0x84,
    0x0E, 0x84, 0x0E, 0x84, 0x0E, 0x84, 0x0E, 0x84, 0x0E, 0x84, 0x0E, 0x84, 0x0E, 0x84, 0x0E, 0x84,
    0x0E, 0x84, 0x0E, 0x84, 0x0E, 0x84, 0x0E, 0x84, 0x0E, 0x84, 0x0E, 0x84, 0x0E, 0x84, 0x0E, 0x84,
    0x0E, 0x84, 0x0E, 0x84, 0x0E, 0x84, 0xEE, 0x83, 0xCD, 0x7B, 0x8C, 0x73, 0x8C, 0x73, 0x8C, 0x73,
    0x8C, 0x73, 0x8C, 0x73, 0xAD, 0x7B, 0xCD, 0x83, 0xEE, 0x83, 0xEE, 0x83, 0xEE, 0x83, 0x0E, 0x8C,
    0x2F, 0x8C, 0xEE, 0x83, 0x8C, 0x7B, 0x6C, 0x73, 0x0A, 0x6B, 0xEA, 0x6A, 0x0A, 0x6B, 0xC9, 0x62,
    0xA8, 0x62, 0xA8, 0x62, 0xA8, 0x62, 0xA8, 0x62, 0xA8, 0x62, 0xA8, 0x5A, 0x88, 0x5A, 0x68, 0x5A,
    0x47, 0x5A, 0x47, 0x5A, 0x47, 0x5A, 0x47, 0x52, 0x47, 0x52, 0x27, 0x52, 0x27, 0x52, 0x27, 0x52,
    0x27, 0x52, 0x27, 0x52, 0x26, 0x52, 0x06, 0x4A, 0xE6, 0x49, 0xE6, 0x49, 0xE6, 0x49, 0x06, 0x4A,
    0x06, 0x52, 0x27, 0x52, 0x06, 0x52, 0x06, 0x4A, 0xE6, 0x51, 0x06, 0x52, 0x06, 0x52, 0xE6, 0x49,
    0xE6, 0x49, 0xE5, 0x49, 0xE6, 0x49, 0xE6, 0x49, 0xE6, 0x49, 0x06, 0x52, 0x06, 0x52, 0x06, 0x4A,
    0x06, 0x52, 0x06, 0x52, 0x06, 0x52, 0x26, 0x52, 0x26, 0x52, 0x26, 0x52, 0x26, 0x52, 0x26, 0x52,
    0x26, 0x52, 0x47, 0x52, 0x47, 0x5A, 0x27, 0x52, 0x06, 0x52, 0x06, 0x52, 0x27, 0x52, 0x27, 0x52,
    0x47, 0x52, 0x67, 0x52, 0x68, 0x5A, 0x88, 0x5A, 0xC9, 0x62, 0x4B, 0x6B, 0x6C, 0x73, 0x6C, 0x73,
    0xAC, 0x7B, 0xEE, 0x83, 0x0E, 0x84, 0x0E, 0x84, 0x0E, 0x84, 0x0E, 0x84, 0x0E, 0x84, 0x0E, 0x84,
    0x0E, 0x84, 0x0E, 0x84, 0x0E, 0x84, 0x0E, 0x84, 0x0E, 0x84, 0x0E, 0x84, 0x0E, 0x84, 0x0E, 0x84,
    0x0E, 0x84, 0x0E, 0x84, 0x0E, 0x84, 0xEE, 0x7B, 0xAD, 0x7B, 0x8C, 0x73, 0x8C, 0x73, 0xAD, 0x73,
    0xCD, 0x7B, 0xCD, 0x7B, 0xCD, 0x7B, 0xCD, 0x7B, 0xAD, 0x7B, 0x8C, 0x73, 0x6C, 0x73, 0x6C, 0x73,
    0xAD, 0x7B, 0xAD, 0x7B, 0xAD, 0x7B, 0xEE, 0x83, 0x0E, 0x84, 0x2F, 0x84, 0x2F, 0x8C, 0x2F, 0x8C,
    0x2F, 0x8C, 0x2F, 0x8C, 0x2E, 0x84, 0x0E, 0x84, 0x0E, 0x84, 0xEE, 0x83, 0xCD, 0x7B, 0x6C, 0x6B,
    0x2A, 0x63, 0x0A, 0x63, 0x0A, 0x63, 0xEA, 0x62, 0xEA, 0x62, 0x0A, 0x63, 0x0A, 0x63, 0x0A, 0x63,
    0x2A, 0x63, 0x2B, 0x6B, 0x6B, 0x6B, 0x6C, 0x73, 0x8C, 0x73, 0xAD, 0x7B, 0xCD, 0x7B, 0xCD, 0x7B,
    0xED, 0x7B, 0xEE, 0x83, 0x6F, 0x8C, 0x12, 0xA5, 0x94, 0xB5, 0x37, 0xC6, 0x57, 0xCE, 0x78, 0xD6,
    0x78, 0xD6, 0x78, 0xD6, 0x78, 0xD6, 0x98, 0xD6, 0x78, 0xD6, 0x78, 0xD6, 0x78, 0xD6, 0x57, 0xD6,
    0x57, 0xCE, 0x57, 0xCE, 0x57, 0xCE, 0x57, 0xCE, 0x57, 0xCE, 0x37, 0xCE, 0x37, 0xCE, 0x37, 0xCE,
    0x37, 0xCE, 0x16, 0xCE, 0x16, 0xCE, 0x16, 0xCE, 0x16, 0xCE, 0xF6, 0xC5, 0xF6, 0xC5, 0xF6, 0xC5,
    0xDA, 0xD6, 0xDA, 0xD6, 0xDA, 0xD6, 0xBA, 0xD6, 0xDA, 0xD6, 0xDA, 0xD6, 0xDA, 0xD6, 0xDB, 0xDE,
    0xDA, 0xD6, 0xDA, 0xD6, 0xDA, 0xD6, 0xBA, 0xD6, 0xDB, 0xD6, 0xDB, 0xD6, 0xDB, 0xDE, 0xFB, 0xDE,
    0xFB, 0xDE, 0xFB, 0xDE, 0xFB, 0xDE, 0xFB, 0xDE, 0xFB, 0xDE, 0xFB, 0xDE, 0xFB, 0xDE, 0x1B, 0xDF,
    0x1B, 0xDF, 0xFB, 0xDE, 0xFB, 0xDE, 0xFB, 0xDE, 0xFB, 0xDE, 0xFB, 0xDE, 0xFB, 0xDE, 0xFB, 0xDE,
    0xFB, 0xDE, 0xFB, 0xDE, 0xFB, 0xDE, 0xFB, 0xDE, 0xFB, 0xDE, 0xFB, 0xDE, 0xFB, 0xDE, 0xDB, 0xDE,
    0xDB, 0xD6, 0xDA, 0xD6, 0xDA, 0xD6, 0xBA, 0xD6, 0x99, 0xCE, 0x59, 0xCE, 0x38, 0xC6, 0xF7, 0xBD,
    0xD6, 0xBD, 0xD1, 0x9C, 0xCD, 0x7B, 0x4B, 0x6B, 0x2B, 0x6B, 0x0B, 0x63, 0x0B, 0x63, 0xEA, 0x5A,
    0xA9, 0x52, 0x68, 0x4A, 0x27, 0x42, 0x06, 0x42, 0xC6, 0x39, 0xA5, 0x39, 0x64, 0x31, 0x44, 0x29,
    0x44, 0x29, 0x44, 0x29, 0x44, 0x29, 0x44, 0x29, 0x44, 0x29, 0x64, 0x29, 0x44, 0x29, 0x44, 0x29,
    0x64, 0x31, 0x85, 0x31, 0xA5, 0x31, 0xC6, 0x39, 0xC6, 0x39, 0xE6, 0x39, 0x07, 0x42, 0x48, 0x4A,
    0x89, 0x52, 0xA9, 0x5A, 0xC9, 0x5A, 0xEA, 0x62, 0x0A, 0x63, 0x2B, 0x63, 0x2B, 0x6B, 0x4B, 0x6B,
    0x6C, 0x73, 0x8C, 0x73, 0xAD, 0x73, 0xAD, 0x73, 0xCD, 0x7B, 0xEE, 0x7B, 0xEE, 0x7B, 0xEE, 0x7B,
    0xEE, 0x7B, 0xEE, 0x7B, 0xEE, 0x7B, 0x0E, 0x84, 0x0E, 0x84, 0x0E, 0x84, 0x0E, 0x84, 0x0E, 0x84,
    0x2E, 0x84, 0x0E, 0x8C, 0x2F, 0x8C, 0x2F, 0x8C, 0x2F, 0x84, 0x2F, 0x8C, 0x2F, 0x8C, 0x2F, 0x8C,
    0x0E, 0x84, 0x0E, 0x84, 0x2E, 0x84, 0x2F, 0x84, 0x2E, 0x84, 0x0E, 0x84, 0x0E, 0x84, 0x0E, 0x84,
    0x0E, 0x84, 0x0E, 0x84, 0x0E, 0x84, 0x0E, 0x84, 0x0E, 0x84, 0x2E, 0x84, 0x2E, 0x84, 0x2F, 0x84,
    0x2E, 0x84, 0x2E, 0x84, 0x2E, 0x84, 0x0E, 0x84, 0x0E, 0x84, 0x0E, 0x84, 0x0E, 0x84, 0x0E, 0x84,
    0x0E, 0x84, 0x0E, 0x84, 0xEE, 0x83, 0xCD, 0x7B, 0xAD, 0x7B, 0x6C, 0x73, 0x6C, 0x73, 0x4B, 0x6B,
    0x2B, 0x6B, 0x4B, 0x6B, 0x8C, 0x73, 0xCD, 0x7B, 0xEE, 0x83, 0xEE, 0x83, 0xEE, 0x83, 0x0E, 0x8C,
    0x0E, 0x8C, 0xAD, 0x7B, 0x6C, 0x73, 0x2B, 0x73, 0x0A, 0x6B, 0xE9, 0x6A, 0xEA, 0x6A, 0xC9, 0x62,
    0xC8, 0x62, 0xA8, 0x62, 0xA8, 0x62, 0xA8, 0x62, 0xA8, 0x62, 0x88, 0x5A, 0x68, 0x5A, 0x67, 0x5A,
    0x47, 0x5A, 0x47, 0x5A, 0x47, 0x52, 0x47, 0x52, 0x27, 0x52, 0x27, 0x52, 0x27, 0x52, 0x27, 0x52,
    0x06, 0x52, 0x06, 0x4A, 0x06, 0x4A, 0x06, 0x4A, 0xE6, 0x49, 0xE6, 0x49, 0xC5, 0x49, 0xE6, 0x49,
    0x06, 0x4A, 0x06, 0x52, 0xE6, 0x49, 0xE5, 0x49, 0xC5, 0x49, 0xC5, 0x49, 0xC5, 0x49, 0xC6, 0x49,
    0xC5, 0x49, 0xC5, 0x49, 0xC5, 0x49, 0xC5, 0x49, 0xC5, 0x49, 0xE5, 0x49, 0xE6, 0x49, 0xE6, 0x49,
    0xE6, 0x49, 0x06, 0x4A, 0x06, 0x4A, 0x06, 0x4A, 0x06, 0x4A, 0x06, 0x4A, 0x06, 0x4A, 0x06, 0x4A,
    0x06, 0x52, 0x27, 0x52, 0x26, 0x52, 0x06, 0x52, 0xE6, 0x49, 0xE6, 0x49, 0xE6, 0x49, 0x06, 0x4A,
    0x06, 0x52, 0x47, 0x52, 0x67, 0x52, 0x88, 0x5A, 0xC9, 0x62, 0x4B, 0x6B, 0x6C, 0x73, 0x8C, 0x73,
    0xCD, 0x7B, 0xEE, 0x83, 0x0E, 0x84, 0x0E, 0x84, 0x0E, 0x84, 0x0E, 0x84, 0x0E, 0x84, 0x0E, 0x84,
    0x0E, 0x84, 0x0E, 0x84, 0x0E, 0x84, 0x0E, 0x84, 0x0E, 0x84, 0x0E, 0x84, 0x0E, 0x84, 0x0E, 0x84,
    0x0E, 0x84, 0x0E, 0x84, 0x0E, 0x84, 0xCD, 0x7B, 0x8C, 0x73, 0x6C, 0x73, 0x6C, 0x73, 0x8C, 0x73,
    0xAD, 0x7B, 0xAD, 0x7B, 0xAD, 0x7B, 0xCD, 0x7B, 0xCD, 0x7B, 0xAD, 0x7B, 0x8C, 0x73, 0x8C, 0x73,
    0xAD, 0x7B, 0xAD, 0x7B, 0xAD, 0x7B, 0xED, 0x7B, 0xEE, 0x83, 0x0E, 0x84, 0x2F, 0x8C, 0x2F, 0x8C,
    0x2F, 0x8C, 0x2F, 0x84, 0x2E, 0x84, 0x2E, 0x84, 0x2F, 0x84, 0x0E, 0x84, 0x0E, 0x84, 0xCD, 0x7B,
    0x6C, 0x73, 0x4B, 0x6B, 0x0A, 0x63, 0xEA, 0x5A, 0xEA, 0x5A, 0xEA, 0x62, 0xEA, 0x62, 0xEA, 0x62,
    0x0A, 0x63, 0x2B, 0x63, 0x4B, 0x6B, 0x6C, 0x6B, 0x6C, 0x73, 0xAC, 0x73, 0xCD, 0x7B, 0xCD, 0x7B,
    0xED, 0x7B, 0xEE, 0x83, 0x4F, 0x8C, 0x12, 0xA5, 0x94, 0xB5, 0xF6, 0xC5, 0x37, 0xCE, 0x57, 0xCE,
    0x57, 0xCE, 0x57, 0xCE, 0x57, 0xCE, 0x57, 0xCE, 0x57, 0xCE, 0x57, 0xCE, 0x57, 0xCE, 0x57, 0xCE,
    0x57, 0xCE, 0x57, 0xCE, 0x57, 0xCE, 0x57, 0xCE, 0x57, 0xCE, 0x37, 0xCE, 0x37, 0xCE, 0x37, 0xCE,
    0x37, 0xCE, 0x37, 0xCE, 0x16, 0xCE, 0x16, 0xCE, 0x16, 0xCE, 0x16, 0xCE, 0xF6, 0xCD, 0x16, 0xCE,
    0xDA, 0xD6, 0xDA, 0xD6, 0xDA, 0xD6, 0xBA, 0xD6, 0xDA, 0xD6, 0xDA, 0xD6, 0xDA, 0xD6, 0xDB, 0xDE,
    0xDB, 0xDE, 0xDB, 0xD6, 0xDA, 0xD6, 0xDA, 0xD6, 0xDB, 0xD6, 0xDB, 0xD6, 0xDB, 0xDE, 0xFB, 0xDE,
    0xFB, 0xDE, 0xFB, 0xDE, 0xFB, 0xDE, 0xFB, 0xDE, 0xFB, 0xDE, 0xFB, 0xDE, 0xFB, 0xDE, 0x1B, 0xDF,
    0x1B, 0xDF, 0xFB, 0xDE, 0xFB, 0xDE, 0xFB, 0xDE, 0xFB, 0xDE, 0xFB, 0xDE, 0xFB, 0xDE, 0xFB, 0xDE,
    0xFB, 0xDE, 0xFB, 0xDE, 0xFB, 0xDE, 0xFB, 0xDE, 0xFB, 0xDE, 0xFB, 0xDE, 0xFB, 0xDE, 0xFB, 0xDE,
    0xDB, 0xD6, 0xDA, 0xD6, 0xDA, 0xD6, 0xBA, 0xD6, 0x99, 0xCE, 0x58, 0xC6, 0x17, 0xC6, 0xB6, 0xBD,
    0x95, 0xB5, 0x91, 0x94, 0xAC, 0x73, 0x4B, 0x6B, 0x4B, 0x6B, 0x2B, 0x63, 0x0A, 0x63, 0xC9, 0x5A,
    0xA9, 0x52, 0xA9, 0x52, 0x67, 0x4A, 0x07, 0x42, 0xE6, 0x39, 0xC5, 0x39, 0x84, 0x31, 0x64, 0x31,
    0x64, 0x31, 0x44, 0x29, 0x44, 0x29, 0x44, 0x29, 0x44, 0x29, 0x44, 0x29, 0x44, 0x29, 0x44, 0x29,
    0x44, 0x29, 0x64, 0x29, 0x64, 0x31, 0xA5, 0x31, 0xA5, 0x39, 0xC6, 0x39, 0xC6, 0x39, 0x27, 0x4A,
    0x89, 0x52, 0xA9, 0x5A, 0xEA, 0x5A, 0x0A, 0x63, 0x2B, 0x6B, 0x4B, 0x6B, 0x6C, 0x6B, 0x6C, 0x73,
    0x8D, 0x73, 0xAD, 0x7B, 0xCD, 0x7B, 0xEE, 0x7B, 0x0E, 0x84, 0x0E, 0x84, 0x0E, 0x84, 0x0E, 0x84,
    0x0E, 0x84, 0x0E, 0x84, 0xEE, 0x7B, 0xEE, 0x83, 0x0E, 0x84, 0x0E, 0x84, 0x0E, 0x84, 0x0E, 0x84,
    0x2E, 0x84, 0x0E, 0x8C, 0x2F, 0x8C, 0x2F, 0x8C, 0x2E, 0x84, 0x2F, 0x8C, 0x2F, 0x8C, 0x2F, 0x8C,
    0x0E, 0x84, 0x0E, 0x84, 0x0E, 0x84, 0x0E, 0x84, 0x0E, 0x84, 0x0E, 0x84, 0x0E, 0x84, 0x0E, 0x84,
    0x0E, 0x84, 0x0E, 0x84, 0x0E, 0x84, 0x0E, 0x84, 0x0E, 0x84, 0x2E, 0x84, 0x2F, 0x8C, 0x2F, 0x8C,
    0x2F, 0x8C, 0x2E, 0x84, 0x2E, 0x84, 0x0E, 0x84, 0x0E, 0x84, 0x0E, 0x84, 0x0E, 0x84, 0x0E, 0x84,
    0x0E, 0x84, 0x0E, 0x84, 0xEE, 0x83, 0xCD, 0x7B, 0x8C, 0x73, 0x6B, 0x6B, 0x4B, 0x6B, 0x2B, 0x6B,
    0xEA, 0x62, 0x0A, 0x63, 0x4B, 0x6B, 0x8C, 0x73, 0xCD, 0x83, 0xEE, 0x83, 0xEE, 0x83, 0x0E, 0x8C,
    0xCD, 0x83, 0x8C, 0x7B, 0x4B, 0x73, 0x0A, 0x6B, 0xEA, 0x6A, 0xE9, 0x6A, 0xE9, 0x6A, 0xE9, 0x6A,
    0xE9, 0x6A, 0xE9, 0x62, 0xA8, 0x62, 0xA8, 0x62, 0xA8, 0x62, 0x68, 0x5A, 0x68, 0x5A, 0x67, 0x5A,
    0x47, 0x5A, 0x47, 0x52, 0x47, 0x52, 0x27, 0x52, 0x27, 0x52, 0x27, 0x52, 0x27, 0x52, 0x27, 0x52,
    0x06, 0x4A, 0xE6, 0x49, 0xE6, 0x49, 0xE6, 0x49, 0xE6, 0x49, 0xE6, 0x49, 0xC5, 0x41, 0xC5, 0x49,
    0xE6, 0x49, 0xE6, 0x49, 0xC5, 0x49, 0xC5, 0x49, 0xC5, 0x49, 0xC5, 0x49, 0xC5, 0x49, 0xC5, 0x49,
    0xC5, 0x49, 0xC5, 0x49, 0xC5, 0x49, 0xC5, 0x49, 0xC5, 0x49, 0xC5, 0x49, 0xE5, 0x49, 0xE6, 0x49,
    0xE6, 0x49, 0xE6, 0x49, 0xE6, 0x49, 0xE6, 0x49, 0xE6, 0x49, 0xE6, 0x49, 0xE6, 0x49, 0x06, 0x4A,
    0x06, 0x52, 0x06, 0x4A, 0xE6, 0x49, 0xE6, 0x49, 0xE6, 0x49, 0xE6, 0x49, 0xE6, 0x49, 0x06, 0x4A,
    0x06, 0x4A, 0x47, 0x52, 0x67, 0x52, 0x88, 0x5A, 0xC9, 0x62, 0x2B, 0x6B, 0x8C, 0x73, 0xAC, 0x7B,
    0xEE, 0x83, 0x0E, 0x84, 0x0E, 0x84, 0x0E, 0x84, 0x0E, 0x84, 0x0E, 0x84, 0x0E, 0x84, 0x0E, 0x84,
    0x0E, 0x84, 0x0E, 0x84, 0x0E, 0x84, 0x0E, 0x84, 0x0E, 0x84, 0xEE, 0x83, 0xEE, 0x83, 0x0E, 0x84,
    0x0E, 0x84, 0x0E, 0x84, 0xEE, 0x83, 0xCD, 0x7B, 0x8C, 0x73, 0x6C, 0x6B, 0x6C, 0x6B, 0x6C, 0x73,
    0xAC, 0x73, 0xAC, 0x73, 0xAD, 0x73, 0xCD, 0x7B, 0xED, 0x7B, 0xEE, 0x7B, 0xCD, 0x7B, 0xCD, 0x7B,
    0xCD, 0x7B, 0xCD, 0x7B, 0xCD, 0x7B, 0xCD, 0x7B, 0xED, 0x7B, 0xEE, 0x83, 0x2F, 0x8C, 0x2F, 0x8C,
    0x2F, 0x8C, 0x2F, 0x8C, 0x2E, 0x84, 0x2F, 0x84, 0x2F, 0x8C, 0x2F, 0x8C, 0x2E, 0x84, 0x0E, 0x84,
    0x0E, 0x84, 0xAD, 0x7B, 0x6B, 0x6B, 0x0A, 0x63, 0xEA, 0x62, 0xEA, 0x5A, 0xE9, 0x5A, 0xEA, 0x5A,
    0xEA, 0x62, 0x0A, 0x63, 0x2B, 0x6B, 0x4B, 0x6B, 0x4B, 0x6B, 0x6C, 0x73, 0x8C, 0x73, 0xAD, 0x7B,
    0xED, 0x7B, 0xEE, 0x83, 0x4F, 0x8C, 0x12, 0xA5, 0x94, 0xB5, 0x16, 0xC6, 0x57, 0xCE, 0x78, 0xD6,
    0x78, 0xD6, 0x78, 0xD6, 0x78, 0xD6, 0x98, 0xD6, 0x98, 0xD6, 0x98, 0xD6, 0x78, 0xD6, 0x78, 0xD6,
    0x78, 0xD6, 0x78, 0xD6, 0x78, 0xD6, 0x78, 0xD6, 0x57, 0xCE, 0x37, 0xCE, 0x37, 0xCE, 0x37, 0xCE,
    0x37, 0xCE, 0x37, 0xCE, 0x16, 0xCE, 0x16, 0xCE, 0x16, 0xCE, 0x16, 0xCE, 0x16, 0xCE, 0x16, 0xCE,
    0xDA, 0xDE, 0xDA, 0xD6, 0xDA, 0xD6, 0xDA, 0xD6, 0xDA, 0xDE, 0xDA, 0xDE, 0xDA, 0xD6, 0xFB, 0xDE,
    0xDB, 0xDE, 0xDB, 0xDE, 0xFB, 0xDE, 0xFB, 0xDE, 0xDB, 0xDE, 0xFB, 0xDE, 0xFB, 0xDE, 0xFB, 0xDE,
    0xFB, 0xDE, 0xFB, 0xDE, 0x1B, 0xDF, 0x1B, 0xDF, 0x1B, 0xDF, 0x1B, 0xDF, 0x1B, 0xDF, 0x1B, 0xDF,
    0x1B, 0xDF, 0x1B, 0xDF, 0x1B, 0xDF, 0x1B, 0xDF, 0x1B, 0xDF, 0x1B, 0xDF, 0x1B, 0xDF, 0x1B, 0xDF,
    0x1B, 0xDF, 0x1B, 0xDF, 0xFB, 0xDE, 0xFB, 0xDE, 0xFB, 0xDE, 0xFB, 0xDE, 0xFB, 0xDE, 0xFB, 0xDE,
    0xDB, 0xDE, 0xDA, 0xD6, 0xBA, 0xD6, 0x9A, 0xD6, 0x99, 0xCE, 0x59, 0xCE, 0xF7, 0xBD, 0x74, 0xAD,
    0x13, 0xA5, 0x70, 0x8C, 0xCD, 0x7B, 0x4B, 0x6B, 0x4B, 0x6B, 0x4B, 0x6B, 0x0A, 0x63, 0xEA, 0x5A,
    0xC9, 0x5A, 0xA8, 0x52, 0x88, 0x52, 0x27, 0x4A, 0xE6, 0x41, 0xC5, 0x39, 0xA5, 0x39, 0x85, 0x31,
    0x85, 0x31, 0x84, 0x31, 0x64, 0x29, 0x43, 0x29, 0x43, 0x29, 0x43, 0x29, 0x43, 0x29, 0x44, 0x29,
    0x44, 0x29, 0x44, 0x29, 0x64, 0x29, 0x85, 0x31, 0xA5, 0x31, 0xC6, 0x39, 0xE6, 0x39, 0x27, 0x42,
    0x68, 0x4A, 0xC9, 0x5A, 0xEA, 0x62, 0x2B, 0x6B, 0x6C, 0x73, 0x8C, 0x73, 0x8C, 0x73, 0x8C, 0x73,
    0xAD, 0x7B, 0xCD, 0x7B, 0xEE, 0x83, 0x0E, 0x84, 0x0E, 0x84, 0x0E, 0x84, 0x0E, 0x84, 0x0E, 0x84,
    0x0E, 0x84, 0x0E, 0x84, 0x0E, 0x84, 0x0E, 0x84, 0x0E, 0x84, 0x0E, 0x84, 0x0E, 0x84, 0x0E, 0x84,
    0x2E, 0x84, 0x2E, 0x84, 0x2E, 0x84, 0x2E, 0x84, 0x2E, 0x84, 0x2F, 0x8C, 0x2F, 0x8C, 0x2E, 0x84,
    0x0E, 0x84, 0x0E, 0x84, 0x0E, 0x84, 0x0E, 0x84, 0x0E, 0x84, 0x0E, 0x84, 0x0E, 0x84, 0x0E, 0x84,
    0x0E, 0x84, 0x0E, 0x84, 0x0E, 0x84, 0x0E, 0x84, 0x2E, 0x84, 0x2F, 0x8C, 0x2F, 0x8C, 0x2F, 0x8C,
    0x2F, 0x8C, 0x2F, 0x8C, 0x2F, 0x8C, 0x2E, 0x84, 0x2E, 0x84, 0x2E, 0x84, 0x2E, 0x84, 0x2E, 0x84,
    0x0E, 0x84, 0x0E, 0x84, 0xEE, 0x7B, 0xCD, 0x7B, 0x8C, 0x73, 0x6C, 0x73, 0x6C, 0x73, 0x2B, 0x6B,
    0xEA, 0x62, 0xEA, 0x62, 0x2B, 0x6B, 0x6C, 0x73, 0xCD, 0x7B, 0xCD, 0x7B, 0xCE, 0x83, 0xEE, 0x83,
    0xAD, 0x7B, 0x8C, 0x7B, 0x2B, 0x6B, 0x0A, 0x6B, 0xEA, 0x6A, 0xEA, 0x6A, 0xE9, 0x6A, 0xE9, 0x6A,
    0xE9, 0x6A, 0xE9, 0x62, 0xA8, 0x62, 0xA8, 0x62, 0x88, 0x5A, 0x68, 0x5A, 0x67, 0x5A, 0x47, 0x5A,
    0x27, 0x52, 0x27, 0x52, 0x26, 0x52, 0x26, 0x52, 0x26, 0x52, 0x26, 0x52, 0x27, 0x52, 0x06, 0x52,
    0xE6, 0x49, 0xE6, 0x49, 0xE6, 0x49, 0xE6, 0x49, 0xE6, 0x49, 0xE6, 0x49, 0xC5, 0x41, 0xC5, 0x41,
    0xC5, 0x49, 0xC5, 0x41, 0xC5, 0x49, 0xC5, 0x49, 0xC5, 0x49, 0xC5, 0x49, 0xC5, 0x49, 0xC5, 0x49,
    0xC5, 0x49, 0xC5, 0x49, 0xC5, 0x49, 0xC5, 0x49, 0xC5, 0x49, 0xC5, 0x49, 0xC5, 0x49, 0xC5, 0x49,
    0xC6, 0x49, 0xE6, 0x49, 0xE6, 0x49, 0xE6, 0x49, 0xE6, 0x49, 0xE6, 0x49, 0xE6, 0x49, 0xE6, 0x49,
    0xE6, 0x49, 0xC5, 0x49, 0xA5, 0x41, 0xA5, 0x41, 0xA5, 0x41, 0xC5, 0x41, 0xC6, 0x49, 0xE6, 0x49,
    0x27, 0x4A, 0x47, 0x52, 0x68, 0x52, 0x68, 0x52, 0xC9, 0x5A, 0x2A, 0x6B, 0x8C, 0x73, 0xAD, 0x7B,
    0xCD, 0x83, 0xEE, 0x83, 0x0E, 0x84, 0x0E, 0x84, 0x0E, 0x84, 0x0E, 0x84, 0x0E, 0x84, 0x0E, 0x84,
    0x0E, 0x84, 0x0E, 0x84, 0x0E, 0x84, 0x0E, 0x84, 0x0E, 0x84, 0x0E, 0x84, 0x0E, 0x84, 0x0E, 0x84,
    0x0E, 0x84, 0x0E, 0x84, 0xEE, 0x83, 0xCD, 0x7B, 0xAD, 0x7B, 0x8C, 0x73, 0x6C, 0x73, 0x6C, 0x6B,
    0x8C, 0x73, 0xAC, 0x73, 0xAD, 0x7B, 0xCD, 0x7B, 0xCD, 0x7B, 0xCD, 0x7B, 0xED, 0x7B, 0xCD, 0x7B,
    0xCD, 0x7B, 0xCD, 0x7B, 0xCD, 0x7B, 0xCD, 0x7B, 0xCD, 0x7B, 0xCD, 0x7B, 0x0E, 0x84, 0x0E, 0x84,
    0x0E, 0x84, 0x2E, 0x84, 0x4F, 0x8C, 0x4F, 0x8C, 0x2F, 0x8C, 0x2F, 0x8C, 0x2F, 0x8C, 0x2F, 0x8C,
    0x2F, 0x8C, 0x0E, 0x84, 0xAD, 0x7B, 0x6C, 0x6B, 0x0A, 0x63, 0xEA, 0x62, 0xEA, 0x5A, 0xEA, 0x5A,
    0xEA, 0x5A, 0xEA, 0x62, 0x2B, 0x6B, 0x2B, 0x6B, 0x2B, 0x6B, 0x6B, 0x6B, 0x6C, 0x73, 0xAD, 0x7B,
    0xEE, 0x7B, 0xEE, 0x83, 0x4F, 0x8C, 0x12, 0xA5, 0x94, 0xB5, 0x37, 0xCE, 0x98, 0xD6, 0x98, 0xD6,
    0x98, 0xD6, 0x98, 0xD6, 0x98, 0xD6, 0x98, 0xD6, 0x98, 0xD6, 0x98, 0xD6, 0x98, 0xD6, 0x78, 0xD6,
    0x78, 0xD6, 0x78, 0xD6, 0x78, 0xD6, 0x78, 0xD6, 0x57, 0xCE, 0x37, 0xCE, 0x37, 0xCE, 0x37, 0xCE,
    0x37, 0xCE, 0x37, 0xCE, 0x16, 0xC6, 0x16, 0xC6, 0x16, 0xC6, 0x16, 0xC6, 0x16, 0xC6, 0x16, 0xCE,
    0xDA, 0xDE, 0xDA, 0xDE, 0xDA, 0xDE, 0xDA, 0xDE, 0xDA, 0xDE, 0xDA, 0xDE, 0xDB, 0xDE, 0xFB, 0xDE,
    0xFB, 0xDE, 0xFB, 0xDE, 0xFB, 0xDE, 0xFB, 0xDE, 0xFB, 0xDE, 0xFB, 0xDE, 0xFB, 0xDE, 0xFB, 0xDE,
    0xFB, 0xDE, 0x1B, 0xDF, 0x1B, 0xDF, 0x1B, 0xDF, 0x1B, 0xDF, 0x1B, 0xDF, 0x1B, 0xDF, 0x1B, 0xDF,
    0x1B, 0xDF, 0x1B, 0xDF, 0x1B, 0xDF, 0x1B, 0xDF, 0x1B, 0xDF, 0x1B, 0xDF, 0x1B, 0xDF, 0x1B, 0xDF,
    0x1B, 0xDF, 0x1B, 0xDF, 0x1B, 0xDF, 0x1B, 0xDF, 0x1B, 0xDF, 0x1B, 0xDF, 0x1B, 0xDF, 0x1B, 0xDF,
    0x1B, 0xDF, 0xDB, 0xDE, 0xBA, 0xD6, 0xBA, 0xD6, 0x9A, 0xD6, 0x79, 0xCE, 0xF7, 0xBD, 0x75, 0xAD,
    0xF2, 0x9C, 0x4F, 0x8C, 0xAC, 0x73, 0x4B, 0x6B, 0x4B, 0x6B, 0x4B, 0x6B, 0x4B, 0x6B, 0x2A, 0x63,
    0xEA, 0x62, 0xA9, 0x5A, 0xA8, 0x52, 0x68, 0x52, 0x47, 0x4A, 0x26, 0x42, 0xE6, 0x41, 0xE6, 0x39,
    0xE6, 0x39, 0xC5, 0x39, 0x85, 0x31, 0x64, 0x31, 0x44, 0x29, 0x44, 0x29, 0x44, 0x29, 0x44, 0x29,
    0x44, 0x29, 0x44, 0x29, 0x64, 0x29, 0x84, 0x31, 0xA5, 0x31, 0xA6, 0x31, 0xE6, 0x39, 0x27, 0x42,
    0x68, 0x4A, 0xC9, 0x5A, 0xEA, 0x62, 0x4B, 0x6B, 0x6C, 0x73, 0x8C, 0x73, 0x8C, 0x73, 0xAC, 0x73,
    0xAD, 0x7B, 0xCD, 0x7B, 0xEE, 0x83, 0x0E, 0x84, 0x0E, 0x84, 0x0E, 0x84, 0x0E, 0x84, 0x0E, 0x84,
    0x0E, 0x84, 0x0E, 0x84, 0x0E, 0x84, 0x0E, 0x84, 0x0E, 0x84, 0x0E, 0x84, 0x0E, 0x84, 0x0E, 0x84,
    0x2E, 0x84, 0x2E, 0x84, 0x2E, 0x84, 0x2E, 0x84, 0x0E, 0x84, 0x2E, 0x84, 0x2E, 0x84, 0x0E, 0x84,
    0x0E, 0x84, 0x0E, 0x84, 0x0E, 0x84, 0x0E, 0x84, 0x0E, 0x84, 0x0E, 0x84, 0x0E, 0x84, 0x0E, 0x84,
    0x0E, 0x84, 0x0E, 0x84, 0x0E, 0x84, 0x0E, 0x84, 0x2E, 0x84, 0x2F, 0x8C, 0x2F, 0x8C, 0x2F, 0x8C,
    0x2F, 0x8C, 0x2F, 0x8C, 0x2F, 0x8C, 0x2E, 0x84, 0x2E, 0x84, 0x2E, 0x84, 0x2E, 0x84, 0x2E, 0x84,
    0x2E, 0x84, 0x0E, 0x84, 0xEE, 0x83, 0xAD, 0x7B, 0xAC, 0x73, 0x8C, 0x73, 0x6C, 0x73, 0x2B, 0x6B,
    0xEA, 0x62, 0xEA, 0x62, 0x0A, 0x63, 0x4B, 0x6B, 0x8C, 0x73, 0x8C, 0x73, 0xAD, 0x7B, 0xCD, 0x7B,
    0x8D, 0x7B, 0x6C, 0x73, 0x2A, 0x6B, 0x0A, 0x6B, 0xEA, 0x6A, 0xEA, 0x6A, 0xE9, 0x6A, 0xE9, 0x6A,
    0xE9, 0x62, 0xC8, 0x62, 0xA8, 0x62, 0x88, 0x5A, 0x67, 0x5A, 0x67, 0x5A, 0x47, 0x5A, 0x47, 0x5A,
    0x27, 0x52, 0x06, 0x52, 0x06, 0x52, 0x26, 0x52, 0x26, 0x52, 0x06, 0x52, 0x06, 0x52, 0xE6, 0x49,
    0xE6, 0x49, 0xE6, 0x49, 0xE6, 0x49, 0xE6, 0x49, 0xE6, 0x49, 0xE6, 0x49, 0xC5, 0x49, 0xC5, 0x49,
    0xC5, 0x49, 0xC5, 0x41, 0xA5, 0x41, 0xA5, 0x41, 0xA5, 0x41, 0xA5, 0x41, 0xA5, 0x41, 0xA5, 0x41,
    0xA5, 0x41, 0xA5, 0x41, 0xA5, 0x41, 0xA5, 0x41, 0xA5, 0x41, 0xA5, 0x41, 0xC5, 0x49, 0xC5, 0x49,
    0xC5, 0x49, 0xC6, 0x49, 0xC6, 0x49, 0xE6, 0x49, 0xE6, 0x49, 0xE6, 0x49, 0xE6, 0x49, 0xE6, 0x49,
    0xC6, 0x49, 0xA5, 0x41, 0x84, 0x41, 0x64, 0x39, 0x64, 0x39, 0x64, 0x39, 0xA5, 0x41, 0xA5, 0x41,
    0x06, 0x4A, 0x47, 0x52, 0x68, 0x52, 0x88, 0x5A, 0xE9, 0x62, 0x4B, 0x6B, 0x8C, 0x73, 0xAD, 0x7B,
    0xCD, 0x7B, 0xCD, 0x83, 0xEE, 0x83, 0x0E, 0x84, 0x0E, 0x84, 0x0E, 0x84, 0x0E, 0x84, 0x0E, 0x84,
    0x0E, 0x84, 0x0E, 0x84, 0x0E, 0x84, 0x0E, 0x84, 0x0E, 0x84, 0x0E, 0x84, 0x0E, 0x84, 0x0E, 0x84,
    0x0E, 0x84, 0x0E, 0x84, 0x0E, 0x84, 0xEE, 0x83, 0xED, 0x7B, 0xCD, 0x7B, 0xAD, 0x7B, 0xAD, 0x73,
    0xAD, 0x7B, 0xAD, 0x7B, 0xAD, 0x7B, 0xCD, 0x7B, 0xAD, 0x7B, 0xCD, 0x7B, 0xED, 0x7B, 0xCD, 0x7B,
    0xCD, 0x7B, 0xCD, 0x7B, 0xCD, 0x7B, 0xCD, 0x7B, 0xCD, 0x7B, 0xCD, 0x7B, 0xEE, 0x83, 0xEE, 0x83,
    0xEE, 0x83, 0x0E, 0x84, 0x2F, 0x8C, 0x4F, 0x8C, 0x2F, 0x8C, 0x2F, 0x8C, 0x2F, 0x8C, 0x4F, 0x8C,
    0x2F, 0x8C, 0x2F, 0x8C, 0x0E, 0x84, 0xAD, 0x7B, 0x4B, 0x6B, 0x0A, 0x63, 0xEA, 0x5A, 0xEA, 0x62,
    0xEA, 0x62, 0x0A, 0x63, 0x2B, 0x6B, 0x2B, 0x6B, 0x2B, 0x6B, 0x4B, 0x6B, 0x6C, 0x73, 0xAD, 0x7B,
    0xEE, 0x7B, 0xEE, 0x83, 0x6F, 0x8C, 0x12, 0xA5, 0x94, 0xB5, 0x37, 0xCE, 0x98, 0xD6, 0x98, 0xD6,
    0x98, 0xD6, 0x98, 0xD6, 0x98, 0xD6, 0x98, 0xD6, 0x98, 0xD6, 0x98, 0xD6, 0x98, 0xD6, 0x78, 0xD6,
    0x78, 0xD6, 0x78, 0xD6, 0x78, 0xD6, 0x57, 0xD6, 0x57, 0xCE, 0x37, 0xCE, 0x37, 0xCE, 0x37, 0xCE,
    0x37, 0xCE, 0x37, 0xCE, 0x16, 0xC6, 0x16, 0xC6, 0x16, 0xC6, 0x16, 0xCE, 0x16, 0xCE, 0x16, 0xCE,
    0xDA, 0xDE, 0xDA, 0xDE, 0xDA, 0xDE, 0xDA, 0xDE, 0xDA, 0xDE, 0xDA, 0xDE, 0xDB, 0xDE, 0xFB, 0xDE,
    0xFB, 0xDE, 0xFB, 0xDE, 0x1B, 0xDF, 0x1B, 0xDF, 0x1B, 0xDF, 0x1B, 0xDF, 0xFB, 0xDE, 0xFB, 0xDE,
    0x1B, 0xDF, 0x1B, 0xDF, 0x1B, 0xDF, 0x1B, 0xDF, 0x1B, 0xDF, 0x1B, 0xDF, 0x1B, 0xDF, 0x1B, 0xDF,
    0x1B, 0xDF, 0x1B, 0xDF, 0x1B, 0xDF, 0x1B, 0xDF, 0x1B, 0xDF, 0x1B, 0xDF, 0x1B, 0xDF, 0x1B, 0xDF,
    0x1B, 0xDF, 0x1B, 0xDF, 0x1B, 0xDF, 0x1B, 0xDF, 0x1B, 0xDF, 0x1B, 0xDF, 0x1B, 0xDF, 0x1B, 0xDF,
    0x1B, 0xDF, 0x1B, 0xDF, 0xBA, 0xD6, 0x9A, 0xD6, 0x99, 0xD6, 0x59, 0xCE, 0xD7, 0xBD, 0x54, 0xAD,
    0x13, 0xA5, 0x70, 0x8C, 0xCD, 0x7B, 0x6B, 0x6B, 0x4B, 0x6B, 0x4B, 0x6B, 0x6B, 0x6B, 0x4B, 0x6B,
    0x2A, 0x63, 0xE9, 0x5A, 0xC9, 0x5A, 0xA8, 0x52, 0x68, 0x52, 0x47, 0x4A, 0x27, 0x4A, 0x07, 0x42,
    0x06, 0x42, 0xE6, 0x41, 0xC6, 0x39, 0xA5, 0x39, 0x84, 0x31, 0x84, 0x31, 0x84, 0x31, 0x64, 0x29,
    0x64, 0x29, 0x64, 0x29, 0x84, 0x31, 0x85, 0x31, 0xC5, 0x39, 0xC6, 0x39, 0xE6, 0x39, 0x27, 0x42,
    0x68, 0x52, 0xC9, 0x5A, 0x0A, 0x63, 0x4B, 0x6B, 0x6C, 0x73, 0xAC, 0x73, 0xAC, 0x73, 0xAC, 0x73,
    0xCD, 0x7B, 0xED, 0x7B, 0xEE, 0x83, 0x0E, 0x84, 0x0E, 0x84, 0x0E, 0x84, 0x0E, 0x84, 0x0E, 0x84,
    0x0E, 0x84, 0x0E, 0x84, 0x0E, 0x84, 0x0E, 0x84, 0x0E, 0x84, 0x0E, 0x84, 0x0E, 0x84, 0x0E, 0x84,
    0x2E, 0x84, 0x2E, 0x84, 0x2E, 0x84, 0x2E, 0x84, 0x0E, 0x84, 0x0E, 0x84, 0x0E, 0x84, 0x0E, 0x84,
    0x0E, 0x84, 0x0E, 0x84, 0x0E, 0x84, 0x0E, 0x84, 0x0E, 0x84, 0x0E, 0x84, 0x0E, 0x84, 0x0E, 0x84,
    0x0E, 0x84, 0x0E, 0x84, 0x0E, 0x84, 0x0E, 0x84, 0x0E, 0x84, 0x2E, 0x84, 0x2E, 0x84, 0x2E, 0x84,
    0x2F, 0x8C, 0x2F, 0x8C, 0x2F, 0x8C, 0x2E, 0x84, 0x2E, 0x84, 0x2E, 0x84, 0x2E, 0x84, 0x2E, 0x84,
    0x2E, 0x84, 0x0E, 0x84, 0xEE, 0x83, 0xCD, 0x7B, 0xAD, 0x73, 0x8C, 0x73, 0x6C, 0x73, 0x4B, 0x6B,
    0x0A, 0x63, 0xEA, 0x62, 0xEA, 0x62, 0x0A, 0x6B, 0x2B, 0x6B, 0x4B, 0x6B, 0x6C, 0x73, 0x8C, 0x73,
    0x6C, 0x73, 0x2B, 0x6B, 0x0A, 0x63, 0xEA, 0x62, 0xEA, 0x62, 0xEA, 0x62, 0xE9, 0x6A, 0xE9, 0x6A,
    0xC9, 0x62, 0xA8, 0x62, 0x88, 0x5A, 0x67, 0x5A, 0x67, 0x5A, 0x47, 0x5A, 0x47, 0x5A, 0x47, 0x52,
    0x27, 0x52, 0x06, 0x52, 0x06, 0x52, 0x06, 0x52, 0x27, 0x52, 0x06, 0x52, 0xE6, 0x49, 0xE6, 0x49,
    0xE6, 0x49, 0xE6, 0x49, 0xE6, 0x49, 0xE6, 0x49, 0xE6, 0x49, 0xE6, 0x49, 0xC5, 0x49, 0xC5, 0x49,
    0xC5, 0x49, 0xA5, 0x41, 0xA5, 0x41, 0xA5, 0x41, 0xA5, 0x41, 0xA5, 0x41, 0xA5, 0x41, 0xA5, 0x41,
    0xA5, 0x41, 0xA5, 0x41, 0xA5, 0x41, 0xA5, 0x41, 0xA5, 0x41, 0xA5, 0x41, 0xC5, 0x49, 0xC5, 0x49,
    0xC5, 0x49, 0xC5, 0x49, 0xC6, 0x49, 0xC6, 0x49, 0xC6, 0x49, 0xC5, 0x49, 0xC5, 0x49, 0xA5, 0x41,
    0x85, 0x41, 0x64, 0x39, 0x23, 0x31, 0x02, 0x31, 0x03, 0x31, 0x23, 0x31, 0x64, 0x39, 0x84, 0x39,
    0x06, 0x4A, 0x47, 0x52, 0x68, 0x52, 0xA9, 0x5A, 0x0A, 0x63, 0x4B, 0x6B, 0x8C, 0x73, 0xAD, 0x7B,
    0xCD, 0x7B, 0xCD, 0x7B, 0xCD, 0x83, 0xEE, 0x83, 0xEE, 0x83, 0xEE, 0x83, 0x0E, 0x84, 0x0E, 0x84,
    0x0E, 0x84, 0x0E, 0x84, 0x0E, 0x84, 0x0E, 0x84, 0x0E, 0x84, 0x0E, 0x84, 0x0E, 0x84, 0x0E, 0x84,
    0x0E, 0x84, 0x0E, 0x84, 0x2E, 0x84, 0x0E, 0x84, 0x0E, 0x84, 0xEE, 0x83, 0xED, 0x7B, 0xCD, 0x7B,
    0xED, 0x7B, 0xAD, 0x7B, 0xAD, 0x7B, 0xCD, 0x7B, 0xAD, 0x7B, 0xCD, 0x7B, 0xED, 0x7B, 0xCD, 0x7B,
    0xCD, 0x7B, 0xCD, 0x7B, 0xCD, 0x7B, 0xCD, 0x7B, 0xCD, 0x7B, 0xCD, 0x7B, 0xED, 0x7B, 0xED, 0x7B,
    0xED, 0x7B, 0xEE, 0x83, 0x0E, 0x84, 0x0E, 0x84, 0x2F, 0x84, 0x2F, 0x84, 0x2F, 0x8C, 0x2F, 0x8C,
    0x2F, 0x8C, 0x2F, 0x84, 0x2F, 0x84, 0xEE, 0x83, 0xCD, 0x7B, 0x6C, 0x73, 0x0A, 0x63, 0xEA, 0x62,
    0xEA, 0x62, 0xEA, 0x62, 0x2A, 0x63, 0x2B, 0x63, 0x2B, 0x6B, 0x4B, 0x6B, 0x6C, 0x73, 0xAD, 0x73,
    0xED, 0x7B, 0xEE, 0x83, 0x6F, 0x8C, 0x12, 0xA5, 0x94, 0xB5, 0x37, 0xC6, 0x78, 0xD6, 0x98, 0xD6,
    0x98, 0xD6, 0x98, 0xD6, 0x98, 0xD6, 0x98, 0xD6, 0x98, 0xD6, 0x98, 0xD6, 0x98, 0xD6, 0x78, 0xD6,
    0x78, 0xD6, 0x78, 0xD6, 0x78, 0xD6, 0x78, 0xD6, 0x57, 0xD6, 0x37, 0xCE, 0x37, 0xCE, 0x37, 0xCE,
    0x37, 0xCE, 0x37, 0xCE, 0x16, 0xC6, 0x16, 0xC6, 0x16, 0xC6, 0x16, 0xC6, 0x16, 0xC6, 0x16, 0xCE,
    0xDA, 0xDE, 0xDA, 0xDE, 0xFA, 0xDE, 0xFA, 0xDE, 0xFA, 0xDE, 0xDB, 0xDE, 0xFB, 0xDE, 0x1B, 0xDF,
    0x1B, 0xDF, 0x1B, 0xDF, 0x1B, 0xDF, 0x1B, 0xDF, 0x1B, 0xDF, 0x1B, 0xDF, 0x1B, 0xDF, 0x1B, 0xDF,
    0x1B, 0xDF, 0x1B, 0xDF, 0x1B, 0xDF, 0x1B, 0xDF, 0x1B, 0xDF, 0x1B, 0xDF, 0x1B, 0xDF, 0x1B, 0xDF,
    0x1B, 0xDF, 0x1B, 0xDF, 0x1B, 0xDF, 0x1B, 0xDF, 0x1B, 0xDF, 0x1B, 0xDF, 0x1B, 0xDF, 0x1B, 0xDF,
    0x1B, 0xDF, 0x1B, 0xDF, 0x1B, 0xDF, 0x1B, 0xDF, 0x1B, 0xDF, 0x1B, 0xDF, 0x1B, 0xDF, 0x1B, 0xDF,
    0x1B, 0xDF, 0x1B, 0xDF, 0xBA, 0xD6, 0x79, 0xCE, 0x38, 0xC6, 0x38, 0xC6, 0xD6, 0xBD, 0x54, 0xAD,
    0xF2, 0x9C, 0x50, 0x8C, 0xAD, 0x73, 0x8C, 0x73, 0x4B, 0x6B, 0x4B, 0x6B, 0x6C, 0x73, 0x6C, 0x73,
    0x6B, 0x6B, 0x2B, 0x6B, 0x0A, 0x63, 0xC9, 0x5A, 0xA9, 0x5A, 0x88, 0x52, 0x68, 0x52, 0x48, 0x4A,
    0x27, 0x4A, 0x07, 0x42, 0x06, 0x42, 0xE6, 0x41, 0xC6, 0x39, 0xC6, 0x39, 0xC6, 0x39, 0xE6, 0x39,
    0xE6, 0x39, 0xE6, 0x39, 0xE6, 0x39, 0x06, 0x42, 0x07, 0x42, 0x07, 0x42, 0x06, 0x42, 0x27, 0x42,
    0x88, 0x52, 0xC9, 0x5A, 0x0A, 0x63, 0x2B, 0x6B, 0x6C, 0x73, 0x8C, 0x73, 0xAD, 0x7B, 0xCD, 0x7B,
    0xEE, 0x83, 0x0E, 0x84, 0x0E, 0x84, 0x0E, 0x84, 0x0E, 0x84, 0x0E, 0x84, 0x0E, 0x84, 0x0E, 0x84,
    0x0E, 0x84, 0x0E, 0x84, 0x0E, 0x84, 0x0E, 0x84, 0x0E, 0x84, 0x0E, 0x84, 0x0E, 0x84, 0x0E, 0x84,
    0x2F, 0x8C, 0x2F, 0x8C, 0x2F, 0x8C, 0x2E, 0x84, 0x2E, 0x84, 0x2E, 0x84, 0x0E, 0x84, 0x0E, 0x84,
    0x0E, 0x84, 0x0E, 0x84, 0x0E, 0x84, 0x0E, 0x84, 0x0E, 0x84, 0x0E, 0x84, 0x0E, 0x84, 0x0E, 0x84,
    0x0E, 0x84, 0x0E, 0x84, 0x0E, 0x84, 0x0E, 0x84, 0x0E, 0x84, 0x0E, 0x84, 0x0E, 0x84, 0x0E, 0x84,
    0x2E, 0x84, 0x2E, 0x84, 0x2E, 0x84, 0x2E, 0x84, 0x2E, 0x84, 0x2E, 0x84, 0x2E, 0x84, 0x2E, 0x84,
    0x0E, 0x84, 0x0E, 0x84, 0x0E, 0x84, 0xEE, 0x83, 0xCD, 0x7B, 0xAD, 0x7B, 0x8C, 0x7B, 0x8C, 0x73,
    0x6C, 0x73, 0x6C, 0x73, 0x2B, 0x6B, 0xEA, 0x62, 0xC9, 0x5A, 0xEA, 0x62, 0xEA, 0x62, 0xEA, 0x62,
    0xEA, 0x62, 0xC9, 0x62, 0xA9, 0x5A, 0xA8, 0x5A, 0x88, 0x5A, 0xA9, 0x5A, 0xA9, 0x62, 0xA9, 0x62,
    0x88, 0x62, 0x68, 0x5A, 0x47, 0x52, 0x27, 0x52, 0x27, 0x52, 0x26, 0x52, 0x06, 0x52, 0x06, 0x52,
    0xE6, 0x49, 0xC6, 0x49, 0xE6, 0x49, 0x07, 0x52, 0x07, 0x52, 0x06, 0x52, 0xE6, 0x49, 0xE6, 0x49,
    0xE6, 0x49, 0xE6, 0x49, 0xE6, 0x49, 0xE6, 0x49, 0xE6, 0x49, 0xC5, 0x49, 0xC5, 0x49, 0xC5, 0x49,
    0xC5, 0x49, 0xA5, 0x41, 0xA5, 0x41, 0xA5, 0x41, 0xA5, 0x41, 0xA5, 0x41, 0xA5, 0x41, 0xA5, 0x41,
    0xA5, 0x41, 0xA5, 0x41, 0xA5, 0x41, 0xA5, 0x41, 0xA5, 0x41, 0xA5, 0x41, 0xA5, 0x41, 0xA5, 0x41,
    0xA5, 0x41, 0xC5, 0x49, 0xC5, 0x49, 0xC5, 0x49, 0xC5, 0x49, 0xA5, 0x41, 0x64, 0x39, 0x23, 0x31,
    0x03, 0x31, 0xE2, 0x28, 0xE2, 0x28, 0x02, 0x31, 0x03, 0x31, 0x43, 0x39, 0x84, 0x39, 0xE6, 0x41,
    0x27, 0x4A, 0x67, 0x52, 0xA8, 0x5A, 0xE9, 0x62, 0x2A, 0x6B, 0x4B, 0x6B, 0x8C, 0x73, 0x8C, 0x73,
    0x8C, 0x73, 0xAD, 0x7B, 0xAD, 0x7B, 0xCD, 0x7B, 0xCD, 0x7B, 0xCD, 0x7B, 0xCD, 0x83, 0x0E, 0x84,
    0x0E, 0x84, 0x0E, 0x84, 0x0E, 0x84, 0x0E, 0x84, 0x0E, 0x84, 0xEE, 0x83, 0xEE, 0x83, 0x0E, 0x84,
    0x0E, 0x84, 0x0E, 0x84, 0x0E, 0x84, 0x0E, 0x84, 0x0E, 0x84, 0x0E, 0x84, 0xEE, 0x83, 0xEE, 0x83,
    0xED, 0x7B, 0xAD, 0x7B, 0xCD, 0x7B, 0xCD, 0x7B, 0xAD, 0x7B, 0xAD, 0x7B, 0xCD, 0x7B, 0xCD, 0x7B,
    0xCD, 0x7B, 0xCD, 0x7B, 0xCD, 0x7B, 0xCD, 0x7B, 0xCD, 0x7B, 0xAD, 0x7B, 0xAD, 0x7B, 0xAD, 0x7B,
    0xAD, 0x7B, 0xAD, 0x7B, 0xCD, 0x7B, 0xCD, 0x7B, 0xCD, 0x7B, 0xCD, 0x7B, 0xED, 0x7B, 0xED, 0x7B,
    0xEE, 0x83, 0xEE, 0x83, 0xEE, 0x83, 0xEE, 0x83, 0x0E, 0x84, 0xCD, 0x7B, 0x8C, 0x73, 0x2B, 0x6B,
    0x0A, 0x63, 0xEA, 0x62, 0x0A, 0x63, 0x2B, 0x63, 0x4B, 0x6B, 0x6B, 0x6B, 0x6C, 0x73, 0x8C, 0x73,
    0xCD, 0x7B, 0xEE, 0x83, 0x4F, 0x8C, 0x12, 0xA5, 0x94, 0xB5, 0x37, 0xC6, 0x78, 0xD6, 0x98, 0xD6,
    0x98, 0xD6, 0x98, 0xD6, 0x98, 0xD6, 0x98, 0xD6, 0x98, 0xD6, 0x78, 0xD6, 0x78, 0xD6, 0x78, 0xD6,
    0x57, 0xD6, 0x57, 0xCE, 0x57, 0xD6, 0x78, 0xD6, 0x57, 0xD6, 0x57, 0xCE, 0x37, 0xCE, 0x37, 0xCE,
    0x37, 0xCE, 0x37, 0xCE, 0x16, 0xCE, 0x16, 0xC6, 0x16, 0xC6, 0x16, 0xC6, 0x16, 0xC6, 0x16, 0xCE,
    0xFB, 0xDE, 0xFA, 0xDE, 0xFA, 0xDE, 0xFB, 0xDE, 0xFB, 0xDE, 0xFB, 0xDE, 0xFB, 0xDE, 0x1B, 0xDF,
    0x1B, 0xDF, 0x1B, 0xDF, 0x1B, 0xDF, 0x1B, 0xDF, 0x1B, 0xDF, 0x1B, 0xDF, 0x1B, 0xDF, 0x1B, 0xDF,
    0x1B, 0xDF, 0x1B, 0xDF, 0x1B, 0xDF, 0x1B, 0xDF, 0x1B, 0xDF, 0x1B, 0xDF, 0x1B, 0xDF, 0x1B, 0xDF,
    0x1B, 0xDF, 0x1B, 0xDF, 0x1B, 0xDF, 0x1B, 0xDF, 0x1B, 0xDF, 0x1B, 0xDF, 0x1B, 0xDF, 0x1B, 0xDF,
    0x1B, 0xDF, 0x1B, 0xDF, 0x1B, 0xDF, 0x1B, 0xDF, 0x1B, 0xDF, 0x1B, 0xDF, 0x1B, 0xDF, 0x1B, 0xDF,
    0x1B, 0xDF, 0x1B, 0xDF, 0xDA, 0xD6, 0x9A, 0xD6, 0x79, 0xCE, 0x38, 0xC6, 0xB6, 0xB5, 0x54, 0xA5,
    0xD1, 0x94, 0x4F, 0x84, 0xEE, 0x7B, 0xAD, 0x73, 0x6C, 0x6B, 0x4B, 0x6B, 0x6C, 0x73, 0x6C, 0x73,
    0x6C, 0x6B, 0x4B, 0x6B, 0x0A, 0x63, 0xE9, 0x5A, 0xC9, 0x5A, 0xC9, 0x5A, 0xA9, 0x5A, 0x89, 0x52,
    0x68, 0x52, 0x48, 0x4A, 0x27, 0x4A, 0x27, 0x42, 0x06, 0x42, 0x06, 0x42, 0x06, 0x42, 0x06, 0x42,
    0x06, 0x42, 0x06, 0x42, 0x06, 0x42, 0x06, 0x42, 0x06, 0x42, 0x06, 0x42, 0x06, 0x42, 0x27, 0x42,
    0x88, 0x52, 0xE9, 0x5A, 0x0A, 0x63, 0x2B, 0x6B, 0x6B, 0x6B, 0x8C, 0x73, 0xCD, 0x7B, 0xCD, 0x7B,
    0x0E, 0x84, 0x0E, 0x84, 0x0E, 0x84, 0x0E, 0x84, 0x0E, 0x84, 0x0E, 0x84, 0x0E, 0x84, 0x0E, 0x84,
    0x0E, 0x84, 0x0E, 0x84, 0x0E, 0x84, 0x0E, 0x84, 0x0E, 0x84, 0x0E, 0x84, 0x0E, 0x84, 0x0E, 0x84,
    0x2F, 0x8C, 0x2F, 0x8C, 0x2F, 0x8C, 0x2E, 0x84, 0x2E, 0x84, 0x2E, 0x84, 0x0E, 0x84, 0x0E, 0x84,
    0x0E, 0x84, 0x0E, 0x84, 0x0E, 0x84, 0x0E, 0x84, 0x0E, 0x84, 0xEE, 0x83, 0xEE, 0x83, 0xEE, 0x83,
    0xEE, 0x83, 0xEE, 0x83, 0xEE, 0x83, 0xEE, 0x83, 0x0E, 0x84, 0x0E, 0x84, 0x0E, 0x84, 0x2E, 0x84,
    0x2E, 0x84, 0x2E, 0x84, 0x2E, 0x84, 0x2E, 0x84, 0x2E, 0x84, 0x2E, 0x84, 0x2E, 0x84, 0x2E, 0x84,
    0x2E, 0x84, 0x2E, 0x84, 0x0E, 0x84, 0x0E, 0x84, 0x0E, 0x84, 0xCD, 0x7B, 0xCD, 0x7B, 0xAD, 0x7B,
    0x8C, 0x7B, 0x8C, 0x7B, 0x4B, 0x73, 0x0A, 0x63, 0xC9, 0x5A, 0xC9, 0x5A, 0xC9, 0x5A, 0xC9, 0x62,
    0xC9, 0x62, 0xA9, 0x5A, 0x88, 0x52, 0x68, 0x52, 0x68, 0x52, 0x47, 0x52, 0x67, 0x52, 0x67, 0x52,
    0x47, 0x52, 0x26, 0x52, 0x06, 0x4A, 0xE5, 0x49, 0xE5, 0x49, 0xC5, 0x49, 0xC5, 0x49, 0xC5, 0x41,
    0xA5, 0x41, 0x84, 0x41, 0xA5, 0x41, 0x06, 0x52, 0xE6, 0x49, 0xE6, 0x49, 0xE6, 0x49, 0xE6, 0x49,
    0xE6, 0x49, 0xE6, 0x49, 0xE6, 0x49, 0xE6, 0x49, 0xC5, 0x49, 0xC5, 0x49, 0xC5, 0x49, 0xC5, 0x49,
    0xC5, 0x49, 0xA5, 0x41, 0xA5, 0x41, 0x85, 0x41, 0x85, 0x41, 0x84, 0x41, 0x85, 0x41, 0xA5, 0x41,
    0xA5, 0x41, 0xA5, 0x41, 0xA5, 0x41, 0xA5, 0x41, 0xA5, 0x41, 0xA5, 0x41, 0xA5, 0x41, 0xA5, 0x41,
    0xA5, 0x41, 0xC5, 0x49, 0xC5, 0x49, 0xC5, 0x49, 0xC5, 0x49, 0x64, 0x39, 0x23, 0x31, 0xE2, 0x28,
    0xC2, 0x28, 0xC2, 0x28, 0xE2, 0x28, 0x03, 0x31, 0x43, 0x39, 0x64, 0x39, 0xA5, 0x41, 0x06, 0x4A,
    0x47, 0x52, 0x88, 0x5A, 0xC9, 0x62, 0x0A, 0x6B, 0x4B, 0x6B, 0x6B, 0x73, 0x8C, 0x73, 0x8C, 0x73,
    0x8C, 0x73, 0x8C, 0x73, 0x8C, 0x73, 0xAD, 0x7B, 0xAD, 0x7B, 0xAD, 0x7B, 0xAD, 0x7B, 0xED, 0x83,
    0x0E, 0x84, 0x0E, 0x84, 0x0E, 0x84, 0x0E, 0x84, 0x0E, 0x84, 0xEE, 0x83, 0xEE, 0x83, 0x0E, 0x84,
    0x0E, 0x84, 0x0E, 0x84, 0x0E, 0x84, 0x0E, 0x84, 0x0E, 0x84, 0x0E, 0x84, 0xEE, 0x83, 0x0E, 0x84,
    0xEE, 0x83, 0xED, 0x7B, 0xCD, 0x7B, 0xCD, 0x7B, 0xAD, 0x7B, 0xAD, 0x7B, 0xAD, 0x7B, 0xAD, 0x7B,
    0xAD, 0x7B, 0xAD, 0x7B, 0xAD, 0x7B, 0xAC, 0x73, 0xAC, 0x73, 0xAC, 0x73, 0xAD, 0x73, 0xAD, 0x73,
    0xAC, 0x73, 0x8C, 0x73, 0x8C, 0x73, 0x8C, 0x73, 0x8C, 0x73, 0xAD, 0x73, 0xAD, 0x73, 0xAD, 0x7B,
    0xAD, 0x7B, 0xEE, 0x83, 0xEE, 0x83, 0xEE, 0x83, 0xEE, 0x83, 0xED, 0x7B, 0xAD, 0x7B, 0x4B, 0x6B,
    0x2B, 0x6B, 0x0A, 0x63, 0xEA, 0x62, 0x2B, 0x6B, 0x4B, 0x6B, 0x4B, 0x6B, 0x6C, 0x73, 0x8C, 0x73,
    0xAD, 0x7B, 0xCD, 0x7B, 0x4F, 0x8C, 0x12, 0xA5, 0xB4, 0xB5, 0x37, 0xC6, 0x78, 0xD6, 0x98, 0xD6,
    0x98, 0xD6, 0x98, 0xD6, 0x98, 0xD6, 0x98, 0xD6, 0x98, 0xD6, 0x78, 0xD6, 0x78, 0xD6, 0x78, 0xD6,
    0x57, 0xD6, 0x57, 0xCE, 0x57, 0xCE, 0x57, 0xCE, 0x57, 0xCE, 0x37, 0xCE, 0x37, 0xCE, 0x37, 0xCE,
    0x37, 0xCE, 0x37, 0xCE, 0x16, 0xCE, 0x16, 0xC6, 0x16, 0xC6, 0x16, 0xC6, 0x16, 0xC6, 0x16, 0xCE,
    0xBA, 0xD6, 0xFB, 0xDE, 0xFB, 0xDE, 0xFB, 0xDE, 0xFB, 0xDE, 0xFB, 0xDE, 0xFB, 0xDE, 0x1B, 0xDF,
    0x1B, 0xDF, 0x1B, 0xDF, 0x1B, 0xDF, 0x1B, 0xDF, 0x1B, 0xDF, 0x1B, 0xDF, 0x1B, 0xDF, 0x1B, 0xDF,
    0x1B, 0xDF, 0x1B, 0xDF, 0x1B, 0xDF, 0x1B, 0xDF, 0x1B, 0xDF, 0x1B, 0xDF, 0x1B, 0xDF, 0x1B, 0xDF,
    0x1B, 0xDF, 0x1B, 0xDF, 0x1B, 0xDF, 0x1B, 0xDF, 0x1B, 0xDF, 0x1B, 0xDF, 0x1B, 0xDF, 0x1B, 0xDF,
    0x1B, 0xDF, 0x1B, 0xDF, 0x1B, 0xDF, 0x1B, 0xDF, 0x1B, 0xDF, 0x1B, 0xDF, 0x1B, 0xDF, 0x1B, 0xDF,
    0x1B, 0xDF, 0xFB, 0xDE, 0xDB, 0xDE, 0xDA, 0xD6, 0xBA, 0xD6, 0x58, 0xCE, 0xF7, 0xBD, 0x75, 0xAD,
    0xF2, 0x9C, 0x70, 0x8C, 0x2F, 0x84, 0xCD, 0x7B, 0x8C, 0x73, 0x6C, 0x6B, 0x6C, 0x73, 0x6C, 0x73,
    0x6C, 0x73, 0x4B, 0x6B, 0x2A, 0x63, 0xEA, 0x62, 0xC9, 0x5A, 0xC9, 0x5A, 0xC9, 0x5A, 0xA9, 0x5A,
    0xA9, 0x52, 0x88, 0x52, 0x68, 0x4A, 0x47, 0x4A, 0x27, 0x4A, 0x27, 0x4A, 0x27, 0x4A, 0x27, 0x42,
    0x27, 0x42, 0x07, 0x42, 0x07, 0x42, 0x07, 0x42, 0x07, 0x42, 0x06, 0x42, 0x06, 0x42, 0x47, 0x4A,
    0x88, 0x52, 0xE9, 0x5A, 0x2A, 0x63, 0x4B, 0x6B, 0x8C, 0x73, 0xCD, 0x7B, 0xEE, 0x7B, 0xEE, 0x83,
    0x0E, 0x84, 0x0E, 0x84, 0x0E, 0x84, 0x0E, 0x84, 0x0E, 0x84, 0x0E, 0x84, 0x0E, 0x84, 0x0E, 0x84,
    0x0E, 0x84, 0x0E, 0x84, 0x0E, 0x84, 0x0E, 0x84, 0x0E, 0x84, 0x0E, 0x84, 0x0E, 0x84, 0x0E, 0x84,
    0x2E, 0x84, 0x2F, 0x8C, 0x2F, 0x8C, 0x2E, 0x84, 0x0E, 0x84, 0x0E, 0x84, 0x0E, 0x84, 0x0E, 0x84,
    0x0E, 0x84, 0x0E, 0x84, 0x0E, 0x84, 0x0E, 0x84, 0xEE, 0x83, 0xEE, 0x83, 0xED, 0x7B, 0xED, 0x7B,
    0xED, 0x7B, 0xED, 0x7B, 0xED, 0x7B, 0xEE, 0x83, 0x0E, 0x84, 0x0E, 0x84, 0x0E, 0x84, 0x2E, 0x84,
    0x2F, 0x84, 0x2F, 0x84, 0x2F, 0x84, 0x2F, 0x84, 0x2F, 0x84, 0x2F, 0x84, 0x2F, 0x84, 0x2F, 0x84,
    0x2F, 0x84, 0x2F, 0x84, 0x2E, 0x84, 0x2E, 0x84, 0x0E, 0x84, 0x0E, 0x84, 0xEE, 0x83, 0xCD, 0x83,
    0xCD, 0x7B, 0xAD, 0x7B, 0x8C, 0x73, 0x4B, 0x6B, 0xEA, 0x62, 0xEA, 0x62, 0xC9, 0x5A, 0xA9, 0x5A,
    0xA9, 0x5A, 0xA8, 0x5A, 0x68, 0x52, 0x47, 0x52, 0x27, 0x52, 0x27, 0x52, 0x06, 0x4A, 0x26, 0x52,
    0x06, 0x4A, 0xE6, 0x49, 0xC5, 0x41, 0xA5, 0x41, 0xA5, 0x41, 0x84, 0x39, 0x64, 0x39, 0x64, 0x39,
    0x64, 0x39, 0x44, 0x39, 0x64, 0x39, 0xA5, 0x49, 0xE6, 0x49, 0xE6, 0x49, 0xE6, 0x49, 0xE6, 0x49,
    0xE6, 0x49, 0xE6, 0x49, 0xE6, 0x49, 0xE6, 0x49, 0xC5, 0x49, 0xC5, 0x49, 0xC5, 0x49, 0xC5, 0x49,
    0xC5, 0x49, 0xA5, 0x41, 0xA5, 0x41, 0x85, 0x41, 0x84, 0x41, 0x84, 0x41, 0x84, 0x41, 0x85, 0x41,
    0x85, 0x41, 0x85, 0x41, 0x85, 0x41, 0xA5, 0x41, 0xA5, 0x41, 0xA5, 0x41, 0xA5, 0x41, 0xA5, 0x41,
    0xA5, 0x41, 0xC5, 0x49, 0xC5, 0x49, 0xC5, 0x49, 0xA5, 0x41, 0x23, 0x31, 0xE2, 0x28, 0xC2, 0x28,
    0xC2, 0x28, 0xE2, 0x28, 0x03, 0x31, 0x44, 0x39, 0x64, 0x39, 0xA5, 0x41, 0xE6, 0x49, 0x27, 0x4A,
    0x68, 0x52, 0xA9, 0x5A, 0xEA, 0x62, 0x4B, 0x6B, 0x4B, 0x73, 0x8C, 0x73, 0x8C, 0x73, 0x8C, 0x73,
    0x8C, 0x73, 0x8C, 0x73, 0x8C, 0x73, 0x8C, 0x73, 0x8C, 0x73, 0x8C, 0x73, 0x8C, 0x73, 0xAD, 0x7B,
    0xED, 0x7B, 0xEE, 0x83, 0x0E, 0x84, 0x0E, 0x84, 0x0E, 0x84, 0xEE, 0x83, 0xEE, 0x83, 0x0E, 0x84,
    0x0E, 0x84, 0x0E, 0x84, 0x0E, 0x84, 0x0E, 0x84, 0x0E, 0x84, 0x0E, 0x84, 0x0E, 0x84, 0x0E, 0x84,
    0x0E, 0x84, 0xEE, 0x83, 0xED, 0x7B, 0xCD, 0x7B, 0xAD, 0x7B, 0x8C, 0x73, 0x8C, 0x73, 0x8C, 0x73,
    0xAC, 0x73, 0xAC, 0x73, 0xAC, 0x73, 0xAC, 0x73, 0xAC, 0x73, 0x8C, 0x73, 0x8C, 0x73, 0x8C, 0x73,
    0x6C, 0x73, 0x6B, 0x6B, 0x6C, 0x73, 0x6C, 0x73, 0x6C, 0x73, 0x6C, 0x73, 0x8C, 0x73, 0x8C, 0x73,
    0x8C, 0x73, 0xAD, 0x7B, 0xCD, 0x7B, 0xED, 0x7B, 0xCD, 0x7B, 0xCD, 0x7B, 0xCD, 0x7B, 0x6C, 0x73,
    0x4B, 0x6B, 0x2B, 0x6B, 0x0A, 0x63, 0x2B, 0x6B, 0x4B, 0x6B, 0x6C, 0x73, 0x8C, 0x73, 0x8C, 0x73,
    0xAD, 0x73, 0xCD, 0x7B, 0x4F, 0x8C, 0xF2, 0x9C, 0x74, 0xB5, 0x16, 0xC6, 0x78, 0xD6, 0x98, 0xD6,
    0x98, 0xD6, 0x98, 0xD6, 0x98, 0xD6, 0x98, 0xD6, 0x98, 0xD6, 0x78, 0xD6, 0x57, 0xD6, 0x57, 0xD6,
    0x57, 0xCE, 0x57, 0xCE, 0x57, 0xCE, 0x37, 0xCE, 0x37, 0xCE, 0x37, 0xCE, 0x37, 0xCE, 0x37, 0xCE,
    0x37, 0xCE, 0x16, 0xCE, 0x16, 0xCE, 0x16, 0xC6, 0x16, 0xC6, 0x16, 0xC6, 0x16, 0xC6, 0x16, 0xCE,
    0xB6, 0xB5, 0x79, 0xCE, 0x1B, 0xDF, 0x1B, 0xE7, 0xFA, 0xDE, 0xDA, 0xDE, 0xFB, 0xDE, 0x1B, 0xDF,
    0x1B, 0xDF, 0x1B, 0xDF, 0x1B, 0xDF, 0x1B, 0xDF, 0x1B, 0xDF, 0x1B, 0xDF, 0x1B, 0xDF, 0x1B, 0xDF,
    0x1B, 0xDF, 0x1B, 0xDF, 0x1B, 0xDF, 0x1B, 0xDF, 0x1B, 0xDF, 0x1B, 0xDF, 0x1B, 0xDF, 0x1B, 0xDF,
    0x1B, 0xDF, 0x1B, 0xDF, 0x1B, 0xDF, 0x1B, 0xDF, 0x1B, 0xDF, 0x1B, 0xDF, 0x1B, 0xDF, 0x1B, 0xDF,
    0x1B, 0xDF, 0x1B, 0xDF, 0x1B, 0xDF, 0x1B, 0xDF, 0x1B, 0xDF, 0x1B, 0xDF, 0x1B, 0xDF, 0x1B, 0xDF,
    0x1B, 0xDF, 0x1B, 0xDF, 0x1B, 0xDF, 0x1B, 0xDF, 0x1C, 0xE7, 0xBA, 0xD6, 0x79, 0xCE, 0x17, 0xC6,
    0x75, 0xAD, 0xF2, 0x9C, 0x91, 0x94, 0xEE, 0x83, 0x8D, 0x73, 0x6C, 0x73, 0x6C, 0x73, 0x6C, 0x73,
    0x6C, 0x73, 0x4B, 0x6B, 0x2B, 0x6B, 0x0A, 0x63, 0xEA, 0x62, 0xC9, 0x5A, 0xC9, 0x5A, 0xA9, 0x5A,
    0x89, 0x52, 0x68, 0x52, 0x68, 0x4A, 0x68, 0x52, 0x48, 0x4A, 0x47, 0x4A, 0x47, 0x4A, 0x47, 0x4A,
    0x27, 0x4A, 0x27, 0x4A, 0x27, 0x4A, 0x47, 0x4A, 0x47, 0x4A, 0x47, 0x4A, 0x47, 0x4A, 0x68, 0x52,
    0xA9, 0x5A, 0xEA, 0x62, 0x4B, 0x6B, 0xAC, 0x73, 0xCD, 0x7B, 0xEE, 0x83, 0x0E, 0x84, 0x0E, 0x84,
    0x0E, 0x84, 0x0E, 0x84, 0x0E, 0x84, 0x0E, 0x84, 0x0E, 0x84, 0x0E, 0x84, 0x0E, 0x84, 0x0E, 0x84,
    0x0E, 0x84, 0x0E, 0x84, 0x0E, 0x84, 0x0E, 0x84, 0x0E, 0x84, 0x0E, 0x84, 0x0E, 0x84, 0x0E, 0x84,
    0x0E, 0x84, 0x0E, 0x84, 0x0E, 0x84, 0x0E, 0x84, 0xEE, 0x83, 0xEE, 0x83, 0xEE, 0x83, 0xEE, 0x83,
    0xEE, 0x83, 0xEE, 0x83, 0xEE, 0x83, 0xEE, 0x83, 0xED, 0x7B, 0xCD, 0x7B, 0xCD, 0x7B, 0xCD, 0x7B,
    0xCD, 0x7B, 0xCD, 0x7B, 0xCD, 0x7B, 0xCD, 0x7B, 0xEE, 0x83, 0x0E, 0x84, 0x0E, 0x84, 0x2E, 0x84,
    0x2F, 0x8C, 0x2F, 0x8C, 0x2F, 0x8C, 0x2F, 0x8C, 0x2F, 0x8C, 0x2F, 0x8C, 0x2F, 0x8C, 0x2F, 0x8C,
    0x2F, 0x8C, 0x2F, 0x8C, 0x2F, 0x8C, 0x2E, 0x84, 0x0E, 0x84, 0x0E, 0x84, 0x0E, 0x84, 0x0E, 0x84,
    0xEE, 0x83, 0xCD, 0x7B, 0xCD, 0x7B, 0x8C, 0x73, 0x4B, 0x6B, 0x2B, 0x6B, 0x0A, 0x6B, 0xCA, 0x62,
    0xA9, 0x5A, 0xA9, 0x5A, 0x68, 0x52, 0x47, 0x52, 0x27, 0x52, 0x27, 0x4A, 0xE6, 0x49, 0xC5, 0x41,
    0xA5, 0x41, 0xA4, 0x39, 0x43, 0x39, 0x43, 0x31, 0x43, 0x31, 0xE2, 0x28, 0xE2, 0x28, 0xE2, 0x28,
    0xE2, 0x28, 0xE2, 0x30, 0x02, 0x31, 0x23, 0x31, 0x64, 0x39, 0xA5, 0x41, 0xC5, 0x49, 0xE6, 0x49,
    0xE6, 0x49, 0xE6, 0x49, 0xE6, 0x49, 0xE6, 0x49, 0xE6, 0x49, 0xC5, 0x49, 0xC5, 0x49, 0xC5, 0x49,
    0xC5, 0x49, 0xA5, 0x41, 0x85, 0x41, 0x85, 0x41, 0x84, 0x41, 0x84, 0x41, 0x84, 0x41, 0x85, 0x41,
    0x85, 0x41, 0x85, 0x41, 0x85, 0x41, 0xA5, 0x41, 0xA5, 0x41, 0xA5, 0x41, 0xA5, 0x41, 0xC5, 0x49,
    0xC5, 0x49, 0xC5, 0x49, 0xA5, 0x41, 0x85, 0x41, 0x23, 0x31, 0xE2, 0x28, 0xC2, 0x28, 0xC2, 0x28,
    0xC2, 0x28, 0x02, 0x29, 0x64, 0x39, 0x84, 0x41, 0xA5, 0x41, 0xE6, 0x49, 0x27, 0x52, 0x47, 0x52,
    0x88, 0x5A, 0xC9, 0x62, 0x0A, 0x63, 0x4B, 0x6B, 0x6B, 0x73, 0x8C, 0x73, 0x8C, 0x73, 0x8C, 0x73,
    0x8C, 0x73, 0x8C, 0x73, 0x8C, 0x73, 0x8C, 0x73, 0x8C, 0x73, 0x8C, 0x73, 0x8C, 0x73, 0x8C, 0x73,
    0xAD, 0x7B, 0xCD, 0x7B, 0xCD, 0x7B, 0xEE, 0x83, 0xEE, 0x83, 0xEE, 0x83, 0x0E, 0x84, 0x0E, 0x84,
    0x0E, 0x84, 0x0E, 0x84, 0x0E, 0x84, 0x0E, 0x84, 0x0E, 0x84, 0x0E, 0x84, 0x0E, 0x84, 0x0E, 0x84,
    0x0E, 0x84, 0x0E, 0x84, 0xEE, 0x83, 0xED, 0x7B, 0xCD, 0x7B, 0xAD, 0x7B, 0xAC, 0x73, 0x8C, 0x73,
    0x8C, 0x73, 0x8C, 0x73, 0xAC, 0x73, 0xAC, 0x73, 0x8C, 0x73, 0x6C, 0x73, 0x2B, 0x6B, 0x4B, 0x6B,
    0x4B, 0x6B, 0x4B, 0x6B, 0x4B, 0x6B, 0x4B, 0x6B, 0x4B, 0x6B, 0x6B, 0x6B, 0x6B, 0x6B, 0x6C, 0x6B,
    0x6C, 0x73, 0x6C, 0x73, 0xAD, 0x73, 0xCD, 0x7B, 0xCD, 0x7B, 0xCD, 0x7B, 0xCD, 0x7B, 0x8C, 0x73,
    0x6C, 0x6B, 0x4B, 0x6B, 0x6B, 0x6B, 0x4B, 0x6B, 0x4B, 0x6B, 0x6C, 0x73, 0xAC, 0x73, 0xAD, 0x7B,
    0xAD, 0x7B, 0xEE, 0x83, 0x2F, 0x8C, 0x90, 0x94, 0x12, 0xA5, 0x94, 0xB5, 0x16, 0xC6, 0x77, 0xCE,
    0x78, 0xD6, 0x77, 0xCE, 0x78, 0xD6, 0x98, 0xD6, 0x98, 0xD6, 0x78, 0xD6, 0x58, 0xD6, 0x78, 0xD6,
    0x57, 0xCE, 0x37, 0xCE, 0x37, 0xCE, 0x37, 0xCE, 0x37, 0xCE, 0x37, 0xCE, 0x16, 0xC6, 0x16, 0xC6,
    0x16, 0xC6, 0x16, 0xCE, 0x16, 0xCE, 0xF6, 0xC5, 0xF6, 0xC5, 0xF6, 0xC5, 0xF6, 0xC5, 0x16, 0xCE,
    0x75, 0xAD, 0x95, 0xAD, 0x99, 0xCE, 0xFB, 0xDE, 0xDA, 0xDE, 0xDA, 0xDE, 0xFB, 0xDE, 0x1B, 0xDF,
    0x1B, 0xDF, 0x1B, 0xDF, 0x1B, 0xDF, 0x1B, 0xDF, 0x1B, 0xDF, 0x1B, 0xDF, 0x1B, 0xDF, 0x1B, 0xDF,
    0x1B, 0xDF, 0x1B, 0xDF, 0x1B, 0xDF, 0x1B, 0xDF, 0x1B, 0xDF, 0x1B, 0xDF, 0x1B, 0xDF, 0x1B, 0xDF,
    0x1B, 0xDF, 0x1B, 0xDF, 0x1B, 0xDF, 0x1B, 0xDF, 0x1B, 0xDF, 0x1B, 0xDF, 0x1B, 0xDF, 0x1B, 0xDF,
    0x1B, 0xDF, 0x1B, 0xDF, 0x1B, 0xDF, 0x1B, 0xDF, 0x1B, 0xDF, 0x1B, 0xDF, 0x1B, 0xDF, 0x1B, 0xDF,
    0x1B, 0xDF, 0x1B, 0xDF, 0xFB, 0xDE, 0xDB, 0xDE, 0xFB, 0xDE, 0xDA, 0xD6, 0xBA, 0xD6, 0x38, 0xC6,
    0xD6, 0xBD, 0x33, 0xA5, 0x70, 0x94, 0x4F, 0x8C, 0xCD, 0x7B, 0x8C, 0x73, 0x6C, 0x73, 0x6C, 0x73,
    0x6C, 0x73, 0x6C, 0x73, 0x4B, 0x6B, 0x4B, 0x6B, 0x0A, 0x63, 0x0A, 0x63, 0xEA, 0x5A, 0xC9, 0x5A,
    0xA9, 0x5A, 0x89, 0x52, 0x88, 0x52, 0x88, 0x52, 0x68, 0x52, 0x68, 0x52, 0x68, 0x52, 0x68, 0x4A,
    0x48, 0x4A, 0x48, 0x4A, 0x68, 0x52, 0x88, 0x52, 0x88, 0x52, 0x88, 0x52, 0x88, 0x52, 0x88, 0x52,
    0xE9, 0x5A, 0x0A, 0x63, 0x4B, 0x6B, 0x8C, 0x73, 0xAD, 0x7B, 0xEE, 0x83, 0x0E, 0x84, 0x0E, 0x84,
    0x0E, 0x84, 0x0E, 0x84, 0x0E, 0x84, 0x0E, 0x84, 0x0E, 0x84, 0x0E, 0x84, 0x0E, 0x84, 0x0E, 0x84,
    0x0E, 0x84, 0x0E, 0x84, 0x0E, 0x84, 0x0E, 0x84, 0x2F, 0x8C, 0x2F, 0x8C, 0x0E, 0x84, 0x0E, 0x84,
    0x0E, 0x84, 0x0E, 0x84, 0xEE, 0x83, 0xEE, 0x7B, 0xED, 0x7B, 0xCD, 0x7B, 0xCD, 0x7B, 0xCD, 0x7B,
    0xCD, 0x7B, 0xED, 0x7B, 0xEE, 0x83, 0xEE, 0x83, 0xCD, 0x7B, 0xCD, 0x7B, 0xAD, 0x7B, 0xAD, 0x7B,
    0xAD, 0x7B, 0xAD, 0x7B, 0xAD, 0x7B, 0xCD, 0x7B, 0xCD, 0x7B, 0x0E, 0x84, 0x0E, 0x84, 0x2F, 0x8C,
    0x2F, 0x8C, 0x2F, 0x8C, 0x2F, 0x8C, 0x2F, 0x8C, 0x2F, 0x8C, 0x2F, 0x8C, 0x2F, 0x8C, 0x2F, 0x8C,
    0x2F, 0x8C, 0x2F, 0x8C, 0x2F, 0x8C, 0x2E, 0x84, 0x0E, 0x84, 0x0E, 0x84, 0x0E, 0x84, 0x0E, 0x84,
    0xEE, 0x83, 0xCD, 0x83, 0xCD, 0x83, 0xCD, 0x7B, 0x6C, 0x73, 0x4B, 0x73, 0x4B, 0x6B, 0x0A, 0x6B,
    0xCA, 0x62, 0xA9, 0x5A, 0x67, 0x52, 0x47, 0x52, 0x27, 0x52, 0x27, 0x4A, 0x06, 0x4A, 0xA5, 0x41,
    0x84, 0x39, 0x63, 0x39, 0x23, 0x31, 0x03, 0x31, 0x03, 0x31, 0xC1, 0x28, 0xC1, 0x28, 0xC1, 0x28,
    0xC1, 0x28, 0xC1, 0x28, 0xC2, 0x28, 0xE2, 0x28, 0x02, 0x31, 0x23, 0x31, 0x64, 0x39, 0x85, 0x41,
    0xC5, 0x49, 0xE6, 0x49, 0xE6, 0x49, 0xE6, 0x49, 0xE6, 0x49, 0xE6, 0x49, 0xC5, 0x49, 0xC5, 0x49,
    0xC5, 0x49, 0xA5, 0x41, 0x85, 0x41, 0x85, 0x41, 0x84, 0x41, 0x84, 0x39, 0x84, 0x39, 0x85, 0x41,
    0x85, 0x41, 0x85, 0x41, 0x85, 0x41, 0xA5, 0x41, 0xA5, 0x41, 0xA5, 0x41, 0xA5, 0x41, 0xC5, 0x49,
    0xC5, 0x49, 0xC5, 0x49, 0x85, 0x41, 0x23, 0x31, 0xC2, 0x28, 0xC2, 0x28, 0xC2, 0x28, 0xC2, 0x28,
    0xC2, 0x28, 0x02, 0x29, 0x64, 0x39, 0x85, 0x41, 0xC5, 0x49, 0x06, 0x4A, 0x47, 0x52, 0x68, 0x5A,
    0xA9, 0x5A, 0xEA, 0x62, 0x4B, 0x6B, 0x6B, 0x73, 0x8C, 0x73, 0x8C, 0x7B, 0x8C, 0x73, 0x8C, 0x73,
    0x8C, 0x73, 0x8C, 0x73, 0x8C, 0x73, 0x8C, 0x73, 0x8C, 0x73, 0x8C, 0x73, 0x8C, 0x73, 0x8C, 0x73,
    0xAC, 0x73, 0xAD, 0x73, 0xAD, 0x7B, 0xCD, 0x7B, 0xED, 0x7B, 0xEE, 0x83, 0xEE, 0x83, 0xEE, 0x7B,
    0xEE, 0x7B, 0xEE, 0x7B, 0xEE, 0x83, 0xEE, 0x83, 0xEE, 0x83, 0xEE, 0x83, 0xEE, 0x83, 0xEE, 0x83,
    0xEE, 0x83, 0xEE, 0x83, 0xEE, 0x83, 0xED, 0x83, 0xCD, 0x7B, 0xAD, 0x7B, 0xAC, 0x73, 0x8C, 0x73,
    0x8C, 0x73, 0xAC, 0x73, 0xAC, 0x73, 0x8C, 0x73, 0x6C, 0x73, 0x6B, 0x6B, 0x2B, 0x63, 0x2B, 0x63,
    0x2B, 0x63, 0x2B, 0x63, 0x2B, 0x6B, 0x2B, 0x6B, 0x2B, 0x6B, 0x2B, 0x6B, 0x4B, 0x6B, 0x6C, 0x73,
    0x6C, 0x73, 0x6C, 0x73, 0xAD, 0x7B, 0xCD, 0x7B, 0xCD, 0x7B, 0xAD, 0x7B, 0xAC, 0x73, 0x8C, 0x73,
    0x6C, 0x73, 0x4B, 0x6B, 0x4B, 0x6B, 0x4B, 0x6B, 0x4B, 0x6B, 0x4B, 0x6B, 0x6C, 0x73, 0x8C, 0x73,
    0xAD, 0x7B, 0xEE, 0x83, 0x4F, 0x8C, 0xD1, 0x9C, 0x53, 0xAD, 0x74, 0xB5, 0xB5, 0xBD, 0xF5, 0xBD,
    0xF6, 0xBD, 0xF6, 0xC5, 0x16, 0xC6, 0x57, 0xCE, 0x57, 0xCE, 0x57, 0xCE, 0x57, 0xCE, 0x57, 0xCE,
    0x37, 0xCE, 0x37, 0xCE, 0x37, 0xCE, 0x16, 0xC6, 0x16, 0xC6, 0x16, 0xC6, 0xF6, 0xC5, 0xF6, 0xC5,
    0x16, 0xC6, 0xF6, 0xC5, 0xF6, 0xC5, 0xF6, 0xC5, 0xF6, 0xC5, 0xF6, 0xC5, 0xF6, 0xC5, 0x16, 0xCE,
    0xD6, 0xBD, 0xF6, 0xBD, 0x79, 0xCE, 0xDA, 0xDE, 0xDA, 0xDE, 0xDA, 0xDE, 0xFB, 0xDE, 0x1B, 0xDF,
    0x1B, 0xDF, 0x1B, 0xDF, 0x1B, 0xDF, 0x1B, 0xDF, 0x1B, 0xDF, 0x1B, 0xDF, 0x1B, 0xDF, 0x1B, 0xDF,
    0x1B, 0xDF, 0x1B, 0xDF, 0x1B, 0xDF, 0x1B, 0xDF, 0x1B, 0xDF, 0x1B, 0xDF, 0x1B, 0xDF, 0x1B, 0xDF,
    0x1B, 0xDF, 0x1B, 0xDF, 0x1B, 0xDF, 0x1B, 0xDF, 0x1B, 0xDF, 0x1B, 0xDF, 0x1B, 0xDF, 0x1B, 0xDF,
    0x1B, 0xDF, 0x1B, 0xDF, 0x1B, 0xDF, 0x1B, 0xDF, 0x1B, 0xDF, 0x1B, 0xDF, 0x1B, 0xDF, 0xFB, 0xDE,
    0xFB, 0xDE, 0xFB, 0xDE, 0xDA, 0xD6, 0xBA, 0xD6, 0xBA, 0xD6, 0x99, 0xCE, 0x99, 0xD6, 0x37, 0xC6,
    0xF6, 0xBD, 0x33, 0xA5, 0x70, 0x94, 0x4F, 0x8C, 0xCE, 0x7B, 0x8C, 0x73, 0x8C, 0x73, 0x8C, 0x73,
    0x6C, 0x73, 0x6B, 0x6B, 0x6B, 0x6B, 0x4B, 0x6B, 0x4B, 0x6B, 0x2A, 0x63, 0x0A, 0x63, 0xEA, 0x5A,
    0xC9, 0x5A, 0xA9, 0x5A, 0xA9, 0x52, 0x89, 0x52, 0x89, 0x52, 0x89, 0x52, 0x89, 0x52, 0x88, 0x52,
    0x68, 0x52, 0x68, 0x52, 0x88, 0x52, 0x88, 0x52, 0x88, 0x52, 0xA9, 0x52, 0xC9, 0x5A, 0xC9, 0x5A,
    0x0A, 0x63, 0x4B, 0x6B, 0x6C, 0x73, 0x8C, 0x73, 0xCD, 0x7B, 0xED, 0x7B, 0xEE, 0x83, 0xEE, 0x83,
    0x0E, 0x84, 0x0E, 0x84, 0x0E, 0x84, 0x0E, 0x84, 0x0E, 0x84, 0x0E, 0x84, 0x0E, 0x84, 0x0E, 0x84,
    0x0E, 0x84, 0x0E, 0x84, 0x0E, 0x84, 0x2E, 0x8C, 0x2F, 0x8C, 0x2F, 0x8C, 0x2E, 0x84, 0x0E, 0x84,
    0x0E, 0x84, 0x0E, 0x84, 0xEE, 0x83, 0xCD, 0x7B, 0xCD, 0x7B, 0xCD, 0x7B, 0xAD, 0x7B, 0xAD, 0x7B,
    0xCD, 0x7B, 0xEE, 0x7B, 0xEE, 0x83, 0xED, 0x7B, 0xCD, 0x7B, 0xAD, 0x7B, 0xAD, 0x7B, 0xAC, 0x73,
    0xAC, 0x73, 0x8C, 0x73, 0xAC, 0x73, 0xAD, 0x7B, 0xCD, 0x7B, 0xEE, 0x83, 0x0E, 0x84, 0x2E, 0x84,
    0x2F, 0x84, 0x2F, 0x84, 0x2F, 0x84, 0x2F, 0x8C, 0x2F, 0x8C, 0x2F, 0x8C, 0x2F, 0x8C, 0x2F, 0x8C,
    0x2F, 0x8C, 0x2F, 0x8C, 0x2F, 0x8C, 0x2F, 0x84, 0x0E, 0x84, 0x0E, 0x84, 0x0E, 0x84, 0x0E, 0x84,
    0x0E, 0x84, 0xCD, 0x83, 0xCD, 0x7B, 0xCD, 0x7B, 0x8C, 0x73, 0x6C, 0x73, 0x6C, 0x73, 0x4B, 0x73,
    0x2B, 0x6B, 0xEA, 0x62, 0xA9, 0x5A, 0x88, 0x52, 0x47, 0x52, 0x27, 0x52, 0x06, 0x4A, 0xE6, 0x41,
    0xA5, 0x41, 0x84, 0x39, 0x44, 0x39, 0x23, 0x31, 0x23, 0x31, 0x02, 0x29, 0xE2, 0x28, 0xE2, 0x28,
    0xC2, 0x28, 0xC2, 0x28, 0xC2, 0x28, 0xC2, 0x28, 0xC2, 0x28, 0xE2, 0x28, 0x23, 0x31, 0x64, 0x39,
    0xA5, 0x41, 0xE6, 0x49, 0xE6, 0x49, 0xE6, 0x49, 0xE6, 0x49, 0xE6, 0x49, 0xC5, 0x49, 0xC5, 0x49,
    0xC5, 0x49, 0xA5, 0x41, 0x85, 0x41, 0x84, 0x41, 0x84, 0x41, 0x64, 0x39, 0x64, 0x39, 0x64, 0x39,
    0x84, 0x39, 0x85, 0x41, 0x85, 0x41, 0x85, 0x41, 0x85, 0x41, 0xA5, 0x41, 0xA5, 0x41, 0xA5, 0x41,
    0xA5, 0x41, 0xA5, 0x41, 0x03, 0x31, 0xC2, 0x28, 0xC2, 0x28, 0xA1, 0x28, 0xC2, 0x28, 0xE2, 0x28,
    0x02, 0x29, 0x23, 0x31, 0x84, 0x39, 0xA5, 0x41, 0xE6, 0x49, 0x47, 0x52, 0x68, 0x52, 0xA8, 0x5A,
    0xC9, 0x62, 0x0A, 0x63, 0x4B, 0x6B, 0x6B, 0x73, 0x8C, 0x73, 0xAC, 0x7B, 0x8C, 0x7B, 0x8C, 0x73,
    0x8C, 0x73, 0x8C, 0x73, 0x6C, 0x73, 0x6C, 0x73, 0x6C, 0x73, 0x6C, 0x73, 0x6C, 0x6B, 0x6C, 0x6B,
    0x6C, 0x73, 0x6C, 0x73, 0x8C, 0x73, 0x8C, 0x73, 0xAD, 0x73, 0xCD, 0x7B, 0xED, 0x7B, 0xAD, 0x7B,
    0xAD, 0x7B, 0xAD, 0x7B, 0xCD, 0x7B, 0xCD, 0x7B, 0xCD, 0x7B, 0xCD, 0x7B, 0xCD, 0x7B, 0xCD, 0x7B,
    0xCD, 0x7B, 0xCD, 0x7B, 0xCD, 0x7B, 0xCD, 0x7B, 0xCD, 0x7B, 0xAD, 0x7B, 0x8C, 0x73, 0x8C, 0x73,
    0x8C, 0x73, 0x8C, 0x73, 0x6C, 0x73, 0x6C, 0x73, 0x4B, 0x6B, 0x2A, 0x63, 0xEA, 0x62, 0x0A, 0x63,
    0x0A, 0x63, 0x0A, 0x63, 0x0A, 0x63, 0x0A, 0x63, 0x2B, 0x6B, 0x2B, 0x63, 0x4B, 0x6B, 0x6B, 0x6B,
    0x6C, 0x73, 0x8C, 0x73, 0xAD, 0x73, 0xCD, 0x7B, 0xAD, 0x7B, 0xAC, 0x73, 0xAC, 0x73, 0x8C, 0x73,
    0x8C, 0x73, 0x6C, 0x6B, 0x4B, 0x6B, 0x4B, 0x6B, 0x2B, 0x6B, 0x2B, 0x6B, 0x6C, 0x6B, 0xAD, 0x7B,
    0xCD, 0x7B, 0x0E, 0x84, 0x90, 0x94, 0xD1, 0x9C, 0x53, 0xAD, 0x16, 0xC6, 0x16, 0xC6, 0xD5, 0xBD,
    0xD5, 0xBD, 0xB4, 0xB5, 0x94, 0xB5, 0xB5, 0xBD, 0xD5, 0xBD, 0xF6, 0xC5, 0xF6, 0xC5, 0xF6, 0xC5,
    0xD5, 0xC5, 0xD5, 0xBD, 0xD5, 0xBD, 0xF6, 0xC5, 0xF6, 0xC5, 0x16, 0xC6, 0xF6, 0xC5, 0xF6, 0xC5,
    0xF6, 0xC5, 0xF6, 0xC5, 0xF6, 0xC5, 0xF6, 0xC5, 0xF6, 0xC5, 0xF6, 0xC5, 0xF6, 0xC5, 0xF6, 0xC5,
    0x99, 0xD6, 0xDA, 0xDE, 0xFA, 0xDE, 0xFA, 0xDE, 0xFA, 0xDE, 0xFB, 0xDE, 0xFB, 0xDE, 0x1B, 0xDF,
    0x1B, 0xDF, 0x1B, 0xDF, 0x1B, 0xDF, 0x1B, 0xDF, 0x1B, 0xDF, 0x1B, 0xDF, 0x1B, 0xDF, 0x1B, 0xDF,
    0x1B, 0xDF, 0x1B, 0xDF, 0x1B, 0xDF, 0x1B, 0xDF, 0x1B, 0xDF, 0x1B, 0xDF, 0x1B, 0xDF, 0x1B, 0xDF,
    0x1B, 0xDF, 0x1B, 0xDF, 0x1B, 0xDF, 0x1B, 0xDF, 0x1B, 0xDF, 0x1B, 0xDF, 0x1B, 0xDF, 0x1B, 0xDF,
    0x1B, 0xDF, 0x1B, 0xDF, 0x1B, 0xDF, 0x1B, 0xDF, 0x1B, 0xDF, 0xFB, 0xDE, 0xDA, 0xD6, 0xBA, 0xD6,
    0x9A, 0xD6, 0x9A, 0xD6, 0xBA, 0xD6, 0x99, 0xCE, 0x78, 0xCE, 0x37, 0xC6, 0x37, 0xC6, 0xD6, 0xBD,
    0xB5, 0xB5, 0x33, 0xA5, 0x91, 0x94, 0x2F, 0x84, 0xCE, 0x7B, 0x8C, 0x73, 0x6C, 0x73, 0x6C, 0x73,
    0x6C, 0x73, 0x4B, 0x6B, 0x4B, 0x6B, 0x4B, 0x6B, 0x4B, 0x6B, 0x4B, 0x63, 0x2B, 0x63, 0x0A, 0x63,
    0xEA, 0x62, 0xCA, 0x5A, 0xC9, 0x5A, 0xA9, 0x5A, 0xA9, 0x52, 0xA9, 0x52, 0xA9, 0x52, 0x89, 0x52,
    0x88, 0x52, 0x68, 0x52, 0x88, 0x52, 0x88, 0x52, 0xA8, 0x52, 0xA9, 0x5A, 0xEA, 0x62, 0x0A, 0x63,
    0x2B, 0x6B, 0x6C, 0x73, 0x8C, 0x73, 0x8C, 0x73, 0xCD, 0x7B, 0xCD, 0x7B, 0xEE, 0x83, 0xEE, 0x83,
    0xEE, 0x83, 0x0E, 0x84, 0x0E, 0x84, 0x0E, 0x84, 0x0E, 0x84, 0x0E, 0x84, 0x0E, 0x84, 0x2E, 0x84,
    0x2E, 0x84, 0x2E, 0x84, 0x2F, 0x8C, 0x2F, 0x8C, 0x2F, 0x8C, 0x2F, 0x8C, 0x2E, 0x84, 0x0E, 0x84,
    0x0E, 0x84, 0x0E, 0x84, 0xEE, 0x83, 0xCD, 0x7B, 0xAD, 0x7B, 0xAD, 0x7B, 0xAD, 0x7B, 0xCD, 0x7B,
    0xEE, 0x7B, 0xEE, 0x83, 0xEE, 0x83, 0xCD, 0x7B, 0xCD, 0x7B, 0xAD, 0x7B, 0xAD, 0x7B, 0xAC, 0x73,
    0xAC, 0x73, 0x8C, 0x73, 0xAC, 0x73, 0xAD, 0x7B, 0xCD, 0x7B, 0x0E, 0x84, 0x0E, 0x84, 0x0E, 0x84,
    0x2E, 0x84, 0x2E, 0x84, 0x2E, 0x84, 0x2F, 0x8C, 0x2F, 0x8C, 0x2F, 0x8C, 0x2F, 0x8C, 0x2F, 0x8C,
    0x2F, 0x8C, 0x2F, 0x8C, 0x2F, 0x8C, 0x2F, 0x84, 0x2E, 0x84, 0x0E, 0x84, 0x0E, 0x84, 0x0E, 0x84,
    0x0E, 0x84, 0xEE, 0x83, 0xCD, 0x7B, 0xCD, 0x7B, 0x8C, 0x73, 0x6C, 0x73, 0x6C, 0x73, 0x6C, 0x73,
    0x6C, 0x73, 0x6B, 0x73, 0x2A, 0x6B, 0xEA, 0x62, 0xA9, 0x5A, 0x88, 0x5A, 0x47, 0x52, 0x27, 0x4A,
    0xE6, 0x41, 0xA5, 0x41, 0x84, 0x41, 0x64, 0x39, 0x43, 0x31, 0x23, 0x31, 0x03, 0x31, 0xE2, 0x28,
    0xC2, 0x28, 0xC2, 0x28, 0xC2, 0x28, 0xC2, 0x28, 0xC2, 0x28, 0xC2, 0x28, 0xE2, 0x30, 0x23, 0x39,
    0x85, 0x41, 0xE6, 0x49, 0xE6, 0x51, 0x06, 0x52, 0xE6, 0x49, 0xE6, 0x49, 0xE6, 0x49, 0xC5, 0x49,
    0xC5, 0x49, 0xA5, 0x41, 0x85, 0x41, 0x84, 0x41, 0x64, 0x39, 0x64, 0x39, 0x64, 0x39, 0x64, 0x39,
    0x64, 0x39, 0x84, 0x39, 0x84, 0x39, 0x85, 0x41, 0x85, 0x41, 0xA5, 0x41, 0xA5, 0x41, 0xA5, 0x41,
    0x85, 0x41, 0x64, 0x39, 0xE2, 0x30, 0xC2, 0x28, 0xC2, 0x28, 0xA1, 0x28, 0xE2, 0x28, 0x03, 0x31,
    0x23, 0x31, 0x23, 0x31, 0x85, 0x39, 0xC6, 0x41, 0x07, 0x4A, 0x47, 0x52, 0x68, 0x5A, 0xA9, 0x62,
    0xC9, 0x62, 0x0A, 0x63, 0x4B, 0x6B, 0x6B, 0x73, 0x6C, 0x73, 0x8C, 0x73, 0x8C, 0x73, 0x8C, 0x73,
    0x8C, 0x73, 0x8C, 0x73, 0x6C, 0x73, 0x4B, 0x6B, 0x6B, 0x6B, 0x6C, 0x6B, 0x4B, 0x6B, 0x4B, 0x6B,
    0x4B, 0x6B, 0x4B, 0x6B, 0x4B, 0x6B, 0x4B, 0x6B, 0x4B, 0x6B, 0x8C, 0x73, 0xAD, 0x73, 0x8C, 0x73,
    0x8C, 0x73, 0x8C, 0x73, 0xAD, 0x73, 0xAD, 0x73, 0xAD, 0x73, 0xAD, 0x7B, 0xAD, 0x7B, 0xAD, 0x7B,
    0xAD, 0x7B, 0xAD, 0x7B, 0xAD, 0x73, 0xAD, 0x73, 0xAD, 0x7B, 0x8D, 0x73, 0x6C, 0x73, 0x6C, 0x73,
    0x6B, 0x6B, 0x4B, 0x6B, 0x2B, 0x6B, 0x4B, 0x6B, 0x0A, 0x63, 0xE9, 0x5A, 0xC9, 0x5A, 0xEA, 0x5A,
    0xEA, 0x5A, 0xEA, 0x5A, 0xEA, 0x5A, 0x0A, 0x63, 0x2B, 0x6B, 0x2B, 0x6B, 0x2B, 0x6B, 0x4B, 0x6B,
    0x6C, 0x73, 0x8C, 0x73, 0xAD, 0x73, 0xAD, 0x7B, 0xAD, 0x7B, 0xAC, 0x73, 0xAC, 0x73, 0x8C, 0x73,
    0x8C, 0x73, 0x8C, 0x73, 0x4B, 0x6B, 0x4B, 0x6B, 0x4B, 0x6B, 0x4B, 0x6B, 0x8C, 0x73, 0xCD, 0x7B,
    0xEE, 0x83, 0x2E, 0x8C, 0xB1, 0x9C, 0xD1, 0x9C, 0x53, 0xAD, 0x16, 0xC6, 0x36, 0xC6, 0x16, 0xC6,
    0x16, 0xC6, 0xD5, 0xBD, 0xB5, 0xB5, 0xB5, 0xBD, 0xF6, 0xC5, 0x16, 0xC6, 0xF6, 0xC5, 0xD5, 0xBD,
    0x94, 0xB5, 0x53, 0xAD, 0x53, 0xAD, 0x74, 0xB5, 0xB5, 0xBD, 0xF6, 0xC5, 0xF6, 0xC5, 0xF6, 0xC5,
    0xF6, 0xC5, 0xF6, 0xC5, 0xF6, 0xC5, 0xF6, 0xC5, 0xF6, 0xC5, 0xF6, 0xC5, 0xF6, 0xC5, 0xF6, 0xC5,
    0xDA, 0xDE, 0xFB, 0xDE, 0xFA, 0xDE, 0xFA, 0xDE, 0xDA, 0xDE, 0xDB, 0xDE, 0xFB, 0xDE, 0x1B, 0xDF,
    0x1B, 0xDF, 0x1B, 0xDF, 0x1B, 0xDF, 0x1B, 0xDF, 0x1B, 0xDF, 0x1B, 0xDF, 0x1B, 0xDF, 0x1B, 0xDF,
    0x1B, 0xDF, 0x1B, 0xDF, 0x1B, 0xDF, 0x1B, 0xDF, 0x1B, 0xDF, 0x1B, 0xDF, 0x1B, 0xDF, 0x1B, 0xDF,
    0x1B, 0xDF, 0x1B, 0xDF, 0x1B, 0xDF, 0x1B, 0xDF, 0x1B, 0xDF, 0x1B, 0xDF, 0x1B, 0xDF, 0x1B, 0xDF,
    0x1B, 0xDF, 0x1B, 0xDF, 0x1B, 0xDF, 0x1B, 0xDF, 0x1B, 0xDF, 0xFB, 0xDE, 0xFB, 0xD6, 0xBA, 0xD6,
    0x79, 0xCE, 0x79, 0xCE, 0x79, 0xCE, 0x38, 0xC6, 0x37, 0xC6, 0xD6, 0xB5, 0xB6, 0xB5, 0x74, 0xAD,
    0x54, 0xAD, 0x13, 0xA5, 0xB1, 0x94, 0x4F, 0x8C, 0xEE, 0x7B, 0x8C, 0x73, 0x4C, 0x6B, 0x4B, 0x6B,
    0x4B, 0x6B, 0x4B, 0x6B, 0x4B, 0x6B, 0x4B, 0x6B, 0x4B, 0x6B, 0x4B, 0x6B, 0x4B, 0x6B, 0x2B, 0x6B,
    0x0B, 0x63, 0x0A, 0x63, 0xEA, 0x5A, 0xC9, 0x5A, 0xC9, 0x5A, 0xC9, 0x5A, 0xC9, 0x5A, 0xA9, 0x5A,
    0xA9, 0x52, 0xA9, 0x52, 0xC9, 0x5A, 0xC9, 0x5A, 0xC9, 0x5A, 0xE9, 0x5A, 0x0A, 0x63, 0x2A, 0x63,
    0x4B, 0x6B, 0xAC, 0x73, 0x8C, 0x73, 0x8C, 0x73, 0xCD, 0x7B, 0xCD, 0x7B, 0xEE, 0x83, 0xEE, 0x83,
    0xEE, 0x83, 0xEE, 0x83, 0x0E, 0x84, 0x2F, 0x8C, 0x2F, 0x8C, 0x2F, 0x8C, 0x2F, 0x8C, 0x4F, 0x8C,
    0x4F, 0x8C, 0x4F, 0x8C, 0x4F, 0x8C, 0x2F, 0x8C, 0x4F, 0x8C, 0x2F, 0x8C, 0x2F, 0x8C, 0x2E, 0x84,
    0x0E, 0x84, 0x0E, 0x84, 0xEE, 0x83, 0xCD, 0x7B, 0xCD, 0x7B, 0xCD, 0x7B, 0xCD, 0x7B, 0xEE, 0x7B,
    0x0E, 0x84, 0x0E, 0x84, 0xEE, 0x83, 0xCD, 0x7B, 0xCD, 0x7B, 0xAD, 0x7B, 0xAD, 0x7B, 0xAC, 0x73,
    0xAC, 0x73, 0x8C, 0x73, 0xAC, 0x73, 0xCD, 0x7B, 0xEE, 0x83, 0x0E, 0x84, 0x0E, 0x84, 0x0E, 0x84,
    0x2E, 0x84, 0x2E, 0x84, 0x2E, 0x84, 0x2F, 0x8C, 0x2F, 0x8C, 0x2F, 0x8C, 0x2E, 0x84, 0x2E, 0x84,
    0x2F, 0x8C, 0x2F, 0x8C, 0x2F, 0x8C, 0x2F, 0x84, 0x2E, 0x84, 0x2E, 0x84, 0x0E, 0x84, 0x0E, 0x84,
    0x0E, 0x84, 0xEE, 0x83, 0xEE, 0x83, 0xCD, 0x7B, 0x8C, 0x7B, 0x8C, 0x73, 0x6C, 0x73, 0x6C, 0x73,
    0x6C, 0x73, 0x6C, 0x73, 0x2A, 0x6B, 0xEA, 0x62, 0xC9, 0x62, 0xA9, 0x62, 0xA9, 0x62, 0x68, 0x5A,
    0x26, 0x4A, 0xE5, 0x41, 0xC5, 0x49, 0xC5, 0x41, 0x84, 0x41, 0x44, 0x39, 0x23, 0x31, 0x03, 0x31,
    0xE2, 0x28, 0xC2, 0x28, 0xC2, 0x28, 0xC2, 0x28, 0xC2, 0x28, 0xC1, 0x28, 0xC1, 0x28, 0xE2, 0x28,
    0x44, 0x39, 0xC5, 0x49, 0x27, 0x52, 0x27, 0x52, 0x06, 0x52, 0x06, 0x52, 0xE6, 0x49, 0xC5, 0x49,
    0xC5, 0x49, 0xA5, 0x41, 0x85, 0x41, 0x84, 0x41, 0x64, 0x39, 0x64, 0x39, 0x64, 0x39, 0x64, 0x39,
    0x64, 0x39, 0x84, 0x39, 0x84, 0x39, 0x84, 0x39, 0x85, 0x39, 0x85, 0x41, 0xA5, 0x41, 0xA5, 0x41,
    0x84, 0x41, 0x64, 0x39, 0x03, 0x31, 0xC2, 0x28, 0xC2, 0x28, 0xE2, 0x28, 0x03, 0x31, 0x23, 0x31,
    0x23, 0x31, 0x23, 0x31, 0x85, 0x41, 0xC6, 0x49, 0x07, 0x4A, 0x48, 0x52, 0x88, 0x5A, 0xA9, 0x62,
    0xC9, 0x62, 0x0A, 0x63, 0x4B, 0x6B, 0x6B, 0x73, 0x6B, 0x73, 0x8C, 0x73, 0x8C, 0x73, 0x8C, 0x73,
    0x8C, 0x73, 0x8C, 0x73, 0x6C, 0x73, 0x4B, 0x6B, 0x6B, 0x6B, 0x6B, 0x6B, 0x4B, 0x6B, 0x4B, 0x6B,
    0x4B, 0x6B, 0x4B, 0x6B, 0x2B, 0x6B, 0x2B, 0x63, 0x2B, 0x6B, 0x4B, 0x6B, 0x6B, 0x6B, 0x6C, 0x73,
    0x6C, 0x73, 0x6C, 0x73, 0x6C, 0x73, 0x6C, 0x73, 0x6C, 0x73, 0x8C, 0x73, 0x8C, 0x73, 0x8C, 0x73,
    0x8C, 0x73, 0x8C, 0x73, 0x6C, 0x73, 0x6C, 0x6B, 0x6C, 0x73, 0x6C, 0x6B, 0x4B, 0x6B, 0x4B, 0x6B,
    0x4B, 0x6B, 0x2B, 0x6B, 0x2B, 0x6B, 0x4B, 0x6B, 0x0A, 0x63, 0xE9, 0x5A, 0xE9, 0x5A, 0xEA, 0x5A,
    0xEA, 0x5A, 0xE9, 0x5A, 0xE9, 0x5A, 0x0A, 0x63, 0x2B, 0x6B, 0x2B, 0x6B, 0x2B, 0x6B, 0x4B, 0x6B,
    0x8C, 0x73, 0x8C, 0x73, 0xAD, 0x73, 0xAD, 0x7B, 0xAD, 0x7B, 0xAC, 0x73, 0xAC, 0x73, 0x8C, 0x73,
    0x8C, 0x73, 0x6C, 0x73, 0x6C, 0x73, 0x6C, 0x73, 0x6B, 0x6B, 0x6C, 0x73, 0xCD, 0x7B, 0xEE, 0x7B,
    0xEE, 0x83, 0x2E, 0x84, 0xB1, 0x94, 0x32, 0xA5, 0x74, 0xB5, 0xD5, 0xBD, 0x16, 0xC6, 0x37, 0xCE,
    0x37, 0xCE, 0x37, 0xCE, 0x37, 0xCE, 0x37, 0xCE, 0x78, 0xD6, 0x78, 0xD6, 0x37, 0xCE, 0x16, 0xC6,
    0x16, 0xC6, 0x16, 0xC6, 0xD5, 0xBD, 0x94, 0xB5, 0x74, 0xB5, 0x74, 0xB5, 0x94, 0xB5, 0x94, 0xB5,
    0x94, 0xBD, 0xB5, 0xBD, 0xF6, 0xC5, 0xF6, 0xC5, 0x16, 0xCE, 0x16, 0xCE, 0x16, 0xCE, 0xF6, 0xC5,
    0xDA, 0xDE, 0xDA, 0xDE, 0xDA, 0xDE, 0xDA, 0xDE, 0xDA, 0xDE, 0xFB, 0xDE, 0xFB, 0xDE, 0xFB, 0xDE,
    0x1B, 0xDF, 0x1B, 0xDF, 0x1B, 0xDF, 0x1B, 0xDF, 0x1B, 0xDF, 0x1B, 0xDF, 0x1B, 0xDF, 0x1B, 0xDF,
    0x1B, 0xDF, 0x1B, 0xDF, 0x1B, 0xDF, 0x1B, 0xDF, 0x1B, 0xDF, 0x1B, 0xDF, 0x1B, 0xDF, 0x1B, 0xDF,
    0x1B, 0xDF, 0x1B, 0xDF, 0x1B, 0xDF, 0x1B, 0xDF, 0x1B, 0xDF, 0x1B, 0xDF, 0x1B, 0xDF, 0x1B, 0xDF,
    0x1B, 0xDF, 0x1B, 0xDF, 0x1B, 0xDF, 0x1B, 0xDF, 0x1B, 0xDF, 0x1B, 0xDF, 0xFB, 0xDE, 0xFB, 0xDE,
    0xDA, 0xD6, 0xBA, 0xD6, 0x99, 0xD6, 0x79, 0xCE, 0x37, 0xC6, 0xD6, 0xBD, 0x95, 0xAD, 0x13, 0xA5,
    0xD2, 0x9C, 0x90, 0x94, 0x2F, 0x84, 0xEE, 0x7B, 0x8C, 0x73, 0x4B, 0x6B, 0x2B, 0x6B, 0x2B, 0x6B,
    0x2B, 0x6B, 0x4B, 0x6B, 0x4B, 0x6B, 0x4B, 0x6B, 0x4B, 0x6B, 0x4B, 0x6B, 0x4B, 0x6B, 0x4B, 0x6B,
    0x4B, 0x6B, 0x2B, 0x63, 0x0B, 0x63, 0x0A, 0x63, 0x0A, 0x63, 0x0A, 0x63, 0x0A, 0x63, 0x0A, 0x63,
    0xEA, 0x62, 0xCA, 0x5A, 0xEA, 0x62, 0xEA, 0x62, 0xEA, 0x62, 0x2A, 0x63, 0x2B, 0x63, 0x2B, 0x6B,
    0x4B, 0x6B, 0x8C, 0x73, 0x8C, 0x73, 0x8C, 0x73, 0xCD, 0x7B, 0xCD, 0x7B, 0xEE, 0x83, 0x0E, 0x84,
    0x0E, 0x84, 0x0E, 0x84, 0x2F, 0x8C, 0x4F, 0x8C, 0x4F, 0x8C, 0x4F, 0x8C, 0x6F, 0x8C, 0x70, 0x8C,
    0x70, 0x8C, 0x4F, 0x8C, 0x4F, 0x8C, 0x4F, 0x8C, 0x4F, 0x8C, 0x4F, 0x8C, 0x2F, 0x8C, 0x2E, 0x84,
    0x2E, 0x84, 0x0E, 0x84, 0xEE, 0x83, 0xEE, 0x83, 0xEE, 0x83, 0xEE, 0x83, 0xEE, 0x83, 0xEE, 0x83,
    0xEE, 0x83, 0xEE, 0x83, 0xEE, 0x83, 0xCD, 0x7B, 0xAD, 0x7B, 0xAC, 0x73, 0x8C, 0x73, 0x8C, 0x73,
    0xAD, 0x73, 0xCD, 0x7B, 0xCD, 0x7B, 0xEE, 0x83, 0x0E, 0x84, 0x0E, 0x84, 0x0E, 0x84, 0x0E, 0x84,
    0x0E, 0x84, 0x0E, 0x84, 0x0E, 0x84, 0x2F, 0x84, 0x2F, 0x84, 0x2E, 0x84, 0x2E, 0x84, 0x2E, 0x84,
    0x2F, 0x8C, 0x2F, 0x8C, 0x2F, 0x8C, 0x2F, 0x8C, 0x2F, 0x8C, 0x2E, 0x84, 0x0E, 0x84, 0x0E, 0x84,
    0x0E, 0x84, 0x0E, 0x84, 0xEE, 0x83, 0xCD, 0x7B, 0xAD, 0x7B, 0x8C, 0x73, 0x8C, 0x73, 0x8C, 0x73,
    0x8C, 0x73, 0x6C, 0x73, 0x4B, 0x6B, 0x0A, 0x63, 0xEA, 0x62, 0xCA, 0x62, 0xCA, 0x62, 0xA9, 0x62,
    0x68, 0x52, 0x07, 0x4A, 0xE6, 0x49, 0xE6, 0x49, 0xA5, 0x41, 0x85, 0x39, 0x64, 0x39, 0x44, 0x39,
    0x23, 0x31, 0x03, 0x31, 0xE2, 0x30, 0xE2, 0x28, 0xE2, 0x28, 0xC2, 0x28, 0xC2, 0x28, 0xC2, 0x28,
    0x23, 0x31, 0xC5, 0x49, 0x07, 0x52, 0x27, 0x52, 0x07, 0x52, 0x06, 0x52, 0xE6, 0x49, 0xC6, 0x49,
    0xC5, 0x49, 0xA5, 0x41, 0xA5, 0x41, 0x84, 0x41, 0x64, 0x39, 0x64, 0x39, 0x64, 0x39, 0x84, 0x39,
    0x64, 0x39, 0x64, 0x39, 0x64, 0x39, 0x84, 0x39, 0x84, 0x39, 0x84, 0x39, 0x84, 0x39, 0x85, 0x41,
    0x64, 0x39, 0x44, 0x39, 0x03, 0x31, 0x02, 0x29, 0x03, 0x31, 0x03, 0x31, 0x03, 0x31, 0x23, 0x31,
    0x23, 0x31, 0x44, 0x39, 0xA5, 0x41, 0xC6, 0x41, 0x07, 0x52, 0x68, 0x52, 0x88, 0x5A, 0xC9, 0x62,
    0xC9, 0x5A, 0xEA, 0x62, 0x4B, 0x6B, 0x4B, 0x6B, 0x4B, 0x6B, 0x6C, 0x73, 0x8C, 0x73, 0x8C, 0x73,
    0x8C, 0x73, 0x8C, 0x73, 0x6C, 0x6B, 0x6B, 0x6B, 0x6C, 0x6B, 0x4B, 0x6B, 0x2B, 0x6B, 0x2B, 0x6B,
    0x2B, 0x63, 0x2A, 0x63, 0x0A, 0x63, 0x2A, 0x63, 0x0B, 0x63, 0x2B, 0x63, 0x2B, 0x6B, 0x4B, 0x6B,
    0x4B, 0x6B, 0x4B, 0x6B, 0x4C, 0x6B, 0x4C, 0x6B, 0x4C, 0x6B, 0x4C, 0x6B, 0x6C, 0x6B, 0x6C, 0x6B,
    0x6C, 0x6B, 0x6C, 0x6B, 0x4C, 0x6B, 0x2B, 0x6B, 0x2B, 0x6B, 0x2B, 0x63, 0x2B, 0x63, 0x2B, 0x63,
    0x0A, 0x63, 0x0B, 0x63, 0x0B, 0x63, 0x0A, 0x63, 0x0A, 0x63, 0xEA, 0x62, 0xEA, 0x5A, 0xEA, 0x5A,
    0xEA, 0x62, 0x0A, 0x63, 0x2B, 0x63, 0x2B, 0x6B, 0x2B, 0x6B, 0x2B, 0x6B, 0x2B, 0x6B, 0x4B, 0x6B,
    0x8C, 0x73, 0xAC, 0x73, 0xAD, 0x7B, 0xAD, 0x7B, 0xAD, 0x7B, 0x8C, 0x73, 0x8C, 0x73, 0x8C, 0x73,
    0x8C, 0x73, 0x8C, 0x73, 0x6C, 0x73, 0x6C, 0x73, 0x6C, 0x73, 0x6C, 0x73, 0xAD, 0x7B, 0xED, 0x7B,
    0x0E, 0x84, 0x4F, 0x8C, 0xF1, 0x9C, 0x74, 0xAD, 0xB5, 0xBD, 0xF6, 0xC5, 0x37, 0xCE, 0x57, 0xCE,
    0x57, 0xCE, 0x57, 0xCE, 0x57, 0xCE, 0x78, 0xD6, 0x78, 0xD6, 0x78, 0xD6, 0x57, 0xD6, 0x57, 0xCE,
    0x57, 0xCE, 0x57, 0xCE, 0x37, 0xCE, 0x16, 0xC6, 0xF6, 0xC5, 0xD5, 0xBD, 0xD5, 0xBD, 0xB5, 0xBD,
    0xB5, 0xBD, 0xB5, 0xBD, 0xB5, 0xBD, 0xD5, 0xBD, 0xD5, 0xC5, 0xD5, 0xC5, 0xD5, 0xC5, 0xF6, 0xC5,
    0xDA, 0xDE, 0xDA, 0xDE, 0xDA, 0xD6, 0xDA, 0xD6, 0xDA, 0xDE, 0xFB, 0xDE, 0xFB, 0xDE, 0xFB, 0xDE,
    0xFB, 0xDE, 0xFB, 0xDE, 0xFB, 0xDE, 0xFB, 0xDE, 0x1B, 0xDF, 0x1B, 0xDF, 0x1B, 0xDF, 0x1B, 0xDF,
    0x1B, 0xDF, 0x1B, 0xDF, 0x1B, 0xDF, 0x1B, 0xDF, 0x1B, 0xDF, 0x1B, 0xDF, 0x1B, 0xDF, 0x1B, 0xDF,
    0x1B, 0xDF, 0x1B, 0xDF, 0x1B, 0xDF, 0x1B, 0xDF, 0x1B, 0xDF, 0x1B, 0xDF, 0x1B, 0xDF, 0x1B, 0xDF,
    0x1B, 0xDF, 0x1B, 0xDF, 0x1B, 0xDF, 0x1B, 0xDF, 0xFB, 0xDE, 0xFB, 0xDE, 0xDA, 0xD6, 0xDA, 0xD6,
    0xBA, 0xD6, 0x99, 0xCE, 0x79, 0xCE, 0x58, 0xC6, 0x17, 0xC6, 0xF6, 0xBD, 0x74, 0xAD, 0xF2, 0x9C,
    0x90, 0x94, 0x2F, 0x84, 0xCD, 0x7B, 0x6C, 0x73, 0x2B, 0x6B, 0x2A, 0x63, 0x0A, 0x6B, 0x2B, 0x63,
    0x2B, 0x6B, 0x2B, 0x6B, 0x4B, 0x6B, 0x4B, 0x6B, 0x4B, 0x6B, 0x6B, 0x6B, 0x6C, 0x6B, 0x6C, 0x6B,
    0x6C, 0x6B, 0x4C, 0x6B, 0x4B, 0x6B, 0x4C, 0x6B, 0x4C, 0x6B, 0x4C, 0x6B, 0x4C, 0x6B, 0x4C, 0x6B,
    0x4B, 0x6B, 0x2B, 0x6B, 0x2B, 0x6B, 0x2B, 0x6B, 0x2B, 0x6B, 0x4B, 0x6B, 0x4B, 0x6B, 0x4B, 0x6B,
    0x6C, 0x6B, 0x8C, 0x73, 0x8C, 0x73, 0x8C, 0x73, 0xCD, 0x7B, 0xCD, 0x7B, 0xEE, 0x83, 0x0E, 0x84,
    0x0E, 0x84, 0x2F, 0x8C, 0x4F, 0x8C, 0x6F, 0x8C, 0x6F, 0x8C, 0x70, 0x8C, 0x70, 0x94, 0x70, 0x94,
    0x70, 0x94, 0x70, 0x8C, 0x4F, 0x8C, 0x4F, 0x8C, 0x4F, 0x8C, 0x4F, 0x8C, 0x2F, 0x8C, 0x2E, 0x84,
    0x2E, 0x84, 0x0E, 0x84, 0xEE, 0x83, 0x0E, 0x84, 0xEE, 0x83, 0xEE, 0x83, 0xEE, 0x83, 0x0E, 0x84,
    0xEE, 0x83, 0xEE, 0x83, 0xEE, 0x83, 0xCD, 0x7B, 0xAD, 0x7B, 0x8C, 0x73, 0x8C, 0x73, 0xAD, 0x73,
    0xCD, 0x7B, 0xED, 0x7B, 0x0E, 0x84, 0x0E, 0x84, 0x2F, 0x8C, 0x0E, 0x84, 0x0E, 0x84, 0x0E, 0x84,
    0x0E, 0x84, 0x0E, 0x84, 0x0E, 0x84, 0x2E, 0x84, 0x2E, 0x84, 0x2E, 0x84, 0x2E, 0x84, 0x2E, 0x84,
    0x2F, 0x8C, 0x2F, 0x8C, 0x2F, 0x8C, 0x2F, 0x8C, 0x2F, 0x8C, 0x2E, 0x84, 0x0E, 0x84, 0x0E, 0x84,
    0x0E, 0x84, 0x0E, 0x84, 0xEE, 0x83, 0xCD, 0x7B, 0xAD, 0x7B, 0xAC, 0x73, 0x8C, 0x73, 0x8C, 0x73,
    0x8C, 0x73, 0x8C, 0x73, 0x6C, 0x73, 0x2B, 0x6B, 0x0A, 0x63, 0xEA, 0x62, 0xEA, 0x62, 0xCA, 0x62,
    0x89, 0x5A, 0x47, 0x52, 0x06, 0x4A, 0xE6, 0x49, 0xC6, 0x41, 0xA5, 0x41, 0xA5, 0x41, 0x84, 0x39,
    0x44, 0x39, 0x23, 0x39, 0x03, 0x31, 0x03, 0x31, 0xE2, 0x30, 0xE2, 0x28, 0xE2, 0x28, 0xC2, 0x28,
    0x23, 0x31, 0xA5, 0x49, 0x07, 0x52, 0x07, 0x52, 0x06, 0x52, 0x06, 0x52, 0xE6, 0x49, 0xC6, 0x49,
    0xC5, 0x49, 0xA5, 0x41, 0xA5, 0x41, 0x84, 0x41, 0x64, 0x39, 0x64, 0x39, 0x64, 0x39, 0x64, 0x39,
    0x64, 0x39, 0x64, 0x39, 0x64, 0x39, 0x84, 0x39, 0x84, 0x39, 0x84, 0x39, 0x84, 0x39, 0x84, 0x39,
    0x64, 0x39, 0x44, 0x39, 0x03, 0x31, 0x03, 0x31, 0x23, 0x31, 0x03, 0x31, 0x03, 0x31, 0x03, 0x31,
    0x23, 0x31, 0x64, 0x39, 0xA5, 0x41, 0xE6, 0x41, 0x27, 0x52, 0x68, 0x52, 0x89, 0x5A, 0xC9, 0x62,
    0xC9, 0x5A, 0xEA, 0x62, 0x4B, 0x6B, 0x4B, 0x6B, 0x4B, 0x6B, 0x6B, 0x6B, 0x6C, 0x73, 0x8C, 0x73,
    0x8C, 0x73, 0x6C, 0x73, 0x6B, 0x6B, 0x6B, 0x6B, 0x4B, 0x6B, 0x2B, 0x6B, 0x2A, 0x63, 0x0A, 0x63,
    0x0A, 0x63, 0x0A, 0x63, 0x0A, 0x63, 0x0A, 0x63, 0x0A, 0x63, 0x0B, 0x63, 0x2B, 0x63, 0x2B, 0x6B,
    0x2B, 0x6B, 0x2B, 0x6B, 0x4B, 0x6B, 0x4B, 0x6B, 0x4B, 0x6B, 0x4B, 0x6B, 0x4B, 0x6B, 0x4B, 0x6B,
    0x4C, 0x6B, 0x6C, 0x6B, 0x4B, 0x6B, 0x2B, 0x63, 0x0B, 0x63, 0x0B, 0x63, 0x0B, 0x63, 0x0A, 0x63,
    0x0A, 0x63, 0x0A, 0x63, 0xEA, 0x62, 0xEA, 0x62, 0xEA, 0x62, 0xEA, 0x62, 0xEA, 0x5A, 0xEA, 0x5A,
    0xEA, 0x62, 0x0A, 0x63, 0x2B, 0x6B, 0x2B, 0x6B, 0x2B, 0x6B, 0x2B, 0x6B, 0x4B, 0x6B, 0x6C, 0x6B,
    0x8C, 0x73, 0xAC, 0x73, 0xAD, 0x7B, 0xAD, 0x7B, 0xAD, 0x7B, 0x8C, 0x73, 0x8C, 0x73, 0x8C, 0x73,
    0x8C, 0x73, 0x8C, 0x73, 0x6C, 0x73, 0x6C, 0x73, 0x6C, 0x73, 0x6C, 0x73, 0xAD, 0x7B, 0xED, 0x7B,
    0x2E, 0x84, 0x70, 0x94, 0x12, 0xA5, 0xB5, 0xB5, 0xF6, 0xC5, 0x37, 0xCE, 0x78, 0xD6, 0x78, 0xD6,
    0x57, 0xCE, 0x57, 0xCE, 0x57, 0xCE, 0x78, 0xD6, 0x57, 0xD6, 0x57, 0xCE, 0x57, 0xCE, 0x57, 0xCE,
    0x37, 0xCE, 0x37, 0xCE, 0x37, 0xCE, 0x37, 0xCE, 0x16, 0xCE, 0x16, 0xCE, 0x16, 0xC6, 0x16, 0xC6,
    0x16, 0xC6, 0xD5, 0xC5, 0xB5, 0xBD, 0x94, 0xBD, 0x94, 0xB5, 0x94, 0xB5, 0x94, 0xB5, 0xD5, 0xBD,
    0xDA, 0xD6, 0xDA, 0xD6, 0xDA, 0xD6, 0xDA, 0xD6, 0xDA, 0xD6, 0xDA, 0xD6, 0xDA, 0xD6, 0xDA, 0xD6,
    0xDB, 0xDE, 0xDB, 0xDE, 0xFB, 0xDE, 0xFB, 0xDE, 0xFB, 0xDE, 0xFB, 0xDE, 0x1B, 0xDF, 0x1B, 0xDF,
    0x1B, 0xDF, 0x1B, 0xDF, 0x1B, 0xDF, 0x1B, 0xDF, 0x1B, 0xDF, 0x1B, 0xDF, 0x1B, 0xDF, 0x1B, 0xDF,
    0x1B, 0xDF, 0x1B, 0xDF, 0x1B, 0xDF, 0x1B, 0xDF, 0x1B, 0xDF, 0x1B, 0xDF, 0x1B, 0xDF, 0x1B, 0xDF,
    0x1B, 0xDF, 0x1B, 0xDF, 0x1B, 0xDF, 0xFB, 0xDE, 0xFB, 0xDE, 0xDA, 0xD6, 0xBA, 0xD6, 0x99, 0xCE,
    0x58, 0xCE, 0x38, 0xC6, 0x17, 0xC6, 0xF7, 0xBD, 0x17, 0xC6, 0xF7, 0xBD, 0x95, 0xB5, 0xF2, 0x9C,
    0x70, 0x8C, 0x0F, 0x84, 0x8C, 0x73, 0x2B, 0x6B, 0x2B, 0x63, 0x2A, 0x63, 0x0A, 0x63, 0x2B, 0x63,
    0x2B, 0x63, 0x2B, 0x6B, 0x4B, 0x6B, 0x4B, 0x6B, 0x4B, 0x6B, 0x6B, 0x6B, 0x6C, 0x73, 0x6C, 0x73,
    0x6C, 0x73, 0x8C, 0x73, 0x8C, 0x73, 0x8C, 0x73, 0x6C, 0x6B, 0x6C, 0x6B, 0x6C, 0x6B, 0x4C, 0x6B,
    0x4B, 0x6B, 0x2B, 0x6B, 0x4B, 0x6B, 0x4B, 0x6B, 0x4B, 0x6B, 0x6B, 0x6B, 0x6B, 0x6B, 0x6C, 0x6B,
    0x8C, 0x73, 0xAC, 0x73, 0x8C, 0x73, 0x8C, 0x73, 0xCD, 0x7B, 0xCD, 0x7B, 0xEE, 0x83, 0x0E, 0x84,
    0x2F, 0x8C, 0x4F, 0x8C, 0x4F, 0x8C, 0x90, 0x94, 0x90, 0x94, 0x70, 0x94, 0x70, 0x94, 0x70, 0x94,
    0x70, 0x94, 0x70, 0x8C, 0x4F, 0x8C, 0x2F, 0x8C, 0x2F, 0x8C, 0x4F, 0x8C, 0x2F, 0x8C, 0x2F, 0x8C,
    0x2F, 0x8C, 0x0E, 0x84, 0xEE, 0x83, 0xEE, 0x83, 0xEE, 0x83, 0xEE, 0x83, 0xEE, 0x83, 0xEE, 0x83,
    0x0E, 0x84, 0x0E, 0x84, 0xEE, 0x83, 0xEE, 0x83, 0xCD, 0x7B, 0xCD, 0x7B, 0xCE, 0x7B, 0xCD, 0x7B,
    0xCD, 0x7B, 0x0E, 0x84, 0x0E, 0x84, 0x2F, 0x8C, 0x2F, 0x8C, 0x0E, 0x84, 0x0E, 0x84, 0x0E, 0x84,
    0x0E, 0x84, 0x0E, 0x84, 0x0E, 0x84, 0x0E, 0x84, 0x0E, 0x84, 0x0E, 0x84, 0x0E, 0x84, 0x0E, 0x84,
    0x2F, 0x84, 0x2F, 0x8C, 0x2F, 0x8C, 0x2F, 0x8C, 0x2F, 0x8C, 0x2E, 0x84, 0x2E, 0x84, 0x2E, 0x84,
    0x0E, 0x84, 0x0E, 0x84, 0xEE, 0x83, 0xCD, 0x7B, 0xAD, 0x7B, 0xAC, 0x73, 0x8C, 0x73, 0x8C, 0x73,
    0x8C, 0x73, 0x8C, 0x73, 0x6C, 0x73, 0x4B, 0x6B, 0x0A, 0x6B, 0xEA, 0x62, 0xEA, 0x62, 0xEA, 0x62,
    0xC9, 0x5A, 0x68, 0x52, 0x27, 0x4A, 0xE6, 0x49, 0xE6, 0x49, 0xC5, 0x41, 0xC6, 0x41, 0xA5, 0x41,
    0x64, 0x39, 0x44, 0x39, 0x24, 0x39, 0x23, 0x31, 0x23, 0x31, 0xE2, 0x30, 0xC2, 0x28, 0xC2, 0x28,
    0x23, 0x31, 0xA5, 0x41, 0x06, 0x52, 0x07, 0x52, 0x06, 0x52, 0x06, 0x52, 0xE6, 0x49, 0xE6, 0x49,
    0xC5, 0x49, 0xA5, 0x41, 0xA5, 0x41, 0x84, 0x41, 0x44, 0x39, 0x44, 0x39, 0x44, 0x39, 0x44, 0x39,
    0x44, 0x39, 0x64, 0x39, 0x84, 0x39, 0x64, 0x39, 0x84, 0x39, 0x84, 0x39, 0x84, 0x39, 0x84, 0x39,
    0x64, 0x39, 0x44, 0x39, 0x23, 0x31, 0x23, 0x31, 0x03, 0x31, 0x23, 0x31, 0x03, 0x31, 0x03, 0x31,
    0x44, 0x31, 0xA5, 0x41, 0xE6, 0x41, 0xE6, 0x41, 0x27, 0x52, 0x68, 0x52, 0xA9, 0x5A, 0xEA, 0x62,
    0xEA, 0x62, 0xEA, 0x62, 0x2B, 0x6B, 0x4B, 0x6B, 0x4B, 0x6B, 0x4B, 0x6B, 0x6B, 0x6B, 0x6C, 0x73,
    0x8C, 0x73, 0x6C, 0x6B, 0x6B, 0x6B, 0x6B, 0x6B, 0x2B, 0x6B, 0x2A, 0x63, 0x0A, 0x63, 0x0A, 0x63,
    0xEA, 0x62, 0xEA, 0x62, 0x0A, 0x63, 0x0A, 0x63, 0x0A, 0x63, 0x0B, 0x63, 0x0B, 0x63, 0x2B, 0x63,
    0x0B, 0x63, 0x0B, 0x63, 0x2B, 0x63, 0x2B, 0x63, 0x2B, 0x63, 0x2B, 0x63, 0x2B, 0x63, 0x2B, 0x63,
    0x2B, 0x6B, 0x2B, 0x6B, 0x2B, 0x6B, 0x2B, 0x63, 0x0A, 0x63, 0x0B, 0x63, 0x0B, 0x63, 0x0A, 0x63,
    0x0B, 0x63, 0x0A, 0x63, 0xEA, 0x62, 0xEA, 0x62, 0xEA, 0x62, 0xEA, 0x62, 0xEA, 0x5A, 0xEA, 0x5A,
    0xCA, 0x5A, 0xEA, 0x62, 0x0A, 0x63, 0x2B, 0x63, 0x2B, 0x63, 0x2B, 0x6B, 0x4B, 0x6B, 0x6C, 0x73,
    0x8C, 0x73, 0xAD, 0x7B, 0xAD, 0x7B, 0xAC, 0x73, 0xAC, 0x73, 0x8C, 0x73, 0x8C, 0x73, 0x8C, 0x73,
    0x8C, 0x73, 0x8C, 0x73, 0x6C, 0x73, 0x6C, 0x73, 0x6C, 0x73, 0x8C, 0x73, 0xAD, 0x7B, 0xEE, 0x83,
    0x4F, 0x8C, 0x90, 0x94, 0x12, 0xA5, 0x94, 0xB5, 0xD5, 0xBD, 0x16, 0xC6, 0x57, 0xCE, 0x57, 0xCE,
    0x57, 0xCE, 0x57, 0xCE, 0x57, 0xCE, 0x78, 0xD6, 0x57, 0xD6, 0x57, 0xCE, 0x57, 0xCE, 0x57, 0xCE,
    0x37, 0xCE, 0x37, 0xCE, 0x37, 0xCE, 0x37, 0xCE, 0x16, 0xC6, 0x16, 0xC6, 0x16, 0xC6, 0x16, 0xC6,
    0xF6, 0xC5, 0xF6, 0xC5, 0xF6, 0xC5, 0xD5, 0xC5, 0xB5, 0xBD, 0xB5, 0xBD, 0xB5, 0xBD, 0x74, 0xB5,
    0xDA, 0xD6, 0xDA, 0xD6, 0xDA, 0xD6, 0xDA, 0xD6, 0xDA, 0xD6, 0xDA, 0xD6, 0xDA, 0xD6, 0xDA, 0xD6,
    0xDA, 0xD6, 0xDA, 0xD6, 0xDB, 0xDE, 0xFB, 0xDE, 0xFB, 0xDE, 0xFB, 0xDE, 0xFB, 0xDE, 0xFB, 0xDE,
    0x1B, 0xDF, 0x1B, 0xDF, 0x1B, 0xDF, 0x1B, 0xDF, 0x1B, 0xDF, 0x1B, 0xDF, 0x1B, 0xDF, 0x1B, 0xDF,
    0x1B, 0xDF, 0x1B, 0xDF, 0x1B, 0xDF, 0x1B, 0xDF, 0x1B, 0xDF, 0x1B, 0xDF, 0x1B, 0xDF, 0x1B, 0xDF,
    0x1B, 0xDF, 0x1B, 0xDF, 0xFB, 0xDE, 0xFB, 0xDE, 0xDA, 0xD6, 0xBA, 0xD6, 0x99, 0xCE, 0x79, 0xCE,
    0x38, 0xC6, 0x18, 0xC6, 0xF7, 0xBD, 0xB6, 0xB5, 0xB5, 0xB5, 0xB6, 0xB5, 0x33, 0xA5, 0x70, 0x8C,
    0x0E, 0x84, 0xAD, 0x73, 0x4B, 0x6B, 0x2A, 0x63, 0x0A, 0x63, 0x0A, 0x63, 0x0A, 0x63, 0x0A, 0x63,
    0x0A, 0x63, 0x2B, 0x63, 0x4B, 0x6B, 0x4B, 0x6B, 0x4B, 0x6B, 0x6B, 0x6B, 0x8C, 0x73, 0x8D, 0x73,
    0x8C, 0x73, 0x8C, 0x73, 0x8C, 0x73, 0x8C, 0x73, 0x8C, 0x73, 0x6C, 0x73, 0x4C, 0x6B, 0x6C, 0x6B,
    0x4B, 0x6B, 0x2B, 0x6B, 0x4B, 0x6B, 0x4B, 0x6B, 0x4B, 0x6B, 0x6C, 0x73, 0x6C, 0x73, 0x8C, 0x73,
    0x8C, 0x73, 0x8C, 0x73, 0x8C, 0x73, 0xAD, 0x7B, 0xEE, 0x83, 0xEE, 0x83, 0x0E, 0x84, 0x2F, 0x8C,
    0x4F, 0x8C, 0x4F, 0x8C, 0x4F, 0x8C, 0x70, 0x94, 0x70, 0x94, 0x70, 0x94, 0x70, 0x8C, 0x70, 0x8C,
    0x70, 0x8C, 0x4F, 0x8C, 0x4F, 0x8C, 0x2F, 0x8C, 0x2F, 0x8C, 0x2F, 0x8C, 0x2F, 0x8C, 0x2F, 0x8C,
    0x0E, 0x84, 0xEE, 0x83, 0xEE, 0x83, 0xEE, 0x83, 0xEE, 0x83, 0xEE, 0x83, 0xEE, 0x83, 0xEE, 0x83,
    0xEE, 0x83, 0xEE, 0x83, 0xEE, 0x83, 0xEE, 0x83, 0x0E, 0x84, 0x0E, 0x84, 0x0E, 0x84, 0x0E, 0x84,
    0x0E, 0x84, 0x0E, 0x84, 0x0E, 0x84, 0x2E, 0x84, 0x0E, 0x84, 0x0E, 0x84, 0x0E, 0x84, 0x0E, 0x84,
    0x0E, 0x84, 0x0E, 0x84, 0x0E, 0x84, 0x0E, 0x84, 0x0E, 0x84, 0x0E, 0x84, 0x0E, 0x84, 0x0E, 0x84,
    0x2E, 0x84, 0x2F, 0x8C, 0x2F, 0x84, 0x0E, 0x84, 0x0E, 0x84, 0x0E, 0x84, 0x0E, 0x84, 0xEE, 0x83,
    0xEE, 0x83, 0xED, 0x7B, 0xCD, 0x7B, 0xAD, 0x7B, 0xAD, 0x7B, 0xAC, 0x73, 0x8C, 0x73, 0x8C, 0x73,
    0x8C, 0x73, 0x8C, 0x73, 0x6C, 0x73, 0x4B, 0x6B, 0x2B, 0x6B, 0x0A, 0x63, 0xEA, 0x62, 0xEA, 0x62,
    0xEA, 0x62, 0xA9, 0x5A, 0x68, 0x52, 0x47, 0x4A, 0x07, 0x4A, 0x06, 0x4A, 0x06, 0x4A, 0xE6, 0x49,
    0x85, 0x41, 0x84, 0x41, 0x64, 0x39, 0x23, 0x39, 0x23, 0x31, 0x03, 0x31, 0xC2, 0x28, 0xE2, 0x28,
    0x23, 0x31, 0xA5, 0x41, 0xC5, 0x49, 0xE6, 0x49, 0x06, 0x52, 0x06, 0x52, 0xE6, 0x49, 0xE6, 0x49,
    0xC6, 0x49, 0xA5, 0x41, 0x85, 0x41, 0x84, 0x41, 0x44, 0x39, 0x44, 0x31, 0x43, 0x31, 0x43, 0x31,
    0x43, 0x31, 0x44, 0x31, 0x44, 0x39, 0x44, 0x31, 0x64, 0x39, 0x84, 0x39, 0x84, 0x39, 0x84, 0x39,
    0x64, 0x39, 0x44, 0x31, 0x03, 0x29, 0x03, 0x29, 0x23, 0x29, 0x23, 0x29, 0x23, 0x29, 0x23, 0x29,
    0x64, 0x39, 0xC5, 0x41, 0xC6, 0x41, 0x06, 0x4A, 0x47, 0x52, 0x88, 0x5A, 0xA9, 0x5A, 0xEA, 0x62,
    0xEA, 0x62, 0xEA, 0x62, 0x0A, 0x63, 0x0A, 0x63, 0x2B, 0x63, 0x2B, 0x6B, 0x4B, 0x6B, 0x6B, 0x6B,
    0x6C, 0x6B, 0x6B, 0x6B, 0x4B, 0x6B, 0x4B, 0x6B, 0x2B, 0x6B, 0x0A, 0x63, 0xEA, 0x62, 0xEA, 0x62,
    0xEA, 0x62, 0xEA, 0x62, 0xEA, 0x62, 0xEA, 0x62, 0xEA, 0x62, 0xEA, 0x62, 0xEA, 0x62, 0x0A, 0x63,
    0x0A, 0x63, 0x0A, 0x63, 0xEA, 0x62, 0xEA, 0x62, 0xEA, 0x62, 0x0A, 0x63, 0x0A, 0x63, 0x0A, 0x63,
    0x0A, 0x63, 0x0A, 0x63, 0x0B, 0x63, 0x0B, 0x63, 0x0A, 0x63, 0x0B, 0x63, 0x0B, 0x63, 0x2B, 0x63,
    0x0B, 0x63, 0x0A, 0x63, 0x0A, 0x63, 0x0A, 0x63, 0xEA, 0x62, 0xEA, 0x62, 0xEA, 0x62, 0xEA, 0x62,
    0xEA, 0x62, 0xEA, 0x62, 0x0A, 0x63, 0x0A, 0x63, 0x2B, 0x6B, 0x4B, 0x6B, 0x4B, 0x6B, 0x6C, 0x73,
    0x8C, 0x73, 0xAC, 0x73, 0xAC, 0x73, 0xAC, 0x73, 0xAC, 0x73, 0xAC, 0x73, 0x8C, 0x73, 0x8C, 0x73,
    0x8C, 0x73, 0x8C, 0x73, 0x8C, 0x73, 0x8C, 0x73, 0x8C, 0x73, 0x8C, 0x73, 0xAD, 0x7B, 0x0E, 0x84,
    0x4F, 0x8C, 0xB0, 0x94, 0xF2, 0xA4, 0x53, 0xAD, 0x74, 0xB5, 0x74, 0xB5, 0xB5, 0xBD, 0x16, 0xC6,
    0x37, 0xCE, 0x57, 0xCE, 0x78, 0xD6, 0x78, 0xD6, 0x57, 0xCE, 0x37, 0xCE, 0x37, 0xCE, 0x37, 0xCE,
    0x37, 0xCE, 0x37, 0xCE, 0x37, 0xCE, 0x16, 0xCE, 0x16, 0xC6, 0x16, 0xC6, 0x16, 0xC6, 0x16, 0xC6,
    0x16, 0xC6, 0x16, 0xC6, 0x16, 0xC6, 0x16, 0xC6, 0x16, 0xC6, 0xF6, 0xC5, 0xF6, 0xC5, 0xB5, 0xBD,
    0xDA, 0xD6, 0xDA, 0xD6, 0xDA, 0xD6, 0xDA, 0xD6, 0xDA, 0xD6, 0xBA, 0xD6, 0xBA, 0xD6, 0xDA, 0xD6,
    0xDA, 0xD6, 0xDA, 0xD6, 0xDB, 0xDE, 0xFB, 0xDE, 0xFB, 0xDE, 0xFB, 0xDE, 0xFB, 0xDE, 0xFB, 0xDE,
    0xFB, 0xDE, 0x1B, 0xDF, 0x1B, 0xDF, 0x1B, 0xDF, 0x1B, 0xDF, 0x1B, 0xDF, 0x1B, 0xDF, 0x1B, 0xDF,
    0x1B, 0xDF, 0x1B, 0xDF, 0xFB, 0xDE, 0xFB, 0xDE, 0xFB, 0xDE, 0xFB, 0xDE, 0xFB, 0xDE, 0xFB, 0xDE,
    0xFB, 0xDE, 0xFB, 0xDE, 0xFB, 0xDE, 0xDA, 0xD6, 0xBA, 0xD6, 0x99, 0xCE, 0x79, 0xCE, 0x58, 0xCE,
    0x38, 0xC6, 0x17, 0xC6, 0xD6, 0xBD, 0x95, 0xB5, 0x75, 0xAD, 0x74, 0xAD, 0xD1, 0x94, 0x2F, 0x84,
    0xEE, 0x7B, 0x8D, 0x73, 0x4B, 0x6B, 0x2A, 0x63, 0x0A, 0x63, 0x0A, 0x63, 0x0A, 0x63, 0x0A, 0x63,
    0x0A, 0x63, 0x0A, 0x63, 0x2B, 0x63, 0x2B, 0x63, 0x4B, 0x6B, 0x6B, 0x6B, 0x8C, 0x73, 0x8C, 0x73,
    0x8C, 0x73, 0x8C, 0x73, 0x8C, 0x73, 0x8C, 0x73, 0x8C, 0x73, 0x6C, 0x73, 0x6C, 0x6B, 0x8C, 0x73,
    0x6C, 0x6B, 0x4B, 0x6B, 0x6C, 0x6B, 0x6C, 0x73, 0x6B, 0x6B, 0x4B, 0x6B, 0x6C, 0x73, 0x8C, 0x73,
    0x8C, 0x73, 0x8C, 0x73, 0xAD, 0x73, 0xCD, 0x7B, 0x0E, 0x84, 0x0E, 0x84, 0x2F, 0x8C, 0x4F, 0x8C,
    0x4F, 0x8C, 0x4F, 0x8C, 0x4F, 0x8C, 0x4F, 0x8C, 0x6F, 0x8C, 0x6F, 0x8C, 0x4F, 0x8C, 0x70, 0x8C,
    0x4F, 0x8C, 0x4F, 0x8C, 0x4F, 0x8C, 0x2F, 0x8C, 0x2F, 0x8C, 0x2E, 0x84, 0x2E, 0x84, 0x0E, 0x84,
    0x0E, 0x84, 0xEE, 0x83, 0xEE, 0x83, 0xEE, 0x83, 0xEE, 0x83, 0xEE, 0x83, 0xEE, 0x83, 0xEE, 0x83,
    0xEE, 0x83, 0xEE, 0x83, 0xEE, 0x83, 0x0E, 0x84, 0x0E, 0x84, 0x0E, 0x84, 0x0E, 0x84, 0x0E, 0x84,
    0x0E, 0x84, 0x0E, 0x84, 0x0E, 0x84, 0x0E, 0x84, 0x0E, 0x84, 0x0E, 0x84, 0x0E, 0x84, 0x0E, 0x84,
    0x0E, 0x84, 0x0E, 0x84, 0x0E, 0x84, 0x0E, 0x84, 0x0E, 0x84, 0x0E, 0x84, 0x0E, 0x84, 0x0E, 0x84,
    0x0E, 0x84, 0x2E, 0x84, 0x2E, 0x84, 0x0E, 0x84, 0x0E, 0x84, 0x0E, 0x84, 0x0E, 0x84, 0xEE, 0x83,
    0xEE, 0x83, 0xCD, 0x7B, 0xCD, 0x7B, 0xAD, 0x7B, 0xAD, 0x7B, 0x8C, 0x73, 0x8C, 0x73, 0x8C, 0x73,
    0x8C, 0x73, 0x8C, 0x73, 0x6C, 0x73, 0x4B, 0x6B, 0x2B, 0x6B, 0x2B, 0x63, 0x0A, 0x63, 0xEA, 0x62,
    0xEA, 0x62, 0xC9, 0x5A, 0xA9, 0x5A, 0x88, 0x52, 0x47, 0x4A, 0x27, 0x4A, 0x27, 0x4A, 0x07, 0x4A,
    0xA5, 0x41, 0xA5, 0x41, 0x64, 0x39, 0x44, 0x39, 0x23, 0x31, 0x23, 0x31, 0xE2, 0x28, 0x03, 0x31,
    0x23, 0x31, 0x84, 0x41, 0xA5, 0x41, 0xC6, 0x49, 0xE6, 0x49, 0xE6, 0x49, 0xE6, 0x49, 0xC6, 0x49,
    0xC5, 0x49, 0xA5, 0x41, 0x85, 0x41, 0x64, 0x39, 0x44, 0x39, 0x43, 0x31, 0x43, 0x31, 0x43, 0x31,
    0x43, 0x31, 0x44, 0x31, 0x44, 0x31, 0x44, 0x39, 0x44, 0x39, 0x64, 0x39, 0x64, 0x39, 0x64, 0x39,
    0x44, 0x31, 0x23, 0x31, 0x03, 0x31, 0x23, 0x29, 0x23, 0x29, 0x23, 0x29, 0x43, 0x29, 0x43, 0x31,
    0xA5, 0x39, 0xC5, 0x41, 0xC5, 0x41, 0x27, 0x4A, 0x68, 0x52, 0xA9, 0x5A, 0xC9, 0x5A, 0xEA, 0x62,
    0xEA, 0x62, 0xEA, 0x62, 0x0A, 0x63, 0x0A, 0x63, 0x2A, 0x63, 0x2B, 0x6B, 0x2B, 0x6B, 0x4B, 0x6B,
    0x4B, 0x6B, 0x4B, 0x6B, 0x2B, 0x6B, 0x4B, 0x6B, 0x2B, 0x6B, 0x0A, 0x63, 0xEA, 0x62, 0xEA, 0x62,
    0xEA, 0x62, 0xEA, 0x5A, 0xCA, 0x5A, 0xEA, 0x5A, 0xEA, 0x5A, 0xEA, 0x5A, 0xEA, 0x5A, 0xEA, 0x5A,
    0xEA, 0x5A, 0xEA, 0x5A, 0xCA, 0x5A, 0xCA, 0x5A, 0xCA, 0x5A, 0xCA, 0x5A, 0xCA, 0x5A, 0xCA, 0x5A,
    0xCA, 0x5A, 0xCA, 0x5A, 0xEA, 0x5A, 0xEA, 0x5A, 0xEA, 0x5A, 0xEA, 0x5A, 0x0B, 0x63, 0x0B, 0x63,
    0x0B, 0x63, 0x0B, 0x63, 0x0B, 0x63, 0x0B, 0x63, 0x0A, 0x63, 0x0A, 0x63, 0x0A, 0x63, 0x0A, 0x63,
    0x0A, 0x63, 0x0A, 0x63, 0x0B, 0x63, 0x2B, 0x6B, 0x4B, 0x6B, 0x6C, 0x6B, 0x6C, 0x73, 0x6C, 0x73,
    0x8C, 0x73, 0xAC, 0x73, 0xAC, 0x73, 0xAC, 0x73, 0xAC, 0x73, 0xAC, 0x73, 0x8C, 0x73, 0x8C, 0x73,
    0x8C, 0x73, 0x8C, 0x73, 0x8C, 0x73, 0x8C, 0x73, 0x8C, 0x73, 0x8C, 0x73, 0xAD, 0x7B, 0x0E, 0x84,
    0x4F, 0x8C, 0xB0, 0x94, 0xF2, 0xA4, 0x53, 0xAD, 0x74, 0xAD, 0x94, 0xB5, 0xB5, 0xBD, 0xF5, 0xC5,
    0xF6, 0xC5, 0x16, 0xC6, 0x16, 0xC6, 0x37, 0xCE, 0x37, 0xCE, 0x16, 0xCE, 0x16, 0xCE, 0x37, 0xCE,
    0x37, 0xCE, 0x37, 0xCE, 0x37, 0xCE, 0x37, 0xCE, 0x16, 0xC6, 0x16, 0xC6, 0x16, 0xC6, 0x16, 0xC6,
    0x16, 0xC6, 0x16, 0xC6, 0x16, 0xC6, 0x16, 0xC6, 0x16, 0xC6, 0xF6, 0xC5, 0xF6, 0xC5, 0xD5, 0xBD,
    0xDA, 0xD6, 0xDA, 0xD6, 0xDA, 0xD6, 0xDA, 0xD6, 0xDA, 0xD6, 0xBA, 0xD6, 0xBA, 0xD6, 0xDA, 0xD6,
    0xDA, 0xD6, 0xDA, 0xD6, 0xDB, 0xDE, 0xFB, 0xDE, 0xFB, 0xDE, 0xFB, 0xDE, 0xFB, 0xDE, 0xFB, 0xDE,
    0xFB, 0xDE, 0xFB, 0xDE, 0xFB, 0xDE, 0x1B, 0xDF, 0x1B, 0xDF, 0x1B, 0xDF, 0x1B, 0xDF, 0x1B, 0xDF,
    0x1B, 0xDF, 0x1B, 0xDF, 0xFB, 0xDE, 0xFB, 0xDE, 0xFB, 0xDE, 0xFB, 0xDE, 0xDA, 0xD6, 0xDA, 0xD6,
    0xDA, 0xD6, 0xDA, 0xD6, 0xDA, 0xD6, 0xBA, 0xD6, 0x99, 0xCE, 0x79, 0xCE, 0x58, 0xCE, 0x38, 0xC6,
    0x17, 0xC6, 0xF7, 0xBD, 0xB6, 0xB5, 0x75, 0xAD, 0x74, 0xAD, 0x13, 0xA5, 0x70, 0x8C, 0x2F, 0x84,
    0xEE, 0x7B, 0x8D, 0x73, 0x4B, 0x6B, 0x2A, 0x63, 0x0A, 0x63, 0x0A, 0x63, 0xEA, 0x62, 0x0A, 0x63,
    0x0A, 0x63, 0x0A, 0x63, 0x0A, 0x63, 0x2A, 0x63, 0x4B, 0x6B, 0x6B, 0x6B, 0x8C, 0x73, 0x8C, 0x73,
    0x8C, 0x73, 0x8C, 0x73, 0x8C, 0x73, 0x8C, 0x73, 0x8C, 0x73, 0x8C, 0x73, 0x6C, 0x6B, 0x8C, 0x73,
    0x8C, 0x73, 0x6C, 0x6B, 0x4B, 0x6B, 0x4B, 0x6B, 0x4B, 0x6B, 0x2B, 0x6B, 0x4B, 0x6B, 0x6C, 0x73,
    0x8C, 0x73, 0x8C, 0x73, 0xAD, 0x7B, 0xEE, 0x83, 0x0E, 0x84, 0x2F, 0x8C, 0x4F, 0x8C, 0x4F, 0x8C,
    0x4F, 0x8C, 0x4F, 0x8C, 0x4F, 0x8C, 0x4F, 0x8C, 0x4F, 0x8C, 0x4F, 0x8C, 0x6F, 0x8C, 0x4F, 0x8C,
    0x4F, 0x8C, 0x4F, 0x8C, 0x4F, 0x8C, 0x2F, 0x8C, 0x0E, 0x84, 0x0E, 0x84, 0x0E, 0x84, 0x0E, 0x84,
    0x0E, 0x84, 0xEE, 0x83, 0xEE, 0x83, 0xEE, 0x83, 0xEE, 0x83, 0xEE, 0x83, 0xEE, 0x83, 0xEE, 0x83,
    0xEE, 0x83, 0xEE, 0x83, 0xEE, 0x83, 0x0E, 0x84, 0x0E, 0x84, 0x0E, 0x84, 0x0E, 0x84, 0x0E, 0x84,
    0x0E, 0x84, 0x0E, 0x84, 0x0E, 0x84, 0x0E, 0x84, 0x0E, 0x84, 0x0E, 0x84, 0x0E, 0x84, 0x0E, 0x84,
    0x0E, 0x84, 0x0E, 0x84, 0x0E, 0x84, 0x0E, 0x84, 0x0E, 0x84, 0x0E, 0x84, 0x0E, 0x84, 0x0E, 0x84,
    0x0E, 0x84, 0x2E, 0x84, 0x2E, 0x84, 0x0E, 0x84, 0x0E, 0x84, 0x0E, 0x84, 0x0E, 0x84, 0xEE, 0x83,
    0xEE, 0x83, 0xCD, 0x7B, 0xCD, 0x7B, 0xAD, 0x7B, 0xAC, 0x73, 0x8C, 0x73, 0x8C, 0x73, 0x8C, 0x73,
    0x8C, 0x73, 0x8C, 0x73, 0x6C, 0x73, 0x4B, 0x6B, 0x2B, 0x6B, 0x2B, 0x6B, 0x0A, 0x63, 0x0A, 0x63,
    0x0A, 0x63, 0xEA, 0x5A, 0xC9, 0x5A, 0xC9, 0x5A, 0x88, 0x52, 0x47, 0x4A, 0x47, 0x4A, 0x27, 0x4A,
    0xC6, 0x41, 0xC5, 0x41, 0x85, 0x41, 0x64, 0x39, 0x44, 0x31, 0x23, 0x31, 0x03, 0x31, 0x23, 0x31,
    0x23, 0x31, 0x43, 0x39, 0x84, 0x41, 0xA5, 0x41, 0xA5, 0x41, 0xA5, 0x41, 0xA5, 0x41, 0xA5, 0x41,
    0x85, 0x41, 0x85, 0x41, 0x84, 0x41, 0x64, 0x39, 0x44, 0x31, 0x43, 0x31, 0x23, 0x31, 0x43, 0x31,
    0x23, 0x31, 0x43, 0x31, 0x44, 0x31, 0x44, 0x39, 0x44, 0x31, 0x44, 0x31, 0x44, 0x39, 0x44, 0x31,
    0x43, 0x31, 0x23, 0x31, 0x23, 0x31, 0x23, 0x29, 0x23, 0x29, 0x44, 0x31, 0x44, 0x31, 0x64, 0x31,
    0xC5, 0x39, 0xC5, 0x39, 0x06, 0x42, 0x47, 0x52, 0x88, 0x5A, 0xA9, 0x5A, 0xC9, 0x62, 0xEA, 0x62,
    0x0A, 0x63, 0xEA, 0x62, 0x0A, 0x63, 0xEA, 0x62, 0x0A, 0x63, 0x0A, 0x63, 0x2B, 0x63, 0x2B, 0x6B,
    0x2B, 0x6B, 0x2B, 0x6B, 0x2B, 0x6B, 0x2B, 0x6B, 0x2B, 0x6B, 0x0A, 0x63, 0xEA, 0x62, 0xEA, 0x5A,
    0xEA, 0x62, 0xEA, 0x5A, 0xCA, 0x5A, 0xCA, 0x5A, 0xCA, 0x5A, 0xCA, 0x5A, 0xCA, 0x5A, 0xCA, 0x5A,
    0xCA, 0x5A, 0xCA, 0x5A, 0xCA, 0x5A, 0xCA, 0x5A, 0xCA, 0x5A, 0xC9, 0x5A, 0xC9, 0x5A, 0xC9, 0x5A,
    0xC9, 0x5A, 0xCA, 0x5A, 0xCA, 0x5A, 0xCA, 0x5A, 0xCA, 0x5A, 0xCA, 0x5A, 0xEA, 0x5A, 0x0A, 0x63,
    0x0A, 0x63, 0x0B, 0x63, 0x0B, 0x63, 0x2B, 0x63, 0x0B, 0x63, 0x0B, 0x63, 0x0B, 0x63, 0x2A, 0x63,
    0x2A, 0x63, 0x2A, 0x63, 0x2B, 0x63, 0x2B, 0x6B, 0x4B, 0x6B, 0x6B, 0x6B, 0x6C, 0x73, 0x6C, 0x73,
    0x8C, 0x73, 0xAC, 0x73, 0xAC, 0x73, 0xAC, 0x73, 0xAC, 0x73, 0xAC, 0x73, 0xAC, 0x73, 0x8C, 0x73,
    0x8C, 0x73, 0x8C, 0x73, 0x8C, 0x73, 0x8C, 0x73, 0x8C, 0x73, 0x8C, 0x73, 0xCD, 0x7B, 0x0E, 0x84,
    0x4F, 0x8C, 0xB0, 0x94, 0xF2, 0xA4, 0x53, 0xAD, 0x73, 0xAD, 0xB5, 0xBD, 0xB5, 0xBD, 0xB5, 0xBD,
    0xB5, 0xBD, 0x95, 0xBD, 0x74, 0xB5, 0x94, 0xBD, 0xB5, 0xBD, 0xD5, 0xC5, 0xD6, 0xC5, 0xF6, 0xC5,
    0x16, 0xCE, 0x37, 0xCE, 0x37, 0xCE, 0x37, 0xCE, 0x16, 0xC6, 0x16, 0xC6, 0x16, 0xC6, 0x16, 0xC6,
    0x16, 0xC6, 0x16, 0xC6, 0x16, 0xC6, 0x16, 0xC6, 0x16, 0xC6, 0xF6, 0xC5, 0xF6, 0xC5, 0xF6, 0xC5,
    0xDA, 0xD6, 0xDA, 0xD6, 0xDA, 0xD6, 0xDA, 0xD6, 0xDA, 0xD6, 0xBA, 0xD6, 0xBA, 0xD6, 0xDA, 0xD6,
    0xDA, 0xD6, 0xDA, 0xD6, 0xDA, 0xD6, 0xDB, 0xDE, 0xDB, 0xDE, 0xDB, 0xDE, 0xFB, 0xDE, 0xFB, 0xDE,
    0xFB, 0xDE, 0xFB, 0xDE, 0xFB, 0xDE, 0xFB, 0xDE, 0xFB, 0xDE, 0xFB, 0xDE, 0xFB, 0xDE, 0xFB, 0xDE,
    0xFB, 0xDE, 0xFB, 0xDE, 0xFB, 0xDE, 0xFB, 0xDE, 0xFB, 0xDE, 0xFB, 0xDE, 0xDB, 0xDE, 0xDB, 0xDE,
    0xDA, 0xDE, 0xDA, 0xDE, 0xDA, 0xD6, 0xBA, 0xD6, 0x99, 0xD6, 0x99, 0xD6, 0x99, 0xCE, 0x58, 0xCE,
    0x17, 0xC6, 0xF7, 0xBD, 0xB6, 0xB5, 0x54, 0xAD, 0x13, 0xA5, 0xB2, 0x94, 0x70, 0x8C, 0x70, 0x8C,
    0x2F, 0x84, 0xEE, 0x7B, 0x6C, 0x73, 0x4C, 0x6B, 0x2B, 0x6B, 0x0B, 0x63, 0xEA, 0x62, 0xC9, 0x5A,
    0xEA, 0x62, 0x0A, 0x63, 0x0A, 0x63, 0x2B, 0x63, 0x6C, 0x6B, 0x6C, 0x6B, 0x8C, 0x73, 0x8C, 0x73,
    0x8C, 0x73, 0x8C, 0x73, 0x8C, 0x73, 0x8C, 0x73, 0x8C, 0x73, 0x8C, 0x73, 0x6C, 0x73, 0x4B, 0x6B,
    0x4B, 0x6B, 0x2B, 0x63, 0x2B, 0x63, 0x2B, 0x63, 0x2A, 0x63, 0x2A, 0x63, 0x4B, 0x6B, 0x4B, 0x6B,
    0x6C, 0x6B, 0xAC, 0x73, 0xEE, 0x83, 0x0E, 0x84, 0x0E, 0x84, 0x2F, 0x8C, 0x4F, 0x8C, 0x4F, 0x8C,
    0x4F, 0x8C, 0x4F, 0x8C, 0x4F, 0x8C, 0x4F, 0x8C, 0x4F, 0x8C, 0x4F, 0x8C, 0x4F, 0x8C, 0x2F, 0x8C,
    0x2F, 0x8C, 0x2F, 0x84, 0x2E, 0x84, 0x0E, 0x84, 0xEE, 0x83, 0xEE, 0x83, 0x0E, 0x84, 0xEE, 0x83,
    0xCD, 0x7B, 0xCD, 0x7B, 0xCD, 0x7B, 0xCD, 0x7B, 0xCD, 0x7B, 0xED, 0x7B, 0xEE, 0x83, 0xEE, 0x83,
    0xEE, 0x83, 0x0E, 0x84, 0x0E, 0x84, 0x0E, 0x84, 0x0E, 0x84, 0x0E, 0x84, 0x0E, 0x84, 0x0E, 0x84,
    0x0E, 0x84, 0xEE, 0x83, 0x0E, 0x84, 0x0E, 0x84, 0x0E, 0x84, 0x0E, 0x84, 0x0E, 0x84, 0x0E, 0x84,
    0x0E, 0x84, 0x0E, 0x84, 0x0E, 0x84, 0x0E, 0x84, 0xEE, 0x83, 0xEE, 0x83, 0x0E, 0x84, 0x0E, 0x84,
    0x0E, 0x84, 0xEE, 0x83, 0xED, 0x7B, 0xCD, 0x7B, 0xED, 0x7B, 0xCD, 0x7B, 0xCD, 0x7B, 0xCD, 0x7B,
    0xCD, 0x7B, 0xAD, 0x7B, 0xAD, 0x7B, 0x8C, 0x73, 0x8C, 0x73, 0x8C, 0x73, 0x8C, 0x73, 0x6C, 0x73,
    0x6C, 0x6B, 0x6B, 0x6B, 0x4B, 0x6B, 0x2B, 0x6B, 0x2B, 0x63, 0x2B, 0x63, 0x2A, 0x63, 0x0A, 0x63,
    0x0A, 0x63, 0xEA, 0x5A, 0xEA, 0x5A, 0xC9, 0x5A, 0xA9, 0x52, 0x68, 0x4A, 0x47, 0x4A, 0x27, 0x4A,
    0x06, 0x4A, 0xC5, 0x41, 0xA5, 0x41, 0x64, 0x39, 0x64, 0x39, 0x44, 0x39, 0x44, 0x39, 0x44, 0x39,
    0x23, 0x31, 0x23, 0x31, 0x44, 0x39, 0x84, 0x41, 0x84, 0x41, 0x84, 0x41, 0x84, 0x41, 0x84, 0x41,
    0x84, 0x41, 0x84, 0x41, 0x64, 0x39, 0x44, 0x39, 0x43, 0x31, 0x23, 0x31, 0x23, 0x31, 0x23, 0x31,
    0x23, 0x31, 0x23, 0x31, 0x23, 0x31, 0x23, 0x31, 0x23, 0x31, 0x23, 0x31, 0x23, 0x31, 0x23, 0x31,
    0x23, 0x31, 0x23, 0x31, 0x23, 0x31, 0x23, 0x31, 0x23, 0x31, 0x43, 0x31, 0x44, 0x31, 0x84, 0x31,
    0xA5, 0x39, 0xC5, 0x39, 0x06, 0x42, 0x48, 0x52, 0xA9, 0x5A, 0xC9, 0x62, 0xC9, 0x62, 0xEA, 0x62,
    0x0A, 0x63, 0xEA, 0x62, 0xEA, 0x62, 0xEA, 0x62, 0xEA, 0x62, 0xEA, 0x62, 0xEA, 0x62, 0x0A, 0x63,
    0x0A, 0x63, 0x0A, 0x63, 0x0A, 0x63, 0x0A, 0x63, 0x0A, 0x63, 0xEA, 0x62, 0xEA, 0x5A, 0xEA, 0x5A,
    0xEA, 0x5A, 0xCA, 0x5A, 0xCA, 0x5A, 0xCA, 0x5A, 0xCA, 0x5A, 0xCA, 0x5A, 0xCA, 0x5A, 0xCA, 0x5A,
    0xCA, 0x5A, 0xCA, 0x5A, 0xCA, 0x5A, 0xCA, 0x5A, 0xCA, 0x5A, 0xCA, 0x5A, 0xCA, 0x5A, 0xCA, 0x5A,
    0xCA, 0x5A, 0xCA, 0x5A, 0xCA, 0x5A, 0xCA, 0x5A, 0xCA, 0x5A, 0xCA, 0x5A, 0xCA, 0x5A, 0xEA, 0x5A,
    0x0A, 0x63, 0x0B, 0x63, 0x0B, 0x63, 0x2B, 0x63, 0x2B, 0x6B, 0x2B, 0x6B, 0x2B, 0x63, 0x2B, 0x6B,
    0x2B, 0x6B, 0x2B, 0x6B, 0x2B, 0x6B, 0x2B, 0x6B, 0x2B, 0x6B, 0x4B, 0x6B, 0x4B, 0x6B, 0x6C, 0x73,
    0x8C, 0x73, 0xAC, 0x73, 0xAC, 0x73, 0xAD, 0x7B, 0xAD, 0x7B, 0xAD, 0x73, 0xAC, 0x73, 0x8C, 0x73,
    0x8C, 0x73, 0x8C, 0x73, 0x8C, 0x73, 0xAC, 0x73, 0xAD, 0x73, 0xCD, 0x7B, 0xEE, 0x83, 0x2F, 0x8C,
    0x70, 0x94, 0xF2, 0x9C, 0x33, 0xAD, 0x74, 0xAD, 0x94, 0xB5, 0x74, 0xB5, 0x94, 0xB5, 0xB5, 0xBD,
    0x94, 0xBD, 0x94, 0xBD, 0x94, 0xBD, 0x74, 0xB5, 0x74, 0xB5, 0x74, 0xB5, 0x74, 0xB5, 0x74, 0xB5,
    0x94, 0xB5, 0xD5, 0xBD, 0xD5, 0xC5, 0xB5, 0xBD, 0xF6, 0xC5, 0x37, 0xCE, 0x37, 0xCE, 0x37, 0xCE,
    0x37, 0xCE, 0x16, 0xC6, 0x16, 0xC6, 0x16, 0xC6, 0x16, 0xC6, 0x16, 0xC6, 0x16, 0xC6, 0xF6, 0xC5,
    0xDA, 0xD6, 0xDA, 0xD6, 0xDA, 0xD6, 0xDA, 0xD6, 0xDA, 0xD6, 0xDA, 0xD6, 0xDA, 0xD6, 0xDA, 0xD6,
    0xDA, 0xD6, 0xDA, 0xD6, 0xDA, 0xDE, 0xDA, 0xDE, 0xDA, 0xDE, 0xDA, 0xDE, 0xDA, 0xDE, 0xDB, 0xDE,
    0xDB, 0xDE, 0xFB, 0xDE, 0xFB, 0xDE, 0xFB, 0xDE, 0xFB, 0xDE, 0xFB, 0xDE, 0xFB, 0xDE, 0xFB, 0xDE,
    0xFB, 0xDE, 0xFB, 0xDE, 0xFB, 0xDE, 0xFB, 0xDE, 0xFB, 0xDE, 0xFB, 0xDE, 0xFB, 0xDE, 0xFB, 0xDE,
    0xDA, 0xDE, 0xDA, 0xDE, 0xDA, 0xDE, 0xBA, 0xD6, 0xB9, 0xD6, 0xB9, 0xD6, 0xB9, 0xD6, 0x78, 0xCE,
    0x17, 0xC6, 0xF7, 0xBD, 0xD6, 0xB5, 0x95, 0xB5, 0x74, 0xAD, 0x54, 0xA5, 0x13, 0x9D, 0xF2, 0x9C,
    0xF2, 0x9C, 0x50, 0x8C, 0xAD, 0x73, 0x8C, 0x73, 0x4C, 0x6B, 0x2B, 0x6B, 0x0A, 0x63, 0x0A, 0x63,
    0xEA, 0x62, 0x0A, 0x63, 0x2B, 0x63, 0x6B, 0x6B, 0x8C, 0x73, 0x8C, 0x73, 0x8C, 0x73, 0x8C, 0x73,
    0x8C, 0x73, 0x8C, 0x73, 0x8C, 0x73, 0x8C, 0x73, 0x8C, 0x73, 0x6C, 0x73, 0x4B, 0x6B, 0x4B, 0x6B,
    0x2B, 0x6B, 0x2A, 0x63, 0x2A, 0x63, 0x2B, 0x63, 0x2B, 0x63, 0x4B, 0x6B, 0x4B, 0x6B, 0x8C, 0x73,
    0xCD, 0x7B, 0x0E, 0x84, 0x0E, 0x84, 0x0E, 0x84, 0x2E, 0x84, 0x2F, 0x8C, 0x2F, 0x8C, 0x4F, 0x8C,
    0x4F, 0x8C, 0x4F, 0x8C, 0x4F, 0x8C, 0x4F, 0x8C, 0x4F, 0x8C, 0x4F, 0x8C, 0x4F, 0x8C, 0x2F, 0x8C,
    0x2F, 0x8C, 0x2F, 0x84, 0x2E, 0x84, 0x0E, 0x84, 0xEE, 0x83, 0xEE, 0x83, 0xEE, 0x83, 0xCD, 0x7B,
    0xAD, 0x7B, 0xAD, 0x7B, 0xAD, 0x7B, 0xAD, 0x7B, 0xCD, 0x7B, 0xCD, 0x7B, 0xEE, 0x83, 0xEE, 0x83,
    0xEE, 0x83, 0xEE, 0x83, 0xEE, 0x83, 0xEE, 0x83, 0xEE, 0x83, 0xEE, 0x83, 0xEE, 0x83, 0xEE, 0x83,
    0xEE, 0x83, 0xED, 0x7B, 0xEE, 0x83, 0xEE, 0x83, 0xEE, 0x83, 0x0E, 0x84, 0x0E, 0x84, 0x0E, 0x84,
    0xEE, 0x83, 0xEE, 0x83, 0xEE, 0x83, 0xEE, 0x83, 0xCD, 0x7B, 0xCD, 0x7B, 0xEE, 0x83, 0xEE, 0x7B,
    0xEE, 0x7B, 0xCD, 0x7B, 0xCD, 0x7B, 0xAD, 0x7B, 0xCD, 0x7B, 0xAD, 0x7B, 0xAD, 0x7B, 0xAD, 0x7B,
    0xAD, 0x7B, 0xAC, 0x73, 0x8C, 0x73, 0x6C, 0x73, 0x6C, 0x73, 0x6C, 0x6B, 0x6C, 0x6B, 0x4B, 0x6B,
    0x4B, 0x6B, 0x4B, 0x6B, 0x2B, 0x6B, 0x2A, 0x63, 0x0A, 0x63, 0x2A, 0x63, 0x2A, 0x63, 0x2A, 0x63,
    0x0A, 0x63, 0x0A, 0x63, 0xEA, 0x5A, 0xE9, 0x5A, 0xC9, 0x5A, 0x88, 0x52, 0x68, 0x52, 0x47, 0x52,
    0x07, 0x4A, 0xE6, 0x49, 0xA5, 0x41, 0x84, 0x39, 0x64, 0x39, 0x64, 0x39, 0x43, 0x31, 0x23, 0x31,
    0x23, 0x31, 0x03, 0x31, 0x43, 0x31, 0x84, 0x41, 0x84, 0x41, 0x84, 0x41, 0x84, 0x41, 0x84, 0x41,
    0x84, 0x41, 0x64, 0x39, 0x43, 0x39, 0x23, 0x31, 0x03, 0x31, 0x03, 0x31, 0x03, 0x31, 0x03, 0x31,
    0x23, 0x31, 0x23, 0x31, 0x23, 0x31, 0x23, 0x31, 0x23, 0x31, 0x23, 0x31, 0x23, 0x31, 0x23, 0x31,
    0x23, 0x31, 0x23, 0x31, 0x23, 0x31, 0x23, 0x31, 0x23, 0x31, 0x43, 0x31, 0x64, 0x31, 0xA5, 0x39,
    0xC5, 0x39, 0xE6, 0x41, 0x06, 0x42, 0x48, 0x52, 0x89, 0x5A, 0xC9, 0x62, 0xC9, 0x62, 0xEA, 0x62,
    0xEA, 0x62, 0xEA, 0x62, 0xEA, 0x62, 0xEA, 0x62, 0xEA, 0x62, 0xEA, 0x62, 0xEA, 0x62, 0xEA, 0x62,
    0xEA, 0x62, 0xEA, 0x62, 0xEA, 0x62, 0xEA, 0x62, 0xEA, 0x62, 0xEA, 0x5A, 0xEA, 0x5A, 0xCA, 0x5A,
    0xCA, 0x5A, 0xCA, 0x5A, 0xCA, 0x5A, 0xCA, 0x5A, 0xCA, 0x5A, 0xCA, 0x5A, 0xCA, 0x5A, 0xCA, 0x5A,
    0xCA, 0x5A, 0xCA, 0x5A, 0xCA, 0x5A, 0xCA, 0x5A, 0xCA, 0x5A, 0xCA, 0x5A, 0xCA, 0x5A, 0xCA, 0x5A,
    0xCA, 0x5A, 0xEA, 0x5A, 0xCA, 0x5A, 0xCA, 0x5A, 0xCA, 0x5A, 0xCA, 0x5A, 0xCA, 0x5A, 0xEA, 0x5A,
    0x0A, 0x63, 0x0B, 0x63, 0x0B, 0x63, 0x2B, 0x6B, 0x2B, 0x6B, 0x2B, 0x6B, 0x2B, 0x63, 0x2B, 0x6B,
    0x2B, 0x6B, 0x2B, 0x6B, 0x4B, 0x6B, 0x4B, 0x6B, 0x4B, 0x6B, 0x4B, 0x6B, 0x4B, 0x6B, 0x6C, 0x73,
    0x8C, 0x73, 0xAC, 0x73, 0xAC, 0x73, 0xAD, 0x7B, 0xAD, 0x73, 0xAC, 0x73, 0xAC, 0x73, 0xAC, 0x73,
    0x8C, 0x73, 0x8C, 0x73, 0x8C, 0x73, 0xAC, 0x73, 0xAD, 0x73, 0xCD, 0x7B, 0xEE, 0x83, 0x2E, 0x84,
    0x70, 0x94, 0xF2, 0xA4, 0x33, 0xAD, 0x94, 0xB5, 0xB5, 0xB5, 0x94, 0xB5, 0xB5, 0xBD, 0xD5, 0xBD,
    0xB5, 0xBD, 0xB5, 0xBD, 0xB5, 0xBD, 0x74, 0xB5, 0x74, 0xB5, 0x74, 0xB5, 0x74, 0xB5, 0x74, 0xB5,
    0x54, 0xB5, 0x53, 0xB5, 0x53, 0xB5, 0x74, 0xB5, 0xB5, 0xBD, 0xD5, 0xBD, 0xF6, 0xC5, 0xD5, 0xC5,
    0xF6, 0xC5, 0x16, 0xC6, 0x37, 0xCE, 0x16, 0xC6, 0x16, 0xC6, 0x16, 0xC6, 0x16, 0xC6, 0xF6, 0xC5,
    0xDA, 0xD6, 0xDA, 0xD6, 0xDA, 0xD6, 0xDA, 0xD6, 0xDA, 0xD6, 0xDA, 0xD6, 0xDA, 0xD6, 0xDA, 0xD6,
    0xDA, 0xDE, 0xDA, 0xDE, 0xDA, 0xDE, 0xDA, 0xDE, 0xDA, 0xDE, 0xDA, 0xDE, 0xDA, 0xDE, 0xDA, 0xDE,
    0xDA, 0xDE, 0xFB, 0xDE, 0xFB, 0xDE, 0xFB, 0xDE, 0xFB, 0xDE, 0xFB, 0xDE, 0xFB, 0xDE, 0xFB, 0xDE,
    0xFB, 0xDE, 0xFB, 0xDE, 0xFB, 0xDE, 0xFB, 0xDE, 0xFB, 0xDE, 0xDB, 0xDE, 0xDB, 0xDE, 0xBA, 0xD6,
    0xBA, 0xD6, 0xB9, 0xD6, 0xDA, 0xD6, 0xB9, 0xD6, 0x99, 0xCE, 0x17, 0xBE, 0x17, 0xBE, 0x17, 0xBE,
    0x17, 0xC6, 0xF6, 0xBD, 0xD6, 0xBD, 0xB6, 0xB5, 0xB6, 0xB5, 0xD6, 0xB5, 0x95, 0xB5, 0x94, 0xAD,
    0x54, 0xAD, 0xD2, 0x9C, 0x70, 0x8C, 0xCE, 0x7B, 0x8C, 0x73, 0x4B, 0x6B, 0x2B, 0x6B, 0x2B, 0x6B,
    0x2A, 0x63, 0x2B, 0x63, 0x4B, 0x6B, 0x6C, 0x6B, 0x8C, 0x73, 0x8C, 0x73, 0x8C, 0x73, 0x8C, 0x73,
    0x8C, 0x73, 0x8C, 0x73, 0x8C, 0x73, 0x8C, 0x73, 0x6B, 0x73, 0x4B, 0x6B, 0x4B, 0x6B, 0x8C, 0x73,
    0x6B, 0x73, 0x6B, 0x6B, 0x6B, 0x6B, 0x6B, 0x6B, 0x6C, 0x6B, 0xAC, 0x73, 0xAD, 0x7B, 0xCD, 0x7B,
    0x0E, 0x84, 0x2E, 0x84, 0x2E, 0x84, 0x2F, 0x84, 0x2F, 0x8C, 0x2F, 0x8C, 0x2F, 0x8C, 0x4F, 0x8C,
    0x4F, 0x8C, 0x4F, 0x8C, 0x4F, 0x8C, 0x4F, 0x8C, 0x2F, 0x8C, 0x2F, 0x8C, 0x2F, 0x8C, 0x2F, 0x8C,
    0x2F, 0x8C, 0x2F, 0x84, 0x2E, 0x84, 0x0E, 0x84, 0xEE, 0x83, 0xEE, 0x83, 0xED, 0x7B, 0xAD, 0x7B,
    0xAC, 0x73, 0x8C, 0x73, 0x8C, 0x73, 0xAC, 0x73, 0xAD, 0x7B, 0xCD, 0x7B, 0xEE, 0x83, 0xEE, 0x83,
    0xEE, 0x83, 0xEE, 0x83, 0xEE, 0x83, 0xEE, 0x83, 0xED, 0x7B, 0xCD, 0x7B, 0xCD, 0x7B, 0xCD, 0x7B,
    0xCD, 0x7B, 0xCD, 0x7B, 0xCD, 0x7B, 0xCD, 0x7B, 0xCD, 0x7B, 0xEE, 0x83, 0xEE, 0x83, 0xEE, 0x83,
    0xCD, 0x7B, 0xCD, 0x7B, 0xCD, 0x7B, 0xCD, 0x7B, 0xCD, 0x7B, 0xAD, 0x73, 0x8C, 0x73, 0x8C, 0x73,
    0xAD, 0x7B, 0xCD, 0x7B, 0xAD, 0x73, 0xAD, 0x73, 0xAD, 0x7B, 0xAD, 0x73, 0xAC, 0x73, 0x8C, 0x73,
    0x8C, 0x73, 0x8C, 0x73, 0x6C, 0x73, 0x6B, 0x6B, 0x6B, 0x6B, 0x4B, 0x6B, 0x4B, 0x6B, 0x4B, 0x6B,
    0x4B, 0x6B, 0x2B, 0x6B, 0x2A, 0x63, 0x0A, 0x63, 0x0A, 0x63, 0x0A, 0x63, 0x0A, 0x63, 0x2A, 0x63,
    0x2A, 0x63, 0x0A, 0x63, 0xEA, 0x62, 0xEA, 0x5A, 0xC9, 0x5A, 0xA9, 0x5A, 0xA9, 0x52, 0x68, 0x52,
    0x27, 0x4A, 0x06, 0x4A, 0xC5, 0x41, 0x85, 0x39, 0x84, 0x39, 0x64, 0x39, 0x23, 0x31, 0x23, 0x31,
    0x23, 0x31, 0x23, 0x31, 0x23, 0x31, 0x64, 0x39, 0x64, 0x41, 0x64, 0x41, 0x84, 0x41, 0x84, 0x41,
    0x64, 0x41, 0x43, 0x39, 0x23, 0x31, 0x03, 0x31, 0xE2, 0x28, 0xE2, 0x28, 0xE2, 0x28, 0x02, 0x29,
    0x03, 0x31, 0x23, 0x31, 0x03, 0x31, 0x23, 0x31, 0x23, 0x31, 0x23, 0x31, 0x23, 0x31, 0x23, 0x31,
    0x23, 0x31, 0x23, 0x31, 0x23, 0x31, 0x23, 0x31, 0x23, 0x31, 0x44, 0x31, 0x84, 0x31, 0xC5, 0x39,
    0xE6, 0x41, 0x06, 0x42, 0x07, 0x4A, 0x47, 0x52, 0x89, 0x5A, 0xA9, 0x5A, 0xC9, 0x62, 0xEA, 0x62,
    0xEA, 0x62, 0xEA, 0x62, 0xEA, 0x62, 0xEA, 0x62, 0xEA, 0x62, 0xEA, 0x62, 0xEA, 0x5A, 0xEA, 0x5A,
    0xEA, 0x5A, 0xEA, 0x5A, 0xEA, 0x5A, 0xEA, 0x5A, 0xEA, 0x5A, 0xEA, 0x5A, 0xCA, 0x5A, 0xCA, 0x5A,
    0xCA, 0x5A, 0xCA, 0x5A, 0xCA, 0x5A, 0xCA, 0x5A, 0xCA, 0x5A, 0xCA, 0x5A, 0xCA, 0x5A, 0xCA, 0x5A,
    0xCA, 0x5A, 0xCA, 0x5A, 0xCA, 0x5A, 0xCA, 0x5A, 0xCA, 0x5A, 0xCA, 0x5A, 0xCA, 0x5A, 0xCA, 0x5A,
    0xCA, 0x5A, 0xEA, 0x5A, 0xEA, 0x62, 0x0A, 0x63, 0x0A, 0x63, 0x0A, 0x63, 0x0B, 0x63, 0x2B, 0x63,
    0x0B, 0x63, 0x0B, 0x63, 0x0B, 0x63, 0x2B, 0x63, 0x2B, 0x6B, 0x2B, 0x63, 0x2B, 0x63, 0x2A, 0x63,
    0x2A, 0x6B, 0x2A, 0x6B, 0x4B, 0x6B, 0x4B, 0x6B, 0x4B, 0x6B, 0x4B, 0x6B, 0x4B, 0x6B, 0x6C, 0x73,
    0x8C, 0x73, 0x8C, 0x73, 0xAC, 0x73, 0xAD, 0x7B, 0xAD, 0x73, 0xAC, 0x73, 0xAD, 0x7B, 0xAC, 0x73,
    0x8C, 0x73, 0x8C, 0x73, 0xAC, 0x73, 0xAC, 0x73, 0xAD, 0x73, 0xCD, 0x7B, 0xEE, 0x83, 0x4F, 0x8C,
    0xB0, 0x94, 0xB1, 0x9C, 0xD1, 0x9C, 0x12, 0xA5, 0x53, 0xAD, 0xB5, 0xBD, 0xD5, 0xC5, 0xF6, 0xC5,
    0xF6, 0xC5, 0xD6, 0xC5, 0xD5, 0xC5, 0xD5, 0xC5, 0xB5, 0xC5, 0xB5, 0xBD, 0xB5, 0xBD, 0xB5, 0xBD,
    0x94, 0xBD, 0x74, 0xB5, 0x33, 0xAD, 0x53, 0xAD, 0x53, 0xAD, 0x53, 0xAD, 0x53, 0xAD, 0x53, 0xAD,
    0x53, 0xAD, 0xB5, 0xBD, 0x16, 0xC6, 0x16, 0xC6, 0x16, 0xC6, 0x16, 0xC6, 0x16, 0xC6, 0x16, 0xC6,
    0xDA, 0xD6, 0xDA, 0xD6, 0xDA, 0xD6, 0xDA, 0xD6, 0xDA, 0xD6, 0xDA, 0xD6, 0xDA, 0xD6, 0xDA, 0xD6,
    0xDA, 0xDE, 0xDA, 0xDE, 0xFA, 0xDE, 0xFA, 0xDE, 0xDA, 0xDE, 0xDA, 0xDE, 0xFA, 0xDE, 0xFA, 0xDE,
    0xFA, 0xDE, 0xFB, 0xDE, 0xFB, 0xDE, 0xFB, 0xDE, 0xDB, 0xDE, 0xDB, 0xDE, 0xDB, 0xDE, 0xDB, 0xDE,
    0xDB, 0xDE, 0xFB, 0xDE, 0xFB, 0xDE, 0xDA, 0xDE, 0xBA, 0xD6, 0xBA, 0xD6, 0x9A, 0xD6, 0x9A, 0xD6,
    0x99, 0xCE, 0x99, 0xCE, 0x78, 0xCE, 0x78, 0xCE, 0x58, 0xCE, 0x37, 0xC6, 0x37, 0xC6, 0x37, 0xC6,
    0x58, 0xC6, 0x37, 0xC6, 0xF7, 0xBD, 0xD6, 0xBD, 0x95, 0xAD, 0x54, 0xA5, 0x54, 0xA5, 0xF3, 0x9C,
    0xF2, 0x9C, 0xD1, 0x9C, 0x91, 0x94, 0xEE, 0x83, 0x8C, 0x73, 0x4C, 0x6B, 0x2B, 0x6B, 0x2B, 0x6B,
    0x2B, 0x6B, 0x2B, 0x6B, 0x4B, 0x6B, 0x4B, 0x6B, 0x4B, 0x6B, 0x4B, 0x6B, 0x4B, 0x6B, 0x4B, 0x6B,
    0x6B, 0x6B, 0x4B, 0x6B, 0x4B, 0x6B, 0x6B, 0x6B, 0x6B, 0x6B, 0x6B, 0x6B, 0x6B, 0x73, 0x6B, 0x6B,
    0x6B, 0x6B, 0x6B, 0x6B, 0x6B, 0x6B, 0x6B, 0x6B, 0x6C, 0x73, 0x8C, 0x73, 0xAD, 0x7B, 0xAD, 0x7B,
    0xCD, 0x7B, 0x0E, 0x84, 0x2F, 0x84, 0x2F, 0x8C, 0x2F, 0x8C, 0x2F, 0x8C, 0x2F, 0x8C, 0x2F, 0x8C,
    0x2F, 0x8C, 0x2F, 0x8C, 0x2E, 0x84, 0x2E, 0x84, 0x0E, 0x84, 0x0E, 0x84, 0x0E, 0x84, 0x0E, 0x84,
    0x0E, 0x84, 0xEE, 0x83, 0xEE, 0x83, 0xED, 0x7B, 0xCD, 0x7B, 0xCD, 0x7B, 0xAD, 0x7B, 0xAC, 0x73,
    0x8C, 0x73, 0x8C, 0x73, 0x8C, 0x73, 0x8C, 0x73, 0xAD, 0x73, 0xCD, 0x7B, 0xCD, 0x7B, 0xCD, 0x7B,
    0xCD, 0x7B, 0xCD, 0x7B, 0xCD, 0x7B, 0xCD, 0x7B, 0xCD, 0x7B, 0xAD, 0x7B, 0x8C, 0x73, 0x8C, 0x73,
    0x8C, 0x73, 0x8C, 0x73, 0x8C, 0x73, 0xAC, 0x73, 0xAC, 0x73, 0xAD, 0x7B, 0xAD, 0x7B, 0xAD, 0x7B,
    0xAD, 0x7B, 0xAD, 0x73, 0xAD, 0x73, 0xAC, 0x73, 0xAC, 0x73, 0x8C, 0x73, 0x8C, 0x73, 0x8C, 0x73,
    0x8C, 0x73, 0x6C, 0x73, 0x6C, 0x73, 0x8C, 0x73, 0xAD, 0x73, 0x8D, 0x73, 0x8C, 0x73, 0x6C, 0x73,
    0x6B, 0x6B, 0x6B, 0x6B, 0x6B, 0x6B, 0x4B, 0x6B, 0x4B, 0x6B, 0x4B, 0x6B, 0x4B, 0x6B, 0x4B, 0x6B,
    0x4B, 0x6B, 0x2B, 0x6B, 0x0A, 0x63, 0x0A, 0x63, 0x0A, 0x63, 0x0A, 0x63, 0x0A, 0x63, 0x0A, 0x63,
    0x0A, 0x63, 0x0A, 0x63, 0x0A, 0x63, 0xEA, 0x62, 0xC9, 0x5A, 0xC9, 0x5A, 0xA9, 0x52, 0x68, 0x52,
    0x47, 0x52, 0x07, 0x4A, 0xC6, 0x41, 0x85, 0x39, 0x85, 0x39, 0x64, 0x39, 0x44, 0x39, 0x44, 0x31,
    0x43, 0x31, 0x23, 0x31, 0x23, 0x31, 0x23, 0x31, 0x23, 0x31, 0x23, 0x31, 0x23, 0x31, 0x23, 0x31,
    0x23, 0x31, 0x03, 0x31, 0x03, 0x31, 0x03, 0x31, 0xE2, 0x28, 0xE2, 0x28, 0xC2, 0x28, 0xE2, 0x28,
    0xE3, 0x28, 0xE2, 0x28, 0xE2, 0x30, 0x03, 0x31, 0x03, 0x31, 0x03, 0x31, 0x03, 0x31, 0x03, 0x31,
    0x03, 0x31, 0x03, 0x29, 0x23, 0x31, 0x44, 0x31, 0x64, 0x39, 0x64, 0x31, 0xA5, 0x39, 0xC5, 0x39,
    0xE6, 0x41, 0x06, 0x42, 0x27, 0x4A, 0x68, 0x52, 0xA9, 0x5A, 0xA9, 0x5A, 0xC9, 0x5A, 0xEA, 0x62,
    0xEA, 0x62, 0xEA, 0x62, 0xEA, 0x62, 0xEA, 0x5A, 0xCA, 0x5A, 0xCA, 0x5A, 0xCA, 0x5A, 0xCA, 0x5A,
    0xCA, 0x5A, 0xC9, 0x5A, 0xC9, 0x5A, 0xC9, 0x5A, 0xC9, 0x5A, 0xA9, 0x5A, 0xA9, 0x5A, 0xA9, 0x5A,
    0xA9, 0x5A, 0xA9, 0x5A, 0xCA, 0x5A, 0xCA, 0x5A, 0xCA, 0x5A, 0xCA, 0x5A, 0xCA, 0x5A, 0xCA, 0x5A,
    0xCA, 0x5A, 0xCA, 0x5A, 0xCA, 0x5A, 0xCA, 0x5A, 0xCA, 0x5A, 0xCA, 0x5A, 0xCA, 0x5A, 0xCA, 0x5A,
    0xCA, 0x5A, 0xEA, 0x5A, 0x0B, 0x63, 0x2B, 0x63, 0x2B, 0x63, 0x2B, 0x63, 0x0B, 0x63, 0x0B, 0x63,
    0x0B, 0x63, 0x0B, 0x63, 0x0B, 0x63, 0x0B, 0x63, 0x2B, 0x63, 0x2B, 0x63, 0x2A, 0x63, 0x0A, 0x63,
    0x2A, 0x63, 0x2A, 0x6B, 0x2A, 0x6B, 0x2B, 0x6B, 0x2B, 0x6B, 0x4B, 0x6B, 0x6B, 0x6B, 0x6C, 0x73,
    0x6C, 0x73, 0x8C, 0x73, 0x8C, 0x73, 0xAC, 0x73, 0xAD, 0x73, 0xAD, 0x7B, 0xAD, 0x7B, 0xAD, 0x7B,
    0xAD, 0x7B, 0xAD, 0x7B, 0xAC, 0x73, 0xAD, 0x7B, 0xAD, 0x7B, 0xCD, 0x7B, 0xEE, 0x83, 0x2F, 0x8C,
    0x90, 0x94, 0x12, 0xA5, 0x33, 0xAD, 0x12, 0xA5, 0x33, 0xAD, 0x94, 0xB5, 0xB4, 0xB5, 0xB4, 0xB5,
    0x94, 0xBD, 0x94, 0xB5, 0x94, 0xBD, 0xD6, 0xC5, 0xF6, 0xC5, 0xF6, 0xC5, 0xF6, 0xC5, 0xF6, 0xC5,
    0xD5, 0xBD, 0x94, 0xB5, 0x94, 0xB5, 0x94, 0xB5, 0x94, 0xB5, 0x74, 0xB5, 0x74, 0xB5, 0x74, 0xB5,
    0x53, 0xAD, 0x33, 0xAD, 0x33, 0xAD, 0x74, 0xB5, 0xB5, 0xBD, 0xB5, 0xBD, 0xB5, 0xBD, 0xF6, 0xC5,
    0xDA, 0xD6, 0xDA, 0xD6, 0xDA, 0xD6, 0xDA, 0xD6, 0xDA, 0xD6, 0xDA, 0xD6, 0xDA, 0xD6, 0xDA, 0xD6,
    0xDA, 0xD6, 0xDA, 0xD6, 0xDA, 0xDE, 0xDA, 0xD6, 0xDA, 0xDE, 0xDA, 0xDE, 0xDA, 0xDE, 0xDA, 0xDE,
    0xDA, 0xDE, 0xDA, 0xDE, 0xDA, 0xDE, 0xDA, 0xDE, 0xDA, 0xDE, 0xDA, 0xDE, 0xDA, 0xDE, 0xDA, 0xDE,
    0xDA, 0xDE, 0xDB, 0xDE, 0xDB, 0xDE, 0xBA, 0xD6, 0xBA, 0xD6, 0x9A, 0xD6, 0x99, 0xCE, 0x99, 0xCE,
    0x99, 0xCE, 0x99, 0xCE, 0x79, 0xCE, 0x78, 0xCE, 0x99, 0xCE, 0xD9, 0xD6, 0x99, 0xCE, 0x78, 0xCE,
    0x38, 0xC6, 0x58, 0xCE, 0x17, 0xBE, 0xD6, 0xBD, 0x95, 0xB5, 0x33, 0xA5, 0x13, 0x9D, 0x91, 0x94,
    0x91, 0x94, 0x70, 0x8C, 0x2F, 0x84, 0xCD, 0x7B, 0x6C, 0x73, 0x2B, 0x6B, 0x2B, 0x6B, 0x2B, 0x6B,
    0x2B, 0x6B, 0x2B, 0x6B, 0x2B, 0x63, 0x2B, 0x63, 0x4B, 0x6B, 0x4B, 0x6B, 0x4B, 0x6B, 0x4B, 0x6B,
    0x6B, 0x6B, 0x4B, 0x6B, 0x4B, 0x6B, 0x6B, 0x6B, 0x4B, 0x6B, 0x4B, 0x6B, 0x4B, 0x6B, 0x4B, 0x6B,
    0x4B, 0x6B, 0x4B, 0x6B, 0x4B, 0x6B, 0x4B, 0x6B, 0x4B, 0x6B, 0x4B, 0x6B, 0x6C, 0x73, 0x6C, 0x73,
    0x8C, 0x73, 0xCD, 0x7B, 0x0E, 0x84, 0x0E, 0x84, 0x0E, 0x84, 0x2E, 0x84, 0x2F, 0x8C, 0x2F, 0x84,
    0x2F, 0x84, 0x0E, 0x84, 0x0E, 0x84, 0x0E, 0x84, 0x0E, 0x84, 0x0E, 0x84, 0xEE, 0x83, 0xEE, 0x83,
    0xEE, 0x83, 0xCD, 0x7B, 0xCD, 0x7B, 0xCD, 0x7B, 0xAD, 0x7B, 0xAD, 0x7B, 0x8C, 0x73, 0x8C, 0x73,
    0x8C, 0x73, 0x8C, 0x73, 0x8C, 0x73, 0x8C, 0x73, 0x8C, 0x73, 0xAC, 0x73, 0xAD, 0x7B, 0xAD, 0x7B,
    0xAD, 0x7B, 0xAD, 0x7B, 0xAD, 0x7B, 0x8C, 0x73, 0x8C, 0x73, 0x6C, 0x73, 0x6C, 0x6B, 0x4B, 0x6B,
    0x4B, 0x6B, 0x4B, 0x6B, 0x6C, 0x6B, 0x6C, 0x73, 0x6C, 0x73, 0x8C, 0x73, 0x8C, 0x73, 0x8C, 0x73,
    0x8C, 0x73, 0x6C, 0x73, 0x6C, 0x73, 0x6C, 0x73, 0x6C, 0x73, 0x6C, 0x73, 0x6C, 0x73, 0x6C, 0x73,
    0x6C, 0x6B, 0x4B, 0x6B, 0x4B, 0x6B, 0x6C, 0x6B, 0x6C, 0x73, 0x6C, 0x6B, 0x6C, 0x6B, 0x6C, 0x6B,
    0x4B, 0x6B, 0x4B, 0x6B, 0x4B, 0x6B, 0x4B, 0x6B, 0x4B, 0x6B, 0x4B, 0x6B, 0x4B, 0x6B, 0x2B, 0x6B,
    0x2B, 0x6B, 0x2B, 0x63, 0x0A, 0x63, 0xEA, 0x62, 0xEA, 0x62, 0x0A, 0x63, 0x0A, 0x63, 0x0A, 0x63,
    0x0A, 0x63, 0x0A, 0x63, 0x0A, 0x63, 0xEA, 0x62, 0xEA, 0x5A, 0xC9, 0x5A, 0xA9, 0x5A, 0x68, 0x52,
    0x47, 0x52, 0x27, 0x4A, 0xE6, 0x41, 0xA5, 0x41, 0xA5, 0x41, 0x84, 0x39, 0x44, 0x39, 0x44, 0x39,
    0x44, 0x39, 0x44, 0x31, 0x43, 0x31, 0x23, 0x31, 0x23, 0x31, 0x23, 0x31, 0x03, 0x31, 0x03, 0x31,
    0x03, 0x31, 0xE2, 0x30, 0xE2, 0x28, 0xE2, 0x28, 0xE2, 0x28, 0xE2, 0x28, 0xC2, 0x28, 0xC2, 0x28,
    0xC2, 0x28, 0xC2, 0x28, 0xE2, 0x28, 0xE2, 0x28, 0xE2, 0x28, 0xE3, 0x28, 0xE3, 0x28, 0x02, 0x29,
    0x03, 0x29, 0x03, 0x31, 0x23, 0x31, 0x44, 0x31, 0x84, 0x39, 0x85, 0x39, 0xC5, 0x39, 0xE6, 0x41,
    0x27, 0x4A, 0x47, 0x4A, 0x68, 0x52, 0x88, 0x52, 0xA9, 0x5A, 0xC9, 0x5A, 0xC9, 0x5A, 0xC9, 0x62,
    0xEA, 0x62, 0xEA, 0x62, 0xEA, 0x5A, 0xCA, 0x5A, 0xCA, 0x5A, 0xCA, 0x5A, 0xCA, 0x5A, 0xCA, 0x5A,
    0xCA, 0x5A, 0xC9, 0x5A, 0xC9, 0x5A, 0xC9, 0x5A, 0xA9, 0x5A, 0xA9, 0x5A, 0xA9, 0x52, 0x89, 0x52,
    0xA8, 0x52, 0xA9, 0x52, 0xA9, 0x5A, 0xA9, 0x5A, 0xCA, 0x5A, 0xCA, 0x5A, 0xCA, 0x5A, 0xCA, 0x5A,
    0xCA, 0x5A, 0xCA, 0x5A, 0xCA, 0x5A, 0xCA, 0x5A, 0xCA, 0x5A, 0xCA, 0x5A, 0xCA, 0x5A, 0xCA, 0x5A,
    0xCA, 0x5A, 0xEA, 0x5A, 0x0B, 0x63, 0x2B, 0x63, 0x0B, 0x63, 0x0B, 0x63, 0xEA, 0x5A, 0xEA, 0x5A,
    0x0B, 0x63, 0x0B, 0x63, 0x0B, 0x63, 0x0B, 0x63, 0x2B, 0x63, 0x2A, 0x63, 0x0A, 0x63, 0x0A, 0x63,
    0x0A, 0x63, 0x0A, 0x63, 0x2A, 0x63, 0x2A, 0x63, 0x2B, 0x6B, 0x2B, 0x6B, 0x4B, 0x6B, 0x4B, 0x6B,
    0x6B, 0x6B, 0x6C, 0x73, 0x6C, 0x73, 0x8C, 0x73, 0x8C, 0x73, 0xAC, 0x73, 0xAD, 0x7B, 0xAD, 0x7B,
    0xAD, 0x7B, 0xAD, 0x7B, 0xAD, 0x7B, 0xAD, 0x7B, 0xAD, 0x7B, 0xAD, 0x7B, 0xCD, 0x7B, 0xEE, 0x83,
    0x70, 0x94, 0x33, 0xAD, 0xF6, 0xC5, 0x16, 0xC6, 0xD5, 0xBD, 0xD5, 0xBD, 0x94, 0xB5, 0x94, 0xB5,
    0x53, 0xAD, 0x53, 0xAD, 0x53, 0xAD, 0x94, 0xB5, 0xB5, 0xBD, 0xD5, 0xBD, 0xD5, 0xBD, 0xD5, 0xBD,
    0xD5, 0xBD, 0xD5, 0xC5, 0x16, 0xC6, 0x16, 0xC6, 0xF6, 0xC5, 0xD5, 0xC5, 0xF6, 0xC5, 0xD5, 0xBD,
    0xB5, 0xBD, 0x94, 0xB5, 0x74, 0xB5, 0x53, 0xAD, 0x74, 0xB5, 0x74, 0xB5, 0x74, 0xB5, 0x94, 0xB5,
    0xBA, 0xD6, 0xBA, 0xD6, 0xBA, 0xD6, 0xDA, 0xD6, 0xBA, 0xD6, 0xBA, 0xD6, 0xBA, 0xD6, 0xBA, 0xD6,
    0xBA, 0xD6, 0xBA, 0xD6, 0xBA, 0xD6, 0xBA, 0xD6, 0xBA, 0xD6, 0xBA, 0xD6, 0xBA, 0xD6, 0xBA, 0xD6,
    0xBA, 0xD6, 0xDA, 0xD6, 0xDA, 0xD6, 0xBA, 0xD6, 0xBA, 0xD6, 0xBA, 0xD6, 0xBA, 0xD6, 0xBA, 0xD6,
    0xBA, 0xD6, 0xBA, 0xD6, 0xBA, 0xD6, 0x9A, 0xD6, 0x99, 0xD6, 0x99, 0xD6, 0x99, 0xD6, 0x99, 0xD6,
    0x99, 0xD6, 0x99, 0xD6, 0xB9, 0xD6, 0xB9, 0xD6, 0xB9, 0xD6, 0x99, 0xCE, 0x58, 0xC6, 0x37, 0xC6,
    0xF7, 0xBD, 0xF6, 0xBD, 0xD6, 0xBD, 0xD6, 0xB5, 0x95, 0xB5, 0x95, 0xB5, 0x74, 0xAD, 0xF2, 0x9C,
    0x70, 0x8C, 0x2F, 0x84, 0xCD, 0x7B, 0x8D, 0x73, 0x6C, 0x6B, 0x2B, 0x6B, 0x4B, 0x6B, 0x2B, 0x6B,
    0x2B, 0x6B, 0x2B, 0x6B, 0x2B, 0x63, 0x2B, 0x63, 0x2B, 0x63, 0x2B, 0x6B, 0x2B, 0x6B, 0x4B, 0x6B,
    0x4B, 0x6B, 0x4B, 0x6B, 0x4B, 0x6B, 0x4B, 0x6B, 0x4B, 0x6B, 0x2B, 0x6B, 0x4B, 0x6B, 0x2A, 0x6B,
    0x2B, 0x6B, 0x2B, 0x6B, 0x2B, 0x6B, 0x2B, 0x6B, 0x2B, 0x63, 0x2B, 0x6B, 0x4B, 0x6B, 0x4B, 0x6B,
    0x6C, 0x73, 0xAD, 0x7B, 0xEE, 0x83, 0x0E, 0x84, 0x0E, 0x84, 0x0E, 0x84, 0x0E, 0x84, 0x0E, 0x84,
    0x0F, 0x84, 0x0E, 0x84, 0x0E, 0x84, 0x0E, 0x84, 0xEE, 0x83, 0xEE, 0x83, 0xEE, 0x83, 0xEE, 0x83,
    0xCD, 0x7B, 0xAD, 0x7B, 0xAD, 0x7B, 0xAC, 0x73, 0x8C, 0x73, 0x8C, 0x73, 0x8C, 0x73, 0x6C, 0x73,
    0x6C, 0x73, 0x6C, 0x73, 0x6C, 0x73, 0x8C, 0x73, 0x8C, 0x73, 0x8C, 0x73, 0x8C, 0x73, 0x8C, 0x73,
    0x8C, 0x73, 0x8C, 0x73, 0x6C, 0x73, 0x6B, 0x6B, 0x4B, 0x6B, 0x2B, 0x6B, 0x2B, 0x63, 0x2A, 0x63,
    0x0A, 0x63, 0x2A, 0x63, 0x2B, 0x6B, 0x2B, 0x6B, 0x2B, 0x6B, 0x4B, 0x6B, 0x4B, 0x6B, 0x4B, 0x6B,
    0x4B, 0x6B, 0x4B, 0x6B, 0x4B, 0x6B, 0x2B, 0x6B, 0x2B, 0x6B, 0x4B, 0x6B, 0x4B, 0x6B, 0x4B, 0x6B,
    0x4B, 0x6B, 0x4B, 0x6B, 0x4B, 0x6B, 0x6C, 0x73, 0x6C, 0x73, 0x6C, 0x6B, 0x6C, 0x6B, 0x6C, 0x6B,
    0x4B, 0x6B, 0x4B, 0x6B, 0x4B, 0x6B, 0x4B, 0x6B, 0x4B, 0x6B, 0x4B, 0x6B, 0x4B, 0x6B, 0x2B, 0x6B,
    0x2B, 0x63, 0x0A, 0x63, 0x0A, 0x63, 0xEA, 0x62, 0xEA, 0x62, 0x0A, 0x63, 0x0A, 0x63, 0x0A, 0x63,
    0x0A, 0x63, 0x0A, 0x63, 0x0A, 0x63, 0x0A, 0x63, 0xEA, 0x62, 0xC9, 0x5A, 0xA9, 0x5A, 0x88, 0x52,
    0x47, 0x52, 0x27, 0x4A, 0xE6, 0x41, 0xC6, 0x41, 0xC5, 0x41, 0xA5, 0x41, 0x85, 0x39, 0x85, 0x41,
    0x44, 0x39, 0x43, 0x31, 0x43, 0x31, 0x23, 0x31, 0x23, 0x31, 0x23, 0x31, 0xE2, 0x30, 0xE3, 0x30,
    0xE2, 0x28, 0xC2, 0x28, 0xC2, 0x28, 0xC2, 0x28, 0xC2, 0x28, 0xC2, 0x28, 0xC2, 0x20, 0xC2, 0x28,
    0xC2, 0x28, 0xC2, 0x28, 0xC2, 0x28, 0xC2, 0x28, 0xC2, 0x28, 0xE2, 0x28, 0xE2, 0x28, 0xE3, 0x28,
    0xE2, 0x28, 0xE2, 0x28, 0x23, 0x31, 0x44, 0x31, 0x84, 0x39, 0xC5, 0x41, 0xE6, 0x41, 0x06, 0x42,
    0x27, 0x4A, 0x68, 0x52, 0x88, 0x52, 0xA9, 0x5A, 0xA9, 0x5A, 0xC9, 0x5A, 0xC9, 0x5A, 0xC9, 0x5A,
    0xEA, 0x62, 0xEA, 0x62, 0xEA, 0x5A, 0xCA, 0x5A, 0xCA, 0x5A, 0xCA, 0x5A, 0xC9, 0x5A, 0xCA, 0x5A,
    0xCA, 0x5A, 0xC9, 0x5A, 0xC9, 0x5A, 0xA9, 0x5A, 0xA9, 0x52, 0xA9, 0x52, 0xA9, 0x52, 0x89, 0x52,
    0x88, 0x52, 0xA9, 0x52, 0xA9, 0x52, 0xA9, 0x52, 0xA9, 0x5A, 0xA9, 0x5A, 0xCA, 0x5A, 0xCA, 0x5A,
    0xCA, 0x5A, 0xCA, 0x5A, 0xCA, 0x5A, 0xCA, 0x5A, 0xCA, 0x5A, 0xCA, 0x5A, 0xCA, 0x5A, 0xCA, 0x5A,
    0xCA, 0x5A, 0xEA, 0x5A, 0xEA, 0x5A, 0xEA, 0x5A, 0xEA, 0x5A, 0xCA, 0x5A, 0xCA, 0x5A, 0xEA, 0x5A,
    0x0B, 0x63, 0x0B, 0x63, 0x0B, 0x63, 0x0B, 0x63, 0x2B, 0x63, 0x2B, 0x63, 0x0A, 0x63, 0x0A, 0x63,
    0x0A, 0x63, 0x0A, 0x63, 0x0A, 0x63, 0x2A, 0x63, 0x2B, 0x6B, 0x2B, 0x6B, 0x4B, 0x6B, 0x4B, 0x6B,
    0x4B, 0x6B, 0x4B, 0x6B, 0x6C, 0x6B, 0x6C, 0x73, 0x6C, 0x73, 0x8C, 0x73, 0x8C, 0x73, 0xAC, 0x73,
    0xAD, 0x7B, 0xAD, 0x7B, 0xAD, 0x7B, 0xAD, 0x7B, 0xCD, 0x7B, 0xCD, 0x7B, 0xCD, 0x7B, 0xCD, 0x7B,
    0xCD, 0x7B, 0x4F, 0x8C, 0x53, 0xAD, 0xF6, 0xC5, 0x57, 0xCE, 0x36, 0xC6, 0x16, 0xC6, 0xF6, 0xC5,
    0xB5, 0xB5, 0xB5, 0xB5, 0xB5, 0xB5, 0x94, 0xB5, 0x74, 0xAD, 0x74, 0xB5, 0x94, 0xB5, 0x73, 0xAD,
    0x74, 0xB5, 0xB5, 0xBD, 0xF6, 0xC5, 0x16, 0xC6, 0xF6, 0xC5, 0xF6, 0xC5, 0xF6, 0xC5, 0x16, 0xC6,
    0xF6, 0xC5, 0xF6, 0xC5, 0x16, 0xC6, 0x16, 0xC6, 0xD5, 0xBD, 0xD5, 0xBD, 0xD5, 0xBD, 0xB4, 0xBD,
    0xBA, 0xD6, 0xBA, 0xD6, 0xBA, 0xD6, 0xBA, 0xD6, 0xBA, 0xD6, 0xBA, 0xD6, 0xBA, 0xD6, 0xBA, 0xD6,
    0xB9, 0xD6, 0xB9, 0xD6, 0xB9, 0xD6, 0xBA, 0xD6, 0xBA, 0xD6, 0xBA, 0xD6, 0xBA, 0xD6, 0xBA, 0xD6,
    0xBA, 0xD6, 0xBA, 0xD6, 0xBA, 0xD6, 0xBA, 0xD6, 0x79, 0xD6, 0x99, 0xD6, 0x99, 0xD6, 0x79, 0xCE,
    0x99, 0xCE, 0x99, 0xCE, 0x99, 0xCE, 0x99, 0xCE, 0x99, 0xD6, 0x99, 0xD6, 0x99, 0xD6, 0x99, 0xD6,
    0x99, 0xD6, 0x99, 0xD6, 0x79, 0xCE, 0x79, 0xCE, 0x79, 0xCE, 0x58, 0xCE, 0x58, 0xCE, 0x58, 0xC6,
    0xF7, 0xBD, 0xD6, 0xBD, 0xB6, 0xB5, 0xB6, 0xB5, 0xB5, 0xB5, 0xB5, 0xB5, 0x95, 0xB5, 0x33, 0xA5,
    0x70, 0x8C, 0xEE, 0x83, 0x8D, 0x73, 0x8C, 0x73, 0x6C, 0x6B, 0x4C, 0x6B, 0x4B, 0x6B, 0x2B, 0x6B,
    0x2B, 0x6B, 0x2B, 0x63, 0x2B, 0x63, 0x2B, 0x63, 0x2B, 0x6B, 0x2B, 0x63, 0x2B, 0x6B, 0x2B, 0x6B,
    0x2B, 0x6B, 0x4B, 0x6B, 0x4B, 0x6B, 0x4B, 0x6B, 0x2B, 0x6B, 0x2B, 0x6B, 0x2B, 0x6B, 0x2B, 0x6B,
    0x4B, 0x6B, 0x4B, 0x6B, 0x2B, 0x6B, 0x2B, 0x6B, 0x2B, 0x6B, 0x2B, 0x6B, 0x4B, 0x6B, 0x4B, 0x6B,
    0x8C, 0x73, 0xAD, 0x7B, 0xEE, 0x83, 0x0E, 0x84, 0xEE, 0x83, 0xEE, 0x83, 0x0E, 0x84, 0x0E, 0x84,
    0x0E, 0x84, 0x0E, 0x84, 0xEE, 0x83, 0xEE, 0x83, 0xEE, 0x83, 0xEE, 0x83, 0xEE, 0x83, 0xED, 0x7B,
    0xAD, 0x7B, 0xAD, 0x73, 0xAC, 0x73, 0x8C, 0x73, 0x6C, 0x73, 0x6C, 0x73, 0x6C, 0x73, 0x6C, 0x73,
    0x6B, 0x6B, 0x6B, 0x6B, 0x6C, 0x6B, 0x6C, 0x73, 0x6C, 0x73, 0x6C, 0x73, 0x6C, 0x6B, 0x6B, 0x6B,
    0x4B, 0x6B, 0x4B, 0x6B, 0x4B, 0x6B, 0x2B, 0x63, 0x2A, 0x63, 0x0A, 0x63, 0xEA, 0x62, 0xEA, 0x62,
    0x0A, 0x63, 0x0A, 0x63, 0x0A, 0x63, 0x0A, 0x63, 0x2A, 0x63, 0x2B, 0x63, 0x2A, 0x63, 0x2B, 0x63,
    0x2B, 0x63, 0x2B, 0x63, 0x2B, 0x63, 0x2B, 0x63, 0x2B, 0x6B, 0x2B, 0x6B, 0x2B, 0x6B, 0x4B, 0x6B,
    0x4C, 0x6B, 0x4C, 0x6B, 0x4C, 0x6B, 0x4C, 0x6B, 0x6C, 0x6B, 0x4C, 0x6B, 0x6C, 0x6B, 0x6C, 0x6B,
    0x4B, 0x6B, 0x4B, 0x6B, 0x4B, 0x6B, 0x4B, 0x6B, 0x4B, 0x6B, 0x4B, 0x6B, 0x2B, 0x6B, 0x2B, 0x6B,
    0x2A, 0x63, 0xEA, 0x62, 0xEA, 0x62, 0xEA, 0x62, 0xEA, 0x62, 0xEA, 0x62, 0xEA, 0x62, 0xEA, 0x62,
    0xEA, 0x62, 0xEA, 0x62, 0xEA, 0x62, 0xEA, 0x62, 0xC9, 0x5A, 0xA9, 0x5A, 0xA9, 0x5A, 0xA9, 0x5A,
    0x68, 0x52, 0x47, 0x4A, 0x06, 0x4A, 0xE6, 0x49, 0xE6, 0x49, 0xC6, 0x49, 0xA6, 0x41, 0x85, 0x41,
    0x64, 0x39, 0x44, 0x39, 0x43, 0x31, 0x24, 0x31, 0x03, 0x31, 0x03, 0x31, 0xE3, 0x30, 0xE3, 0x28,
    0xC2, 0x28, 0xC2, 0x28, 0xC2, 0x28, 0xC2, 0x28, 0xC2, 0x28, 0xC2, 0x28, 0xC2, 0x28, 0xC2, 0x28,
    0xC2, 0x28, 0xC2, 0x28, 0xC2, 0x28, 0xC2, 0x28, 0xC2, 0x28, 0xC2, 0x28, 0xC2, 0x28, 0xE2, 0x28,
    0xA1, 0x20, 0xC2, 0x20, 0x44, 0x31, 0x64, 0x31, 0xA5, 0x39, 0xC6, 0x41, 0x06, 0x42, 0x07, 0x42,
    0x27, 0x4A, 0x48, 0x52, 0x88, 0x52, 0xA9, 0x5A, 0xA9, 0x5A, 0xA9, 0x5A, 0xC9, 0x5A, 0xC9, 0x5A,
    0xCA, 0x5A, 0xCA, 0x5A, 0xEA, 0x5A, 0xCA, 0x5A, 0xCA, 0x5A, 0xCA, 0x5A, 0xC9, 0x5A, 0xC9, 0x5A,
    0xC9, 0x5A, 0xC9, 0x5A, 0xA9, 0x5A, 0xA9, 0x52, 0xA9, 0x52, 0xA9, 0x52, 0xA9, 0x52, 0x88, 0x52,
    0x88, 0x52, 0x88, 0x52, 0x89, 0x52, 0xA9, 0x52, 0xA9, 0x52, 0xA9, 0x5A, 0xCA, 0x5A, 0xCA, 0x5A,
    0xCA, 0x5A, 0xCA, 0x5A, 0xCA, 0x5A, 0xCA, 0x5A, 0xCA, 0x5A, 0xCA, 0x5A, 0xCA, 0x5A, 0xCA, 0x5A,
    0xCA, 0x5A, 0xCA, 0x5A, 0xCA, 0x5A, 0xCA, 0x5A, 0xCA, 0x5A, 0xCA, 0x5A, 0xCA, 0x5A, 0xEA, 0x5A,
    0xEA, 0x62, 0x0B, 0x63, 0x0B, 0x63, 0x0B, 0x63, 0x0B, 0x63, 0x0B, 0x63, 0x0B, 0x63, 0x0A, 0x63,
    0x0A, 0x63, 0xEA, 0x62, 0x0A, 0x63, 0x0A, 0x63, 0x0A, 0x63, 0x2A, 0x63, 0x2B, 0x6B, 0x4B, 0x6B,
    0x4B, 0x6B, 0x4B, 0x6B, 0x4C, 0x6B, 0x4C, 0x6B, 0x6C, 0x6B, 0x6C, 0x6B, 0x6C, 0x6B, 0x8C, 0x73,
    0xAC, 0x73, 0xAD, 0x73, 0xAC, 0x73, 0xAD, 0x7B, 0xED, 0x7B, 0xEE, 0x83, 0xCD, 0x7B, 0xCD, 0x7B,
    0xAD, 0x7B, 0x8C, 0x73, 0x2F, 0x84, 0x53, 0xAD, 0x37, 0xC6, 0x78, 0xD6, 0x37, 0xCE, 0x16, 0xC6,
    0x16, 0xC6, 0x16, 0xC6, 0x16, 0xC6, 0xF6, 0xC5, 0xB5, 0xB5, 0x94, 0xB5, 0xD5, 0xBD, 0x73, 0xAD,
    0x53, 0xAD, 0x53, 0xAD, 0x53, 0xAD, 0x74, 0xB5, 0x74, 0xB5, 0x53, 0xAD, 0x94, 0xB5, 0xD5, 0xBD,
    0xD5, 0xBD, 0xF5, 0xBD, 0x16, 0xC6, 0x16, 0xC6, 0xF6, 0xC5, 0xF6, 0xC5, 0xF6, 0xC5, 0xF6, 0xC5,
    0xBA, 0xD6, 0xBA, 0xD6, 0xBA, 0xD6, 0xBA, 0xD6, 0xBA, 0xD6, 0xBA, 0xD6, 0xB9, 0xD6, 0xB9, 0xD6,
    0xB9, 0xD6, 0xB9, 0xD6, 0xB9, 0xD6, 0xB9, 0xD6, 0xB9, 0xD6, 0xB9, 0xD6, 0xB9, 0xD6, 0xB9, 0xD6,
    0xB9, 0xD6, 0x99, 0xD6, 0x99, 0xD6, 0x99, 0xD6, 0x79, 0xCE, 0x79, 0xCE, 0x79, 0xCE, 0x79, 0xCE,
    0x79, 0xCE, 0x79, 0xCE, 0x79, 0xCE, 0x79, 0xCE, 0x79, 0xCE, 0x79, 0xCE, 0x99, 0xCE, 0x99, 0xCE,
    0x99, 0xCE, 0x99, 0xCE, 0x79, 0xCE, 0x99, 0xCE, 0x99, 0xCE, 0x99, 0xD6, 0x99, 0xD6, 0x79, 0xCE,
    0x37, 0xC6, 0xF7, 0xBD, 0xD6, 0xBD, 0xD6, 0xBD, 0xB6, 0xB5, 0x95, 0xB5, 0x54, 0xAD, 0xF2, 0x9C,
    0x70, 0x8C, 0x2F, 0x84, 0xEE, 0x83, 0xAD, 0x73, 0x8C, 0x73, 0x6C, 0x6B, 0x4C, 0x6B, 0x2B, 0x6B,
    0x2B, 0x63, 0x0B, 0x63, 0x0B, 0x63, 0x0B, 0x63, 0x2B, 0x63, 0x2B, 0x63, 0x2B, 0x6B, 0x2B, 0x6B,
    0x2B, 0x6B, 0x2B, 0x6B, 0x2B, 0x6B, 0x2B, 0x63, 0x2B, 0x6B, 0x2B, 0x6B, 0x2B, 0x6B, 0x2B, 0x6B,
    0x4B, 0x6B, 0x4B, 0x6B, 0x2B, 0x6B, 0x2B, 0x6B, 0x2B, 0x6B, 0x2B, 0x6B, 0x4B, 0x6B, 0x6C, 0x73,
    0xAD, 0x73, 0xCD, 0x7B, 0xEE, 0x83, 0x0E, 0x84, 0x0E, 0x84, 0xEE, 0x83, 0x0E, 0x84, 0x0F, 0x84,
    0x0E, 0x84, 0x0E, 0x84, 0x0E, 0x84, 0xEE, 0x83, 0x0E, 0x84, 0xEE, 0x83, 0xCD, 0x7B, 0xCD, 0x7B,
    0xAD, 0x7B, 0x8C, 0x73, 0x8C, 0x73, 0x8C, 0x73, 0x6C, 0x73, 0x6C, 0x73, 0x6C, 0x73, 0x6C, 0x73,
    0x4B, 0x6B, 0x4B, 0x6B, 0x4B, 0x6B, 0x4B, 0x6B, 0x4B, 0x6B, 0x2B, 0x6B, 0x2B, 0x6B, 0x2B, 0x6B,
    0x2B, 0x63, 0x2B, 0x63, 0x2A, 0x63, 0x0A, 0x63, 0x0A, 0x63, 0x0A, 0x63, 0xEA, 0x62, 0xEA, 0x62,
    0xEA, 0x62, 0xEA, 0x62, 0x0A, 0x63, 0x0A, 0x63, 0x0A, 0x63, 0x0A, 0x63, 0x0A, 0x63, 0x0A, 0x63,
    0x0A, 0x63, 0x0A, 0x63, 0x0A, 0x63, 0x2A, 0x63, 0x2B, 0x63, 0x2B, 0x63, 0x2B, 0x6B, 0x4B, 0x6B,
    0x4C, 0x6B, 0x4C, 0x6B, 0x4C, 0x6B, 0x4C, 0x6B, 0x4C, 0x6B, 0x4C, 0x6B, 0x4B, 0x6B, 0x4B, 0x6B,
    0x4B, 0x6B, 0x4B, 0x6B, 0x4B, 0x6B, 0x4B, 0x6B, 0x4B, 0x6B, 0x4B, 0x6B, 0x2B, 0x6B, 0x2B, 0x63,
    0x0A, 0x63, 0xEA, 0x62, 0xEA, 0x62, 0xEA, 0x62, 0xEA, 0x62, 0xEA, 0x62, 0xEA, 0x62, 0xEA, 0x62,
    0xEA, 0x62, 0xEA, 0x62, 0xEA, 0x62, 0xE9, 0x5A, 0xC9, 0x5A, 0xA9, 0x5A, 0xA9, 0x5A, 0xA9, 0x5A,
    0x88, 0x5A, 0x68, 0x52, 0x27, 0x4A, 0x07, 0x4A, 0x06, 0x4A, 0xE6, 0x49, 0xA5, 0x41, 0x85, 0x41,
    0x64, 0x39, 0x64, 0x39, 0x43, 0x31, 0x23, 0x31, 0x03, 0x29, 0xE2, 0x28, 0xE2, 0x28, 0xC2, 0x28,
    0xC2, 0x28, 0xE2, 0x28, 0xE2, 0x28, 0xE2, 0x28, 0xC2, 0x28, 0xC2, 0x28, 0xC2, 0x28, 0xC2, 0x20,
    0xC2, 0x20, 0xC2, 0x20, 0xC2, 0x20, 0xC2, 0x20, 0xC2, 0x28, 0xC2, 0x28, 0xC2, 0x28, 0xE2, 0x28,
    0xC2, 0x20, 0x03, 0x29, 0x44, 0x31, 0x85, 0x39, 0xC5, 0x41, 0xE6, 0x41, 0x06, 0x42, 0x07, 0x42,
    0x27, 0x4A, 0x48, 0x52, 0x88, 0x52, 0xA9, 0x5A, 0xA9, 0x5A, 0x89, 0x5A, 0xA9, 0x5A, 0xC9, 0x5A,
    0xC9, 0x5A, 0xCA, 0x5A, 0xEA, 0x5A, 0xCA, 0x5A, 0xC9, 0x5A, 0xA9, 0x5A, 0xA9, 0x52, 0xA9, 0x52,
    0xA9, 0x52, 0x89, 0x52, 0x89, 0x52, 0x89, 0x52, 0x89, 0x52, 0x89, 0x52, 0x88, 0x52, 0x88, 0x52,
    0x88, 0x52, 0x88, 0x52, 0x88, 0x52, 0x88, 0x52, 0xA9, 0x52, 0xA9, 0x5A, 0xCA, 0x5A, 0xCA, 0x5A,
    0xCA, 0x5A, 0xCA, 0x5A, 0xCA, 0x5A, 0xCA, 0x5A, 0xCA, 0x5A, 0xCA, 0x5A, 0xCA, 0x5A, 0xCA, 0x5A,
    0xCA, 0x5A, 0xCA, 0x5A, 0xCA, 0x5A, 0xCA, 0x5A, 0xCA, 0x5A, 0xCA, 0x5A, 0xCA, 0x5A, 0xEA, 0x5A,
    0xEA, 0x62, 0xEA, 0x62, 0xEA, 0x62, 0xEA, 0x62, 0xEA, 0x62, 0xEA, 0x62, 0xEA, 0x62, 0xEA, 0x62,
    0xEA, 0x5A, 0xC9, 0x5A, 0xE9, 0x5A, 0xEA, 0x5A, 0xEA, 0x62, 0xEA, 0x62, 0x0A, 0x63, 0x2A, 0x63,
    0x4B, 0x6B, 0x4B, 0x6B, 0x4B, 0x6B, 0x4B, 0x6B, 0x4C, 0x6B, 0x6C, 0x6B, 0x6C, 0x6B, 0x6C, 0x73,
    0x6C, 0x73, 0x6C, 0x73, 0x8C, 0x73, 0xAC, 0x73, 0xAD, 0x7B, 0xAD, 0x7B, 0xCD, 0x7B, 0xED, 0x7B,
    0xEE, 0x7B, 0x8C, 0x73, 0x8C, 0x73, 0x4F, 0x8C, 0x74, 0xB5, 0x57, 0xCE, 0x77, 0xCE, 0x37, 0xCE,
    0x16, 0xC6, 0x16, 0xC6, 0x16, 0xC6, 0x16, 0xC6, 0x16, 0xC6, 0x16, 0xC6, 0x16, 0xC6, 0x16, 0xC6,
    0x16, 0xC6, 0xB5, 0xBD, 0x94, 0xB5, 0x94, 0xB5, 0x94, 0xB5, 0x74, 0xAD, 0x74, 0xB5, 0x53, 0xAD,
    0x53, 0xAD, 0x94, 0xB5, 0xB4, 0xB5, 0xB5, 0xBD, 0xD5, 0xBD, 0xD5, 0xBD, 0xD5, 0xBD, 0x16, 0xC6,
    0xBA, 0xD6, 0xBA, 0xD6, 0xBA, 0xD6, 0xBA, 0xD6, 0xBA, 0xD6, 0xBA, 0xD6, 0xB9, 0xD6, 0xB9, 0xD6,
    0x99, 0xD6, 0xB9, 0xD6, 0x99, 0xD6, 0x99, 0xD6, 0x99, 0xD6, 0x99, 0xD6, 0x99, 0xD6, 0x99, 0xCE,
    0x99, 0xCE, 0x78, 0xCE, 0x78, 0xD6, 0x58, 0xCE, 0x38, 0xC6, 0x58, 0xCE, 0x58, 0xCE, 0x79, 0xCE,
    0x79, 0xCE, 0x79, 0xCE, 0x79, 0xCE, 0x79, 0xCE, 0x79, 0xCE, 0x79, 0xCE, 0x79, 0xCE, 0x99, 0xD6,
    0x99, 0xD6, 0x99, 0xD6, 0xDA, 0xDE, 0xDA, 0xDE, 0xBA, 0xD6, 0xB9, 0xD6, 0x79, 0xCE, 0x58, 0xC6,
    0x17, 0xC6, 0xF7, 0xBD, 0xD6, 0xBD, 0xB6, 0xB5, 0x74, 0xAD, 0x33, 0xA5, 0xF2, 0x9C, 0xB1, 0x94,
    0x50, 0x8C, 0x2F, 0x84, 0x0F, 0x84, 0xCD, 0x7B, 0x8C, 0x73, 0x8C, 0x73, 0x6C, 0x6B, 0x4B, 0x6B,
    0x2B, 0x6B, 0x0B, 0x63, 0x0B, 0x63, 0x0B, 0x63, 0x0B, 0x63, 0x2B, 0x63, 0x2B, 0x63, 0x2B, 0x63,
    0x2B, 0x6B, 0x2A, 0x63, 0x2A, 0x63, 0x2B, 0x63, 0x2B, 0x6B, 0x2B, 0x6B, 0x2B, 0x6B, 0x2B, 0x6B,
    0x4B, 0x6B, 0x4B, 0x6B, 0x2B, 0x6B, 0x2B, 0x6B, 0x2B, 0x6B, 0x4B, 0x6B, 0x6C, 0x73, 0xAD, 0x7B,
    0xAD, 0x7B, 0xCD, 0x7B, 0xEE, 0x83, 0x0E, 0x84, 0x0E, 0x84, 0xEE, 0x83, 0x0E, 0x84, 0x0F, 0x84,
    0x0F, 0x84, 0x0E, 0x84, 0x0E, 0x84, 0xEE, 0x83, 0x0E, 0x84, 0xEE, 0x83, 0xCD, 0x7B, 0xAD, 0x7B,
    0xAC, 0x73, 0x8C, 0x73, 0x8C, 0x73, 0x8C, 0x73, 0x8C, 0x73, 0x6C, 0x73, 0x6C, 0x73, 0x6C, 0x73,
    0x4B, 0x6B, 0x4B, 0x6B, 0x4B, 0x6B, 0x2B, 0x6B, 0x2B, 0x6B, 0x2B, 0x63, 0x2A, 0x63, 0x0A, 0x63,
    0x0A, 0x63, 0x0A, 0x63, 0x0A, 0x63, 0x0A, 0x63, 0x0A, 0x63, 0x0A, 0x63, 0xEA, 0x62, 0xEA, 0x62,
    0xEA, 0x62, 0xEA, 0x62, 0xEA, 0x62, 0xEA, 0x62, 0xEA, 0x62, 0x0A, 0x63, 0x0A, 0x63, 0x0A, 0x63,
    0x0A, 0x63, 0x0A, 0x63, 0x0A, 0x63, 0x2A, 0x63, 0x2B, 0x63, 0x2B, 0x63, 0x2B, 0x6B, 0x4B, 0x6B,
    0x4B, 0x6B, 0x4B, 0x6B, 0x4C, 0x6B, 0x4C, 0x6B, 0x4C, 0x6B, 0x4C, 0x6B, 0x4B, 0x6B, 0x4B, 0x6B,
    0x4B, 0x6B, 0x4B, 0x6B, 0x4B, 0x6B, 0x4B, 0x6B, 0x4B, 0x6B, 0x4B, 0x6B, 0x2B, 0x6B, 0x2B, 0x63,
    0x0A, 0x63, 0xEA, 0x62, 0xEA, 0x62, 0xEA, 0x5A, 0xEA, 0x5A, 0xEA, 0x5A, 0xEA, 0x5A, 0xC9, 0x5A,
    0xC9, 0x5A, 0xC9, 0x5A, 0xC9, 0x5A, 0xC9, 0x5A, 0xA9, 0x5A, 0xA9, 0x5A, 0xA9, 0x5A, 0xA9, 0x5A,
    0xA9, 0x5A, 0x88, 0x52, 0x47, 0x4A, 0x27, 0x4A, 0x27, 0x4A, 0xE6, 0x49, 0xA5, 0x41, 0x85, 0x39,
    0x64, 0x39, 0x64, 0x39, 0x44, 0x31, 0x03, 0x29, 0xE3, 0x28, 0xE3, 0x28, 0xC2, 0x28, 0xC2, 0x28,
    0xC2, 0x28, 0xE3, 0x28, 0xC3, 0x28, 0xC3, 0x28, 0xC2, 0x28, 0xC2, 0x20, 0xC2, 0x20, 0xC2, 0x20,
    0xC2, 0x20, 0xC2, 0x20, 0xC2, 0x20, 0xC2, 0x20, 0xC2, 0x28, 0xE3, 0x28, 0xE3, 0x28, 0xE2, 0x20,
    0xE2, 0x20, 0x23, 0x29, 0x64, 0x39, 0x85, 0x39, 0xC6, 0x41, 0xE6, 0x41, 0x06, 0x42, 0x06, 0x42,
    0x27, 0x4A, 0x48, 0x4A, 0x88, 0x52, 0xA9, 0x5A, 0xA9, 0x5A, 0x89, 0x5A, 0x89, 0x5A, 0xA9, 0x5A,
    0xA9, 0x5A, 0xA9, 0x5A, 0xA9, 0x5A, 0xA9, 0x52, 0xA9, 0x52, 0xA9, 0x52, 0x89, 0x52, 0x89, 0x52,
    0x89, 0x52, 0x68, 0x52, 0x89, 0x52, 0x68, 0x52, 0x68, 0x52, 0x68, 0x4A, 0x68, 0x52, 0x68, 0x52,
    0x68, 0x52, 0x88, 0x52, 0x88, 0x52, 0x88, 0x52, 0x89, 0x52, 0xA9, 0x52, 0xC9, 0x5A, 0xCA, 0x5A,
    0xCA, 0x5A, 0xCA, 0x5A, 0xCA, 0x5A, 0xCA, 0x5A, 0xCA, 0x5A, 0xCA, 0x5A, 0xCA, 0x5A, 0xCA, 0x5A,
    0xCA, 0x5A, 0xCA, 0x5A, 0xCA, 0x5A, 0xCA, 0x5A, 0xCA, 0x5A, 0xCA, 0x5A, 0xCA, 0x5A, 0xCA, 0x5A,
    0xCA, 0x5A, 0x0B, 0x63, 0xCA, 0x5A, 0xEA, 0x62, 0xEA, 0x62, 0xEA, 0x5A, 0xCA, 0x5A, 0xC9, 0x5A,
    0xC9, 0x5A, 0xC9, 0x5A, 0xC9, 0x5A, 0xC9, 0x5A, 0xC9, 0x5A, 0xE9, 0x5A, 0xEA, 0x62, 0x0A, 0x63,
    0x2B, 0x6B, 0x2B, 0x63, 0x0B, 0x63, 0x2B, 0x6B, 0x4B, 0x6B, 0x4C, 0x6B, 0x4C, 0x6B, 0x4B, 0x6B,
    0x6C, 0x6B, 0x6C, 0x73, 0x6C, 0x73, 0x8C, 0x73, 0x8C, 0x73, 0x8C, 0x73, 0x8C, 0x73, 0xAD, 0x7B,
    0xED, 0x7B, 0xAD, 0x7B, 0x6C, 0x73, 0x8C, 0x73, 0x70, 0x94, 0x94, 0xB5, 0x57, 0xCE, 0x78, 0xD6,
    0x37, 0xC6, 0x16, 0xC6, 0x16, 0xC6, 0xF6, 0xC5, 0x16, 0xC6, 0x16, 0xC6, 0x16, 0xC6, 0x37, 0xCE,
    0x37, 0xCE, 0x37, 0xCE, 0x37, 0xC6, 0x16, 0xC6, 0x16, 0xC6, 0xF6, 0xC5, 0xD5, 0xBD, 0x94, 0xB5,
    0x53, 0xAD, 0x53, 0xAD, 0x53, 0xAD, 0x73, 0xAD, 0x54, 0xAD, 0x74, 0xAD, 0x74, 0xB5, 0xB5, 0xBD,
    0x99, 0xD6, 0x99, 0xD6, 0x99, 0xD6, 0xB9, 0xD6, 0xB9, 0xD6, 0xB9, 0xD6, 0x99, 0xD6, 0x99, 0xCE,
    0x79, 0xD6, 0x78, 0xCE, 0x58, 0xCE, 0x58, 0xCE, 0x58, 0xCE, 0x58, 0xCE, 0x58, 0xCE, 0x58, 0xCE,
    0x58, 0xCE, 0x38, 0xCE, 0x38, 0xCE, 0x38, 0xC6, 0x38, 0xC6, 0x58, 0xCE, 0x79, 0xCE, 0x79, 0xCE,
    0x79, 0xCE, 0x79, 0xCE, 0x79, 0xCE, 0x79, 0xCE, 0x99, 0xD6, 0x99, 0xD6, 0x99, 0xD6, 0xBA, 0xD6,
    0xBA, 0xD6, 0xBA, 0xD6, 0xBA, 0xD6, 0x99, 0xD6, 0x78, 0xCE, 0x38, 0xC6, 0xF7, 0xBD, 0xD6, 0xBD,
    0xB6, 0xB5, 0x95, 0xB5, 0x75, 0xAD, 0x54, 0xA5, 0x13, 0xA5, 0x13, 0xA5, 0x13, 0xA5, 0xF2, 0x9C,
    0xB1, 0x94, 0x50, 0x8C, 0x0F, 0x84, 0xCE, 0x7B, 0x8C, 0x73, 0x8C, 0x73, 0x8C, 0x73, 0x6C, 0x73,
    0x4B, 0x6B, 0x2B, 0x63, 0x2B, 0x63, 0x2B, 0x63, 0x2B, 0x63, 0x2B, 0x63, 0x2B, 0x63, 0x2A, 0x63,
    0x2B, 0x63, 0x2B, 0x63, 0x2B, 0x6B, 0x2B, 0x6B, 0x2B, 0x6B, 0x2B, 0x6B, 0x4B, 0x6B, 0x4B, 0x6B,
    0x4B, 0x6B, 0x4B, 0x6B, 0x2B, 0x6B, 0x2B, 0x6B, 0x4B, 0x6B, 0x8C, 0x73, 0xAD, 0x7B, 0xCD, 0x7B,
    0xCD, 0x7B, 0xCD, 0x7B, 0xEE, 0x7B, 0xEE, 0x83, 0xEE, 0x83, 0x0E, 0x84, 0x0E, 0x84, 0x0F, 0x84,
    0x0F, 0x84, 0x0F, 0x84, 0x0E, 0x84, 0xEE, 0x83, 0x0E, 0x84, 0x0E, 0x84, 0xED, 0x7B, 0xCD, 0x7B,
    0xAD, 0x7B, 0xAD, 0x7B, 0x8C, 0x73, 0x8C, 0x73, 0x8C, 0x73, 0x8C, 0x73, 0x8C, 0x73, 0x6C, 0x73,
    0x6B, 0x6B, 0x6B, 0x6B, 0x4B, 0x6B, 0x2B, 0x6B, 0x2B, 0x63, 0x2B, 0x63, 0x0A, 0x63, 0x0A, 0x63,
    0x0A, 0x63, 0x0A, 0x63, 0x0A, 0x63, 0x0A, 0x63, 0x0A, 0x63, 0x0A, 0x63, 0xEA, 0x62, 0xEA, 0x5A,
    0xEA, 0x5A, 0xEA, 0x5A, 0xEA, 0x5A, 0xEA, 0x5A, 0xEA, 0x5A, 0xEA, 0x62, 0x0A, 0x63, 0x0A, 0x63,
    0x2A, 0x63, 0x2A, 0x63, 0x2A, 0x63, 0x2B, 0x63, 0x2B, 0x6B, 0x2B, 0x6B, 0x2B, 0x6B, 0x4B, 0x6B,
    0x4B, 0x6B, 0x4B, 0x6B, 0x4B, 0x6B, 0x4C, 0x6B, 0x4C, 0x6B, 0x4C, 0x6B, 0x4C, 0x6B, 0x4C, 0x6B,
    0x4C, 0x6B, 0x4B, 0x6B, 0x4B, 0x6B, 0x4B, 0x6B, 0x4B, 0x6B, 0x2B, 0x6B, 0x2A, 0x63, 0x0A, 0x63,
    0x0A, 0x63, 0xEA, 0x62, 0xEA, 0x5A, 0xEA, 0x5A, 0xE9, 0x5A, 0xE9, 0x5A, 0xE9, 0x5A, 0xC9, 0x5A,
    0xC9, 0x5A, 0xC9, 0x5A, 0xC9, 0x5A, 0xC9, 0x5A, 0xC9, 0x5A, 0xC9, 0x5A, 0xA9, 0x5A, 0xA9, 0x5A,
    0xA8, 0x52, 0x88, 0x52, 0x68, 0x52, 0x47, 0x4A, 0x47, 0x4A, 0x07, 0x4A, 0xC6, 0x41, 0xA5, 0x39,
    0x85, 0x39, 0x64, 0x31, 0x44, 0x31, 0x03, 0x29, 0x03, 0x29, 0x03, 0x29, 0xC2, 0x28, 0xC2, 0x28,
    0xC3, 0x28, 0xE3, 0x28, 0xE3, 0x28, 0xC3, 0x28, 0xC2, 0x20, 0xC2, 0x20, 0xC3, 0x20, 0xC3, 0x20,
    0xE3, 0x28, 0xE3, 0x28, 0xE3, 0x28, 0xE3, 0x28, 0xE3, 0x20, 0xE2, 0x20, 0x03, 0x29, 0x03, 0x29,
    0x24, 0x29, 0x44, 0x31, 0x64, 0x39, 0x85, 0x39, 0xC5, 0x39, 0xE6, 0x41, 0xE6, 0x41, 0x06, 0x42,
    0x27, 0x4A, 0x47, 0x4A, 0x68, 0x52, 0x88, 0x52, 0x88, 0x52, 0x88, 0x52, 0x88, 0x52, 0x88, 0x52,
    0x68, 0x52, 0x68, 0x52, 0x68, 0x52, 0x88, 0x52, 0x68, 0x52, 0x68, 0x4A, 0x69, 0x52, 0x69, 0x52,
    0x69, 0x52, 0x69, 0x52, 0x69, 0x52, 0x69, 0x52, 0x68, 0x4A, 0x68, 0x4A, 0x68, 0x4A, 0x47, 0x4A,
    0x68, 0x4A, 0x68, 0x4A, 0x68, 0x4A, 0x88, 0x52, 0x88, 0x52, 0xA9, 0x52, 0xA9, 0x52, 0xA9, 0x5A,
    0xCA, 0x5A, 0xCA, 0x5A, 0xCA, 0x5A, 0xCA, 0x5A, 0xCA, 0x5A, 0xCA, 0x5A, 0xCA, 0x5A, 0xCA, 0x5A,
    0xCA, 0x5A, 0xCA, 0x5A, 0xCA, 0x5A, 0xCA, 0x5A, 0xCA, 0x5A, 0xCA, 0x5A, 0xCA, 0x5A, 0xCA, 0x5A,
    0xCA, 0x5A, 0x2B, 0x63, 0xCA, 0x5A, 0xCA, 0x5A, 0xEA, 0x5A, 0xCA, 0x5A, 0xC9, 0x5A, 0xC9, 0x5A,
    0xC9, 0x5A, 0xC9, 0x5A, 0xC9, 0x5A, 0xC9, 0x5A, 0xC9, 0x5A, 0xEA, 0x5A, 0xEA, 0x62, 0xEA, 0x62,
    0x0A, 0x63, 0x0A, 0x63, 0x0B, 0x63, 0x2B, 0x63, 0x2B, 0x6B, 0x4B, 0x6B, 0x4B, 0x6B, 0x4B, 0x6B,
    0x6B, 0x6B, 0x6C, 0x73, 0x8C, 0x73, 0x8C, 0x73, 0x8C, 0x73, 0x6C, 0x73, 0x6B, 0x6B, 0x4B, 0x6B,
    0x2B, 0x6B, 0x2B, 0x6B, 0x4B, 0x6B, 0x6C, 0x73, 0x8C, 0x73, 0x2F, 0x8C, 0x74, 0xAD, 0x57, 0xCE,
    0x57, 0xCE, 0x16, 0xC6, 0x16, 0xC6, 0x16, 0xC6, 0x16, 0xC6, 0x16, 0xC6, 0x36, 0xC6, 0x37, 0xCE,
    0x37, 0xCE, 0x37, 0xC6, 0x36, 0xC6, 0x16, 0xC6, 0x16, 0xC6, 0x16, 0xC6, 0x16, 0xC6, 0xF6, 0xC5,
    0xD5, 0xBD, 0xB5, 0xBD, 0xB5, 0xBD, 0xB5, 0xBD, 0x74, 0xB5, 0x74, 0xAD, 0x73, 0xAD, 0x53, 0xAD,
    0x79, 0xCE, 0x79, 0xCE, 0x99, 0xCE, 0x99, 0xD6, 0x99, 0xD6, 0x79, 0xCE, 0x78, 0xCE, 0x57, 0xC6,
    0x37, 0xC6, 0x17, 0xC6, 0x17, 0xC6, 0x17, 0xC6, 0x17, 0xC6, 0x37, 0xC6, 0x37, 0xC6, 0x37, 0xC6,
    0x37, 0xCE, 0x57, 0xCE, 0x57, 0xCE, 0x38, 0xCE, 0x58, 0xCE, 0x79, 0xCE, 0x99, 0xCE, 0x99, 0xD6,
    0x99, 0xD6, 0x99, 0xD6, 0x99, 0xD6, 0xBA, 0xD6, 0x99, 0xD6, 0x99, 0xD6, 0xB9, 0xD6, 0x79, 0xCE,
    0x79, 0xCE, 0x79, 0xCE, 0x58, 0xCE, 0x38, 0xC6, 0x37, 0xC6, 0xD6, 0xBD, 0xD6, 0xB5, 0xB6, 0xB5,
    0xB6, 0xB5, 0x95, 0xB5, 0x74, 0xAD, 0x95, 0xAD, 0xB5, 0xB5, 0x54, 0xAD, 0x13, 0xA5, 0x12, 0x9D,
    0x13, 0xA5, 0x91, 0x94, 0x50, 0x8C, 0x0E, 0x84, 0xAD, 0x7B, 0xAD, 0x73, 0x8C, 0x73, 0x8C, 0x73,
    0x4B, 0x6B, 0x0A, 0x63, 0x2A, 0x63, 0x2B, 0x63, 0x2B, 0x63, 0x2B, 0x63, 0x2A, 0x63, 0x2A, 0x63,
    0x2B, 0x63, 0x2B, 0x6B, 0x2B, 0x6B, 0x4B, 0x6B, 0x4B, 0x6B, 0x4B, 0x6B, 0x4B, 0x6B, 0x4B, 0x6B,
    0x4B, 0x6B, 0x4B, 0x6B, 0x2B, 0x6B, 0x4B, 0x6B, 0x6C, 0x73, 0x8C, 0x73, 0xAD, 0x7B, 0xCD, 0x7B,
    0xCD, 0x7B, 0xCD, 0x7B, 0xEE, 0x7B, 0xEE, 0x83, 0xEE, 0x83, 0x0E, 0x84, 0x0E, 0x84, 0x2F, 0x84,
    0x0F, 0x84, 0x0F, 0x84, 0x0E, 0x84, 0x0E, 0x84, 0x0E, 0x84, 0x0E, 0x84, 0xEE, 0x83, 0xED, 0x7B,
    0xCD, 0x7B, 0xCD, 0x7B, 0xAD, 0x7B, 0x8C, 0x73, 0x8C, 0x73, 0x8C, 0x73, 0x8C, 0x73, 0x8C, 0x73,
    0x6C, 0x73, 0x6B, 0x6B, 0x4B, 0x6B, 0x2B, 0x6B, 0x2B, 0x63, 0x0A, 0x63, 0x0A, 0x63, 0x0A, 0x63,
    0x0A, 0x63, 0x0A, 0x63, 0x0A, 0x63, 0x0A, 0x63, 0x0A, 0x63, 0x0A, 0x63, 0xEA, 0x62, 0xEA, 0x62,
    0xEA, 0x5A, 0xEA, 0x5A, 0xEA, 0x5A, 0xEA, 0x62, 0xEA, 0x62, 0xEA, 0x62, 0x0A, 0x63, 0x2A, 0x63,
    0x2A, 0x63, 0x2A, 0x63, 0x2A, 0x63, 0x2B, 0x63, 0x2B, 0x6B, 0x2B, 0x6B, 0x2B, 0x6B, 0x4B, 0x6B,
    0x4B, 0x6B, 0x4B, 0x6B, 0x4B, 0x6B, 0x4C, 0x6B, 0x4C, 0x6B, 0x4C, 0x6B, 0x6B, 0x6B, 0x6B, 0x6B,
    0x6B, 0x6B, 0x6B, 0x6B, 0x4B, 0x6B, 0x4B, 0x6B, 0x2B, 0x6B, 0x2A, 0x63, 0x0A, 0x63, 0x0A, 0x63,
    0xEA, 0x62, 0xEA, 0x62, 0xEA, 0x62, 0xEA, 0x5A, 0xE9, 0x5A, 0xE9, 0x5A, 0xC9, 0x5A, 0xC9, 0x5A,
    0xC9, 0x5A, 0xC9, 0x5A, 0xC9, 0x5A, 0xC9, 0x5A, 0xC9, 0x5A, 0xC9, 0x5A, 0xA9, 0x5A, 0xA9, 0x5A,
    0xA8, 0x52, 0x88, 0x52, 0x68, 0x4A, 0x47, 0x4A, 0x47, 0x4A, 0x27, 0x4A, 0xE6, 0x41, 0xE6, 0x41,
    0x85, 0x39, 0x64, 0x31, 0x44, 0x31, 0x03, 0x29, 0x03, 0x29, 0x23, 0x29, 0xC2, 0x28, 0xC2, 0x28,
    0xE3, 0x28, 0xE3, 0x28, 0xE3, 0x28, 0xC3, 0x20, 0xC3, 0x20, 0xC3, 0x20, 0xC3, 0x20, 0xC3, 0x20,
    0xE3, 0x20, 0xE3, 0x20, 0x03, 0x21, 0x03, 0x21, 0xE2, 0x20, 0xC2, 0x20, 0xE3, 0x20, 0x23, 0x29,
    0x44, 0x31, 0x64, 0x31, 0x64, 0x39, 0x85, 0x39, 0xC5, 0x39, 0xE6, 0x41, 0x06, 0x42, 0x06, 0x42,
    0x27, 0x4A, 0x47, 0x4A, 0x68, 0x52, 0x68, 0x52, 0x68, 0x52, 0x68, 0x52, 0x68, 0x52, 0x68, 0x52,
    0x68, 0x52, 0x68, 0x4A, 0x68, 0x52, 0x68, 0x4A, 0x68, 0x4A, 0x68, 0x4A, 0x69, 0x52, 0x69, 0x52,
    0x69, 0x52, 0x69, 0x52, 0x69, 0x52, 0x89, 0x52, 0x89, 0x52, 0x89, 0x52, 0x68, 0x52, 0x47, 0x4A,
    0x68, 0x4A, 0x68, 0x4A, 0x68, 0x4A, 0x68, 0x4A, 0x88, 0x52, 0x88, 0x52, 0xA9, 0x52, 0xA9, 0x5A,
    0xA9, 0x5A, 0xCA, 0x5A, 0xCA, 0x5A, 0xAA, 0x5A, 0xAA, 0x5A, 0xCA, 0x5A, 0xCA, 0x5A, 0xCA, 0x5A,
    0xCA, 0x5A, 0xCA, 0x5A, 0xAA, 0x5A, 0xA9, 0x52, 0xA9, 0x52, 0xA9, 0x52, 0xA9, 0x52, 0xA9, 0x52,
    0xCA, 0x5A, 0xCA, 0x5A, 0xCA, 0x5A, 0xCA, 0x5A, 0xCA, 0x5A, 0xCA, 0x5A, 0xCA, 0x5A, 0xC9, 0x5A,
    0xC9, 0x5A, 0xC9, 0x5A, 0xC9, 0x5A, 0xC9, 0x5A, 0xC9, 0x5A, 0xEA, 0x62, 0xEA, 0x62, 0xEA, 0x62,
    0xEA, 0x62, 0x0A, 0x63, 0x0B, 0x63, 0x2B, 0x63, 0x2B, 0x6B, 0x4B, 0x6B, 0x4B, 0x6B, 0x4B, 0x6B,
    0x6B, 0x6B, 0x6C, 0x73, 0x8C, 0x73, 0x8C, 0x73, 0x8C, 0x73, 0x6C, 0x73, 0x6C, 0x6B, 0x4B, 0x6B,
    0x0A, 0x63, 0xE9, 0x5A, 0xEA, 0x62, 0x2B, 0x6B, 0x0B, 0x63, 0x0A, 0x63, 0xEE, 0x7B, 0xF2, 0xA4,
    0xF5, 0xBD, 0x57, 0xCE, 0x16, 0xC6, 0x16, 0xC6, 0x16, 0xC6, 0x16, 0xC6, 0x36, 0xC6, 0x37, 0xCE,
    0x37, 0xCE, 0x37, 0xC6, 0x36, 0xC6, 0x16, 0xC6, 0x16, 0xC6, 0x16, 0xC6, 0x16, 0xC6, 0x16, 0xC6,
    0x16, 0xC6, 0x16, 0xC6, 0x16, 0xC6, 0x16, 0xC6, 0xF6, 0xC5, 0xD5, 0xBD, 0xB4, 0xB5, 0xB4, 0xB5,
    0x79, 0xCE, 0x78, 0xCE, 0x78, 0xCE, 0x78, 0xCE, 0x78, 0xCE, 0x58, 0xCE, 0x37, 0xC6, 0x16, 0xBE,
    0xF6, 0xBD, 0xF6, 0xBD, 0xF6, 0xBD, 0x16, 0xC6, 0x16, 0xC6, 0x16, 0xC6, 0x17, 0xC6, 0x37, 0xCE,
    0x58, 0xCE, 0x58, 0xCE, 0x58, 0xCE, 0x58, 0xCE, 0x78, 0xCE, 0x99, 0xD6, 0xB9, 0xD6, 0x99, 0xD6,
    0xB9, 0xD6, 0xB9, 0xD6, 0x99, 0xD6, 0x99, 0xD6, 0x78, 0xCE, 0x58, 0xCE, 0x58, 0xC6, 0x17, 0xC6,
    0x17, 0xC6, 0x17, 0xC6, 0x17, 0xC6, 0x17, 0xC6, 0x37, 0xC6, 0x17, 0xC6, 0x17, 0xC6, 0x17, 0xC6,
    0x17, 0xC6, 0x17, 0xBE, 0x17, 0xC6, 0x17, 0xC6, 0x17, 0xC6, 0xD6, 0xBD, 0x75, 0xAD, 0x33, 0xA5,
    0x12, 0xA5, 0x91, 0x94, 0x4F, 0x8C, 0x0E, 0x84, 0xAD, 0x7B, 0x8C, 0x73, 0x8C, 0x73, 0x8C, 0x73,
    0x8C, 0x73, 0x2B, 0x6B, 0x4B, 0x6B, 0x4B, 0x6B, 0x2B, 0x6B, 0x2B, 0x6B, 0x2B, 0x6B, 0x2B, 0x6B,
    0x2B, 0x6B, 0x2B, 0x6B, 0x2B, 0x6B, 0x4B, 0x6B, 0x4B, 0x6B, 0x4B, 0x6B, 0x4B, 0x6B, 0x4B, 0x6B,
    0x4B, 0x6B, 0x4B, 0x6B, 0x4B, 0x6B, 0x4B, 0x6B, 0x6C, 0x6B, 0x8C, 0x73, 0xAD, 0x7B, 0xCD, 0x7B,
    0xCD, 0x7B, 0xCD, 0x7B, 0xEE, 0x83, 0x0E, 0x84, 0x0E, 0x84, 0x0E, 0x84, 0x0E, 0x84, 0x2F, 0x84,
    0x0F, 0x84, 0x0E, 0x84, 0x0E, 0x84, 0x0E, 0x84, 0x0E, 0x84, 0xEE, 0x83, 0x0E, 0x84, 0xEE, 0x83,
    0xCD, 0x7B, 0xCD, 0x7B, 0xAD, 0x7B, 0xAD, 0x7B, 0xAC, 0x73, 0xAC, 0x73, 0x8C, 0x73, 0x8C, 0x73,
    0x6C, 0x73, 0x4B, 0x6B, 0x2B, 0x6B, 0x2A, 0x63, 0x0A, 0x63, 0x0A, 0x63, 0x0A, 0x63, 0x0A, 0x63,
    0x0A, 0x63, 0x0A, 0x63, 0x0B, 0x63, 0x0B, 0x63, 0x0B, 0x63, 0x0A, 0x63, 0x0A, 0x63, 0xEA, 0x62,
    0xE9, 0x5A, 0xE9, 0x5A, 0xEA, 0x62, 0xEA, 0x62, 0x0A, 0x63, 0x0A, 0x63, 0x0A, 0x63, 0x2B, 0x63,
    0x2B, 0x63, 0x2B, 0x63, 0x2B, 0x63, 0x2B, 0x6B, 0x2B, 0x6B, 0x2B, 0x6B, 0x2B, 0x6B, 0x4B, 0x6B,
    0x2B, 0x6B, 0x2B, 0x6B, 0x4B, 0x6B, 0x4B, 0x6B, 0x4B, 0x6B, 0x4C, 0x6B, 0x4B, 0x6B, 0x4B, 0x6B,
    0x6C, 0x6B, 0x6C, 0x6B, 0x6B, 0x6B, 0x4B, 0x6B, 0x2B, 0x6B, 0x0A, 0x63, 0x0A, 0x63, 0xEA, 0x62,
    0xEA, 0x62, 0xEA, 0x5A, 0xC9, 0x5A, 0xC9, 0x5A, 0xC9, 0x5A, 0xC9, 0x5A, 0xC9, 0x5A, 0xC9, 0x5A,
    0xC9, 0x5A, 0xC9, 0x5A, 0xC9, 0x5A, 0xC9, 0x5A, 0xC9, 0x5A, 0xC9, 0x5A, 0xC9, 0x5A, 0xA9, 0x5A,
    0x88, 0x52, 0x88, 0x52, 0x68, 0x52, 0x47, 0x4A, 0x47, 0x4A, 0x27, 0x4A, 0x06, 0x42, 0xE6, 0x41,
    0xA5, 0x39, 0x64, 0x31, 0x44, 0x31, 0x23, 0x29, 0x03, 0x29, 0x03, 0x29, 0xE3, 0x28, 0xE3, 0x28,
    0xE3, 0x28, 0xE3, 0x28, 0xE3, 0x20, 0xC2, 0x20, 0xC3, 0x20, 0xC3, 0x20, 0xC3, 0x20, 0xC3, 0x20,
    0xC3, 0x20, 0xC3, 0x20, 0xC3, 0x20, 0xC3, 0x20, 0xC2, 0x20, 0xE2, 0x20, 0xE3, 0x20, 0x03, 0x29,
    0x23, 0x29, 0x64, 0x31, 0x64, 0x39, 0xA5, 0x39, 0xC5, 0x41, 0xE6, 0x41, 0xE6, 0x41, 0x06, 0x42,
    0x27, 0x4A, 0x27, 0x4A, 0x47, 0x4A, 0x47, 0x4A, 0x47, 0x4A, 0x48, 0x4A, 0x48, 0x4A, 0x48, 0x4A,
    0x48, 0x4A, 0x48, 0x4A, 0x48, 0x4A, 0x48, 0x4A, 0x68, 0x4A, 0x68, 0x4A, 0x69, 0x52, 0x69, 0x52,
    0x69, 0x52, 0x69, 0x52, 0x69, 0x52, 0x69, 0x52, 0x89, 0x52, 0x89, 0x52, 0x68, 0x4A, 0x48, 0x4A,
    0x48, 0x4A, 0x68, 0x4A, 0x68, 0x4A, 0x68, 0x4A, 0x68, 0x52, 0x68, 0x52, 0x88, 0x52, 0x89, 0x52,
    0x89, 0x52, 0xA9, 0x5A, 0xA9, 0x5A, 0xAA, 0x5A, 0xAA, 0x5A, 0xCA, 0x5A, 0xCA, 0x5A, 0xCA, 0x5A,
    0xCA, 0x5A, 0xAA, 0x5A, 0xA9, 0x52, 0x89, 0x52, 0x89, 0x52, 0x89, 0x52, 0x89, 0x52, 0x89, 0x52,
    0xA9, 0x52, 0xA9, 0x52, 0xA9, 0x52, 0xC9, 0x5A, 0xCA, 0x5A, 0xC9, 0x5A, 0xA9, 0x5A, 0xC9, 0x5A,
    0xC9, 0x5A, 0xC9, 0x5A, 0xC9, 0x5A, 0xC9, 0x5A, 0xCA, 0x5A, 0xEA, 0x62, 0x0A, 0x63, 0x0A, 0x63,
    0x0A, 0x63, 0x0B, 0x63, 0x0B, 0x63, 0x0B, 0x63, 0x2B, 0x63, 0x2B, 0x6B, 0x2B, 0x6B, 0x4B, 0x6B,
    0x6B, 0x6B, 0x6C, 0x73, 0x8C, 0x73, 0x8C, 0x73, 0x8C, 0x73, 0x8C, 0x73, 0x6C, 0x6B, 0x6C, 0x6B,
    0x4B, 0x6B, 0xEA, 0x62, 0xC9, 0x5A, 0xA9, 0x5A, 0xA9, 0x52, 0xC9, 0x5A, 0xEA, 0x62, 0x4B, 0x6B,
    0xB1, 0x9C, 0xF6, 0xC5, 0x16, 0xC6, 0x36, 0xC6, 0x36, 0xC6, 0x36, 0xC6, 0x36, 0xC6, 0x36, 0xC6,
    0x36, 0xC6, 0x16, 0xC6, 0x36, 0xC6, 0x16, 0xC6, 0x16, 0xC6, 0x16, 0xC6, 0x16, 0xC6, 0x16, 0xC6,
    0x16, 0xC6, 0x16, 0xC6, 0x16, 0xC6, 0x16, 0xC6, 0x16, 0xC6, 0x16, 0xC6, 0xF6, 0xBD, 0xF6, 0xBD,
    0x37, 0xC6, 0x37, 0xC6, 0x37, 0xC6, 0x17, 0xC6, 0x17, 0xC6, 0x17, 0xC6, 0x17, 0xC6, 0x17, 0xC6,
    0x16, 0xC6, 0x17, 0xC6, 0x37, 0xCE, 0x57, 0xCE, 0x57, 0xCE, 0x57, 0xCE, 0x58, 0xCE, 0x78, 0xCE,
    0x78, 0xD6, 0x78, 0xD6, 0x78, 0xD6, 0x78, 0xD6, 0x79, 0xD6, 0x99, 0xD6, 0x99, 0xD6, 0x79, 0xD6,
    0x79, 0xCE, 0x79, 0xCE, 0x58, 0xCE, 0x38, 0xC6, 0x37, 0xC6, 0x37, 0xC6, 0x37, 0xC6, 0xF6, 0xBD,
    0xF6, 0xBD, 0xF6, 0xBD, 0x17, 0xC6, 0x38, 0xC6, 0x58, 0xCE, 0x38, 0xC6, 0x38, 0xC6, 0x58, 0xC6,
    0x17, 0xC6, 0x17, 0xC6, 0x99, 0xD6, 0x79, 0xCE, 0xF7, 0xC5, 0xF6, 0xBD, 0xB5, 0xB5, 0x33, 0xAD,
    0xF2, 0x9C, 0xB1, 0x94, 0x4F, 0x8C, 0xEE, 0x83, 0xCD, 0x7B, 0x8C, 0x73, 0x8C, 0x73, 0x8C, 0x73,
    0x8C, 0x73, 0x6C, 0x6B, 0x6C, 0x73, 0x6B, 0x6B, 0x4B, 0x6B, 0x4B, 0x6B, 0x4B, 0x6B, 0x4B, 0x6B,
    0x4B, 0x6B, 0x4B, 0x6B, 0x4B, 0x6B, 0x4B, 0x6B, 0x4B, 0x6B, 0x4B, 0x6B, 0x4B, 0x6B, 0x4B, 0x6B,
    0x4B, 0x6B, 0x4B, 0x6B, 0x4B, 0x6B, 0x4B, 0x6B, 0x4B, 0x6B, 0x6C, 0x73, 0xAD, 0x7B, 0xCD, 0x7B,
    0xCD, 0x7B, 0xED, 0x7B, 0x0E, 0x84, 0x0E, 0x84, 0x0E, 0x84, 0x0E, 0x84, 0x0E, 0x84, 0x2E, 0x84,
    0x0F, 0x84, 0x0E, 0x84, 0x0E, 0x84, 0x0E, 0x84, 0x0E, 0x84, 0xEE, 0x83, 0xCD, 0x7B, 0xCD, 0x7B,
    0xCD, 0x7B, 0xCD, 0x7B, 0xCD, 0x7B, 0xAD, 0x7B, 0xAC, 0x73, 0xAC, 0x73, 0x8C, 0x73, 0x8C, 0x73,
    0x6C, 0x73, 0x4B, 0x6B, 0x2B, 0x6B, 0x0A, 0x63, 0x0A, 0x63, 0x0A, 0x63, 0x0A, 0x63, 0x0B, 0x63,
    0x0B, 0x63, 0x0B, 0x63, 0x0B, 0x63, 0x0B, 0x63, 0x0B, 0x63, 0x0A, 0x63, 0x0A, 0x63, 0xEA, 0x62,
    0xEA, 0x62, 0xEA, 0x5A, 0xEA, 0x62, 0x0A, 0x63, 0x0A, 0x63, 0x2A, 0x63, 0x2A, 0x63, 0x2B, 0x63,
    0x2B, 0x63, 0x2B, 0x63, 0x2B, 0x63, 0x2B, 0x6B, 0x2B, 0x6B, 0x2B, 0x6B, 0x2B, 0x6B, 0x4B, 0x6B,
    0x2B, 0x6B, 0x2B, 0x6B, 0x4B, 0x6B, 0x4B, 0x6B, 0x4B, 0x6B, 0x4C, 0x6B, 0x4B, 0x6B, 0x4B, 0x6B,
    0x6C, 0x6B, 0x6C, 0x6B, 0x4B, 0x6B, 0x4B, 0x6B, 0x2B, 0x63, 0x0A, 0x63, 0xEA, 0x62, 0xE9, 0x5A,
    0xE9, 0x5A, 0xC9, 0x5A, 0xC9, 0x5A, 0xC9, 0x5A, 0xC9, 0x5A, 0xC9, 0x5A, 0xC9, 0x5A, 0xC9, 0x5A,
    0xC9, 0x5A, 0xC9, 0x5A, 0xC9, 0x5A, 0xC9, 0x5A, 0xC9, 0x5A, 0xA9, 0x5A, 0xA9, 0x5A, 0x88, 0x52,
    0x88, 0x52, 0x88, 0x52, 0x68, 0x52, 0x47, 0x4A, 0x47, 0x4A, 0x27, 0x4A, 0x06, 0x42, 0xE6, 0x41,
    0xC5, 0x41, 0x84, 0x39, 0x64, 0x31, 0x44, 0x31, 0x23, 0x31, 0x03, 0x29, 0x23, 0x29, 0x03, 0x29,
    0x03, 0x29, 0xE3, 0x28, 0xC2, 0x20, 0xC2, 0x20, 0xC3, 0x20, 0xC3, 0x20, 0xC3, 0x20, 0xC3, 0x20,
    0xC3, 0x20, 0xC3, 0x20, 0xC3, 0x20, 0xC3, 0x20, 0xC2, 0x20, 0xE2, 0x20, 0x03, 0x29, 0x03, 0x21,
    0x23, 0x29, 0x64, 0x31, 0xA5, 0x39, 0xC5, 0x41, 0xE6, 0x41, 0xE6, 0x41, 0xE6, 0x41, 0x06, 0x42,
    0x27, 0x4A, 0x27, 0x4A, 0x27, 0x4A, 0x27, 0x4A, 0x27, 0x4A, 0x27, 0x4A, 0x27, 0x4A, 0x27, 0x4A,
    0x27, 0x4A, 0x27, 0x4A, 0x27, 0x4A, 0x48, 0x4A, 0x48, 0x4A, 0x48, 0x4A, 0x68, 0x4A, 0x68, 0x4A,
    0x68, 0x4A, 0x48, 0x4A, 0x68, 0x4A, 0x48, 0x4A, 0x48, 0x4A, 0x48, 0x4A, 0x48, 0x4A, 0x48, 0x4A,
    0x48, 0x4A, 0x48, 0x4A, 0x48, 0x4A, 0x48, 0x4A, 0x68, 0x52, 0x68, 0x52, 0x68, 0x52, 0x88, 0x52,
    0x88, 0x52, 0x89, 0x52, 0x89, 0x52, 0x89, 0x52, 0x89, 0x52, 0xA9, 0x52, 0xA9, 0x52, 0xA9, 0x52,
    0x89, 0x52, 0x89, 0x52, 0x89, 0x52, 0x89, 0x52, 0x89, 0x52, 0x89, 0x52, 0x89, 0x52, 0x89, 0x52,
    0x89, 0x52, 0x89, 0x52, 0x89, 0x52, 0xA9, 0x5A, 0xA9, 0x5A, 0xA9, 0x52, 0xA9, 0x52, 0xA9, 0x5A,
    0xAA, 0x5A, 0xA9, 0x5A, 0xC9, 0x5A, 0xC9, 0x5A, 0xCA, 0x5A, 0xEA, 0x62, 0x0A, 0x63, 0x0A, 0x63,
    0x0A, 0x63, 0x0B, 0x63, 0x0B, 0x63, 0x0B, 0x63, 0x2B, 0x63, 0x2B, 0x63, 0x2B, 0x6B, 0x4B, 0x6B,
    0x6B, 0x6B, 0x6C, 0x73, 0x8C, 0x73, 0x8C, 0x73, 0x8C, 0x73, 0x8C, 0x73, 0x6C, 0x73, 0x6C, 0x6B,
    0x4B, 0x6B, 0x0A, 0x63, 0xA9, 0x5A, 0x88, 0x52, 0x68, 0x52, 0x89, 0x52, 0x89, 0x52, 0x88, 0x52,
    0xAD, 0x7B, 0xD1, 0x9C, 0x53, 0xAD, 0xB5, 0xBD, 0xB5, 0xBD, 0xB5, 0xBD, 0xF6, 0xBD, 0x16, 0xC6,
    0x16, 0xC6, 0x16, 0xC6, 0x16, 0xC6, 0x16, 0xC6, 0x16, 0xC6, 0x16, 0xC6, 0x16, 0xC6, 0x16, 0xC6,
    0x16, 0xC6, 0x16, 0xC6, 0x16, 0xC6, 0x16, 0xC6, 0x16, 0xBE, 0xF6, 0xBD, 0xF6, 0xBD, 0xF6, 0xBD,
    0xF6, 0xBD, 0x16, 0xBE, 0x16, 0xC6, 0x16, 0xC6, 0x17, 0xC6, 0x37, 0xC6, 0x57, 0xCE, 0x58, 0xCE,
    0x58, 0xCE, 0x78, 0xCE, 0x78, 0xCE, 0x78, 0xCE, 0x78, 0xD6, 0x98, 0xD6, 0x98, 0xD6, 0x78, 0xD6,
    0x78, 0xCE, 0x99, 0xD6, 0x99, 0xD6, 0x99, 0xD6, 0x98, 0xD6, 0x78, 0xCE, 0x37, 0xCE, 0x37, 0xC6,
    0x37, 0xC6, 0x37, 0xC6, 0x17, 0xC6, 0xF7, 0xBD, 0xF6, 0xBD, 0x16, 0xC6, 0x37, 0xC6, 0x58, 0xC6,
    0x58, 0xC6, 0x57, 0xC6, 0x58, 0xCE, 0x78, 0xCE, 0x78, 0xCE, 0x38, 0xC6, 0x38, 0xC6, 0x17, 0xC6,
    0xB6, 0xB5, 0xF7, 0xBD, 0xBA, 0xD6, 0xBA, 0xD6, 0xF6, 0xBD, 0xD6, 0xBD, 0xB5, 0xB5, 0x33, 0xA5,
    0xD1, 0x9C, 0xB1, 0x94, 0x70, 0x8C, 0x0E, 0x84, 0xEE, 0x7B, 0xAD, 0x7B, 0x8C, 0x73, 0x8C, 0x73,
    0x8C, 0x73, 0x8C, 0x73, 0x8C, 0x73, 0x8C, 0x73, 0x6B, 0x73, 0x6B, 0x73, 0x6C, 0x73, 0x6C, 0x73,
    0x6C, 0x73, 0x4B, 0x6B, 0x4B, 0x6B, 0x4B, 0x6B, 0x4B, 0x6B, 0x4B, 0x6B, 0x4B, 0x6B, 0x2B, 0x6B,
    0x2B, 0x63, 0x2B, 0x63, 0x2B, 0x6B, 0x4B, 0x6B, 0x4B, 0x6B, 0x6C, 0x73, 0xAD, 0x7B, 0xCD, 0x7B,
    0xCD, 0x7B, 0xEE, 0x83, 0x0E, 0x84, 0x0E, 0x84, 0x0E, 0x84, 0x0E, 0x84, 0x0E, 0x84, 0x2E, 0x84,
    0x0E, 0x84, 0x0E, 0x84, 0x0E, 0x84, 0x0E, 0x84, 0x0E, 0x84, 0xEE, 0x7B, 0xCD, 0x7B, 0xCD, 0x7B,
    0xCD, 0x7B, 0xCD, 0x7B, 0xAD, 0x7B, 0xAD, 0x7B, 0xAD, 0x73, 0xAD, 0x73, 0x8C, 0x73, 0x8C, 0x73,
    0x6C, 0x73, 0x4B, 0x6B, 0x2B, 0x6B, 0x2A, 0x63, 0x0A, 0x63, 0x2A, 0x63, 0x2A, 0x63, 0x0B, 0x63,
    0x0B, 0x63, 0x0B, 0x63, 0x2B, 0x63, 0x2B, 0x63, 0x0B, 0x63, 0x0B, 0x63, 0x0B, 0x63, 0x0A, 0x63,
    0x0A, 0x63, 0x0A, 0x63, 0xEA, 0x62, 0x0A, 0x63, 0x2B, 0x63, 0x2B, 0x63, 0x2B, 0x63, 0x2B, 0x63,
    0x2B, 0x63, 0x2B, 0x63, 0x2B, 0x63, 0x2B, 0x6B, 0x2B, 0x6B, 0x2B, 0x6B, 0x2B, 0x6B, 0x4B, 0x6B,
    0x2B, 0x6B, 0x2B, 0x6B, 0x4B, 0x6B, 0x4B, 0x6B, 0x4B, 0x6B, 0x4B, 0x6B, 0x4B, 0x6B, 0x4B, 0x6B,
    0x6B, 0x6B, 0x4B, 0x6B, 0x4B, 0x6B, 0x2B, 0x6B, 0x0A, 0x63, 0xEA, 0x62, 0xE9, 0x5A, 0xC9, 0x5A,
    0xC9, 0x5A, 0xC9, 0x5A, 0xC9, 0x5A, 0xC9, 0x5A, 0xC9, 0x5A, 0xC9, 0x5A, 0xC9, 0x5A, 0xC9, 0x5A,
    0xC9, 0x5A, 0xA9, 0x5A, 0xA9, 0x5A, 0xA9, 0x52, 0xA9, 0x52, 0xA9, 0x5A, 0x88, 0x52, 0x88, 0x52,
    0x68, 0x52, 0x68, 0x52, 0x68, 0x4A, 0x47, 0x4A, 0x47, 0x4A, 0x27, 0x4A, 0x06, 0x42, 0xE6, 0x41,
    0xE6, 0x41, 0xA5, 0x39, 0x64, 0x31, 0x64, 0x31, 0x23, 0x31, 0x23, 0x29, 0x23, 0x29, 0x03, 0x29,
    0x03, 0x29, 0xE3, 0x28, 0xC2, 0x20, 0xC2, 0x20, 0xC3, 0x20, 0xC3, 0x20, 0xC3, 0x20, 0xC3, 0x20,
    0xC3, 0x20, 0xC3, 0x20, 0xC3, 0x20, 0xC3, 0x20, 0xE2, 0x20, 0xE2, 0x20, 0x03, 0x29, 0x02, 0x21,
    0x23, 0x29, 0x64, 0x31, 0xC6, 0x41, 0xE6, 0x41, 0xE6, 0x41, 0xE6, 0x41, 0xE6, 0x41, 0x06, 0x42,
    0x27, 0x4A, 0x27, 0x4A, 0x27, 0x4A, 0x27, 0x4A, 0x27, 0x4A, 0x27, 0x4A, 0x27, 0x4A, 0x27, 0x4A,
    0x27, 0x4A, 0x27, 0x4A, 0x27, 0x4A, 0x47, 0x4A, 0x47, 0x4A, 0x48, 0x4A, 0x48, 0x4A, 0x48, 0x4A,
    0x48, 0x4A, 0x27, 0x42, 0x28, 0x4A, 0x48, 0x4A, 0x48, 0x4A, 0x48, 0x4A, 0x48, 0x4A, 0x28, 0x4A,
    0x28, 0x4A, 0x27, 0x4A, 0x47, 0x4A, 0x48, 0x4A, 0x48, 0x4A, 0x68, 0x4A, 0x68, 0x52, 0x68, 0x4A,
    0x68, 0x52, 0x88, 0x52, 0x89, 0x52, 0x89, 0x52, 0x89, 0x52, 0x69, 0x52, 0x69, 0x52, 0x69, 0x52,
    0x89, 0x52, 0x89, 0x52, 0x69, 0x52, 0x68, 0x4A, 0x68, 0x52, 0x69, 0x52, 0x89, 0x52, 0x89, 0x52,
    0x89, 0x52, 0x89, 0x52, 0xA9, 0x52, 0x89, 0x52, 0x89, 0x52, 0xA9, 0x52, 0xA9, 0x52, 0xA9, 0x5A,
    0xA9, 0x5A, 0xA9, 0x5A, 0xC9, 0x5A, 0xC9, 0x5A, 0xEA, 0x5A, 0xEA, 0x62, 0x0B, 0x63, 0x0B, 0x63,
    0x0B, 0x63, 0x0B, 0x63, 0x0B, 0x63, 0x0B, 0x63, 0x2B, 0x63, 0x2B, 0x63, 0x2B, 0x6B, 0x4B, 0x6B,
    0x6B, 0x6B, 0x6C, 0x73, 0x8C, 0x73, 0x8C, 0x73, 0x8C, 0x73, 0x8C, 0x73, 0x8C, 0x73, 0x6C, 0x73,
    0x4C, 0x6B, 0x0B, 0x63, 0xC9, 0x5A, 0x88, 0x52, 0x68, 0x52, 0x68, 0x4A, 0x47, 0x4A, 0x27, 0x42,
    0x88, 0x52, 0xCD, 0x7B, 0x12, 0xA5, 0x74, 0xB5, 0x74, 0xB5, 0x74, 0xB5, 0x94, 0xB5, 0xD5, 0xBD,
    0x16, 0xC6, 0x36, 0xC6, 0x36, 0xC6, 0x36, 0xC6, 0x16, 0xC6, 0x16, 0xBE, 0x16, 0xC6, 0x16, 0xBE,
    0x16, 0xBE, 0x16, 0xC6, 0x16, 0xC6, 0x16, 0xBE, 0x16, 0xC6, 0xF6, 0xBD, 0xF6, 0xBD, 0xF6, 0xBD,
    0x37, 0xC6, 0x36, 0xC6, 0x37, 0xC6, 0x37, 0xC6, 0x37, 0xCE, 0x37, 0xCE, 0x57, 0xCE, 0x78, 0xCE,
    0x78, 0xCE, 0x78, 0xD6, 0x98, 0xD6, 0xB9, 0xD6, 0x99, 0xD6, 0x98, 0xD6, 0x98, 0xD6, 0x78, 0xD6,
    0x58, 0xCE, 0x57, 0xCE, 0x78, 0xCE, 0x57, 0xCE, 0x17, 0xC6, 0x16, 0xC6, 0xF6, 0xBD, 0xF6, 0xBD,
    0xF6, 0xBD, 0xF6, 0xBD, 0xF6, 0xBD, 0x16, 0xC6, 0x16, 0xC6, 0x37, 0xC6, 0x57, 0xC6, 0x78, 0xCE,
    0x78, 0xCE, 0x98, 0xCE, 0x98, 0xCE, 0x78, 0xCE, 0x58, 0xCE, 0x37, 0xC6, 0x38, 0xC6, 0xF7, 0xBD,
    0xD6, 0xBD, 0x58, 0xCE, 0xDA, 0xDE, 0xBA, 0xD6, 0x38, 0xCE, 0xB5, 0xB5, 0xB5, 0xB5, 0x74, 0xAD,
    0x13, 0xA5, 0xD1, 0x9C, 0x70, 0x94, 0x2F, 0x84, 0x0E, 0x84, 0xED, 0x7B, 0xAD, 0x7B, 0xAD, 0x7B,
    0xAC, 0x7B, 0x8C, 0x73, 0x8C, 0x73, 0x8C, 0x73, 0x8C, 0x73, 0x8C, 0x73, 0x8C, 0x73, 0x8C, 0x73,
    0x6C, 0x73, 0x6C, 0x73, 0x4B, 0x6B, 0x4B, 0x6B, 0x4B, 0x6B, 0x4B, 0x6B, 0x2B, 0x6B, 0x2B, 0x6B,
    0x2B, 0x6B, 0x4B, 0x6B, 0x4B, 0x6B, 0x4B, 0x6B, 0x4B, 0x6B, 0x6C, 0x73, 0xAD, 0x7B, 0xCD, 0x7B,
    0xCD, 0x7B, 0xCD, 0x7B, 0xCD, 0x7B, 0xEE, 0x83, 0xEE, 0x83, 0x0E, 0x84, 0x0E, 0x84, 0x0E, 0x84,
    0x0E, 0x84, 0x0E, 0x84, 0x0E, 0x84, 0x0E, 0x84, 0xEE, 0x83, 0xCD, 0x7B, 0xCD, 0x7B, 0xCD, 0x7B,
    0xCD, 0x7B, 0xAD, 0x7B, 0xAD, 0x7B, 0xAD, 0x7B, 0xAC, 0x73, 0x8C, 0x73, 0x8C, 0x73, 0x6C, 0x73,
    0x6C, 0x6B, 0x4B, 0x6B, 0x2B, 0x6B, 0x2B, 0x63, 0x2B, 0x63, 0x2B, 0x63, 0x2B, 0x63, 0x2B, 0x63,
    0x0B, 0x63, 0x0B, 0x63, 0x2B, 0x63, 0x2B, 0x63, 0x0B, 0x63, 0x0A, 0x63, 0x0A, 0x63, 0x0A, 0x63,
    0x0A, 0x63, 0x0A, 0x63, 0x0A, 0x63, 0x0A, 0x63, 0x2A, 0x63, 0x2A, 0x63, 0x2A, 0x63, 0x2A, 0x63,
    0x2B, 0x63, 0x2B, 0x63, 0x2B, 0x63, 0x2B, 0x6B, 0x2B, 0x6B, 0x2B, 0x6B, 0x2B, 0x6B, 0x4B, 0x6B,
    0x4B, 0x6B, 0x2B, 0x6B, 0x2B, 0x6B, 0x4B, 0x6B, 0x4B, 0x6B, 0x4B, 0x6B, 0x4B, 0x6B, 0x4B, 0x6B,
    0x4B, 0x6B, 0x4B, 0x6B, 0x2B, 0x63, 0x0A, 0x63, 0xEA, 0x62, 0xE9, 0x5A, 0xC9, 0x5A, 0xC9, 0x5A,
    0xE9, 0x5A, 0xC9, 0x5A, 0xC9, 0x5A, 0xC9, 0x5A, 0xC9, 0x5A, 0xC9, 0x5A, 0xC9, 0x5A, 0xC9, 0x5A,
    0xC9, 0x5A, 0xA9, 0x5A, 0xA9, 0x52, 0x89, 0x52, 0x88, 0x52, 0x88, 0x52, 0x68, 0x52, 0x68, 0x52,
    0x68, 0x52, 0x68, 0x52, 0x68, 0x4A, 0x47, 0x4A, 0x47, 0x4A, 0x27, 0x4A, 0x06, 0x42, 0x06, 0x42,
    0xE6, 0x41, 0xC6, 0x41, 0xA5, 0x39, 0x84, 0x31, 0x64, 0x31, 0x44, 0x31, 0x43, 0x31, 0x23, 0x29,
    0xE3, 0x20, 0xE2, 0x20, 0xE2, 0x20, 0xC2, 0x20, 0xC3, 0x20, 0xC3, 0x20, 0xC3, 0x20, 0xC3, 0x20,
    0xC3, 0x20, 0xC3, 0x20, 0xC2, 0x20, 0xE3, 0x20, 0xE3, 0x28, 0xE3, 0x20, 0x03, 0x29, 0x03, 0x29,
    0x44, 0x31, 0xA5, 0x39, 0xC6, 0x41, 0xE6, 0x41, 0xE6, 0x41, 0xE6, 0x41, 0xE6, 0x41, 0xE6, 0x41,
    0x27, 0x4A, 0x27, 0x4A, 0x27, 0x4A, 0x27, 0x4A, 0x27, 0x4A, 0x27, 0x4A, 0x27, 0x4A, 0x27, 0x4A,
    0x27, 0x4A, 0x27, 0x4A, 0x27, 0x4A, 0x27, 0x42, 0x27, 0x42, 0x27, 0x42, 0x27, 0x42, 0x27, 0x42,
    0x27, 0x42, 0x27, 0x42, 0x07, 0x42, 0x07, 0x42, 0x27, 0x42, 0x27, 0x42, 0x27, 0x42, 0x28, 0x4A,
    0x28, 0x4A, 0x28, 0x4A, 0x27, 0x4A, 0x48, 0x4A, 0x48, 0x4A, 0x48, 0x4A, 0x48, 0x4A, 0x68, 0x4A,
    0x68, 0x4A, 0x68, 0x52, 0x69, 0x52, 0x69, 0x4A, 0x48, 0x4A, 0x48, 0x4A, 0x48, 0x4A, 0x48, 0x4A,
    0x68, 0x4A, 0x68, 0x4A, 0x48, 0x4A, 0x48, 0x4A, 0x68, 0x4A, 0x68, 0x52, 0x89, 0x52, 0x89, 0x52,
    0x89, 0x52, 0x89, 0x52, 0x89, 0x52, 0xA9, 0x52, 0x89, 0x52, 0xA9, 0x52, 0xCA, 0x5A, 0xCA, 0x5A,
    0xCA, 0x5A, 0xC9, 0x5A, 0xC9, 0x5A, 0xC9, 0x5A, 0xEA, 0x62, 0x0A, 0x63, 0x0B, 0x63, 0x0B, 0x63,
    0x0B, 0x63, 0x0B, 0x63, 0x0B, 0x63, 0x2B, 0x63, 0x2B, 0x63, 0x2B, 0x63, 0x2B, 0x6B, 0x4B, 0x6B,
    0x6B, 0x6B, 0x6C, 0x73, 0x8C, 0x73, 0x8C, 0x73, 0x8C, 0x73, 0x8C, 0x73, 0x8C, 0x73, 0x6C, 0x73,
    0x4B, 0x6B, 0x0A, 0x63, 0xA9, 0x5A, 0x68, 0x52, 0x48, 0x4A, 0x27, 0x4A, 0x07, 0x42, 0xE6, 0x39,
    0xC6, 0x39, 0xEA, 0x5A, 0x53, 0xAD, 0xF6, 0xC5, 0xB5, 0xBD, 0x74, 0xB5, 0x53, 0xAD, 0x33, 0xAD,
    0x74, 0xB5, 0xD5, 0xBD, 0xF6, 0xBD, 0xF5, 0xBD, 0x16, 0xC6, 0x57, 0xC6, 0x37, 0xC6, 0x16, 0xBE,
    0xF6, 0xBD, 0xF6, 0xBD, 0xF6, 0xBD, 0xF6, 0xBD, 0xF6, 0xBD, 0xF6, 0xBD, 0xF6, 0xBD, 0xF6, 0xBD,
    0x37, 0xC6, 0x56, 0xC6, 0x37, 0xC6, 0x37, 0xC6, 0x37, 0xC6, 0x37, 0xCE, 0x57, 0xCE, 0x77, 0xCE,
    0x78, 0xCE, 0x98, 0xD6, 0xD9, 0xDE, 0xD9, 0xDE, 0xB9, 0xDE, 0xB9, 0xD6, 0x78, 0xD6, 0x78, 0xCE,
    0x57, 0xCE, 0x36, 0xC6, 0xF6, 0xBD, 0xD5, 0xBD, 0xD5, 0xBD, 0xD5, 0xBD, 0xF6, 0xBD, 0x17, 0xC6,
    0x17, 0xC6, 0x17, 0xC6, 0x37, 0xC6, 0x57, 0xCE, 0x58, 0xCE, 0x78, 0xCE, 0x98, 0xCE, 0x78, 0xCE,
    0x78, 0xCE, 0x78, 0xCE, 0x78, 0xCE, 0x78, 0xCE, 0x38, 0xC6, 0x37, 0xC6, 0x17, 0xC6, 0xF6, 0xBD,
    0x38, 0xC6, 0xDA, 0xDE, 0xFA, 0xDE, 0x79, 0xD6, 0x78, 0xCE, 0xF6, 0xBD, 0xD6, 0xBD, 0x95, 0xB5,
    0x33, 0xAD, 0xD1, 0x9C, 0x50, 0x8C, 0x2E, 0x84, 0x0E, 0x84, 0xEE, 0x83, 0xCD, 0x7B, 0xCD, 0x7B,
    0xCD, 0x7B, 0x8C, 0x73, 0x8C, 0x73, 0x8C, 0x73, 0x8C, 0x73, 0x8C, 0x73, 0x8C, 0x73, 0x8C, 0x73,
    0x8C, 0x73, 0x6C, 0x73, 0x4B, 0x6B, 0x4B, 0x6B, 0x4B, 0x6B, 0x4B, 0x6B, 0x2B, 0x6B, 0x2B, 0x6B,
    0x6C, 0x6B, 0x8C, 0x73, 0xAD, 0x7B, 0xAD, 0x7B, 0xAD, 0x7B, 0xAD, 0x7B, 0xCD, 0x7B, 0xCD, 0x7B,
    0xCD, 0x7B, 0xCD, 0x7B, 0xAD, 0x7B, 0xCD, 0x7B, 0xEE, 0x83, 0x0E, 0x84, 0x0E, 0x84, 0x0E, 0x84,
    0x0E, 0x84, 0x0E, 0x84, 0x0E, 0x84, 0xEE, 0x83, 0xEE, 0x83, 0xCD, 0x7B, 0xCD, 0x7B, 0xCD, 0x7B,
    0xCD, 0x7B, 0xAD, 0x7B, 0xAD, 0x7B, 0xAC, 0x73, 0x8C, 0x73, 0x8C, 0x73, 0x6C, 0x73, 0x6C, 0x73,
    0x6B, 0x6B, 0x4B, 0x6B, 0x2B, 0x6B, 0x2B, 0x6B, 0x2B, 0x6B, 0x2B, 0x6B, 0x2B, 0x63, 0x2B, 0x63,
    0x0B, 0x63, 0x0B, 0x63, 0x2B, 0x63, 0x2B, 0x63, 0x0B, 0x63, 0x0A, 0x63, 0x0A, 0x63, 0x0A, 0x63,
    0x0A, 0x63, 0x0A, 0x63, 0x0A, 0x63, 0x0A, 0x63, 0x0A, 0x63, 0x2A, 0x63, 0x2A, 0x63, 0x2A, 0x63,
    0x2B, 0x63, 0x2B, 0x63, 0x2B, 0x63, 0x2B, 0x6B, 0x2B, 0x6B, 0x2B, 0x6B, 0x2B, 0x6B, 0x4B, 0x6B,
    0x4B, 0x6B, 0x2B, 0x6B, 0x2B, 0x6B, 0x4B, 0x6B, 0x4B, 0x6B, 0x4B, 0x6B, 0x2B, 0x6B, 0x2B, 0x6B,
    0x2B, 0x6B, 0x2A, 0x63, 0x0A, 0x63, 0x0A, 0x63, 0xEA, 0x62, 0xC9, 0x5A, 0xC9, 0x5A, 0xC9, 0x5A,
    0xC9, 0x5A, 0xC9, 0x5A, 0xC9, 0x5A, 0xC9, 0x5A, 0xC9, 0x5A, 0xC9, 0x5A, 0xC9, 0x5A, 0xA9, 0x5A,
    0xA9, 0x5A, 0xA9, 0x52, 0x88, 0x52, 0x88, 0x52, 0x88, 0x52, 0x88, 0x52, 0x68, 0x52, 0x48, 0x4A,
    0x48, 0x4A, 0x48, 0x4A, 0x68, 0x4A, 0x47, 0x4A, 0x47, 0x4A, 0x27, 0x42, 0x07, 0x42, 0x07, 0x42,
    0x07, 0x42, 0xE6, 0x41, 0xC6, 0x39, 0xA5, 0x39, 0x85, 0x31, 0x64, 0x31, 0x64, 0x31, 0x43, 0x31,
    0x03, 0x29, 0xC2, 0x20, 0xC2, 0x20, 0xE2, 0x20, 0xC3, 0x20, 0xC3, 0x20, 0xC3, 0x20, 0xC3, 0x20,
    0xC3, 0x20, 0xC3, 0x20, 0xC3, 0x20, 0xE3, 0x20, 0x03, 0x29, 0x03, 0x29, 0x23, 0x29, 0x43, 0x29,
    0x85, 0x31, 0xC5, 0x39, 0xC5, 0x39, 0xE6, 0x41, 0xE6, 0x41, 0xE6, 0x41, 0xE6, 0x41, 0xE6, 0x41,
    0xE6, 0x41, 0xE6, 0x41, 0x06, 0x42, 0x06, 0x42, 0x06, 0x42, 0x07, 0x42, 0x07, 0x42, 0x07, 0x42,
    0x07, 0x42, 0x07, 0x42, 0x07, 0x42, 0x07, 0x42, 0x07, 0x42, 0x07, 0x42, 0x07, 0x42, 0x07, 0x42,
    0x07, 0x42, 0x07, 0x42, 0xE7, 0x41, 0xE7, 0x39, 0xE7, 0x41, 0xE7, 0x41, 0x07, 0x42, 0x07, 0x42,
    0x07, 0x42, 0x27, 0x4A, 0x48, 0x4A, 0x48, 0x4A, 0x48, 0x4A, 0x48, 0x4A, 0x48, 0x4A, 0x48, 0x4A,
    0x48, 0x4A, 0x68, 0x4A, 0x68, 0x4A, 0x48, 0x4A, 0x48, 0x4A, 0x48, 0x4A, 0x28, 0x42, 0x28, 0x42,
    0x48, 0x4A, 0x48, 0x4A, 0x28, 0x4A, 0x28, 0x4A, 0x48, 0x4A, 0x68, 0x4A, 0x88, 0x52, 0x88, 0x52,
    0x89, 0x52, 0x89, 0x52, 0x89, 0x52, 0xA9, 0x52, 0xA9, 0x52, 0xA9, 0x52, 0xCA, 0x5A, 0xCA, 0x5A,
    0xEA, 0x5A, 0xEA, 0x62, 0xEA, 0x62, 0xEA, 0x5A, 0xEA, 0x62, 0x0A, 0x63, 0x0B, 0x63, 0x0B, 0x63,
    0x0B, 0x63, 0x0B, 0x63, 0x0B, 0x63, 0x2B, 0x63, 0x2B, 0x63, 0x2B, 0x63, 0x2B, 0x6B, 0x4B, 0x6B,
    0x6B, 0x6B, 0x8C, 0x73, 0x8C, 0x73, 0x8C, 0x73, 0x8C, 0x73, 0x8C, 0x73, 0x6C, 0x73, 0x4C, 0x6B,
    0x2B, 0x6B, 0xEA, 0x62, 0xA9, 0x5A, 0x68, 0x52, 0x48, 0x4A, 0x07, 0x42, 0xC6, 0x39, 0xA6, 0x39,
    0x23, 0x29, 0xE6, 0x41, 0x33, 0xAD, 0x78, 0xCE, 0x17, 0xC6, 0x16, 0xC6, 0xD5, 0xBD, 0x94, 0xB5,
    0x74, 0xB5, 0x53, 0xAD, 0x53, 0xAD, 0x73, 0xAD, 0x94, 0xB5, 0xD5, 0xBD, 0xF6, 0xBD, 0x16, 0xC6,
    0x16, 0xC6, 0xF6, 0xBD, 0xF6, 0xBD, 0xF6, 0xBD, 0xF6, 0xBD, 0xF6, 0xBD, 0xF6, 0xBD, 0xF6, 0xBD,
    0x37, 0xC6, 0x56, 0xC6, 0x37, 0xC6, 0x37, 0xC6, 0x37, 0xC6, 0x37, 0xC6, 0x57, 0xCE, 0x77, 0xCE,
    0x57, 0xCE, 0x37, 0xCE, 0x37, 0xCE, 0x37, 0xCE, 0x37, 0xCE, 0x17, 0xC6, 0x16, 0xC6, 0xF6, 0xBD,
    0xD5, 0xBD, 0xF6, 0xBD, 0xD5, 0xBD, 0xB5, 0xB5, 0xD5, 0xBD, 0x16, 0xC6, 0x37, 0xCE, 0x58, 0xCE,
    0x58, 0xCE, 0x58, 0xCE, 0x78, 0xCE, 0x58, 0xCE, 0x78, 0xCE, 0x78, 0xCE, 0x78, 0xCE, 0x78, 0xCE,
    0x58, 0xCE, 0x57, 0xCE, 0x57, 0xCE, 0x57, 0xC6, 0x37, 0xC6, 0x37, 0xC6, 0x17, 0xC6, 0x17, 0xBE,
    0xBA, 0xD6, 0x1B, 0xE7, 0xBA, 0xD6, 0x99, 0xD6, 0x58, 0xCE, 0xF7, 0xC5, 0xD6, 0xBD, 0x33, 0xAD,
    0xF2, 0x9C, 0x91, 0x94, 0x2F, 0x8C, 0x2E, 0x84, 0x0E, 0x84, 0xEE, 0x83, 0xCD, 0x7B, 0xCD, 0x7B,
    0xCD, 0x7B, 0x8C, 0x73, 0x8C, 0x73, 0x8C, 0x73, 0x8C, 0x73, 0x8C, 0x73, 0x8C, 0x73, 0x8C, 0x73,
    0x8C, 0x73, 0x8C, 0x73, 0x6C, 0x73, 0x6B, 0x6B, 0x6B, 0x6B, 0x6C, 0x73, 0x6C, 0x73, 0x6C, 0x73,
    0x8C, 0x73, 0xAD, 0x7B, 0xAD, 0x7B, 0xCD, 0x7B, 0xCD, 0x7B, 0xAD, 0x7B, 0xAD, 0x7B, 0x8C, 0x73,
    0x8C, 0x73, 0x8C, 0x73, 0x8C, 0x73, 0xAD, 0x7B, 0xCD, 0x7B, 0x0E, 0x84, 0x0E, 0x84, 0x0E, 0x84,
    0x0E, 0x84, 0x0E, 0x84, 0x0E, 0x84, 0xEE, 0x83, 0xED, 0x7B, 0xCD, 0x7B, 0xAD, 0x7B, 0xAD, 0x7B,
    0xAD, 0x7B, 0xAD, 0x7B, 0xAD, 0x7B, 0x8C, 0x73, 0x8C, 0x73, 0x6C, 0x73, 0x6C, 0x73, 0x6C, 0x73,
    0x6B, 0x6B, 0x4B, 0x6B, 0x2B, 0x6B, 0x2B, 0x6B, 0x2B, 0x6B, 0x2B, 0x6B, 0x2B, 0x6B, 0x0B, 0x63,
    0x0B, 0x63, 0x0B, 0x63, 0x2B, 0x63, 0x2B, 0x63, 0x0B, 0x63, 0x0A, 0x63, 0x0A, 0x63, 0x0A, 0x63,
    0x0A, 0x63, 0x0A, 0x63, 0x0A, 0x63, 0xEA, 0x62, 0x0A, 0x63, 0x0A, 0x63, 0x2A, 0x63, 0x2A, 0x63,
    0x2B, 0x63, 0x2B, 0x63, 0x2B, 0x63, 0x2B, 0x6B, 0x2B, 0x6B, 0x2B, 0x6B, 0x2B, 0x6B, 0x4B, 0x6B,
    0x4B, 0x6B, 0x2B, 0x6B, 0x2B, 0x6B, 0x4B, 0x6B, 0x2B, 0x6B, 0x2B, 0x6B, 0x2B, 0x6B, 0x2B, 0x63,
    0x2A, 0x63, 0x0A, 0x63, 0xEA, 0x62, 0xEA, 0x62, 0xEA, 0x62, 0xC9, 0x5A, 0xC9, 0x5A, 0xC9, 0x5A,
    0xA9, 0x5A, 0xA9, 0x5A, 0xA9, 0x5A, 0xA9, 0x5A, 0xA9, 0x5A, 0xA9, 0x5A, 0xA9, 0x52, 0x88, 0x52,
    0x88, 0x52, 0x88, 0x52, 0x68, 0x52, 0x68, 0x52, 0x68, 0x52, 0x68, 0x52, 0x48, 0x4A, 0x47, 0x4A,
    0x47, 0x4A, 0x47, 0x4A, 0x47, 0x4A, 0x27, 0x4A, 0x27, 0x4A, 0x07, 0x42, 0x07, 0x42, 0x07, 0x42,
    0x07, 0x42, 0x07, 0x42, 0x06, 0x42, 0xA5, 0x39, 0xA5, 0x39, 0x85, 0x31, 0x84, 0x31, 0x64, 0x31,
    0x24, 0x29, 0x03, 0x21, 0xE3, 0x20, 0xE2, 0x20, 0xC2, 0x20, 0xC3, 0x20, 0xC3, 0x20, 0xC3, 0x20,
    0xC3, 0x20, 0xC3, 0x20, 0xE3, 0x28, 0xE3, 0x20, 0x03, 0x29, 0x44, 0x29, 0x44, 0x31, 0x64, 0x31,
    0xA5, 0x39, 0xA5, 0x39, 0xA5, 0x39, 0xE6, 0x41, 0xE6, 0x41, 0xE6, 0x41, 0xE6, 0x41, 0xE6, 0x41,
    0xE6, 0x41, 0xE6, 0x41, 0xE6, 0x41, 0xE6, 0x41, 0xE6, 0x41, 0xE6, 0x41, 0xE7, 0x41, 0xE7, 0x41,
    0xE7, 0x41, 0xE7, 0x41, 0xE7, 0x41, 0xE7, 0x41, 0xE7, 0x41, 0xE7, 0x41, 0xE7, 0x41, 0xE7, 0x39,
    0xE7, 0x41, 0xE7, 0x41, 0xE6, 0x39, 0xE6, 0x39, 0xE6, 0x39, 0xE6, 0x39, 0xE7, 0x41, 0xE7, 0x41,
    0x07, 0x42, 0x07, 0x42, 0x27, 0x4A, 0x27, 0x4A, 0x27, 0x4A, 0x48, 0x4A, 0x48, 0x4A, 0x48, 0x4A,
    0x48, 0x4A, 0x48, 0x4A, 0x48, 0x4A, 0x48, 0x4A, 0x28, 0x4A, 0x48, 0x4A, 0x28, 0x4A, 0x27, 0x42,
    0x28, 0x4A, 0x28, 0x4A, 0x27, 0x42, 0x28, 0x42, 0x48, 0x4A, 0x68, 0x4A, 0x68, 0x52, 0x88, 0x52,
    0x89, 0x52, 0x89, 0x52, 0x89, 0x52, 0xA9, 0x52, 0xA9, 0x52, 0xAA, 0x52, 0xCA, 0x5A, 0xCA, 0x5A,
    0xEA, 0x5A, 0x0A, 0x63, 0x0A, 0x63, 0xEA, 0x62, 0xEA, 0x62, 0x0A, 0x63, 0x0B, 0x63, 0x0B, 0x63,
    0x0B, 0x63, 0x0B, 0x63, 0x0B, 0x63, 0x2B, 0x63, 0x2B, 0x63, 0x2B, 0x63, 0x2B, 0x6B, 0x4B, 0x6B,
    0x6C, 0x73, 0x8C, 0x73, 0x8C, 0x73, 0x8C, 0x73, 0xAC, 0x73, 0x8C, 0x73, 0x6C, 0x73, 0x2B, 0x6B,
    0x2B, 0x63, 0xEA, 0x62, 0xA9, 0x5A, 0x68, 0x52, 0x48, 0x4A, 0x48, 0x4A, 0x27, 0x4A, 0x07, 0x42,
    0x44, 0x29, 0x23, 0x29, 0x0F, 0x84, 0xF6, 0xC5, 0x17, 0xC6, 0x37, 0xCE, 0x36, 0xC6, 0x16, 0xC6,
    0xF5, 0xBD, 0xB5, 0xBD, 0x53, 0xAD, 0x53, 0xAD, 0x73, 0xAD, 0x73, 0xAD, 0x74, 0xAD, 0xB5, 0xB5,
    0xF6, 0xBD, 0xF6, 0xBD, 0xF6, 0xBD, 0xF6, 0xBD, 0xF6, 0xBD, 0xF6, 0xBD, 0xF6, 0xBD, 0xF6, 0xBD,
    0x37, 0xC6, 0x37, 0xC6, 0x37, 0xC6, 0x37, 0xC6, 0x37, 0xC6, 0x37, 0xC6, 0x36, 0xC6, 0x16, 0xC6,
    0xF6, 0xC5, 0xF5, 0xBD, 0xD5, 0xBD, 0xB5, 0xB5, 0xB4, 0xB5, 0xB4, 0xB5, 0x94, 0xB5, 0xB4, 0xB5,
    0xD5, 0xB5, 0xF6, 0xBD, 0xF6, 0xBD, 0x16, 0xBE, 0x16, 0xC6, 0x57, 0xCE, 0x57, 0xCE, 0x57, 0xCE,
    0x57, 0xCE, 0x58, 0xCE, 0x78, 0xCE, 0x78, 0xCE, 0x58, 0xCE, 0x58, 0xCE, 0x58, 0xCE, 0x57, 0xCE,
    0x57, 0xCE, 0x37, 0xCE, 0x37, 0xC6, 0x37, 0xC6, 0x17, 0xC6, 0xF6, 0xBD, 0x17, 0xC6, 0x38, 0xC6,
    0xFB, 0xDE, 0xFB, 0xE6, 0x79, 0xD6, 0x37, 0xC6, 0xD6, 0xBD, 0xB5, 0xB5, 0x94, 0xB5, 0xF2, 0x9C,
    0xB1, 0x94, 0x91, 0x94, 0x70, 0x8C, 0x2F, 0x8C, 0x0E, 0x84, 0x0E, 0x84, 0xED, 0x7B, 0xCD, 0x7B,
    0xAD, 0x7B, 0xAC, 0x73, 0xAC, 0x73, 0xAC, 0x73, 0x8C, 0x73, 0x8C, 0x73, 0x8C, 0x73, 0x8C, 0x73,
    0x8C, 0x73, 0x8C, 0x73, 0x8C, 0x73, 0x8C, 0x73, 0x8C, 0x73, 0x8C, 0x73, 0x8C, 0x73, 0x8C, 0x73,
    0x8C, 0x73, 0x8C, 0x73, 0x8C, 0x73, 0x8C, 0x73, 0x6C, 0x73, 0x4B, 0x6B, 0x4B, 0x6B, 0x4B, 0x6B,
    0x4B, 0x6B, 0x6C, 0x6B, 0x6C, 0x73, 0xAD, 0x7B, 0xEE, 0x83, 0x0E, 0x84, 0x0E, 0x84, 0x0E, 0x84,
    0xEE, 0x83, 0xEE, 0x83, 0xEE, 0x83, 0xED, 0x7B, 0xCD, 0x7B, 0xAD, 0x7B, 0xAD, 0x7B, 0xAD, 0x7B,
    0xAD, 0x7B, 0xAD, 0x7B, 0xAC, 0x73, 0x8C, 0x73, 0x8C, 0x73, 0x6C, 0x6B, 0x6C, 0x6B, 0x6C, 0x73,
    0x4B, 0x6B, 0x4B, 0x6B, 0x4B, 0x6B, 0x2B, 0x6B, 0x2B, 0x6B, 0x2A, 0x63, 0x0A, 0x63, 0x0A, 0x63,
    0x0A, 0x63, 0x0A, 0x63, 0x0A, 0x63, 0x0A, 0x63, 0x0A, 0x63, 0xEA, 0x62, 0xEA, 0x62, 0xEA, 0x62,
    0xEA, 0x62, 0xEA, 0x62, 0x0A, 0x63, 0xEA, 0x62, 0xEA, 0x62, 0xEA, 0x62, 0x0A, 0x63, 0x0A, 0x63,
    0x2A, 0x63, 0x2B, 0x63, 0x2B, 0x63, 0x2B, 0x63, 0x2B, 0x6B, 0x2B, 0x6B, 0x2B, 0x6B, 0x2B, 0x6B,
    0x2B, 0x6B, 0x2B, 0x6B, 0x2B, 0x6B, 0x2B, 0x6B, 0x2B, 0x63, 0x2B, 0x63, 0x2A, 0x63, 0x0A, 0x63,
    0x0A, 0x63, 0x0A, 0x63, 0xEA, 0x62, 0xEA, 0x5A, 0xE9, 0x5A, 0xC9, 0x5A, 0xA9, 0x5A, 0xA9, 0x5A,
    0xA9, 0x52, 0xA9, 0x5A, 0xA9, 0x5A, 0x88, 0x52, 0x88, 0x52, 0x88, 0x52, 0x88, 0x52, 0x68, 0x52,
    0x68, 0x52, 0x68, 0x4A, 0x48, 0x4A, 0x48, 0x4A, 0x48, 0x4A, 0x68, 0x4A, 0x47, 0x4A, 0x47, 0x4A,
    0x47, 0x4A, 0x47, 0x4A, 0x47, 0x4A, 0x27, 0x4A, 0x27, 0x4A, 0x07, 0x42, 0x07, 0x42, 0x07, 0x42,
    0x27, 0x42, 0x27, 0x42, 0x06, 0x42, 0xC6, 0x39, 0x85, 0x31, 0x85, 0x31, 0x85, 0x31, 0x64, 0x31,
    0x44, 0x29, 0x23, 0x29, 0x03, 0x21, 0xE3, 0x20, 0xC2, 0x20, 0xC2, 0x20, 0xC2, 0x20, 0xC2, 0x20,
    0xC3, 0x20, 0xE3, 0x20, 0x03, 0x21, 0xE3, 0x20, 0x03, 0x21, 0x44, 0x29, 0x64, 0x31, 0x84, 0x31,
    0xA5, 0x31, 0xA5, 0x39, 0xC5, 0x39, 0xE6, 0x41, 0xE6, 0x41, 0xE6, 0x41, 0xE6, 0x41, 0xE6, 0x41,
    0x06, 0x42, 0xE6, 0x41, 0xC5, 0x41, 0xC5, 0x39, 0xC6, 0x39, 0xC6, 0x39, 0xC6, 0x39, 0xC6, 0x39,
    0xE6, 0x39, 0xE6, 0x39, 0xE7, 0x39, 0xE6, 0x39, 0xE6, 0x39, 0xE7, 0x39, 0xE6, 0x39, 0xE6, 0x39,
    0xE7, 0x39, 0xE7, 0x39, 0xE6, 0x39, 0xE6, 0x39, 0xE7, 0x39, 0xE7, 0x39, 0xE7, 0x41, 0xE7, 0x41,
    0xE7, 0x41, 0x07, 0x42, 0x27, 0x42, 0x28, 0x42, 0x28, 0x4A, 0x28, 0x4A, 0x47, 0x4A, 0x48, 0x4A,
    0x47, 0x4A, 0x47, 0x4A, 0x48, 0x4A, 0x48, 0x4A, 0x28, 0x4A, 0x48, 0x4A, 0x28, 0x4A, 0x28, 0x4A,
    0x28, 0x42, 0x28, 0x42, 0x27, 0x42, 0x28, 0x42, 0x48, 0x4A, 0x68, 0x4A, 0x68, 0x52, 0x88, 0x52,
    0x88, 0x52, 0x89, 0x52, 0x89, 0x52, 0x89, 0x52, 0xA9, 0x52, 0xA9, 0x5A, 0xCA, 0x5A, 0xCA, 0x5A,
    0xCA, 0x5A, 0xEA, 0x62, 0xEA, 0x62, 0xEA, 0x62, 0xEA, 0x62, 0x0A, 0x63, 0x0A, 0x63, 0x0A, 0x63,
    0x2A, 0x63, 0x0B, 0x63, 0x0B, 0x63, 0x0B, 0x63, 0x2B, 0x63, 0x2B, 0x63, 0x2B, 0x6B, 0x6B, 0x6B,
    0x6C, 0x73, 0x8C, 0x73, 0x8C, 0x73, 0x8C, 0x73, 0x8C, 0x73, 0xAC, 0x73, 0x6C, 0x6B, 0x2B, 0x63,
    0x4B, 0x6B, 0x2B, 0x63, 0xCA, 0x5A, 0x89, 0x52, 0x68, 0x4A, 0x27, 0x42, 0x27, 0x42, 0x27, 0x42,
    0xA6, 0x39, 0xA5, 0x31, 0xEA, 0x5A, 0x12, 0xA5, 0x16, 0xC6, 0x17, 0xC6, 0x37, 0xC6, 0x17, 0xC6,
    0x16, 0xC6, 0xF6, 0xC5, 0xD5, 0xBD, 0xB5, 0xB5, 0x74, 0xAD, 0x33, 0xA5, 0x12, 0xA5, 0x53, 0xAD,
    0x94, 0xB5, 0xB5, 0xB5, 0xD6, 0xBD, 0xF6, 0xBD, 0xF6, 0xC5, 0xF6, 0xC5, 0x16, 0xC6, 0x16, 0xC6,
    0x16, 0xC6, 0x16, 0xC6, 0x16, 0xC6, 0x17, 0xC6, 0x37, 0xC6, 0x16, 0xC6, 0xF6, 0xBD, 0xD5, 0xBD,
    0xD5, 0xBD, 0xD5, 0xBD, 0xD5, 0xBD, 0xB5, 0xB5, 0xB5, 0xB5, 0xB5, 0xB5, 0xD5, 0xBD, 0x16, 0xBE,
    0x16, 0xC6, 0x16, 0xC6, 0x37, 0xC6, 0x37, 0xC6, 0x37, 0xC6, 0x57, 0xC6, 0x57, 0xC6, 0x57, 0xC6,
    0x57, 0xC6, 0x57, 0xCE, 0x57, 0xCE, 0x57, 0xCE, 0x57, 0xCE, 0x57, 0xCE, 0x57, 0xCE, 0x57, 0xCE,
    0x37, 0xC6, 0x37, 0xC6, 0x37, 0xC6, 0x17, 0xC6, 0x37, 0xC6, 0x17, 0xC6, 0xF7, 0xBD, 0x79, 0xCE,
    0x1B, 0xE7, 0xBA, 0xDE, 0x37, 0xC6, 0xF6, 0xBD, 0xB5, 0xBD, 0xD5, 0xBD, 0xB5, 0xBD, 0x33, 0xA5,
    0xB1, 0x94, 0x91, 0x94, 0x70, 0x8C, 0x4F, 0x8C, 0x0E, 0x84, 0x0E, 0x84, 0xED, 0x83, 0xCD, 0x7B,
    0xAD, 0x7B, 0xAD, 0x73, 0xAD, 0x73, 0xAC, 0x73, 0x8C, 0x73, 0x8C, 0x73, 0x8C, 0x73, 0x8C, 0x73,
    0xAC, 0x73, 0xAD, 0x7B, 0xAD, 0x7B, 0xAD, 0x7B, 0x8C, 0x73, 0x8C, 0x73, 0x6C, 0x73, 0x6C, 0x6B,
    0x6C, 0x73, 0x6C, 0x73, 0x4B, 0x6B, 0x4B, 0x6B, 0x4B, 0x6B, 0x4B, 0x6B, 0x4B, 0x6B, 0x4B, 0x6B,
    0x4B, 0x6B, 0x6C, 0x73, 0x8C, 0x73, 0xAC, 0x73, 0xCD, 0x7B, 0x0E, 0x84, 0x0E, 0x84, 0xEE, 0x83,
    0xCD, 0x7B, 0xCD, 0x7B, 0xCD, 0x7B, 0xCD, 0x7B, 0xCD, 0x7B, 0xCD, 0x7B, 0xAD, 0x7B, 0xAD, 0x7B,
    0xAD, 0x7B, 0xAD, 0x7B, 0xAC, 0x73, 0x8C, 0x73, 0x6C, 0x73, 0x4B, 0x6B, 0x6C, 0x6B, 0x6B, 0x6B,
    0x2B, 0x6B, 0x4B, 0x6B, 0x2B, 0x6B, 0x0A, 0x63, 0x0A, 0x63, 0x0A, 0x63, 0xEA, 0x5A, 0xEA, 0x5A,
    0xEA, 0x62, 0xEA, 0x62, 0xEA, 0x62, 0xEA, 0x62, 0xEA, 0x62, 0xE9, 0x5A, 0xE9, 0x5A, 0xE9, 0x5A,
    0xE9, 0x5A, 0xE9, 0x5A, 0xEA, 0x5A, 0xEA, 0x62, 0x0A, 0x63, 0x0A, 0x63, 0xEA, 0x62, 0xEA, 0x62,
    0x0A, 0x63, 0x0A, 0x63, 0x2A, 0x63, 0x2B, 0x63, 0x2B, 0x63, 0x2B, 0x63, 0x0A, 0x63, 0x0A, 0x63,
    0x0A, 0x63, 0x0A, 0x63, 0x0A, 0x63, 0x0A, 0x63, 0x0A, 0x63, 0x0A, 0x63, 0x0A, 0x63, 0xEA, 0x62,
    0xEA, 0x62, 0xEA, 0x62, 0xE9, 0x5A, 0xC9, 0x5A, 0xC9, 0x5A, 0xA9, 0x52, 0x88, 0x52, 0x88, 0x52,
    0x88, 0x52, 0x88, 0x52, 0x88, 0x52, 0x68, 0x52, 0x68, 0x52, 0x68, 0x52, 0x48, 0x52, 0x68, 0x4A,
    0x48, 0x4A, 0x48, 0x4A, 0x47, 0x4A, 0x27, 0x4A, 0x27, 0x4A, 0x27, 0x4A, 0x27, 0x4A, 0x27, 0x4A,
    0x27, 0x4A, 0x27, 0x4A, 0x27, 0x4A, 0x07, 0x42, 0x06, 0x42, 0x06, 0x42, 0x06, 0x42, 0x06, 0x42,
    0x06, 0x42, 0x06, 0x42, 0xE6, 0x41, 0xC6, 0x39, 0xA5, 0x39, 0x85, 0x31, 0x85, 0x31, 0x85, 0x31,
    0x64, 0x31, 0x24, 0x29, 0x03, 0x21, 0xE2, 0x20, 0xC2, 0x20, 0xC2, 0x18, 0xC2, 0x18, 0xC2, 0x20,
    0xC3, 0x20, 0xE3, 0x20, 0x03, 0x21, 0x03, 0x21, 0x03, 0x29, 0x44, 0x29, 0x64, 0x31, 0x84, 0x31,
    0x85, 0x31, 0xA5, 0x39, 0xA5, 0x39, 0xC6, 0x41, 0xE6, 0x41, 0xE6, 0x41, 0xE6, 0x41, 0xE6, 0x41,
    0xE6, 0x41, 0xC5, 0x41, 0xC5, 0x39, 0xA5, 0x39, 0xA5, 0x39, 0xA5, 0x39, 0xA5, 0x39, 0xA5, 0x39,
    0xA6, 0x39, 0xC6, 0x39, 0xE6, 0x39, 0xE6, 0x39, 0xE6, 0x39, 0xE7, 0x39, 0xE7, 0x39, 0xE7, 0x41,
    0xE7, 0x41, 0xE7, 0x39, 0xE7, 0x39, 0xE7, 0x39, 0xE7, 0x41, 0xE7, 0x41, 0xE7, 0x41, 0xE7, 0x41,
    0xE7, 0x41, 0x07, 0x42, 0x27, 0x42, 0x28, 0x42, 0x28, 0x4A, 0x28, 0x4A, 0x47, 0x4A, 0x47, 0x4A,
    0x47, 0x4A, 0x47, 0x4A, 0x28, 0x4A, 0x28, 0x4A, 0x28, 0x4A, 0x28, 0x42, 0x27, 0x42, 0x27, 0x42,
    0x27, 0x42, 0x27, 0x42, 0x27, 0x42, 0x27, 0x42, 0x47, 0x4A, 0x48, 0x4A, 0x68, 0x52, 0x88, 0x52,
    0x88, 0x52, 0x89, 0x52, 0x89, 0x52, 0x89, 0x52, 0xA9, 0x52, 0xA9, 0x5A, 0xCA, 0x5A, 0xCA, 0x5A,
    0xCA, 0x5A, 0xEA, 0x5A, 0xEA, 0x62, 0xEA, 0x62, 0xEA, 0x62, 0x0A, 0x63, 0x0A, 0x63, 0x0A, 0x63,
    0x2A, 0x63, 0x0B, 0x63, 0x0B, 0x63, 0x0B, 0x63, 0x2B, 0x63, 0x2B, 0x63, 0x2B, 0x6B, 0x6C, 0x6B,
    0x6C, 0x73, 0x8C, 0x73, 0xAC, 0x73, 0xAC, 0x73, 0xAC, 0x73, 0xAD, 0x73, 0x6C, 0x73, 0x2B, 0x63,
    0xEA, 0x5A, 0x0B, 0x63, 0xCA, 0x5A, 0x89, 0x52, 0xA9, 0x52, 0x48, 0x4A, 0x27, 0x42, 0x27, 0x42,
    0xE6, 0x39, 0xE6, 0x39, 0x48, 0x4A, 0x6C, 0x73, 0x13, 0xA5, 0xD5, 0xBD, 0x16, 0xC6, 0x16, 0xC6,
    0xF6, 0xC5, 0x16, 0xC6, 0x16, 0xC6, 0x16, 0xC6, 0xF6, 0xBD, 0xB5, 0xBD, 0xB5, 0xB5, 0x94, 0xB5,
    0x54, 0xAD, 0x13, 0xA5, 0x74, 0xAD, 0xB5, 0xB5, 0xD5, 0xBD, 0xD5, 0xBD, 0xD5, 0xBD, 0xF6, 0xC5,
    0xF6, 0xBD, 0xF6, 0xBD, 0xF6, 0xBD, 0xD6, 0xBD, 0xD5, 0xBD, 0xD5, 0xBD, 0xD5, 0xBD, 0xD5, 0xBD,
    0xD5, 0xBD, 0xD5, 0xBD, 0xD5, 0xBD, 0xF6, 0xC5, 0x16, 0xC6, 0x16, 0xC6, 0x37, 0xC6, 0x37, 0xC6,
    0x37, 0xC6, 0x37, 0xC6, 0x37, 0xC6, 0x37, 0xC6, 0x37, 0xC6, 0x37, 0xC6, 0x37, 0xC6, 0x57, 0xC6,
    0x57, 0xC6, 0x37, 0xC6, 0x37, 0xC6, 0x37, 0xC6, 0x37, 0xC6, 0x37, 0xC6, 0x37, 0xC6, 0x37, 0xC6,
    0x37, 0xC6, 0x37, 0xC6, 0x36, 0xC6, 0x37, 0xC6, 0x17, 0xC6, 0xF7, 0xC5, 0xF7, 0xC5, 0x1C, 0xE7,
    0x1B, 0xE7, 0x37, 0xC6, 0x78, 0xCE, 0xB9, 0xD6, 0x99, 0xD6, 0x37, 0xC6, 0x37, 0xC6, 0x94, 0xB5,
    0xD1, 0x9C, 0x90, 0x94, 0x70, 0x8C, 0x2F, 0x8C, 0x2E, 0x84, 0x0E, 0x84, 0xEE, 0x83, 0xCD, 0x7B,
    0xCD, 0x7B, 0xAD, 0x7B, 0xAD, 0x7B, 0xAD, 0x73, 0xAC, 0x73, 0xAD, 0x7B, 0xAD, 0x7B, 0xAD, 0x7B,
    0xAD, 0x7B, 0xAD, 0x7B, 0xAD, 0x7B, 0xAD, 0x7B, 0x8C, 0x73, 0x6C, 0x6B, 0x4B, 0x6B, 0x2B, 0x6B,
    0x2B, 0x6B, 0x2B, 0x6B, 0x2B, 0x63, 0x2A, 0x63, 0x2B, 0x6B, 0x4B, 0x6B, 0x4B, 0x6B, 0x4B, 0x6B,
    0x4B, 0x6B, 0x6C, 0x73, 0x8C, 0x73, 0x8C, 0x73, 0xAD, 0x7B, 0xCD, 0x7B, 0xCD, 0x7B, 0xCD, 0x7B,
    0xAD, 0x73, 0xAD, 0x73, 0xAD, 0x7B, 0xCD, 0x7B, 0xCD, 0x7B, 0xCD, 0x7B, 0xAD, 0x7B, 0xAD, 0x7B,
    0xAD, 0x7B, 0xAD, 0x7B, 0xAC, 0x73, 0x8C, 0x73, 0x6C, 0x73, 0x6B, 0x6B, 0x4B, 0x6B, 0x2B, 0x6B,
    0x2B, 0x6B, 0x2B, 0x6B, 0x0A, 0x63, 0x0A, 0x63, 0xEA, 0x62, 0xEA, 0x5A, 0xC9, 0x5A, 0xC9, 0x5A,
    0xE9, 0x5A, 0xE9, 0x5A, 0xE9, 0x5A, 0xE9, 0x5A, 0xC9, 0x5A, 0xC9, 0x5A, 0xC9, 0x5A, 0xC9, 0x5A,
    0xC9, 0x5A, 0xC9, 0x5A, 0xC9, 0x5A, 0xC9, 0x5A, 0xEA, 0x5A, 0xEA, 0x62, 0x0A, 0x63, 0x0A, 0x63,
    0x0A, 0x63, 0x0A, 0x63, 0x0A, 0x63, 0x0A, 0x63, 0x2A, 0x63, 0x0A, 0x63, 0xEA, 0x62, 0xEA, 0x62,
    0xEA, 0x62, 0xEA, 0x62, 0xEA, 0x62, 0x0A, 0x63, 0xEA, 0x62, 0xEA, 0x62, 0xEA, 0x62, 0xEA, 0x5A,
    0xE9, 0x5A, 0xE9, 0x5A, 0xC9, 0x5A, 0xA9, 0x5A, 0xA9, 0x5A, 0x88, 0x52, 0x88, 0x52, 0x88, 0x52,
    0x68, 0x52, 0x68, 0x52, 0x68, 0x52, 0x68, 0x52, 0x48, 0x4A, 0x48, 0x4A, 0x47, 0x4A, 0x47, 0x4A,
    0x27, 0x4A, 0x27, 0x4A, 0x27, 0x4A, 0x27, 0x42, 0x07, 0x42, 0x07, 0x42, 0x07, 0x42, 0x07, 0x42,
    0x07, 0x42, 0x07, 0x42, 0x06, 0x42, 0x06, 0x42, 0x06, 0x42, 0xE6, 0x41, 0xE6, 0x41, 0xE6, 0x41,
    0xE6, 0x41, 0xE6, 0x41, 0xE6, 0x39, 0xC6, 0x39, 0xC6, 0x39, 0x85, 0x31, 0x85, 0x31, 0x85, 0x31,
    0x64, 0x31, 0x44, 0x29, 0x23, 0x29, 0x03, 0x21, 0xE2, 0x20, 0xC2, 0x18, 0xC2, 0x18, 0xC3, 0x20,
    0xE3, 0x20, 0xE3, 0x20, 0x03, 0x21, 0x23, 0x29, 0x23, 0x29, 0x44, 0x29, 0x64, 0x31, 0x84, 0x31,
    0x85, 0x31, 0xA5, 0x39, 0xA5, 0x39, 0xC5, 0x39, 0xC6, 0x41, 0xC5, 0x39, 0xC5, 0x39, 0xC5, 0x41,
    0xC5, 0x41, 0xC5, 0x39, 0xA5, 0x39, 0xA5, 0x39, 0xA5, 0x39, 0xA5, 0x39, 0xA6, 0x39, 0xA6, 0x39,
    0xA6, 0x39, 0xA6, 0x39, 0xC6, 0x39, 0xE6, 0x39, 0xE6, 0x39, 0xE7, 0x39, 0xE7, 0x39, 0xE7, 0x39,
    0xE7, 0x41, 0xE7, 0x39, 0xE7, 0x39, 0xE7, 0x39, 0xE7, 0x41, 0xE7, 0x41, 0xE7, 0x41, 0xE7, 0x41,
    0xE7, 0x41, 0x07, 0x42, 0x27, 0x42, 0x28, 0x42, 0x28, 0x4A, 0x28, 0x4A, 0x47, 0x4A, 0x47, 0x4A,
    0x47, 0x4A, 0x47, 0x4A, 0x28, 0x4A, 0x28, 0x4A, 0x27, 0x42, 0x27, 0x42, 0x07, 0x42, 0x07, 0x42,
    0x07, 0x42, 0x07, 0x42, 0x07, 0x42, 0x07, 0x42, 0x27, 0x42, 0x48, 0x4A, 0x68, 0x4A, 0x88, 0x52,
    0x88, 0x52, 0x89, 0x52, 0x89, 0x52, 0x89, 0x52, 0xA9, 0x52, 0xA9, 0x5A, 0xA9, 0x5A, 0xA9, 0x5A,
    0xC9, 0x5A, 0xEA, 0x5A, 0xEA, 0x62, 0xEA, 0x62, 0xEA, 0x62, 0x0A, 0x63, 0x0A, 0x63, 0x0A, 0x63,
    0x0A, 0x63, 0x0A, 0x63, 0x0B, 0x63, 0x0B, 0x63, 0x2B, 0x63, 0x2B, 0x63, 0x2B, 0x63, 0x6B, 0x6B,
    0x6C, 0x73, 0x8C, 0x73, 0xAD, 0x7B, 0xAD, 0x7B, 0xAD, 0x7B, 0xAD, 0x7B, 0x6C, 0x73, 0x2B, 0x63,
    0x68, 0x4A, 0x07, 0x42, 0x27, 0x42, 0x27, 0x42, 0x48, 0x4A, 0xA9, 0x52, 0xAA, 0x5A, 0x89, 0x52,
    0x48, 0x4A, 0x07, 0x42, 0xC6, 0x39, 0x07, 0x42, 0xAD, 0x7B, 0x33, 0xAD, 0xD5, 0xBD, 0xF6, 0xBD,
    0xF6, 0xBD, 0xF6, 0xBD, 0xF6, 0xBD, 0xD6, 0xBD, 0xF6, 0xBD, 0x16, 0xC6, 0x16, 0xC6, 0x16, 0xC6,
    0xF6, 0xC5, 0xD5, 0xBD, 0x74, 0xAD, 0x33, 0xAD, 0x54, 0xAD, 0x74, 0xAD, 0x74, 0xB5, 0xB5, 0xBD,
    0xB5, 0xBD, 0xB5, 0xB5, 0xB5, 0xB5, 0xB5, 0xB5, 0xB5, 0xB5, 0xB5, 0xB5, 0xD5, 0xBD, 0xD6, 0xBD,
    0xF6, 0xBD, 0xF6, 0xBD, 0xF6, 0xBD, 0x16, 0xC6, 0x17, 0xC6, 0x37, 0xC6, 0x37, 0xC6, 0x16, 0xC6,
    0x16, 0xC6, 0x16, 0xC6, 0x16, 0xC6, 0x16, 0xC6, 0x37, 0xC6, 0x37, 0xC6, 0x37, 0xC6, 0x37, 0xC6,
    0x37, 0xC6, 0x37, 0xC6, 0x37, 0xC6, 0x37, 0xC6, 0x17, 0xC6, 0x37, 0xC6, 0x37, 0xC6, 0x37, 0xC6,
    0x37, 0xC6, 0x37, 0xC6, 0x37, 0xC6, 0x37, 0xC6, 0x17, 0xC6, 0xF7, 0xBD, 0x1B, 0xE7, 0xFB, 0xE6,
    0x17, 0xC6, 0x79, 0xD6, 0x1B, 0xE7, 0x3C, 0xE7, 0xFA, 0xDE, 0xB9, 0xD6, 0x37, 0xC6, 0x33, 0xAD,
    0x91, 0x94, 0x70, 0x8C, 0x4F, 0x8C, 0x2F, 0x84, 0x2F, 0x84, 0x0E, 0x84, 0xEE, 0x83, 0xED, 0x7B,
    0xCD, 0x7B, 0xAD, 0x7B, 0xAD, 0x7B, 0xAD, 0x7B, 0xAD, 0x7B, 0xAD, 0x7B, 0xAD, 0x7B, 0xAD, 0x7B,
    0xAD, 0x7B, 0x8C, 0x73, 0x8C, 0x73, 0x8C, 0x73, 0x6C, 0x73, 0x6B, 0x6B, 0x2B, 0x6B, 0x2B, 0x63,
    0x2B, 0x63, 0x2B, 0x63, 0x2B, 0x6B, 0x2B, 0x6B, 0x4B, 0x6B, 0x6C, 0x6B, 0x4B, 0x6B, 0x4B, 0x6B,
    0x6C, 0x6B, 0x6B, 0x6B, 0x6C, 0x6B, 0x6C, 0x6B, 0x6C, 0x73, 0x6C, 0x73, 0x6C, 0x73, 0x6C, 0x73,
    0x6C, 0x73, 0x8C, 0x73, 0xAD, 0x7B, 0xCD, 0x7B, 0xCD, 0x7B, 0xCD, 0x7B, 0xAD, 0x7B, 0xAD, 0x7B,
    0xAD, 0x7B, 0xAD, 0x7B, 0xAC, 0x73, 0xAC, 0x73, 0x8C, 0x73, 0x4B, 0x6B, 0x2B, 0x6B, 0x2B, 0x6B,
    0x2B, 0x6B, 0x2B, 0x6B, 0x0A, 0x63, 0x0A, 0x63, 0xEA, 0x62, 0xEA, 0x5A, 0xC9, 0x5A, 0xEA, 0x5A,
    0xEA, 0x5A, 0xEA, 0x5A, 0xC9, 0x5A, 0xA9, 0x5A, 0xA9, 0x5A, 0x88, 0x52, 0x88, 0x52, 0x88, 0x52,
    0x88, 0x52, 0x88, 0x52, 0xA8, 0x52, 0xA8, 0x52, 0xA8, 0x52, 0xA9, 0x5A, 0xC9, 0x5A, 0xEA, 0x62,
    0xEA, 0x62, 0xEA, 0x62, 0xEA, 0x62, 0xEA, 0x62, 0xEA, 0x62, 0xEA, 0x62, 0xEA, 0x5A, 0xEA, 0x5A,
    0xE9, 0x5A, 0xC9, 0x5A, 0xC9, 0x5A, 0xC9, 0x5A, 0xC9, 0x5A, 0xC9, 0x5A, 0xC9, 0x5A, 0xC9, 0x5A,
    0xA9, 0x5A, 0xC9, 0x5A, 0xA9, 0x5A, 0xA9, 0x5A, 0xA9, 0x5A, 0x88, 0x52, 0x88, 0x52, 0x68, 0x52,
    0x68, 0x52, 0x68, 0x52, 0x47, 0x4A, 0x47, 0x4A, 0x47, 0x4A, 0x47, 0x4A, 0x27, 0x4A, 0x27, 0x4A,
    0x27, 0x42, 0x27, 0x42, 0x07, 0x42, 0x07, 0x42, 0x07, 0x42, 0x07, 0x42, 0x07, 0x42, 0x07, 0x42,
    0x07, 0x42, 0x07, 0x42, 0x07, 0x42, 0xE6, 0x41, 0xE6, 0x41, 0xE6, 0x39, 0xC6, 0x39, 0xC6, 0x39,
    0xC6, 0x39, 0xC6, 0x39, 0xC6, 0x39, 0xC6, 0x39, 0xC6, 0x39, 0xA5, 0x31, 0x85, 0x31, 0x85, 0x31,
    0x64, 0x31, 0x44, 0x29, 0x44, 0x29, 0x24, 0x29, 0xE3, 0x20, 0xE2, 0x20, 0xC2, 0x20, 0xC2, 0x20,
    0xE3, 0x20, 0x03, 0x29, 0x03, 0x29, 0x23, 0x29, 0x23, 0x29, 0x44, 0x29, 0x64, 0x31, 0x85, 0x31,
    0x85, 0x31, 0xA5, 0x39, 0xA5, 0x39, 0xA5, 0x39, 0xC6, 0x39, 0xC5, 0x39, 0xC5, 0x39, 0xC5, 0x41,
    0xC5, 0x39, 0xC5, 0x39, 0xA5, 0x39, 0xA5, 0x39, 0xA5, 0x39, 0xA5, 0x39, 0xA6, 0x39, 0xA6, 0x39,
    0xA6, 0x39, 0xA6, 0x39, 0xC6, 0x39, 0xC6, 0x39, 0xE6, 0x39, 0xE7, 0x39, 0xE6, 0x39, 0xE6, 0x39,
    0xE7, 0x41, 0xE7, 0x41, 0xE7, 0x41, 0xE7, 0x41, 0xE7, 0x41, 0xE7, 0x41, 0xE7, 0x41, 0xE7, 0x41,
    0x07, 0x42, 0x07, 0x42, 0x27, 0x42, 0x27, 0x42, 0x28, 0x42, 0x28, 0x4A, 0x48, 0x4A, 0x28, 0x4A,
    0x28, 0x4A, 0x48, 0x4A, 0x48, 0x4A, 0x28, 0x4A, 0x27, 0x42, 0x27, 0x42, 0x27, 0x42, 0x27, 0x42,
    0x27, 0x42, 0x27, 0x42, 0x07, 0x42, 0x07, 0x42, 0x27, 0x42, 0x47, 0x4A, 0x68, 0x4A, 0x68, 0x52,
    0x68, 0x52, 0x68, 0x52, 0x89, 0x52, 0x89, 0x52, 0xA9, 0x5A, 0xA9, 0x5A, 0xA9, 0x5A, 0xA9, 0x5A,
    0xC9, 0x5A, 0xE9, 0x5A, 0xEA, 0x5A, 0xEA, 0x5A, 0xEA, 0x62, 0xEA, 0x62, 0x0A, 0x63, 0x0A, 0x63,
    0x0A, 0x63, 0x0A, 0x63, 0x0B, 0x63, 0x0B, 0x63, 0x2B, 0x63, 0x2B, 0x63, 0x2B, 0x6B, 0x4B, 0x6B,
    0x6C, 0x73, 0x8C, 0x73, 0xAD, 0x7B, 0xAD, 0x7B, 0xAD, 0x7B, 0xAD, 0x7B, 0xAD, 0x7B, 0x8D, 0x73,
    0x0B, 0x63, 0x89, 0x52, 0x07, 0x42, 0xC6, 0x39, 0xC6, 0x39, 0xE7, 0x39, 0x28, 0x4A, 0x07, 0x42,
    0x69, 0x4A, 0x69, 0x4A, 0x27, 0x42, 0x27, 0x4A, 0x89, 0x52, 0xEE, 0x83, 0x74, 0xAD, 0xD5, 0xBD,
    0x95, 0xB5, 0xB5, 0xB5, 0xB5, 0xBD, 0xD5, 0xBD, 0xD5, 0xBD, 0xF6, 0xBD, 0xF6, 0xBD, 0x16, 0xC6,
    0x16, 0xC6, 0xF6, 0xC5, 0xF6, 0xC5, 0xB5, 0xBD, 0x53, 0xAD, 0x33, 0xAD, 0x33, 0xAD, 0x33, 0xAD,
    0x94, 0xB5, 0x94, 0xB5, 0xB5, 0xB5, 0xD5, 0xBD, 0xD5, 0xBD, 0xD5, 0xBD, 0xD6, 0xBD, 0xF6, 0xBD,
    0xF6, 0xBD, 0xF6, 0xBD, 0xF6, 0xBD, 0x16, 0xC6, 0x16, 0xC6, 0x16, 0xC6, 0x16, 0xC6, 0x16, 0xC6,
    0x16, 0xC6, 0x16, 0xC6, 0x16, 0xC6, 0x16, 0xC6, 0x37, 0xC6, 0x37, 0xC6, 0x37, 0xC6, 0x37, 0xC6,
    0x37, 0xC6, 0x37, 0xC6, 0x37, 0xC6, 0x37, 0xC6, 0x16, 0xC6, 0x16, 0xC6, 0x37, 0xC6, 0x37, 0xC6,
    0x37, 0xC6, 0x37, 0xC6, 0x37, 0xC6, 0x37, 0xC6, 0x17, 0xC6, 0x99, 0xD6, 0x9D, 0xF7, 0xBA, 0xDE,
    0x99, 0xD6, 0x5C, 0xEF, 0x7C, 0xEF, 0x3B, 0xE7, 0xDA, 0xDE, 0xB9, 0xD6, 0xD6, 0xBD, 0xF2, 0x9C,
    0x70, 0x8C, 0x50, 0x8C, 0x0E, 0x84, 0x0E, 0x84, 0x0E, 0x84, 0x0E, 0x84, 0xEE, 0x83, 0xED, 0x7B,
    0xCD, 0x7B, 0xAD, 0x7B, 0xAD, 0x7B, 0xAD, 0x7B, 0xAD, 0x73, 0xAD, 0x73, 0xAD, 0x7B, 0xAD, 0x73,
    0x8C, 0x73, 0x6C, 0x73, 0x6C, 0x73, 0x6C, 0x73, 0x6C, 0x73, 0x4B, 0x6B, 0x4B, 0x6B, 0x2B, 0x6B,
    0x2B, 0x6B, 0x2B, 0x6B, 0x4B, 0x6B, 0x4B, 0x6B, 0x6C, 0x6B, 0x6C, 0x73, 0x4B, 0x6B, 0x4B, 0x6B,
    0x4B, 0x6B, 0x4B, 0x6B, 0x4B, 0x6B, 0x4B, 0x6B, 0x4B, 0x6B, 0x4B, 0x6B, 0x4B, 0x6B, 0x4B, 0x6B,
    0x6C, 0x73, 0x8C, 0x73, 0xAD, 0x7B, 0xCD, 0x7B, 0xCD, 0x7B, 0xCD, 0x7B, 0xAD, 0x7B, 0xAD, 0x7B,
    0xAD, 0x7B, 0xAD, 0x7B, 0xAC, 0x73, 0xAC, 0x73, 0x8C, 0x73, 0x4B, 0x6B, 0x2B, 0x6B, 0x2B, 0x6B,
    0x2B, 0x6B, 0x2B, 0x6B, 0x2A, 0x63, 0x0A, 0x63, 0xEA, 0x62, 0xEA, 0x5A, 0xC9, 0x5A, 0xC9, 0x5A,
    0xC9, 0x5A, 0xC9, 0x5A, 0xA9, 0x5A, 0xA9, 0x52, 0x88, 0x52, 0x88, 0x52, 0x88, 0x52, 0x88, 0x52,
    0x88, 0x52, 0x88, 0x52, 0x88, 0x52, 0x88, 0x52, 0x88, 0x52, 0x88, 0x52, 0xA8, 0x52, 0xC9, 0x5A,
    0xC9, 0x5A, 0xC9, 0x5A, 0xC9, 0x5A, 0xC9, 0x5A, 0xEA, 0x5A, 0xEA, 0x5A, 0xC9, 0x5A, 0xC9, 0x5A,
    0xC9, 0x5A, 0xC9, 0x5A, 0xC9, 0x5A, 0xC9, 0x5A, 0xC9, 0x5A, 0xC9, 0x5A, 0xC9, 0x5A, 0xA9, 0x5A,
    0xA9, 0x5A, 0xA9, 0x52, 0x88, 0x52, 0x88, 0x52, 0x88, 0x52, 0x88, 0x52, 0x67, 0x4A, 0x47, 0x4A,
    0x47, 0x4A, 0x47, 0x4A, 0x47, 0x4A, 0x47, 0x4A, 0x47, 0x4A, 0x27, 0x4A, 0x27, 0x4A, 0x27, 0x4A,
    0x27, 0x42, 0x07, 0x42, 0x07, 0x42, 0x07, 0x42, 0x07, 0x42, 0x07, 0x42, 0x07, 0x42, 0x07, 0x42,
    0x07, 0x42, 0x07, 0x42, 0x07, 0x42, 0xE6, 0x41, 0xC6, 0x39, 0xC6, 0x39, 0xC6, 0x39, 0xC6, 0x39,
    0xC6, 0x39, 0xC6, 0x39, 0xC6, 0x39, 0xC6, 0x39, 0xC6, 0x39, 0xA5, 0x31, 0x85, 0x31, 0x85, 0x31,
    0x64, 0x31, 0x44, 0x29, 0x44, 0x29, 0x44, 0x29, 0x03, 0x29, 0xE3, 0x20, 0xE2, 0x20, 0xC2, 0x20,
    0xE3, 0x20, 0x23, 0x29, 0x23, 0x29, 0x23, 0x29, 0x43, 0x29, 0x44, 0x31, 0x64, 0x31, 0x85, 0x31,
    0x85, 0x31, 0xA5, 0x39, 0xA5, 0x39, 0xA5, 0x39, 0xC5, 0x39, 0xC5, 0x39, 0xC5, 0x39, 0xC5, 0x39,
    0xA5, 0x39, 0xA5, 0x39, 0xA5, 0x39, 0xA5, 0x39, 0xA5, 0x39, 0xA5, 0x39, 0xA6, 0x39, 0xA6, 0x39,
    0xC6, 0x39, 0xC6, 0x39, 0xC6, 0x39, 0xA6, 0x39, 0xC6, 0x39, 0xC6, 0x39, 0xC6, 0x39, 0xE6, 0x39,
    0xE7, 0x41, 0xE7, 0x41, 0xE7, 0x41, 0xE7, 0x41, 0xE7, 0x41, 0xE7, 0x41, 0xE7, 0x41, 0xE7, 0x41,
    0x07, 0x42, 0x27, 0x42, 0x27, 0x42, 0x27, 0x42, 0x27, 0x42, 0x27, 0x42, 0x28, 0x4A, 0x28, 0x4A,
    0x28, 0x4A, 0x48, 0x4A, 0x48, 0x4A, 0x27, 0x4A, 0x27, 0x42, 0x27, 0x42, 0x27, 0x42, 0x07, 0x42,
    0x07, 0x42, 0x07, 0x42, 0x27, 0x42, 0x27, 0x42, 0x27, 0x42, 0x27, 0x42, 0x47, 0x4A, 0x68, 0x4A,
    0x68, 0x52, 0x68, 0x52, 0x89, 0x52, 0xA9, 0x52, 0xA9, 0x5A, 0xA9, 0x5A, 0xA9, 0x5A, 0xA9, 0x5A,
    0xCA, 0x5A, 0xCA, 0x5A, 0xEA, 0x5A, 0xEA, 0x5A, 0xEA, 0x5A, 0xEA, 0x62, 0xEA, 0x62, 0xEA, 0x62,
    0x0A, 0x63, 0x0A, 0x63, 0x0B, 0x63, 0x2B, 0x63, 0x2B, 0x63, 0x2B, 0x63, 0x2B, 0x6B, 0x4B, 0x6B,
    0x6C, 0x73, 0x8C, 0x73, 0x8C, 0x73, 0x8C, 0x73, 0x8C, 0x73, 0x8C, 0x73, 0x8C, 0x73, 0xAD, 0x73,
    0xAD, 0x73, 0x6C, 0x6B, 0xA9, 0x52, 0x07, 0x42, 0xA5, 0x31, 0x85, 0x31, 0x85, 0x31, 0x85, 0x31,
    0x07, 0x42, 0x48, 0x4A, 0x27, 0x42, 0x28, 0x4A, 0x27, 0x42, 0xCA, 0x5A, 0xB1, 0x9C, 0x95, 0xB5,
    0x94, 0xB5, 0x95, 0xB5, 0x95, 0xB5, 0xB5, 0xB5, 0xB5, 0xB5, 0xB5, 0xBD, 0xB5, 0xB5, 0xD5, 0xBD,
    0xF6, 0xBD, 0xF6, 0xC5, 0x16, 0xC6, 0x16, 0xC6, 0xF6, 0xC5, 0xB5, 0xBD, 0x74, 0xB5, 0x53, 0xAD,
    0x94, 0xB5, 0x94, 0xB5, 0xB5, 0xB5, 0xD5, 0xBD, 0xD6, 0xBD, 0xF6, 0xBD, 0xF6, 0xBD, 0xF6, 0xBD,
    0xF6, 0xBD, 0xF6, 0xBD, 0xF6, 0xBD, 0xF6, 0xBD, 0xF6, 0xBD, 0xF6, 0xBD, 0x16, 0xBE, 0x16, 0xBE,
    0x16, 0xC6, 0x16, 0xC6, 0x16, 0xC6, 0x16, 0xC6, 0x16, 0xC6, 0x37, 0xC6, 0x37, 0xC6, 0x37, 0xC6,
    0x37, 0xC6, 0x37, 0xC6, 0x16, 0xC6, 0x16, 0xC6, 0x16, 0xC6, 0x16, 0xC6, 0x16, 0xC6, 0x16, 0xC6,
    0x16, 0xC6, 0x16, 0xC6, 0x37, 0xC6, 0x37, 0xC6, 0x37, 0xCE, 0x1B, 0xE7, 0x99, 0xD6, 0x78, 0xCE,
    0x7C, 0xEF, 0x9D, 0xF7, 0x7C, 0xEF, 0x3B, 0xE7, 0xD9, 0xDE, 0x58, 0xCE, 0x74, 0xAD, 0x90, 0x94,
    0x50, 0x8C, 0x4F, 0x8C, 0x0E, 0x84, 0xEE, 0x83, 0xEE, 0x83, 0xEE, 0x83, 0xEE, 0x83, 0xCD, 0x7B,
    0xCD, 0x7B, 0xAD, 0x7B, 0xAD, 0x7B, 0xAD, 0x73, 0x8C, 0x73, 0x8C, 0x73, 0xAC, 0x73, 0x8C, 0x73,
    0x6C, 0x73, 0x6C, 0x73, 0x6C, 0x73, 0x6C, 0x73, 0x6C, 0x6B, 0x6B, 0x6B, 0x4B, 0x6B, 0x4B, 0x6B,
    0x4B, 0x6B, 0x4B, 0x6B, 0x4B, 0x6B, 0x4B, 0x6B, 0x4B, 0x6B, 0x2A, 0x63, 0x0A, 0x63, 0xEA, 0x62,
    0xEA, 0x62, 0xEA, 0x62, 0xEA, 0x62, 0x0A, 0x63, 0xEA, 0x62, 0xEA, 0x62, 0x0A, 0x63, 0x0A, 0x63,
    0x6C, 0x73, 0xAC, 0x73, 0xAD, 0x7B, 0xCD, 0x7B, 0xCD, 0x7B, 0xCD, 0x7B, 0xAD, 0x7B, 0xAD, 0x7B,
    0xAD, 0x7B, 0xAD, 0x7B, 0xAC, 0x73, 0xAC, 0x73, 0x8C, 0x73, 0x4B, 0x6B, 0x2B, 0x6B, 0x4B, 0x6B,
    0x2B, 0x6B, 0x2B, 0x6B, 0x2A, 0x63, 0x0A, 0x63, 0xEA, 0x62, 0xE9, 0x5A, 0xC9, 0x5A, 0xA9, 0x5A,
    0xA9, 0x5A, 0xA9, 0x5A, 0xA9, 0x52, 0xA9, 0x52, 0x88, 0x52, 0x88, 0x52, 0x88, 0x52, 0x88, 0x52,
    0x88, 0x52, 0x88, 0x52, 0x88, 0x52, 0x88, 0x52, 0x88, 0x52, 0x88, 0x52, 0x88, 0x52, 0x88, 0x52,
    0x88, 0x52, 0x88, 0x52, 0x88, 0x52, 0x88, 0x52, 0xA9, 0x5A, 0xC9, 0x5A, 0xA9, 0x5A, 0xA9, 0x5A,
    0xC9, 0x5A, 0xC9, 0x5A, 0xC9, 0x5A, 0xC9, 0x5A, 0xC9, 0x5A, 0xC9, 0x5A, 0xC9, 0x5A, 0xA9, 0x5A,
    0xA9, 0x5A, 0x88, 0x52, 0x88, 0x52, 0x68, 0x52, 0x68, 0x52, 0x67, 0x4A, 0x47, 0x4A, 0x27, 0x4A,
    0x27, 0x4A, 0x27, 0x4A, 0x47, 0x4A, 0x47, 0x4A, 0x47, 0x4A, 0x27, 0x4A, 0x27, 0x4A, 0x27, 0x42,
    0x27, 0x42, 0x07, 0x42, 0x07, 0x42, 0x07, 0x42, 0x07, 0x42, 0x07, 0x42, 0xE6, 0x41, 0xE6, 0x41,
    0xE6, 0x41, 0xE6, 0x41, 0xE6, 0x41, 0xC6, 0x39, 0xC6, 0x39, 0xC6, 0x39, 0xC6, 0x39, 0xC6, 0x39,
    0xC6, 0x39, 0xC6, 0x39, 0xC6, 0x39, 0xC6, 0x39, 0xC6, 0x39, 0xA5, 0x39, 0x85, 0x31, 0x85, 0x31,
    0x64, 0x31, 0x44, 0x29, 0x44, 0x29, 0x64, 0x29, 0x24, 0x29, 0xE3, 0x20, 0xE3, 0x20, 0xE3, 0x20,
    0xE3, 0x20, 0x23, 0x29, 0x44, 0x29, 0x44, 0x31, 0x44, 0x29, 0x64, 0x31, 0x64, 0x31, 0x85, 0x31,
    0x85, 0x31, 0xA5, 0x39, 0xA5, 0x39, 0xA5, 0x39, 0xA5, 0x39, 0xC5, 0x39, 0xC5, 0x39, 0xA5, 0x39,
    0xA5, 0x39, 0xA5, 0x39, 0xA5, 0x39, 0xA5, 0x39, 0xA5, 0x39, 0xA5, 0x39, 0xA6, 0x39, 0xA6, 0x39,
    0xA6, 0x39, 0xC6, 0x39, 0xC6, 0x39, 0xA6, 0x31, 0xA6, 0x39, 0xC6, 0x39, 0xC6, 0x39, 0xC6, 0x39,
    0xE6, 0x39, 0xE7, 0x39, 0xE7, 0x41, 0xE7, 0x41, 0xE7, 0x41, 0xE7, 0x41, 0xE7, 0x41, 0x07, 0x42,
    0x07, 0x42, 0x07, 0x42, 0x07, 0x42, 0x07, 0x42, 0x07, 0x42, 0x27, 0x42, 0x27, 0x42, 0x28, 0x42,
    0x28, 0x4A, 0x48, 0x4A, 0x48, 0x4A, 0x48, 0x4A, 0x27, 0x4A, 0x27, 0x42, 0x28, 0x42, 0x07, 0x42,
    0x07, 0x42, 0x07, 0x42, 0x07, 0x42, 0x07, 0x42, 0x07, 0x42, 0x27, 0x42, 0x47, 0x4A, 0x47, 0x4A,
    0x48, 0x4A, 0x68, 0x52, 0x89, 0x52, 0xA9, 0x5A, 0xA9, 0x5A, 0xA9, 0x5A, 0xA9, 0x5A, 0xA9, 0x5A,
    0xCA, 0x5A, 0xCA, 0x5A, 0xEA, 0x5A, 0xEA, 0x5A, 0xEA, 0x5A, 0xEA, 0x62, 0xEA, 0x62, 0xEA, 0x62,
    0x0A, 0x63, 0x0A, 0x63, 0x0A, 0x63, 0x2B, 0x63, 0x2B, 0x6B, 0x2B, 0x6B, 0x2B, 0x6B, 0x4B, 0x6B,
    0x6C, 0x6B, 0x6C, 0x73, 0x6C, 0x73, 0x6C, 0x73, 0x6C, 0x6B, 0x6C, 0x73, 0x6C, 0x73, 0x4B, 0x6B,
    0x6C, 0x6B, 0x6C, 0x73, 0x0B, 0x63, 0x68, 0x52, 0xC6, 0x39, 0x85, 0x31, 0x44, 0x29, 0xA5, 0x31,
    0xC6, 0x39, 0xC6, 0x39, 0xE6, 0x39, 0xC6, 0x39, 0x07, 0x42, 0x48, 0x4A, 0x8D, 0x73, 0xF2, 0x9C,
    0xB5, 0xB5, 0x95, 0xB5, 0xB5, 0xB5, 0xB5, 0xB5, 0xB5, 0xB5, 0x95, 0xB5, 0x74, 0xAD, 0x74, 0xAD,
    0x94, 0xB5, 0xD5, 0xBD, 0xF6, 0xC5, 0x16, 0xC6, 0x16, 0xC6, 0xF6, 0xC5, 0xF5, 0xBD, 0xF6, 0xC5,
    0xB5, 0xB5, 0xB5, 0xB5, 0xB5, 0xB5, 0xD5, 0xBD, 0xD5, 0xBD, 0xD6, 0xBD, 0xD6, 0xBD, 0xD6, 0xBD,
    0xF6, 0xBD, 0xF6, 0xBD, 0xF6, 0xBD, 0xF6, 0xBD, 0xF6, 0xBD, 0xF6, 0xBD, 0xF6, 0xBD, 0x16, 0xC6,
    0x16, 0xC6, 0xF6, 0xC5, 0xF6, 0xBD, 0xF6, 0xBD, 0xF6, 0xBD, 0xF6, 0xC5, 0x16, 0xC6, 0x16, 0xC6,
    0x16, 0xC6, 0x16, 0xC6, 0x16, 0xC6, 0x16, 0xC6, 0xF6, 0xC5, 0xF6, 0xC5, 0xF6, 0xC5, 0x16, 0xC6,
    0x16, 0xC6, 0x16, 0xC6, 0x37, 0xC6, 0x17, 0xC6, 0x1B, 0xE7, 0x1B, 0xE7, 0xF6, 0xC5, 0x1B, 0xE7,
    0x7C, 0xF7, 0x5C, 0xEF, 0x1B, 0xE7, 0xB9, 0xD6, 0x78, 0xCE, 0xF6, 0xBD, 0xD1, 0x9C, 0x2F, 0x84,
    0x70, 0x8C, 0x4F, 0x8C, 0x0E, 0x84, 0xEE, 0x83, 0xEE, 0x83, 0xEE, 0x83, 0xEE, 0x7B, 0xCD, 0x7B,
    0xAD, 0x7B, 0xAD, 0x7B, 0xAD, 0x7B, 0xAD, 0x73, 0x8C, 0x73, 0x8C, 0x73, 0x8C, 0x73, 0x8C, 0x73,
    0x8C, 0x73, 0x6C, 0x73, 0x6C, 0x73, 0x6C, 0x73, 0x6C, 0x73, 0x6B, 0x6B, 0x6C, 0x6B, 0x6B, 0x6B,
    0x6B, 0x6B, 0x6B, 0x6B, 0x4B, 0x6B, 0x4B, 0x6B, 0x2A, 0x63, 0xEA, 0x62, 0xE9, 0x5A, 0xC9, 0x5A,
    0xC9, 0x5A, 0xC9, 0x5A, 0xE9, 0x5A, 0xE9, 0x5A, 0xC9, 0x5A, 0xC9, 0x5A, 0x0A, 0x63, 0x2B, 0x6B,
    0x8C, 0x73, 0xAD, 0x73, 0xCD, 0x7B, 0xCD, 0x7B, 0xCD, 0x7B, 0xAD, 0x7B, 0xAD, 0x7B, 0xAD, 0x7B,
    0xAD, 0x7B, 0xAD, 0x7B, 0xAD, 0x7B, 0xAC, 0x73, 0x8C, 0x73, 0x6C, 0x6B, 0x6B, 0x6B, 0x4B, 0x6B,
    0x2B, 0x6B, 0x2B, 0x63, 0x0A, 0x63, 0xEA, 0x62, 0xE9, 0x5A, 0xEA, 0x5A, 0xC9, 0x5A, 0xA9, 0x5A,
    0xA9, 0x5A, 0xA9, 0x5A, 0x88, 0x52, 0x88, 0x52, 0x88, 0x52, 0x68, 0x4A, 0x68, 0x52, 0x68, 0x52,
    0x68, 0x52, 0x68, 0x52, 0x68, 0x52, 0x68, 0x52, 0x68, 0x4A, 0x67, 0x4A, 0x47, 0x4A, 0x68, 0x4A,
    0x68, 0x4A, 0x68, 0x4A, 0x68, 0x4A, 0x68, 0x4A, 0x88, 0x52, 0x88, 0x52, 0xA9, 0x52, 0xA9, 0x52,
    0xA9, 0x5A, 0xC9, 0x5A, 0xC9, 0x5A, 0xC9, 0x5A, 0xC9, 0x5A, 0xC9, 0x5A, 0xA9, 0x5A, 0xA9, 0x5A,
    0xA9, 0x52, 0x88, 0x52, 0x68, 0x52, 0x68, 0x52, 0x68, 0x52, 0x47, 0x4A, 0x27, 0x4A, 0x47, 0x4A,
    0x47, 0x4A, 0x47, 0x4A, 0x47, 0x4A, 0x47, 0x4A, 0x47, 0x4A, 0x27, 0x4A, 0x27, 0x4A, 0x07, 0x42,
    0x07, 0x42, 0x07, 0x42, 0x07, 0x42, 0x07, 0x42, 0x07, 0x42, 0xE7, 0x41, 0xE7, 0x39, 0xE6, 0x39,
    0xE6, 0x39, 0xE6, 0x39, 0xE6, 0x39, 0xC6, 0x39, 0xC6, 0x39, 0xC6, 0x39, 0xC6, 0x39, 0xC6, 0x39,
    0xC6, 0x39, 0xC6, 0x39, 0xC6, 0x39, 0xA5, 0x39, 0xC6, 0x39, 0xA5, 0x39, 0x85, 0x31, 0x85, 0x31,
    0x64, 0x31, 0x44, 0x29, 0x44, 0x29, 0x44, 0x29, 0x44, 0x29, 0x03, 0x21, 0xE3, 0x20, 0x03, 0x21,
    0x03, 0x21, 0x23, 0x29, 0x44, 0x29, 0x64, 0x29, 0x64, 0x29, 0x64, 0x31, 0x65, 0x31, 0x85, 0x31,
    0x85, 0x31, 0xA5, 0x39, 0xA5, 0x39, 0xA5, 0x39, 0xA5, 0x39, 0xA5, 0x39, 0xA5, 0x39, 0xA5, 0x39,
    0xA5, 0x39, 0xA5, 0x39, 0xA5, 0x39, 0xA5, 0x39, 0xA5, 0x39, 0xA5, 0x39, 0xA6, 0x39, 0xA6, 0x39,
    0xA6, 0x39, 0xA6, 0x39, 0xC6, 0x39, 0xC6, 0x39, 0xC6, 0x39, 0xC6, 0x39, 0xC6, 0x39, 0xC6, 0x39,
    0xC6, 0x39, 0xE7, 0x39, 0xE7, 0x39, 0xE7, 0x39, 0xE7, 0x41, 0xE7, 0x41, 0xE7, 0x41, 0x07, 0x42,
    0x07, 0x42, 0x07, 0x42, 0x07, 0x42, 0x07, 0x42, 0x07, 0x42, 0x07, 0x42, 0x07, 0x42, 0x27, 0x4A,
    0x28, 0x4A, 0x48, 0x4A, 0x48, 0x4A, 0x48, 0x4A, 0x27, 0x4A, 0x28, 0x42, 0x28, 0x42, 0x28, 0x42,
    0x07, 0x42, 0x07, 0x42, 0x07, 0x42, 0x27, 0x42, 0x27, 0x42, 0x47, 0x4A, 0x47, 0x4A, 0x47, 0x4A,
    0x68, 0x4A, 0x88, 0x52, 0x89, 0x52, 0xA9, 0x5A, 0xA9, 0x5A, 0xA9, 0x5A, 0xA9, 0x5A, 0xA9, 0x5A,
    0xCA, 0x5A, 0xCA, 0x5A, 0xCA, 0x5A, 0xCA, 0x5A, 0xEA, 0x5A, 0xEA, 0x62, 0xEA, 0x62, 0xEA, 0x62,
    0x0A, 0x63, 0x0A, 0x63, 0x0A, 0x63, 0x2A, 0x63, 0x4B, 0x6B, 0x4B, 0x6B, 0x4B, 0x6B, 0x4B, 0x6B,
    0x4B, 0x6B, 0x6C, 0x6B, 0x6C, 0x6B, 0x2B, 0x6B, 0x4B, 0x6B, 0x6C, 0x73, 0x2B, 0x6B, 0x2B, 0x6B,
    0x2B, 0x6B, 0x2B, 0x6B, 0x4C, 0x6B, 0xCA, 0x5A, 0x27, 0x4A, 0x44, 0x29, 0xA1, 0x10, 0x81, 0x10,
    0xE3, 0x18, 0x23, 0x21, 0x03, 0x19, 0x03, 0x21, 0x24, 0x21, 0x44, 0x29, 0xC6, 0x39, 0x0B, 0x63,
    0xF2, 0x9C, 0x95, 0xB5, 0x95, 0xB5, 0xD6, 0xBD, 0xF6, 0xBD, 0xD5, 0xBD, 0x94, 0xB5, 0x74, 0xAD,
    0x53, 0xAD, 0x53, 0xAD, 0x94, 0xB5, 0xB5, 0xBD, 0xF6, 0xC5, 0xF6, 0xBD, 0xD5, 0xBD, 0xD5, 0xBD,
    0xD5, 0xBD, 0xD5, 0xBD, 0xD6, 0xBD, 0xD6, 0xBD, 0xD5, 0xBD, 0xD5, 0xBD, 0xD6, 0xBD, 0xD6, 0xBD,
    0xD6, 0xBD, 0xD5, 0xBD, 0xD5, 0xBD, 0xD5, 0xBD, 0xD6, 0xBD, 0xF6, 0xBD, 0xF6, 0xBD, 0xF6, 0xBD,
    0xF6, 0xBD, 0xF6, 0xBD, 0xF6, 0xBD, 0xF6, 0xBD, 0xF6, 0xBD, 0xF6, 0xC5, 0xF6, 0xBD, 0xF6, 0xBD,
    0xF6, 0xBD, 0x16, 0xC6, 0x16, 0xC6, 0x16, 0xC6, 0xF6, 0xBD, 0xF6, 0xBD, 0xF6, 0xBD, 0x16, 0xC6,
    0x16, 0xC6, 0x17, 0xC6, 0xF6, 0xC5, 0x37, 0xCE, 0x9D, 0xF7, 0xDA, 0xDE, 0x99, 0xD6, 0x7C, 0xF7,
    0x3B, 0xE7, 0xFA, 0xDE, 0x98, 0xD6, 0x37, 0xC6, 0xF6, 0xBD, 0x53, 0xAD, 0x70, 0x8C, 0x2F, 0x84,
    0x70, 0x8C, 0x4F, 0x8C, 0x0E, 0x84, 0xEE, 0x83, 0xEE, 0x83, 0xEE, 0x83, 0xEE, 0x7B, 0xCD, 0x7B,
    0xAD, 0x7B, 0xAD, 0x7B, 0xAD, 0x7B, 0xAD, 0x73, 0x8C, 0x73, 0x8C, 0x73, 0x8C, 0x73, 0x8C, 0x73,
    0x8C, 0x73, 0x6C, 0x73, 0x6C, 0x73, 0x6C, 0x73, 0x6C, 0x73, 0x6C, 0x6B, 0x6C, 0x6B, 0x6B, 0x6B,
    0x6B, 0x6B, 0x6B, 0x6B, 0x4B, 0x6B, 0x2B, 0x63, 0x0A, 0x63, 0xE9, 0x5A, 0xE9, 0x5A, 0xC9, 0x5A,
    0xC9, 0x5A, 0xC9, 0x5A, 0xC9, 0x5A, 0xC9, 0x5A, 0xEA, 0x62, 0x0A, 0x63, 0x2A, 0x63, 0x4B, 0x6B,
    0x6C, 0x73, 0xAC, 0x73, 0xAD, 0x7B, 0xAD, 0x7B, 0xAD, 0x7B, 0xAD, 0x7B, 0xAD, 0x7B, 0xAD, 0x7B,
    0xAD, 0x7B, 0xAD, 0x7B, 0xAD, 0x7B, 0xAC, 0x73, 0x8C, 0x73, 0x6C, 0x6B, 0x6B, 0x6B, 0x4B, 0x6B,
    0x2B, 0x6B, 0x2B, 0x63, 0x0A, 0x63, 0xEA, 0x62, 0xE9, 0x5A, 0xE9, 0x5A, 0xC9, 0x5A, 0xA9, 0x5A,
    0xA9, 0x5A, 0xA9, 0x5A, 0x88, 0x52, 0xA9, 0x52, 0x88, 0x52, 0x68, 0x4A, 0x68, 0x52, 0x68, 0x52,
    0x68, 0x52, 0x68, 0x52, 0x68, 0x52, 0x68, 0x52, 0x68, 0x4A, 0x67, 0x4A, 0x47, 0x4A, 0x68, 0x4A,
    0x68, 0x4A, 0x68, 0x4A, 0x68, 0x4A, 0x68, 0x4A, 0x88, 0x52, 0x88, 0x52, 0xA9, 0x52, 0xA9, 0x52,
    0xA9, 0x52, 0xA9, 0x52, 0xA9, 0x52, 0xA9, 0x52, 0xA9, 0x52, 0xA9, 0x52, 0x88, 0x52, 0x88, 0x52,
    0x88, 0x52, 0x68, 0x52, 0x68, 0x52, 0x68, 0x52, 0x47, 0x52, 0x47, 0x4A, 0x27, 0x4A, 0x47, 0x4A,
    0x47, 0x4A, 0x47, 0x4A, 0x47, 0x4A, 0x47, 0x4A, 0x47, 0x4A, 0x27, 0x4A, 0x27, 0x4A, 0x07, 0x42,
    0x07, 0x42, 0x07, 0x42, 0x07, 0x42, 0x07, 0x42, 0x07, 0x42, 0x07, 0x42, 0xE7, 0x39, 0xE6, 0x39,
    0xE6, 0x39, 0xE6, 0x39, 0xE6, 0x39, 0xC6, 0x39, 0xC6, 0x39, 0xC6, 0x39, 0xC6, 0x39, 0xA5, 0x39,
    0xA5, 0x39, 0xA5, 0x39, 0xA5, 0x39, 0xA5, 0x39, 0xA5, 0x39, 0xA5, 0x39, 0x85, 0x31, 0x85, 0x31,
    0x64, 0x31, 0x44, 0x29, 0x44, 0x29, 0x44, 0x29, 0x44, 0x29, 0x24, 0x29, 0x03, 0x21, 0x03, 0x21,
    0x03, 0x21, 0x03, 0x21, 0x44, 0x29, 0x64, 0x31, 0x64, 0x31, 0x64, 0x31, 0x64, 0x31, 0x65, 0x31,
    0x64, 0x31, 0x85, 0x31, 0xA5, 0x39, 0xA5, 0x39, 0xA5, 0x39, 0xA5, 0x39, 0xA5, 0x39, 0xA5, 0x39,
    0xA5, 0x39, 0xA5, 0x39, 0xA5, 0x39, 0xA5, 0x39, 0xA5, 0x39, 0xA5, 0x39, 0xA5, 0x39, 0xA6, 0x39,
    0xA6, 0x31, 0xA6, 0x31, 0xA6, 0x39, 0xC6, 0x39, 0xC6, 0x39, 0xC6, 0x39, 0xC6, 0x39, 0xC6, 0x39,
    0xE6, 0x39, 0xE6, 0x39, 0xE7, 0x39, 0xE7, 0x39, 0xE7, 0x41, 0xE7, 0x41, 0xE7, 0x41, 0x07, 0x42,
    0x07, 0x42, 0x07, 0x42, 0x07, 0x42, 0x07, 0x42, 0x07, 0x42, 0x07, 0x42, 0x07, 0x42, 0x27, 0x4A,
    0x28, 0x4A, 0x27, 0x4A, 0x47, 0x4A, 0x48, 0x4A, 0x48, 0x4A, 0x48, 0x4A, 0x28, 0x42, 0x28, 0x42,
    0x28, 0x42, 0x28, 0x42, 0x28, 0x4A, 0x48, 0x4A, 0x68, 0x4A, 0x88, 0x52, 0x88, 0x52, 0x88, 0x52,
    0x88, 0x52, 0xA9, 0x52, 0xA9, 0x52, 0x89, 0x52, 0xA9, 0x5A, 0xC9, 0x5A, 0xC9, 0x5A, 0xC9, 0x5A,
    0xCA, 0x5A, 0xCA, 0x5A, 0xCA, 0x5A, 0xCA, 0x5A, 0xEA, 0x5A, 0xEA, 0x62, 0xEA, 0x62, 0xEA, 0x62,
    0x0A, 0x63, 0x0A, 0x63, 0x0A, 0x63, 0x2B, 0x6B, 0x4B, 0x6B, 0x4B, 0x6B, 0x4B, 0x6B, 0x4B, 0x6B,
    0x4B, 0x6B, 0x6C, 0x6B, 0x6C, 0x6B, 0x4B, 0x6B, 0x2B, 0x6B, 0x2B, 0x63, 0xEA, 0x62, 0xCA, 0x5A,
    0xC9, 0x5A, 0xC9, 0x5A, 0x0A, 0x63, 0x0A, 0x63, 0xCA, 0x5A, 0x68, 0x4A, 0xA5, 0x39, 0xE2, 0x18,
    0x81, 0x10, 0x40, 0x08, 0x20, 0x00, 0x00, 0x00, 0x40, 0x08, 0x40, 0x08, 0x41, 0x08, 0x24, 0x29,
    0x6C, 0x6B, 0x33, 0xA5, 0x54, 0xAD, 0x33, 0xA5, 0x74, 0xB5, 0xB5, 0xB5, 0xB5, 0xB5, 0xD5, 0xBD,
    0xD5, 0xBD, 0xB4, 0xB5, 0x74, 0xB5, 0x94, 0xB5, 0x74, 0xB5, 0x74, 0xB5, 0x94, 0xB5, 0x94, 0xB5,
    0xF6, 0xBD, 0xF6, 0xBD, 0xF6, 0xBD, 0xF6, 0xBD, 0xD6, 0xBD, 0xD6, 0xBD, 0xD6, 0xBD, 0xD6, 0xBD,
    0xD6, 0xBD, 0xD5, 0xBD, 0xD5, 0xBD, 0xD5, 0xBD, 0xD6, 0xBD, 0xD6, 0xBD, 0xD6, 0xBD, 0xF6, 0xBD,
    0xF6, 0xBD, 0xF6, 0xBD, 0xF6, 0xBD, 0xF6, 0xBD, 0xF6, 0xBD, 0xF6, 0xBD, 0xF6, 0xBD, 0xF6, 0xBD,
    0xF6, 0xBD, 0xF6, 0xBD, 0xF6, 0xC5, 0xF6, 0xC5, 0xF6, 0xBD, 0xF6, 0xBD, 0xF6, 0xBD, 0x16, 0xC6,
    0xF6, 0xBD, 0xD6, 0xBD, 0xF6, 0xBD, 0xFA, 0xDE, 0xFA, 0xE6, 0x37, 0xC6, 0x1B, 0xE7, 0x3B, 0xE7,
    0xFA, 0xDE, 0xB9, 0xD6, 0x37, 0xC6, 0xD5, 0xBD, 0x94, 0xB5, 0xD2, 0x9C, 0x2F, 0x84, 0x2F, 0x84,
    0x4F, 0x8C, 0x2F, 0x8C, 0x0F, 0x84, 0xEE, 0x83, 0xEE, 0x83, 0xEE, 0x83, 0xEE, 0x7B, 0xCD, 0x7B,
    0xAD, 0x7B, 0xAD, 0x7B, 0xAD, 0x7B, 0xAD, 0x73, 0x8C, 0x73, 0x8C, 0x73, 0x8C, 0x73, 0x8C, 0x73,
    0x8C, 0x73, 0x6C, 0x73, 0x6C, 0x73, 0x6C, 0x73, 0x6C, 0x73, 0x6C, 0x6B, 0x6B, 0x6B, 0x6B, 0x6B,
    0x4B, 0x6B, 0x4B, 0x6B, 0x2B, 0x6B, 0x0A, 0x63, 0xEA, 0x62, 0xE9, 0x5A, 0xE9, 0x5A, 0xC9, 0x5A,
    0xC9, 0x5A, 0xC9, 0x5A, 0xEA, 0x5A, 0xEA, 0x62, 0x0A, 0x63, 0x0A, 0x63, 0x2B, 0x63, 0x4B, 0x6B,
    0x6B, 0x6B, 0x6C, 0x73, 0x8C, 0x73, 0xAC, 0x73, 0xAD, 0x73, 0xAD, 0x73, 0xAD, 0x73, 0xAD, 0x7B,
    0xAD, 0x7B, 0xAD, 0x73, 0xAC, 0x73, 0xAC, 0x73, 0x8C, 0x73, 0x8C, 0x73, 0x6C, 0x6B, 0x4B, 0x6B,
    0x2B, 0x6B, 0x2B, 0x63, 0x0A, 0x63, 0xEA, 0x62, 0xEA, 0x62, 0xEA, 0x5A, 0xC9, 0x5A, 0xC9, 0x5A,
    0xA9, 0x5A, 0xA9, 0x52, 0x88, 0x52, 0xA9, 0x52, 0x88, 0x52, 0x68, 0x52, 0x68, 0x52, 0x68, 0x52,
    0x68, 0x52, 0x68, 0x52, 0x68, 0x52, 0x68, 0x52, 0x68, 0x4A, 0x67, 0x4A, 0x47, 0x4A, 0x67, 0x4A,
    0x67, 0x4A, 0x47, 0x4A, 0x47, 0x4A, 0x47, 0x4A, 0x68, 0x52, 0x88, 0x52, 0xA9, 0x52, 0xA9, 0x52,
    0xA9, 0x52, 0x88, 0x52, 0x88, 0x52, 0x88, 0x52, 0x88, 0x52, 0x88, 0x52, 0x88, 0x52, 0x88, 0x52,
    0x88, 0x52, 0x68, 0x52, 0x68, 0x52, 0x47, 0x52, 0x47, 0x4A, 0x47, 0x4A, 0x47, 0x4A, 0x47, 0x4A,
    0x47, 0x4A, 0x47, 0x4A, 0x47, 0x4A, 0x47, 0x4A, 0x47, 0x4A, 0x27, 0x4A, 0x07, 0x42, 0x07, 0x42,
    0x07, 0x42, 0x07, 0x42, 0x07, 0x42, 0x07, 0x42, 0x07, 0x42, 0x07, 0x42, 0xE7, 0x41, 0xE6, 0x39,
    0xE6, 0x39, 0xE6, 0x39, 0xE6, 0x39, 0xC6, 0x39, 0xC6, 0x39, 0xC6, 0x39, 0xA5, 0x39, 0xA5, 0x39,
    0xA5, 0x39, 0xA5, 0x39, 0xA5, 0x39, 0xA5, 0x39, 0xA5, 0x39, 0xA5, 0x39, 0x85, 0x31, 0x85, 0x31,
    0x85, 0x31, 0x64, 0x31, 0x64, 0x31, 0x64, 0x31, 0x44, 0x29, 0x24, 0x29, 0x03, 0x21, 0x03, 0x21,
    0x03, 0x21, 0x03, 0x21, 0x23, 0x29, 0x44, 0x29, 0x64, 0x31, 0x64, 0x31, 0x64, 0x29, 0x64, 0x29,
    0x44, 0x29, 0x64, 0x31, 0x85, 0x31, 0xA5, 0x39, 0xA5, 0x39, 0xA5, 0x39, 0xA5, 0x39, 0xA5, 0x39,
    0xA5, 0x39, 0xA5, 0x39, 0xA5, 0x39, 0xA5, 0x39, 0xA5, 0x39, 0xA5, 0x39, 0xA5, 0x39, 0xA6, 0x39,
    0xA6, 0x31, 0xA6, 0x31, 0xA6, 0x39, 0xC6, 0x39, 0xC6, 0x39, 0xC6, 0x39, 0xE6, 0x39, 0xC6, 0x39,
    0xE6, 0x39, 0xE6, 0x39, 0xE6, 0x41, 0xE7, 0x41, 0xE7, 0x41, 0x07, 0x42, 0x07, 0x42, 0x07, 0x42,
    0x07, 0x42, 0x07, 0x42, 0x07, 0x42, 0x07, 0x42, 0x07, 0x42, 0x07, 0x42, 0x27, 0x4A, 0x28, 0x4A,
    0x28, 0x4A, 0x27, 0x4A, 0x47, 0x4A, 0x68, 0x4A, 0x68, 0x4A, 0x48, 0x4A, 0x48, 0x4A, 0x28, 0x4A,
    0x28, 0x4A, 0x28, 0x4A, 0x48, 0x4A, 0x68, 0x4A, 0x88, 0x52, 0xA9, 0x52, 0xA9, 0x52, 0xA9, 0x52,
    0xA9, 0x52, 0xA9, 0x52, 0xA9, 0x52, 0xA9, 0x52, 0xA9, 0x5A, 0xC9, 0x5A, 0xC9, 0x5A, 0xC9, 0x5A,
    0xC9, 0x5A, 0xCA, 0x5A, 0xCA, 0x5A, 0xCA, 0x5A, 0xEA, 0x5A, 0xEA, 0x62, 0xEA, 0x62, 0xEA, 0x62,
    0x0A, 0x63, 0x0A, 0x63, 0x2A, 0x63, 0x2B, 0x6B, 0x2B, 0x6B, 0x4B, 0x6B, 0x4B, 0x6B, 0x4B, 0x6B,
    0x4B, 0x6B, 0x6C, 0x6B, 0x4C, 0x6B, 0x4B, 0x6B, 0x0A, 0x63, 0xC9, 0x5A, 0xC9, 0x5A, 0x89, 0x52,
    0x68, 0x52, 0x68, 0x52, 0x89, 0x52, 0xA9, 0x52, 0xEA, 0x5A, 0x2B, 0x63, 0x0B, 0x63, 0x48, 0x4A,
    0x65, 0x31, 0xC2, 0x18, 0x40, 0x08, 0x40, 0x08, 0x20, 0x00, 0x20, 0x00, 0x20, 0x08, 0x82, 0x10,
    0x65, 0x31, 0xCE, 0x7B, 0x74, 0xAD, 0x54, 0xAD, 0x33, 0xA5, 0x33, 0xAD, 0x53, 0xAD, 0x94, 0xB5,
    0xB4, 0xB5, 0xF6, 0xBD, 0xD5, 0xBD, 0xB5, 0xBD, 0xB5, 0xB5, 0x94, 0xB5, 0x74, 0xB5, 0x53, 0xAD,
    0xF6, 0xBD, 0xF6, 0xBD, 0xF6, 0xBD, 0xF6, 0xBD, 0xD6, 0xBD, 0xD6, 0xBD, 0xD6, 0xBD, 0xD6, 0xBD,
    0xD6, 0xBD, 0xD6, 0xBD, 0xD6, 0xBD, 0xD6, 0xBD, 0xD6, 0xBD, 0xD6, 0xBD, 0xD6, 0xBD, 0xD6, 0xBD,
    0xD6, 0xBD, 0xD5, 0xBD, 0xF6, 0xBD, 0xF6, 0xBD, 0xF6, 0xBD, 0xF6, 0xBD, 0xF6, 0xBD, 0xF6, 0xBD,
    0xF6, 0xBD, 0xD6, 0xBD, 0xF6, 0xBD, 0xF6, 0xBD, 0xF6, 0xBD, 0x16, 0xC6, 0x17, 0xC6, 0xF6, 0xBD,
    0xB5, 0xBD, 0x95, 0xB5, 0x58, 0xCE, 0xBD, 0xF7, 0x37, 0xC6, 0x17, 0xC6, 0xFA, 0xDE, 0xD9, 0xDE,
    0xB9, 0xD6, 0x98, 0xD6, 0x57, 0xCE, 0xF6, 0xBD, 0x54, 0xAD, 0xD1, 0x9C, 0x70, 0x8C, 0x2F, 0x84,
    0x2F, 0x84, 0x2F, 0x84, 0x2F, 0x84, 0x0F, 0x84, 0xEE, 0x83, 0xEE, 0x83, 0xEE, 0x7B, 0xCD, 0x7B,
    0xAD, 0x7B, 0xAD, 0x7B, 0xAD, 0x7B, 0x8C, 0x73, 0x8C, 0x73, 0x8C, 0x73, 0xAC, 0x73, 0x8C, 0x73,
    0x6C, 0x73, 0x6C, 0x73, 0x6C, 0x73, 0x6C, 0x73, 0x6C, 0x6B, 0x6B, 0x6B, 0x6B, 0x6B, 0x4B, 0x6B,
    0x4B, 0x6B, 0x4B, 0x6B, 0x2B, 0x6B, 0x0A, 0x63, 0xEA, 0x62, 0xEA, 0x5A, 0xEA, 0x5A, 0xEA, 0x62,
    0x0A, 0x63, 0x0A, 0x63, 0x2B, 0x6B, 0x2B, 0x6B, 0x2B, 0x6B, 0x2A, 0x63, 0x2B, 0x63, 0x4B, 0x6B,
    0x6B, 0x6B, 0x8C, 0x73, 0x8C, 0x73, 0x8C, 0x73, 0xAC, 0x73, 0xAC, 0x73, 0xAC, 0x73, 0xAC, 0x73,
    0xAC, 0x73, 0xAC, 0x73, 0x8C, 0x73, 0x8C, 0x73, 0x8C, 0x73, 0x8C, 0x73, 0x6C, 0x73, 0x4B, 0x6B,
    0x4B, 0x6B, 0x2B, 0x6B, 0x2B, 0x6B, 0x0A, 0x63, 0x0A, 0x63, 0x0A, 0x63, 0xEA, 0x5A, 0xC9, 0x5A,
    0xA9, 0x5A, 0x88, 0x52, 0x88, 0x52, 0x88, 0x52, 0x88, 0x52, 0x88, 0x52, 0x88, 0x52, 0x88, 0x52,
    0x88, 0x52, 0x88, 0x52, 0x68, 0x52, 0x68, 0x52, 0x68, 0x52, 0x68, 0x4A, 0x68, 0x4A, 0x47, 0x4A,
    0x47, 0x4A, 0x47, 0x4A, 0x47, 0x4A, 0x47, 0x4A, 0x68, 0x52, 0x88, 0x52, 0x88, 0x52, 0x88, 0x52,
    0x88, 0x52, 0x88, 0x52, 0x88, 0x52, 0x88, 0x52, 0x88, 0x52, 0x88, 0x52, 0x88, 0x52, 0x88, 0x52,
    0x88, 0x52, 0x68, 0x52, 0x47, 0x52, 0x47, 0x4A, 0x47, 0x4A, 0x47, 0x4A, 0x47, 0x4A, 0x47, 0x4A,
    0x47, 0x4A, 0x47, 0x4A, 0x47, 0x4A, 0x47, 0x4A, 0x47, 0x4A, 0x27, 0x4A, 0x07, 0x42, 0x07, 0x42,
    0x07, 0x42, 0x07, 0x42, 0x07, 0x42, 0x07, 0x42, 0x07, 0x42, 0x07, 0x42, 0x06, 0x42, 0xE6, 0x41,
    0xE6, 0x41, 0xE6, 0x39, 0xC6, 0x39, 0xC5, 0x39, 0xC5, 0x39, 0xC5, 0x39, 0xC5, 0x39, 0xA5, 0x39,
    0xA5, 0x39, 0xA5, 0x39, 0xA5, 0x39, 0xA5, 0x39, 0xA5, 0x39, 0xA5, 0x39, 0xA5, 0x39, 0xA5, 0x31,
    0xA5, 0x39, 0x85, 0x31, 0x85, 0x31, 0x65, 0x31, 0x44, 0x29, 0x44, 0x29, 0x23, 0x21, 0x03, 0x21,
    0x03, 0x21, 0x03, 0x21, 0x24, 0x29, 0x44, 0x29, 0x64, 0x29, 0x64, 0x29, 0x64, 0x29, 0x45, 0x29,
    0x44, 0x29, 0x65, 0x31, 0x85, 0x39, 0xA5, 0x39, 0xA5, 0x39, 0xA5, 0x39, 0xA5, 0x39, 0xA5, 0x39,
    0xA5, 0x39, 0xA5, 0x39, 0xA5, 0x39, 0xA5, 0x39, 0xA5, 0x39, 0xA5, 0x39, 0xA6, 0x39, 0xA6, 0x39,
    0xA6, 0x39, 0xC6, 0x39, 0xC6, 0x39, 0xE6, 0x39, 0xE6, 0x39, 0xE7, 0x41, 0xE7, 0x39, 0xE6, 0x39,
    0xE6, 0x39, 0xE6, 0x41, 0xE7, 0x41, 0xE6, 0x41, 0xE6, 0x41, 0x07, 0x42, 0x07, 0x42, 0x07, 0x42,
    0x07, 0x42, 0x07, 0x42, 0x07, 0x42, 0x07, 0x42, 0x07, 0x42, 0x27, 0x4A, 0x27, 0x4A, 0x27, 0x4A,
    0x27, 0x4A, 0x27, 0x4A, 0x47, 0x4A, 0x68, 0x52, 0x68, 0x52, 0x47, 0x4A, 0x48, 0x4A, 0x48, 0x4A,
    0x68, 0x4A, 0x68, 0x52, 0x69, 0x52, 0x89, 0x52, 0xA9, 0x52, 0xA9, 0x5A, 0xA9, 0x5A, 0xC9, 0x5A,
    0xA9, 0x5A, 0xA9, 0x5A, 0xA9, 0x5A, 0xA9, 0x5A, 0xC9, 0x5A, 0xC9, 0x5A, 0xC9, 0x5A, 0xC9, 0x5A,
    0xC9, 0x5A, 0xE9, 0x5A, 0xE9, 0x5A, 0xEA, 0x5A, 0xEA, 0x5A, 0xEA, 0x5A, 0xEA, 0x62, 0xEA, 0x62,
    0xEA, 0x62, 0xEA, 0x62, 0x0A, 0x63, 0x2B, 0x6B, 0x4B, 0x6B, 0x4B, 0x6B, 0x4B, 0x6B, 0x4B, 0x6B,
    0x6B, 0x6B, 0x6C, 0x6B, 0x4C, 0x6B, 0x2B, 0x6B, 0x0A, 0x63, 0xC9, 0x5A, 0xA9, 0x52, 0x68, 0x4A,
    0x48, 0x4A, 0x48, 0x4A, 0x27, 0x4A, 0x27, 0x4A, 0x89, 0x52, 0xAA, 0x5A, 0x0B, 0x63, 0x0B, 0x63,
    0x89, 0x52, 0x07, 0x42, 0x85, 0x29, 0x65, 0x29, 0xC2, 0x18, 0x61, 0x08, 0x00, 0x00, 0x20, 0x08,
    0x20, 0x08, 0x07, 0x42, 0x95, 0xB5, 0x58, 0xCE, 0x16, 0xC6, 0x95, 0xB5, 0x33, 0xA5, 0x32, 0xA5,
    0x33, 0xA5, 0x74, 0xB5, 0xB5, 0xBD, 0xF6, 0xBD, 0x17, 0xC6, 0x16, 0xC6, 0xD5, 0xBD, 0x94, 0xB5,
    0xF6, 0xBD, 0xF6, 0xBD, 0xF6, 0xBD, 0xF6, 0xBD, 0xF6, 0xBD, 0xD6, 0xBD, 0xD6, 0xBD, 0xD6, 0xBD,
    0xD6, 0xBD, 0xD6, 0xBD, 0xD6, 0xBD, 0xD6, 0xBD, 0xD6, 0xBD, 0xD6, 0xBD, 0xD6, 0xBD, 0xD6, 0xBD,
    0xD6, 0xBD, 0xD5, 0xBD, 0xD5, 0xBD, 0xD5, 0xBD, 0xD5, 0xBD, 0xD5, 0xBD, 0xD5, 0xBD, 0xD5, 0xBD,
    0xD5, 0xBD, 0xD5, 0xBD, 0xD6, 0xBD, 0xF6, 0xBD, 0xD6, 0xBD, 0xD5, 0xBD, 0xD6, 0xBD, 0x95, 0xB5,
    0x95, 0xB5, 0xB5, 0xB5, 0xFA, 0xDE, 0x1A, 0xE7, 0x37, 0xC6, 0xFA, 0xDE, 0x3B, 0xE7, 0xDA, 0xDE,
    0xD9, 0xDE, 0x98, 0xD6, 0x78, 0xCE, 0x37, 0xC6, 0x12, 0xA5, 0x91, 0x94, 0x70, 0x8C, 0x70, 0x8C,
    0x70, 0x94, 0x4F, 0x8C, 0x2F, 0x84, 0x0F, 0x84, 0xEE, 0x83, 0xEE, 0x83, 0xEE, 0x7B, 0xCD, 0x7B,
    0xAD, 0x7B, 0xAD, 0x7B, 0xAD, 0x7B, 0x8C, 0x73, 0x8C, 0x73, 0x8C, 0x73, 0x8C, 0x73, 0x6C, 0x73,
    0x6C, 0x6B, 0x6C, 0x73, 0x6C, 0x73, 0x6C, 0x73, 0x6C, 0x73, 0x6C, 0x6B, 0x6B, 0x6B, 0x6B, 0x6B,
    0x4B, 0x6B, 0x4B, 0x6B, 0x4B, 0x6B, 0x2A, 0x63, 0x0A, 0x63, 0x0A, 0x63, 0x0A, 0x63, 0x2B, 0x6B,
    0x4B, 0x6B, 0x4B, 0x6B, 0x2B, 0x6B, 0x0A, 0x63, 0x0A, 0x63, 0x0A, 0x63, 0x2B, 0x63, 0x4B, 0x6B,
    0x6C, 0x73, 0x8C, 0x73, 0x8C, 0x73, 0x8C, 0x73, 0xAC, 0x73, 0xAC, 0x73, 0xAC, 0x73, 0xAC, 0x73,
    0xAC, 0x73, 0xAC, 0x73, 0x8C, 0x73, 0x8C, 0x73, 0x8C, 0x73, 0x8C, 0x73, 0x8C, 0x73, 0x6C, 0x73,
    0x4B, 0x6B, 0x4B, 0x6B, 0x4B, 0x6B, 0x2B, 0x6B, 0x2B, 0x6B, 0x2A, 0x63, 0x0A, 0x63, 0xC9, 0x5A,
    0xA9, 0x5A, 0x88, 0x52, 0x88, 0x52, 0x88, 0x52, 0x88, 0x52, 0x88, 0x52, 0x88, 0x52, 0x88, 0x52,
    0x88, 0x52, 0x88, 0x52, 0x68, 0x52, 0x68, 0x52, 0x68, 0x52, 0x68, 0x4A, 0x68, 0x4A, 0x47, 0x4A,
    0x47, 0x4A, 0x47, 0x4A, 0x47, 0x4A, 0x47, 0x4A, 0x68, 0x52, 0x88, 0x52, 0x68, 0x52, 0x88, 0x52,
    0x88, 0x52, 0x88, 0x52, 0x88, 0x52, 0x88, 0x52, 0x68, 0x52, 0x68, 0x52, 0x68, 0x52, 0x68, 0x52,
    0x68, 0x52, 0x68, 0x52, 0x47, 0x4A, 0x47, 0x4A, 0x47, 0x4A, 0x68, 0x52, 0x48, 0x52, 0x48, 0x52,
    0x48, 0x52, 0x48, 0x4A, 0x47, 0x4A, 0x47, 0x4A, 0x47, 0x4A, 0x27, 0x4A, 0x07, 0x42, 0x07, 0x42,
    0x07, 0x42, 0x07, 0x42, 0x07, 0x42, 0x07, 0x42, 0x07, 0x42, 0x07, 0x42, 0x07, 0x42, 0xE6, 0x41,
    0xE6, 0x41, 0xE6, 0x41, 0xE6, 0x39, 0xC6, 0x39, 0xC6, 0x39, 0xC6, 0x39, 0xC5, 0x39, 0xA5, 0x39,
    0xA5, 0x39, 0xA5, 0x39, 0xA5, 0x39, 0xA5, 0x39, 0xA5, 0x39, 0xA5, 0x39, 0xA5, 0x39, 0xA5, 0x39,
    0xA5, 0x39, 0x85, 0x31, 0x85, 0x31, 0x65, 0x31, 0x64, 0x29, 0x44, 0x29, 0x24, 0x29, 0x23, 0x29,
    0x23, 0x29, 0x23, 0x29, 0x24, 0x29, 0x44, 0x29, 0x64, 0x29, 0x64, 0x29, 0x64, 0x29, 0x45, 0x29,
    0x44, 0x29, 0x65, 0x31, 0x85, 0x39, 0xA5, 0x39, 0xA5, 0x39, 0xA5, 0x39, 0xA5, 0x39, 0xA5, 0x39,
    0xA5, 0x39, 0xA5, 0x39, 0xA5, 0x39, 0xA5, 0x39, 0xA5, 0x39, 0xA5, 0x39, 0xA6, 0x39, 0xA6, 0x39,
    0xA6, 0x39, 0xC6, 0x39, 0xE6, 0x39, 0xE6, 0x39, 0xE6, 0x41, 0x06, 0x42, 0xE7, 0x39, 0xE7, 0x39,
    0xE7, 0x39, 0xE6, 0x41, 0xE6, 0x41, 0xE6, 0x41, 0x06, 0x42, 0x06, 0x42, 0x06, 0x42, 0x06, 0x42,
    0x06, 0x42, 0x07, 0x42, 0x07, 0x42, 0x07, 0x42, 0x07, 0x42, 0x07, 0x42, 0x27, 0x4A, 0x27, 0x4A,
    0x27, 0x4A, 0x27, 0x4A, 0x48, 0x4A, 0x88, 0x52, 0x88, 0x52, 0x88, 0x52, 0x88, 0x52, 0x89, 0x52,
    0xA9, 0x5A, 0xA9, 0x5A, 0xA9, 0x5A, 0xA9, 0x52, 0xC9, 0x5A, 0xA9, 0x5A, 0xA9, 0x5A, 0xC9, 0x5A,
    0xA9, 0x5A, 0xA9, 0x5A, 0xA9, 0x5A, 0xA9, 0x5A, 0xC9, 0x5A, 0xC9, 0x5A, 0xC9, 0x5A, 0xC9, 0x5A,
    0xE9, 0x5A, 0xE9, 0x5A, 0xE9, 0x5A, 0xE9, 0x5A, 0xEA, 0x5A, 0xEA, 0x5A, 0xEA, 0x62, 0x0A, 0x63,
    0x0A, 0x63, 0x0A, 0x63, 0x2B, 0x63, 0x4B, 0x6B, 0x4B, 0x6B, 0x4B, 0x6B, 0x4B, 0x6B, 0x4B, 0x6B,
    0x4B, 0x6B, 0x4B, 0x6B, 0x4C, 0x6B, 0x2B, 0x6B, 0x2B, 0x63, 0xEA, 0x62, 0xC9, 0x5A, 0x68, 0x52,
    0x27, 0x4A, 0xE6, 0x41, 0xC6, 0x39, 0xC6, 0x39, 0xA5, 0x31, 0xC6, 0x39, 0x48, 0x4A, 0xEA, 0x5A,
    0xCA, 0x5A, 0xAA, 0x52, 0x69, 0x4A, 0x28, 0x42, 0xC6, 0x39, 0x85, 0x31, 0x24, 0x29, 0x24, 0x21,
    0x82, 0x10, 0xA1, 0x10, 0x2C, 0x6B, 0x74, 0xAD, 0x57, 0xCE, 0x16, 0xC6, 0xB5, 0xB5, 0x94, 0xB5,
    0x73, 0xAD, 0x33, 0xAD, 0x33, 0xAD, 0x74, 0xAD, 0xB5, 0xBD, 0xD6, 0xBD, 0xD5, 0xBD, 0xD5, 0xBD,
    0xF6, 0xBD, 0xF6, 0xBD, 0xF6, 0xBD, 0xF6, 0xBD, 0xF6, 0xBD, 0xF6, 0xBD, 0xF6, 0xBD, 0xD6, 0xBD,
    0xD6, 0xBD, 0xD6, 0xBD, 0xD6, 0xBD, 0xD6, 0xBD, 0xD6, 0xBD, 0xD5, 0xBD, 0xD5, 0xBD, 0xD5, 0xBD,
    0xD5, 0xBD, 0xD5, 0xBD, 0xD5, 0xBD, 0xD5, 0xBD, 0xD5, 0xBD, 0xD5, 0xBD, 0xB5, 0xB5, 0xB5, 0xB5,
    0xB5, 0xB5, 0xB5, 0xBD, 0xB5, 0xB5, 0xB5, 0xB5, 0x74, 0xAD, 0x54, 0xAD, 0x74, 0xAD, 0x53, 0xAD,
    0x74, 0xAD, 0x16, 0xC6, 0x5B, 0xEF, 0x37, 0xC6, 0xDA, 0xDE, 0x9D, 0xF7, 0x7C, 0xEF, 0x3B, 0xE7,
    0x3B, 0xE7, 0xD9, 0xDE, 0xD9, 0xDE, 0x37, 0xC6, 0xF2, 0x9C, 0xB1, 0x94, 0xB1, 0x94, 0xD1, 0x9C,
    0xB1, 0x94, 0x70, 0x8C, 0x4F, 0x8C, 0x0F, 0x84, 0xEE, 0x83, 0xEE, 0x83, 0xCE, 0x7B, 0xAD, 0x7B,
    0xAD, 0x7B, 0xAD, 0x7B, 0xAD, 0x7B, 0x8C, 0x73, 0x8C, 0x73, 0x8C, 0x73, 0x8C, 0x73, 0x6C, 0x73,
    0x6C, 0x73, 0x6C, 0x73, 0x6C, 0x73, 0x6C, 0x73, 0x6C, 0x73, 0x6C, 0x73, 0x6C, 0x73, 0x6B, 0x6B,
    0x4B, 0x6B, 0x4B, 0x6B, 0x4B, 0x6B, 0x2B, 0x6B, 0x0A, 0x63, 0x2A, 0x63, 0x2A, 0x63, 0x4B, 0x6B,
    0x4B, 0x6B, 0x4B, 0x6B, 0xEA, 0x62, 0xE9, 0x5A, 0xEA, 0x62, 0x2A, 0x63, 0x4B, 0x6B, 0x6B, 0x6B,
    0x8C, 0x73, 0x8C, 0x73, 0x8C, 0x73, 0x8C, 0x73, 0xAC, 0x73, 0x8C, 0x73, 0xAD, 0x73, 0xAD, 0x73,
    0xAC, 0x73, 0xAC, 0x73, 0xAC, 0x73, 0x8C, 0x73, 0x8C, 0x73, 0x8C, 0x73, 0x8C, 0x73, 0x6C, 0x73,
    0x6C, 0x6B, 0x6B, 0x6B, 0x6B, 0x6B, 0x4B, 0x6B, 0x4B, 0x6B, 0x2B, 0x6B, 0x0A, 0x63, 0xC9, 0x5A,
    0xA9, 0x5A, 0xA9, 0x5A, 0xA9, 0x52, 0xA9, 0x52, 0xA8, 0x52, 0x88, 0x52, 0x88, 0x52, 0x88, 0x52,
    0x88, 0x52, 0x88, 0x52, 0x68, 0x52, 0x68, 0x52, 0x68, 0x4A, 0x68, 0x4A, 0x47, 0x4A, 0x47, 0x4A,
    0x47, 0x4A, 0x47, 0x4A, 0x47, 0x4A, 0x47, 0x4A, 0x68, 0x4A, 0x68, 0x52, 0x68, 0x52, 0x88, 0x52,
    0x68, 0x52, 0x68, 0x52, 0x68, 0x52, 0x68, 0x52, 0x68, 0x52, 0x68, 0x4A, 0x68, 0x52, 0x68, 0x52,
    0x68, 0x52, 0x68, 0x52, 0x47, 0x4A, 0x47, 0x4A, 0x68, 0x52, 0x47, 0x4A, 0x47, 0x52, 0x68, 0x52,
    0x48, 0x52, 0x48, 0x4A, 0x48, 0x4A, 0x47, 0x4A, 0x47, 0x4A, 0x27, 0x4A, 0x07, 0x42, 0x07, 0x42,
    0x07, 0x42, 0x07, 0x42, 0x07, 0x42, 0x07, 0x42, 0x07, 0x42, 0x07, 0x42, 0x06, 0x42, 0xE6, 0x41,
    0xE6, 0x41, 0xE6, 0x41, 0xE6, 0x41, 0xC6, 0x41, 0xE6, 0x39, 0xE6, 0x39, 0xC6, 0x39, 0xC5, 0x39,
    0xA5, 0x39, 0xA5, 0x39, 0xA5, 0x39, 0xA5, 0x39, 0xA5, 0x39, 0xA5, 0x39, 0xA6, 0x39, 0xA5, 0x39,
    0xA5, 0x39, 0x85, 0x31, 0x85, 0x31, 0x65, 0x31, 0x64, 0x29, 0x44, 0x29, 0x24, 0x29, 0x44, 0x29,
    0x44, 0x29, 0x24, 0x29, 0x24, 0x29, 0x44, 0x29, 0x44, 0x29, 0x44, 0x29, 0x44, 0x29, 0x44, 0x29,
    0x44, 0x29, 0x64, 0x31, 0x85, 0x31, 0xA5, 0x39, 0x85, 0x31, 0x84, 0x31, 0x84, 0x39, 0x85, 0x39,
    0x85, 0x39, 0xA5, 0x39, 0xA5, 0x39, 0xA5, 0x39, 0xA5, 0x39, 0xA6, 0x39, 0xA6, 0x39, 0xA6, 0x39,
    0xC6, 0x39, 0xC6, 0x39, 0xC6, 0x39, 0xE6, 0x41, 0xE6, 0x41, 0xE6, 0x39, 0xE7, 0x39, 0xE6, 0x41,
    0xE7, 0x41, 0xE6, 0x41, 0x06, 0x42, 0xE6, 0x41, 0x06, 0x42, 0x06, 0x42, 0x06, 0x42, 0x07, 0x42,
    0x07, 0x42, 0x07, 0x42, 0x07, 0x42, 0x07, 0x42, 0x07, 0x42, 0x07, 0x42, 0x27, 0x4A, 0x47, 0x4A,
    0x27, 0x4A, 0x47, 0x4A, 0x68, 0x52, 0x88, 0x52, 0xC9, 0x5A, 0xC9, 0x5A, 0xA9, 0x5A, 0xA9, 0x5A,
    0xA9, 0x5A, 0xA9, 0x5A, 0xA9, 0x5A, 0xA9, 0x5A, 0xC9, 0x5A, 0xA9, 0x5A, 0xA9, 0x5A, 0xA9, 0x5A,
    0xA9, 0x5A, 0xA9, 0x5A, 0xA9, 0x5A, 0xC9, 0x5A, 0xC9, 0x5A, 0xC9, 0x5A, 0xC9, 0x5A, 0xE9, 0x5A,
    0xE9, 0x5A, 0xE9, 0x5A, 0xE9, 0x5A, 0xE9, 0x5A, 0xEA, 0x5A, 0xEA, 0x5A, 0xEA, 0x62, 0x0A, 0x63,
    0x0A, 0x63, 0x0A, 0x63, 0x2B, 0x63, 0x4B, 0x6B, 0x4B, 0x6B, 0x4B, 0x6B, 0x4B, 0x6B, 0x4B, 0x6B,
    0x4B, 0x6B, 0x4B, 0x6B, 0x4C, 0x6B, 0x2B, 0x6B, 0x0B, 0x63, 0xEA, 0x62, 0x0A, 0x63, 0xCA, 0x5A,
    0x27, 0x4A, 0xC6, 0x39, 0xA5, 0x39, 0x64, 0x29, 0x03, 0x21, 0x03, 0x21, 0x03, 0x21, 0x65, 0x29,
    0x07, 0x42, 0x69, 0x4A, 0x69, 0x52, 0x69, 0x4A, 0x48, 0x4A, 0x07, 0x42, 0xC7, 0x39, 0x08, 0x42,
    0xA6, 0x31, 0xE3, 0x18, 0x44, 0x29, 0x2B, 0x63, 0xF6, 0xBD, 0x37, 0xC6, 0xF6, 0xBD, 0xF6, 0xBD,
    0xD5, 0xBD, 0xB5, 0xB5, 0x74, 0xB5, 0x33, 0xAD, 0xF2, 0xA4, 0x33, 0xAD, 0x74, 0xB5, 0x94, 0xB5,
    0xF6, 0xBD, 0xF6, 0xBD, 0xF6, 0xBD, 0xF6, 0xBD, 0xF6, 0xBD, 0xF6, 0xBD, 0xF6, 0xBD, 0xD6, 0xBD,
    0xD6, 0xBD, 0xD5, 0xBD, 0xD5, 0xBD, 0xD5, 0xBD, 0xD5, 0xBD, 0xD5, 0xBD, 0xD5, 0xBD, 0xD5, 0xBD,
    0xD5, 0xBD, 0xD5, 0xBD, 0xD5, 0xBD, 0xD5, 0xBD, 0xB5, 0xB5, 0xB5, 0xB5, 0x95, 0xB5, 0x94, 0xB5,
    0x94, 0xB5, 0x94, 0xB5, 0x74, 0xAD, 0x53, 0xAD, 0x53, 0xAD, 0x54, 0xAD, 0x94, 0xB5, 0x74, 0xAD,
    0xF6, 0xBD, 0x3B, 0xE7, 0xFA, 0xDE, 0xF6, 0xBD, 0x1A, 0xE7, 0x9C, 0xF7, 0x5B, 0xEF, 0x5B, 0xEF,
    0x5B, 0xEF, 0xFA, 0xDE, 0x98, 0xD6, 0x94, 0xB5, 0x12, 0xA5, 0xF2, 0x9C, 0xD1, 0x9C, 0xD1, 0x9C,
    0x70, 0x94, 0x4F, 0x8C, 0x0F, 0x84, 0xEE, 0x83, 0xEE, 0x83, 0xEE, 0x83, 0xCE, 0x7B, 0xAD, 0x7B,
    0xAD, 0x7B, 0xCD, 0x7B, 0xAD, 0x7B, 0xAC, 0x73, 0xAC, 0x73, 0x8C, 0x73, 0x8C, 0x73, 0x8C, 0x73,
    0x8C, 0x73, 0x8C, 0x73, 0x8C, 0x73, 0x6C, 0x73, 0x6C, 0x73, 0x6C, 0x73, 0x6C, 0x73, 0x6C, 0x6B,
    0x4B, 0x6B, 0x4B, 0x6B, 0x4B, 0x6B, 0x2B, 0x6B, 0x0A, 0x63, 0x0A, 0x63, 0x0A, 0x63, 0x0A, 0x63,
    0xEA, 0x62, 0xE9, 0x5A, 0xEA, 0x62, 0x0A, 0x63, 0x2B, 0x6B, 0x4B, 0x6B, 0x6C, 0x73, 0x6C, 0x73,
    0x6C, 0x73, 0x6C, 0x6B, 0x6B, 0x6B, 0x6C, 0x73, 0x8C, 0x73, 0x8C, 0x73, 0x8C, 0x73, 0xAD, 0x7B,
    0xAD, 0x73, 0xAC, 0x73, 0xAC, 0x73, 0x8C, 0x73, 0x8C, 0x73, 0x8C, 0x73, 0x8C, 0x73, 0x6C, 0x73,
    0x6C, 0x6B, 0x6B, 0x6B, 0x6B, 0x6B, 0x6B, 0x6B, 0x4B, 0x6B, 0x2B, 0x6B, 0x0A, 0x63, 0xE9, 0x5A,
    0xC9, 0x5A, 0xC9, 0x5A, 0xC9, 0x5A, 0xC9, 0x5A, 0xA9, 0x5A, 0xA9, 0x52, 0x88, 0x52, 0x88, 0x52,
    0x88, 0x52, 0x88, 0x52, 0x68, 0x52, 0x68, 0x52, 0x68, 0x4A, 0x68, 0x4A, 0x47, 0x4A, 0x47, 0x4A,
    0x47, 0x4A, 0x47, 0x4A, 0x47, 0x4A, 0x47, 0x4A, 0x47, 0x4A, 0x48, 0x4A, 0x68, 0x52, 0x68, 0x52,
    0x68, 0x52, 0x68, 0x52, 0x68, 0x52, 0x68, 0x52, 0x88, 0x52, 0x68, 0x52, 0x68, 0x52, 0x68, 0x52,
    0x68, 0x52, 0x68, 0x52, 0x68, 0x52, 0x68, 0x52, 0x68, 0x52, 0x47, 0x4A, 0x47, 0x4A, 0x47, 0x4A,
    0x47, 0x4A, 0x47, 0x4A, 0x48, 0x4A, 0x47, 0x4A, 0x47, 0x4A, 0x27, 0x4A, 0x27, 0x42, 0x06, 0x42,
    0x06, 0x42, 0x06, 0x42, 0x07, 0x42, 0x07, 0x42, 0x07, 0x42, 0x07, 0x42, 0x06, 0x42, 0xE6, 0x41,
    0xE6, 0x41, 0xE6, 0x41, 0xE6, 0x41, 0xE6, 0x41, 0xE6, 0x41, 0xE6, 0x41, 0xE6, 0x39, 0xC5, 0x39,
    0xA5, 0x39, 0xA5, 0x39, 0xA5, 0x39, 0xA5, 0x39, 0xA6, 0x39, 0xA5, 0x39, 0xA6, 0x39, 0xA6, 0x39,
    0xA6, 0x39, 0x85, 0x31, 0x65, 0x31, 0x64, 0x29, 0x44, 0x29, 0x44, 0x29, 0x24, 0x29, 0x24, 0x21,
    0x23, 0x21, 0x24, 0x29, 0x24, 0x29, 0x23, 0x29, 0x44, 0x29, 0x44, 0x31, 0x44, 0x31, 0x44, 0x31,
    0x44, 0x31, 0x64, 0x31, 0x64, 0x31, 0x84, 0x31, 0x84, 0x39, 0xA5, 0x39, 0xA5, 0x39, 0xA5, 0x39,
    0xA5, 0x39, 0xA5, 0x39, 0xA5, 0x39, 0xA5, 0x39, 0xA5, 0x39, 0xA6, 0x39, 0xA6, 0x39, 0xA6, 0x39,
    0xC6, 0x39, 0xC6, 0x39, 0xE6, 0x41, 0xE6, 0x41, 0xE6, 0x41, 0xE6, 0x39, 0xE7, 0x39, 0xE6, 0x41,
    0x06, 0x42, 0xE6, 0x41, 0x06, 0x42, 0x06, 0x42, 0x06, 0x42, 0x06, 0x42, 0x06, 0x42, 0x07, 0x42,
    0x07, 0x42, 0x27, 0x42, 0x27, 0x42, 0x27, 0x42, 0x27, 0x4A, 0x27, 0x4A, 0x27, 0x4A, 0x47, 0x4A,
    0x47, 0x4A, 0x48, 0x52, 0x68, 0x52, 0x68, 0x52, 0xA9, 0x5A, 0xA9, 0x5A, 0xA9, 0x5A, 0xA9, 0x5A,
    0xA9, 0x5A, 0xC9, 0x5A, 0xA9, 0x5A, 0xA9, 0x5A, 0xA9, 0x5A, 0xA9, 0x5A, 0xA9, 0x5A, 0xA9, 0x5A,
    0xA9, 0x5A, 0xA9, 0x5A, 0xA9, 0x5A, 0xC9, 0x5A, 0xC9, 0x5A, 0xE9, 0x5A, 0xE9, 0x5A, 0xE9, 0x5A,
    0xE9, 0x5A, 0xE9, 0x5A, 0xE9, 0x5A, 0xE9, 0x5A, 0xEA, 0x5A, 0xEA, 0x5A, 0xEA, 0x62, 0x0A, 0x63,
    0x0A, 0x63, 0x0A, 0x63, 0x2B, 0x63, 0x4B, 0x6B, 0x4B, 0x6B, 0x4B, 0x6B, 0x4B, 0x6B, 0x4B, 0x6B,
    0x4C, 0x6B, 0x4C, 0x6B, 0x4C, 0x6B, 0x2B, 0x6B, 0x0B, 0x63, 0x0B, 0x63, 0xEA, 0x62, 0xCA, 0x5A,
    0x68, 0x4A, 0x28, 0x4A, 0xE6, 0x39, 0x44, 0x29, 0xC2, 0x18, 0xC2, 0x18, 0xA2, 0x18, 0xA2, 0x10,
    0x24, 0x21, 0x65, 0x29, 0xA6, 0x39, 0x48, 0x4A, 0x69, 0x52, 0x07, 0x42, 0xC6, 0x39, 0x07, 0x42,
    0xE7, 0x41, 0xC6, 0x39, 0x85, 0x31, 0x07, 0x42, 0x2F, 0x8C, 0xD5, 0xBD, 0x16, 0xC6, 0xF6, 0xBD,
    0xF6, 0xBD, 0xD6, 0xBD, 0xD6, 0xBD, 0xB5, 0xBD, 0x33, 0xAD, 0x12, 0xA5, 0x33, 0xAD, 0x54, 0xAD,
    0xF6, 0xBD, 0xF6, 0xBD, 0xF6, 0xBD, 0xF6, 0xBD, 0xF6, 0xBD, 0xF6, 0xBD, 0xF6, 0xBD, 0xF6, 0xBD,
    0xF6, 0xBD, 0xD5, 0xBD, 0xD5, 0xBD, 0xD5, 0xBD, 0xD5, 0xBD, 0xD5, 0xBD, 0xD5, 0xBD, 0xD5, 0xBD,
    0xD5, 0xBD, 0xD5, 0xBD, 0xD5, 0xBD, 0xB5, 0xB5, 0x74, 0xAD, 0x74, 0xAD, 0x54, 0xAD, 0x53, 0xAD,
    0x53, 0xAD, 0x53, 0xAD, 0x53, 0xAD, 0x33, 0xA5, 0x53, 0xAD, 0x94, 0xB5, 0xB5, 0xB5, 0xB5, 0xB5,
    0xB9, 0xD6, 0x9C, 0xF7, 0x16, 0xC6, 0xB9, 0xD6, 0x9D, 0xF7, 0x9C, 0xF7, 0x5C, 0xEF, 0x5B, 0xEF,
    0x5B, 0xEF, 0x1A, 0xE7, 0x57, 0xCE, 0x94, 0xB5, 0x53, 0xAD, 0x13, 0xA5, 0xF2, 0x9C, 0xB1, 0x94,
    0x4F, 0x8C, 0x0F, 0x84, 0xEE, 0x7B, 0xEE, 0x83, 0xEE, 0x83, 0xEE, 0x83, 0xEE, 0x83, 0xCE, 0x7B,
    0xCD, 0x7B, 0xCD, 0x7B, 0xAD, 0x7B, 0xAD, 0x7B, 0xAD, 0x7B, 0xAC, 0x73, 0x8C, 0x73, 0x8C, 0x73,
    0x8C, 0x73, 0x8C, 0x73, 0x8C, 0x73, 0x8C, 0x73, 0x8C, 0x73, 0x6C, 0x73, 0x6C, 0x73, 0x6C, 0x73,
    0x4B, 0x6B, 0x4B, 0x6B, 0x4B, 0x6B, 0x2B, 0x6B, 0x0A, 0x63, 0xE9, 0x5A, 0xEA, 0x62, 0xC9, 0x5A,
    0xC9, 0x5A, 0xEA, 0x5A, 0x0A, 0x63, 0x4B, 0x6B, 0x6B, 0x6B, 0x6C, 0x6B, 0x6C, 0x6B, 0x6C, 0x73,
    0x2B, 0x6B, 0x2B, 0x6B, 0x2B, 0x63, 0x4B, 0x6B, 0x8C, 0x73, 0x8C, 0x73, 0x8C, 0x73, 0xAC, 0x73,
    0xAD, 0x73, 0xAC, 0x73, 0xAC, 0x73, 0x8C, 0x73, 0x8C, 0x73, 0x8C, 0x73, 0x8C, 0x73, 0x6C, 0x6B,
    0x6B, 0x6B, 0x6B, 0x6B, 0x6B, 0x6B, 0x6B, 0x6B, 0x4B, 0x6B, 0x2B, 0x6B, 0x0A, 0x63, 0xEA, 0x62,
    0xEA, 0x62, 0xEA, 0x62, 0xEA, 0x5A, 0xEA, 0x62, 0xC9, 0x5A, 0xA9, 0x52, 0xA9, 0x52, 0x88, 0x52,
    0x88, 0x52, 0x88, 0x52, 0x68, 0x52, 0x68, 0x52, 0x68, 0x4A, 0x67, 0x4A, 0x47, 0x4A, 0x47, 0x4A,
    0x47, 0x4A, 0x47, 0x4A, 0x47, 0x4A, 0x47, 0x4A, 0x47, 0x4A, 0x47, 0x4A, 0x47, 0x4A, 0x68, 0x4A,
    0x68, 0x4A, 0x68, 0x4A, 0x68, 0x52, 0x88, 0x52, 0x88, 0x52, 0x88, 0x52, 0x88, 0x52, 0x68, 0x52,
    0x68, 0x52, 0x68, 0x52, 0x68, 0x52, 0x68, 0x52, 0x68, 0x52, 0x47, 0x52, 0x47, 0x4A, 0x47, 0x4A,
    0x47, 0x4A, 0x47, 0x4A, 0x48, 0x4A, 0x47, 0x4A, 0x47, 0x4A, 0x27, 0x4A, 0x27, 0x42, 0x06, 0x42,
    0x06, 0x42, 0x06, 0x42, 0x07, 0x42, 0x07, 0x42, 0x07, 0x42, 0x07, 0x42, 0x06, 0x42, 0xE6, 0x41,
    0xE6, 0x41, 0xE6, 0x41, 0xE6, 0x41, 0xE6, 0x41, 0xE6, 0x41, 0xE6, 0x41, 0xE6, 0x39, 0xC5, 0x39,
    0xA5, 0x39, 0xA5, 0x39, 0xA5, 0x39, 0xA5, 0x39, 0xA5, 0x39, 0xA5, 0x39, 0x85, 0x31, 0x85, 0x31,
    0x85, 0x31, 0x65, 0x31, 0x44, 0x29, 0x44, 0x29, 0x44, 0x29, 0x23, 0x21, 0x23, 0x21, 0x03, 0x21,
    0x03, 0x21, 0x03, 0x21, 0x03, 0x21, 0x03, 0x21, 0x23, 0x29, 0x24, 0x29, 0x24, 0x29, 0x24, 0x29,
    0x24, 0x29, 0x44, 0x29, 0x64, 0x31, 0x84, 0x31, 0x84, 0x31, 0xA5, 0x39, 0xA5, 0x39, 0xA5, 0x39,
    0xA5, 0x39, 0xA5, 0x39, 0xA5, 0x39, 0xA5, 0x39, 0xA5, 0x39, 0xA6, 0x39, 0xA6, 0x39, 0xC6, 0x39,
    0xC6, 0x39, 0xC6, 0x39, 0xE6, 0x41, 0xE6, 0x41, 0xE6, 0x41, 0xE6, 0x39, 0xE7, 0x39, 0xE6, 0x41,
    0x06, 0x42, 0xE6, 0x41, 0x06, 0x42, 0x06, 0x42, 0x06, 0x42, 0x06, 0x42, 0x06, 0x42, 0x07, 0x42,
    0x07, 0x42, 0x27, 0x42, 0x27, 0x42, 0x27, 0x4A, 0x27, 0x4A, 0x28, 0x4A, 0x48, 0x4A, 0x48, 0x4A,
    0x68, 0x52, 0x88, 0x52, 0x88, 0x52, 0x88, 0x52, 0xA9, 0x5A, 0xA9, 0x5A, 0xA9, 0x5A, 0xA9, 0x5A,
    0xA9, 0x5A, 0xC9, 0x5A, 0xA9, 0x5A, 0xA9, 0x5A, 0xA9, 0x5A, 0xA9, 0x5A, 0xA9, 0x5A, 0xA9, 0x5A,
    0xA9, 0x5A, 0xA9, 0x5A, 0xA9, 0x5A, 0xA9, 0x5A, 0xC9, 0x5A, 0xC9, 0x5A, 0xE9, 0x5A, 0xE9, 0x5A,
    0xE9, 0x5A, 0xE9, 0x5A, 0xEA, 0x5A, 0xEA, 0x5A, 0xEA, 0x5A, 0xEA, 0x62, 0x0A, 0x63, 0x0A, 0x63,
    0x0A, 0x63, 0x0A, 0x63, 0x2B, 0x6B, 0x4B, 0x6B, 0x6C, 0x73, 0x6C, 0x73, 0x6B, 0x6B, 0x4C, 0x6B,
    0x4B, 0x6B, 0x4B, 0x6B, 0x4B, 0x6B, 0x2B, 0x6B, 0x0B, 0x63, 0xEA, 0x62, 0xCA, 0x5A, 0x89, 0x52,
    0x89, 0x52, 0x89, 0x52, 0x07, 0x42, 0x64, 0x29, 0x03, 0x21, 0xA1, 0x10, 0xA2, 0x10, 0xA2, 0x18,
    0xA2, 0x18, 0xA2, 0x18, 0x03, 0x21, 0xA6, 0x39, 0x07, 0x42, 0xE7, 0x41, 0xC6, 0x39, 0xA6, 0x31,
    0xC6, 0x39, 0x27, 0x42, 0x07, 0x42, 0x07, 0x42, 0xA9, 0x52, 0x2F, 0x84, 0x74, 0xB5, 0x16, 0xC6,
    0xF6, 0xBD, 0xF6, 0xC5, 0xF6, 0xC5, 0xF6, 0xBD, 0xD5, 0xBD, 0x74, 0xAD, 0x33, 0xAD, 0x33, 0xAD,
    0xF6, 0xBD, 0xF6, 0xBD, 0xF6, 0xBD, 0xF6, 0xBD, 0xF6, 0xBD, 0xF6, 0xBD, 0xF6, 0xBD, 0xF6, 0xBD,
    0xF6, 0xBD, 0xF6, 0xBD, 0xD5, 0xBD, 0xD6, 0xBD, 0xD6, 0xBD, 0xD5, 0xBD, 0xB5, 0xBD, 0xB5, 0xB5,
    0xB5, 0xB5, 0x74, 0xAD, 0x74, 0xAD, 0x74, 0xAD, 0x53, 0xAD, 0x53, 0xAD, 0x53, 0xAD, 0x53, 0xAD,
    0x53, 0xAD, 0x74, 0xAD, 0x74, 0xAD, 0x94, 0xB5, 0x94, 0xB5, 0xB5, 0xB5, 0x74, 0xAD, 0x94, 0xB5,
    0x5B, 0xEF, 0x3B, 0xE7, 0x37, 0xC6, 0x7C, 0xF7, 0x9D, 0xF7, 0x9C, 0xF7, 0x7C, 0xEF, 0x5B, 0xEF,
    0x3B, 0xE7, 0xFA, 0xDE, 0x78, 0xCE, 0x16, 0xC6, 0x74, 0xB5, 0xF2, 0x9C, 0x91, 0x94, 0x4F, 0x8C,
    0x0E, 0x84, 0x0E, 0x84, 0xEE, 0x7B, 0xEE, 0x83, 0xEE, 0x83, 0xEE, 0x83, 0x0E, 0x84, 0xEE, 0x83,
    0xEE, 0x7B, 0xED, 0x7B, 0xCD, 0x7B, 0xAD, 0x7B, 0xAD, 0x7B, 0xAD, 0x7B, 0x8C, 0x73, 0x8C, 0x73,
    0x8C, 0x73, 0x8C, 0x73, 0x8C, 0x73, 0x8C, 0x73, 0x6C, 0x73, 0x6C, 0x73, 0x6C, 0x73, 0x6B, 0x6B,
    0x4B, 0x6B, 0x2B, 0x6B, 0x0A, 0x63, 0x0A, 0x63, 0xEA, 0x62, 0xC9, 0x5A, 0xC9, 0x5A, 0xE9, 0x5A,
    0x0A, 0x63, 0x2B, 0x6B, 0x6C, 0x6B, 0x6C, 0x73, 0x6B, 0x6B, 0x4B, 0x6B, 0x4B, 0x6B, 0x2B, 0x6B,
    0x0A, 0x63, 0x2A, 0x63, 0x2B, 0x6B, 0x4B, 0x6B, 0x6C, 0x73, 0x8C, 0x73, 0xAC, 0x73, 0x8C, 0x73,
    0x8C, 0x73, 0x8C, 0x73, 0x8C, 0x73, 0x8C, 0x73, 0x8C, 0x73, 0x8C, 0x73, 0x6C, 0x6B, 0x6B, 0x6B,
    0x4B, 0x6B, 0x6B, 0x6B, 0x6B, 0x6B, 0x6B, 0x6B, 0x4B, 0x6B, 0x2B, 0x6B, 0x0A, 0x63, 0x0A, 0x63,
    0x0A, 0x63, 0x0A, 0x63, 0xEA, 0x5A, 0xEA, 0x5A, 0xC9, 0x5A, 0xA9, 0x5A, 0x88, 0x52, 0x68, 0x52,
    0x68, 0x52, 0x68, 0x52, 0x47, 0x4A, 0x47, 0x4A, 0x47, 0x4A, 0x47, 0x4A, 0x47, 0x4A, 0x47, 0x4A,
    0x47, 0x4A, 0x47, 0x4A, 0x47, 0x4A, 0x47, 0x4A, 0x47, 0x4A, 0x47, 0x4A, 0x48, 0x4A, 0x48, 0x4A,
    0x48, 0x4A, 0x48, 0x4A, 0x68, 0x52, 0x88, 0x52, 0x88, 0x52, 0x88, 0x52, 0x88, 0x52, 0x68, 0x52,
    0x68, 0x52, 0x68, 0x52, 0x68, 0x52, 0x68, 0x52, 0x68, 0x52, 0x47, 0x52, 0x47, 0x4A, 0x47, 0x4A,
    0x47, 0x4A, 0x47, 0x4A, 0x47, 0x4A, 0x47, 0x4A, 0x47, 0x4A, 0x27, 0x4A, 0x07, 0x42, 0x06, 0x42,
    0x06, 0x42, 0x06, 0x42, 0x06, 0x42, 0x06, 0x42, 0x06, 0x42, 0x06, 0x42, 0xE6, 0x41, 0xE6, 0x41,
    0xE6, 0x41, 0xE6, 0x41, 0xE6, 0x41, 0xE6, 0x41, 0xE6, 0x41, 0xE6, 0x41, 0xC6, 0x39, 0xC5, 0x39,
    0xA5, 0x39, 0xA5, 0x39, 0xA5, 0x39, 0xA6, 0x39, 0xA6, 0x39, 0x85, 0x31, 0x65, 0x31, 0x65, 0x31,
    0x65, 0x31, 0x44, 0x29, 0x24, 0x29, 0x24, 0x29, 0x24, 0x21, 0x03, 0x21, 0x03, 0x21, 0x03, 0x21,
    0x03, 0x21, 0x03, 0x21, 0x03, 0x21, 0x03, 0x21, 0x03, 0x21, 0x03, 0x21, 0x03, 0x21, 0x03, 0x21,
    0x03, 0x21, 0x23, 0x29, 0x44, 0x31, 0x64, 0x31, 0x84, 0x31, 0x64, 0x31, 0x84, 0x31, 0x84, 0x31,
    0x85, 0x31, 0x85, 0x39, 0xA5, 0x39, 0xA5, 0x39, 0xA5, 0x39, 0xA5, 0x39, 0xA6, 0x39, 0xA6, 0x39,
    0xC6, 0x39, 0xC6, 0x39, 0xE6, 0x41, 0xE6, 0x41, 0xE6, 0x41, 0xE6, 0x39, 0xE7, 0x41, 0xE6, 0x41,
    0xE6, 0x41, 0xE6, 0x41, 0x06, 0x42, 0x06, 0x42, 0x06, 0x42, 0x26, 0x42, 0x26, 0x42, 0x26, 0x42,
    0x26, 0x42, 0x27, 0x42, 0x27, 0x42, 0x27, 0x4A, 0x47, 0x4A, 0x47, 0x4A, 0x48, 0x4A, 0x68, 0x52,
    0x88, 0x52, 0xA9, 0x52, 0xA9, 0x5A, 0xA9, 0x5A, 0xA9, 0x5A, 0xA9, 0x5A, 0xA9, 0x5A, 0xC9, 0x5A,
    0xC9, 0x5A, 0xC9, 0x5A, 0xC9, 0x5A, 0xA9, 0x5A, 0xA9, 0x5A, 0xA9, 0x5A, 0xA9, 0x5A, 0xA9, 0x52,
    0xA9, 0x52, 0xA9, 0x52, 0xA9, 0x5A, 0xA9, 0x5A, 0xC9, 0x5A, 0xC9, 0x5A, 0xC9, 0x5A, 0xC9, 0x5A,
    0xE9, 0x5A, 0xEA, 0x5A, 0xEA, 0x5A, 0xEA, 0x5A, 0xEA, 0x5A, 0xEA, 0x62, 0x0A, 0x63, 0x0A, 0x63,
    0x0A, 0x63, 0x2B, 0x6B, 0x2B, 0x6B, 0x4B, 0x6B, 0x6C, 0x73, 0x6C, 0x6B, 0x6C, 0x6B, 0x6C, 0x6B,
    0x6C, 0x6B, 0x4C, 0x6B, 0x4C, 0x6B, 0x2B, 0x6B, 0x0B, 0x63, 0xEA, 0x62, 0xCA, 0x5A, 0xA9, 0x5A,
    0xA9, 0x5A, 0x69, 0x52, 0x28, 0x4A, 0x27, 0x42, 0x07, 0x42, 0xC6, 0x39, 0x65, 0x31, 0x24, 0x29,
    0x03, 0x21, 0xC2, 0x18, 0xA2, 0x18, 0x03, 0x21, 0x65, 0x29, 0xA6, 0x39, 0xC6, 0x39, 0xA6, 0x31,
    0x85, 0x31, 0xA5, 0x31, 0xA5, 0x31, 0xC6, 0x39, 0xA6, 0x39, 0x89, 0x52, 0x4F, 0x8C, 0x95, 0xB5,
    0xF6, 0xBD, 0xB5, 0xBD, 0xF6, 0xBD, 0x17, 0xC6, 0xF6, 0xC5, 0xF6, 0xBD, 0xB5, 0xBD, 0x94, 0xB5,
    0xF6, 0xBD, 0xF6, 0xBD, 0xF6, 0xBD, 0xF6, 0xBD, 0xF6, 0xBD, 0xF6, 0xBD, 0xF6, 0xBD, 0xF6, 0xBD,
    0xF6, 0xBD, 0xD6, 0xBD, 0xD5, 0xBD, 0xD5, 0xBD, 0xB5, 0xB5, 0xB5, 0xB5, 0x94, 0xB5, 0x94, 0xB5,
    0x74, 0xB5, 0x33, 0xA5, 0x33, 0xA5, 0x33, 0xA5, 0x33, 0xAD, 0x33, 0xAD, 0x53, 0xAD, 0x74, 0xAD,
    0x94, 0xB5, 0xB5, 0xB5, 0xB5, 0xB5, 0xB5, 0xB5, 0xB5, 0xB5, 0xB5, 0xBD, 0x74, 0xAD, 0x57, 0xCE,
    0xBD, 0xF7, 0x57, 0xCE, 0xDA, 0xDE, 0x9C, 0xF7, 0x7C, 0xEF, 0x7C, 0xEF, 0x5B, 0xEF, 0x3B, 0xE7,
    0xFA, 0xE6, 0xB9, 0xD6, 0x58, 0xCE, 0xF6, 0xC5, 0x33, 0xA5, 0xB1, 0x9C, 0x90, 0x94, 0x4F, 0x8C,
    0x0F, 0x84, 0x0F, 0x84, 0x2F, 0x84, 0x2F, 0x84, 0x2F, 0x8C, 0x2F, 0x84, 0x0E, 0x84, 0xEE, 0x83,
    0xEE, 0x83, 0xED, 0x7B, 0xCD, 0x7B, 0xCD, 0x7B, 0xAD, 0x7B, 0xAD, 0x7B, 0x8C, 0x73, 0x8C, 0x73,
    0x8C, 0x73, 0x8C, 0x73, 0x8C, 0x73, 0x6C, 0x73, 0x6C, 0x73, 0x6C, 0x73, 0x6B, 0x6B, 0x4B, 0x6B,
    0x2B, 0x6B, 0x2B, 0x63, 0xEA, 0x5A, 0xEA, 0x5A, 0xEA, 0x62, 0xEA, 0x62, 0xEA, 0x62, 0x0A, 0x63,
    0x2B, 0x6B, 0x4B, 0x6B, 0x6C, 0x73, 0x6C, 0x6B, 0x4B, 0x6B, 0x4B, 0x6B, 0x2B, 0x6B, 0x0A, 0x63,
    0x0A, 0x63, 0x2B, 0x6B, 0x4B, 0x6B, 0x4B, 0x6B, 0x6C, 0x73, 0x8C, 0x73, 0x8C, 0x73, 0x6C, 0x73,
    0x6C, 0x73, 0x6C, 0x73, 0x6C, 0x73, 0x6C, 0x73, 0x6C, 0x6B, 0x4B, 0x6B, 0x6B, 0x6B, 0x6B, 0x6B,
    0x6B, 0x6B, 0x6B, 0x6B, 0x6B, 0x6B, 0x6B, 0x6B, 0x4B, 0x6B, 0x4B, 0x6B, 0x2B, 0x63, 0x0A, 0x63,
    0x0A, 0x63, 0xEA, 0x62, 0xE9, 0x5A, 0xC9, 0x5A, 0xC9, 0x5A, 0xA9, 0x5A, 0x88, 0x52, 0x67, 0x4A,
    0x47, 0x4A, 0x47, 0x4A, 0x47, 0x4A, 0x47, 0x4A, 0x47, 0x4A, 0x47, 0x4A, 0x47, 0x4A, 0x47, 0x4A,
    0x47, 0x4A, 0x47, 0x4A, 0x47, 0x4A, 0x47, 0x4A, 0x47, 0x4A, 0x47, 0x4A, 0x48, 0x4A, 0x48, 0x4A,
    0x48, 0x4A, 0x68, 0x4A, 0x68, 0x52, 0x88, 0x52, 0x88, 0x52, 0x88, 0x52, 0x88, 0x52, 0x68, 0x52,
    0x68, 0x52, 0x68, 0x52, 0x68, 0x52, 0x68, 0x52, 0x68, 0x52, 0x47, 0x52, 0x47, 0x4A, 0x47, 0x4A,
    0x47, 0x4A, 0x47, 0x4A, 0x47, 0x4A, 0x47, 0x4A, 0x47, 0x4A, 0x27, 0x4A, 0x06, 0x42, 0x06, 0x42,
    0x06, 0x42, 0x06, 0x42, 0x06, 0x42, 0x06, 0x42, 0x06, 0x42, 0xE6, 0x41, 0xE6, 0x41, 0xE6, 0x41,
    0xE6, 0x41, 0xE6, 0x41, 0xE6, 0x41, 0xC5, 0x41, 0xE5, 0x39, 0xE6, 0x39, 0xC5, 0x39, 0xA5, 0x39,
    0xA5, 0x39, 0xA5, 0x39, 0xA5, 0x39, 0xA6, 0x39, 0xA5, 0x31, 0x85, 0x31, 0x64, 0x31, 0x64, 0x31,
    0x64, 0x31, 0x24, 0x29, 0x24, 0x29, 0x03, 0x21, 0x03, 0x21, 0xE3, 0x20, 0xE3, 0x20, 0xE3, 0x20,
    0xE3, 0x20, 0xE3, 0x20, 0xE3, 0x20, 0xE3, 0x20, 0xE3, 0x20, 0xE3, 0x20, 0xE3, 0x20, 0x03, 0x21,
    0x03, 0x29, 0x23, 0x29, 0x23, 0x29, 0x43, 0x31, 0x44, 0x31, 0x64, 0x31, 0x64, 0x31, 0x85, 0x31,
    0x85, 0x31, 0x85, 0x39, 0x85, 0x31, 0xA5, 0x31, 0xA5, 0x39, 0xA5, 0x39, 0xA6, 0x39, 0xA6, 0x39,
    0xC6, 0x39, 0xC6, 0x39, 0xE6, 0x41, 0xE6, 0x41, 0xE6, 0x41, 0xE6, 0x39, 0xE7, 0x41, 0xE6, 0x41,
    0xE6, 0x41, 0xE6, 0x41, 0x06, 0x42, 0x06, 0x42, 0x06, 0x42, 0x26, 0x42, 0x26, 0x42, 0x26, 0x42,
    0x26, 0x42, 0x27, 0x42, 0x27, 0x4A, 0x47, 0x4A, 0x47, 0x4A, 0x68, 0x4A, 0x68, 0x52, 0x88, 0x52,
    0xA8, 0x52, 0xA9, 0x5A, 0xA9, 0x5A, 0xA9, 0x5A, 0xA9, 0x5A, 0xA9, 0x5A, 0xA9, 0x5A, 0xC9, 0x5A,
    0xA9, 0x5A, 0xC9, 0x5A, 0xA9, 0x5A, 0xA9, 0x5A, 0xA9, 0x5A, 0xA9, 0x5A, 0xA9, 0x5A, 0xA9, 0x52,
    0xA9, 0x52, 0xA9, 0x52, 0x88, 0x52, 0xA9, 0x5A, 0xC9, 0x5A, 0xC9, 0x5A, 0xC9, 0x5A, 0xC9, 0x5A,
    0xE9, 0x5A, 0xEA, 0x5A, 0xEA, 0x5A, 0xEA, 0x5A, 0xEA, 0x5A, 0xEA, 0x62, 0x0A, 0x63, 0x0A, 0x63,
    0x0A, 0x63, 0x4B, 0x6B, 0x4B, 0x6B, 0x4B, 0x6B, 0x4B, 0x6B, 0x4B, 0x6B, 0x4B, 0x6B, 0x4C, 0x6B,
    0x4C, 0x6B, 0x4C, 0x6B, 0x4B, 0x6B, 0x4B, 0x6B, 0x2B, 0x6B, 0xEA, 0x62, 0xCA, 0x5A, 0xCA, 0x5A,
    0x89, 0x52, 0x48, 0x4A, 0x48, 0x4A, 0x69, 0x4A, 0x69, 0x4A, 0x69, 0x4A, 0x28, 0x4A, 0xE7, 0x41,
    0xA6, 0x31, 0x44, 0x29, 0xE3, 0x20, 0xA2, 0x18, 0xE3, 0x18, 0x44, 0x29, 0x65, 0x29, 0x65, 0x29,
    0x65, 0x29, 0x65, 0x31, 0x65, 0x31, 0x65, 0x29, 0x64, 0x29, 0xC6, 0x39, 0x0B, 0x63, 0x91, 0x94,
    0x74, 0xAD, 0x74, 0xB5, 0xB5, 0xB5, 0xF6, 0xBD, 0xF6, 0xC5, 0x16, 0xC6, 0x17, 0xC6, 0x16, 0xC6,
    0xF6, 0xBD, 0xF6, 0xBD, 0xF6, 0xBD, 0xF6, 0xBD, 0xF6, 0xBD, 0xD5, 0xBD, 0xD5, 0xBD, 0xD5, 0xBD,
    0xD5, 0xBD, 0xD5, 0xBD, 0xB5, 0xB5, 0xB5, 0xB5, 0x94, 0xB5, 0x74, 0xAD, 0x74, 0xAD, 0x74, 0xAD,
    0x74, 0xAD, 0x53, 0xAD, 0x53, 0xAD, 0x74, 0xAD, 0x94, 0xB5, 0x94, 0xB5, 0x94, 0xB5, 0x95, 0xB5,
    0xB5, 0xB5, 0xB5, 0xB5, 0xB5, 0xB5, 0xB5, 0xB5, 0xB5, 0xB5, 0x95, 0xB5, 0xD5, 0xBD, 0x1A, 0xE7,
    0xB9, 0xDE, 0xD5, 0xBD, 0x3B, 0xE7, 0xBD, 0xF7, 0x7C, 0xF7, 0x5C, 0xEF, 0x3B, 0xE7, 0x1A, 0xE7,
    0xB9, 0xD6, 0x78, 0xCE, 0x16, 0xC6, 0x74, 0xAD, 0x33, 0xA5, 0xF2, 0xA4, 0xB1, 0x9C, 0x70, 0x94,
    0x4F, 0x8C, 0x4F, 0x8C, 0x4F, 0x8C, 0x2F, 0x8C, 0x2F, 0x8C, 0x2F, 0x8C, 0x0E, 0x84, 0xEE, 0x83,
    0xEE, 0x83, 0xED, 0x83, 0xCD, 0x7B, 0xCD, 0x7B, 0xAD, 0x7B, 0xAD, 0x7B, 0x8C, 0x73, 0x8C, 0x73,
    0x8C, 0x73, 0x8C, 0x73, 0x6C, 0x73, 0x6C, 0x73, 0x6C, 0x73, 0x6B, 0x6B, 0x4B, 0x6B, 0x2B, 0x6B,
    0x2B, 0x6B, 0x2B, 0x63, 0x2A, 0x63, 0x2A, 0x63, 0x2A, 0x63, 0x2B, 0x6B, 0x2B, 0x6B, 0x2B, 0x6B,
    0x4B, 0x6B, 0x6C, 0x73, 0x6C, 0x6B, 0x4B, 0x6B, 0x2B, 0x6B, 0x2B, 0x63, 0x2A, 0x63, 0x0A, 0x63,
    0x2B, 0x6B, 0x4B, 0x6B, 0x8C, 0x73, 0x6C, 0x6B, 0x6B, 0x6B, 0x6C, 0x73, 0x4B, 0x6B, 0x4B, 0x6B,
    0x4B, 0x6B, 0x4B, 0x6B, 0x4B, 0x6B, 0x4B, 0x6B, 0x4B, 0x6B, 0x4B, 0x6B, 0x4B, 0x6B, 0x4B, 0x6B,
    0x6B, 0x6B, 0x6B, 0x6B, 0x6B, 0x6B, 0x6B, 0x6B, 0x6B, 0x6B, 0x4B, 0x6B, 0x2B, 0x6B, 0x0A, 0x63,
    0x0A, 0x63, 0xEA, 0x62, 0xE9, 0x5A, 0xE9, 0x5A, 0xC9, 0x5A, 0xA9, 0x5A, 0x88, 0x52, 0x67, 0x4A,
    0x47, 0x4A, 0x47, 0x4A, 0x47, 0x4A, 0x47, 0x4A, 0x47, 0x4A, 0x47, 0x4A, 0x47, 0x4A, 0x47, 0x4A,
    0x47, 0x4A, 0x47, 0x4A, 0x47, 0x4A, 0x47, 0x4A, 0x47, 0x4A, 0x47, 0x4A, 0x47, 0x4A, 0x48, 0x4A,
    0x48, 0x4A, 0x68, 0x4A, 0x68, 0x52, 0x88, 0x52, 0x88, 0x52, 0x88, 0x52, 0x88, 0x52, 0x68, 0x52,
    0x68, 0x52, 0x68, 0x52, 0x68, 0x52, 0x68, 0x52, 0x68, 0x52, 0x47, 0x52, 0x47, 0x4A, 0x47, 0x4A,
    0x47, 0x4A, 0x47, 0x4A, 0x47, 0x4A, 0x47, 0x4A, 0x47, 0x4A, 0x27, 0x4A, 0x06, 0x42, 0x06, 0x42,
    0x06, 0x42, 0x06, 0x42, 0x06, 0x42, 0xE6, 0x41, 0xE6, 0x41, 0xE6, 0x41, 0xE6, 0x41, 0xE6, 0x41,
    0xE6, 0x41, 0xE6, 0x41, 0xE6, 0x41, 0xC5, 0x41, 0xE5, 0x39, 0xC5, 0x39, 0xA5, 0x39, 0xA5, 0x39,
    0xA5, 0x39, 0xA5, 0x39, 0xA5, 0x39, 0x85, 0x31, 0x65, 0x31, 0x64, 0x31, 0x64, 0x31, 0x64, 0x31,
    0x64, 0x29, 0x24, 0x21, 0x03, 0x21, 0xE3, 0x20, 0xE3, 0x20, 0xE3, 0x18, 0xE3, 0x18, 0xE3, 0x20,
    0xE3, 0x20, 0xE3, 0x18, 0xC3, 0x18, 0xE3, 0x20, 0xE3, 0x20, 0xE3, 0x20, 0xE3, 0x20, 0xE3, 0x20,
    0x03, 0x29, 0x03, 0x29, 0x03, 0x29, 0x23, 0x29, 0x23, 0x29, 0x43, 0x29, 0x64, 0x31, 0x64, 0x31,
    0x85, 0x31, 0x85, 0x39, 0x85, 0x31, 0x85, 0x31, 0xA5, 0x39, 0xA5, 0x39, 0xA6, 0x39, 0xA6, 0x39,
    0xC6, 0x39, 0xE6, 0x41, 0xE6, 0x41, 0xE6, 0x41, 0xE6, 0x41, 0xE6, 0x41, 0xE6, 0x41, 0xE6, 0x41,
    0xE6, 0x41, 0xE6, 0x41, 0xE6, 0x41, 0x06, 0x42, 0x06, 0x42, 0x26, 0x42, 0x26, 0x42, 0x26, 0x42,
    0x27, 0x42, 0x27, 0x4A, 0x47, 0x4A, 0x47, 0x4A, 0x68, 0x4A, 0x68, 0x52, 0x88, 0x52, 0x88, 0x52,
    0xA9, 0x52, 0xA9, 0x5A, 0xA9, 0x5A, 0xA9, 0x5A, 0xA9, 0x5A, 0xA9, 0x5A, 0xA9, 0x5A, 0xA9, 0x5A,
    0xA9, 0x5A, 0xA9, 0x5A, 0xA9, 0x5A, 0xA9, 0x5A, 0xA9, 0x5A, 0xA9, 0x5A, 0xA9, 0x5A, 0xA9, 0x52,
    0xA8, 0x52, 0x88, 0x52, 0x88, 0x52, 0xA8, 0x52, 0xC9, 0x5A, 0xC9, 0x5A, 0xC9, 0x5A, 0xC9, 0x5A,
    0xEA, 0x5A, 0xEA, 0x62, 0xEA, 0x62, 0xEA, 0x62, 0xEA, 0x62, 0x0A, 0x63, 0x2B, 0x63, 0x2B, 0x63,
    0x2B, 0x63, 0x4B, 0x6B, 0x4B, 0x6B, 0x2B, 0x6B, 0x2B, 0x6B, 0x2B, 0x6B, 0x2B, 0x6B, 0x2B, 0x6B,
    0x2B, 0x6B, 0x2B, 0x6B, 0x4B, 0x6B, 0x4B, 0x6B, 0x2B, 0x6B, 0xEA, 0x62, 0xEA, 0x5A, 0xA9, 0x52,
    0x68, 0x4A, 0x27, 0x42, 0xE7, 0x39, 0xE7, 0x39, 0xE7, 0x39, 0xE7, 0x39, 0xE7, 0x39, 0xE7, 0x41,
    0xE7, 0x41, 0xE7, 0x39, 0xA6, 0x31, 0x44, 0x29, 0x24, 0x29, 0x03, 0x21, 0xE3, 0x20, 0xC2, 0x18,
    0x24, 0x21, 0x85, 0x31, 0x85, 0x31, 0x85, 0x31, 0x85, 0x31, 0x84, 0x31, 0xC6, 0x39, 0xEB, 0x5A,
    0x13, 0xA5, 0x95, 0xB5, 0x74, 0xAD, 0x74, 0xAD, 0x95, 0xB5, 0x95, 0xB5, 0x95, 0xB5, 0xB5, 0xBD,
    0xF6, 0xBD, 0xF6, 0xBD, 0xF6, 0xBD, 0xF6, 0xBD, 0xD6, 0xBD, 0xD5, 0xBD, 0xB5, 0xB5, 0xB5, 0xB5,
    0xB5, 0xB5, 0x94, 0xB5, 0x74, 0xAD, 0x74, 0xAD, 0x74, 0xAD, 0x74, 0xAD, 0x74, 0xAD, 0x74, 0xAD,
    0x74, 0xAD, 0x94, 0xB5, 0x95, 0xB5, 0xB5, 0xB5, 0xD5, 0xBD, 0xD5, 0xBD, 0xD5, 0xBD, 0xB5, 0xB5,
    0xB5, 0xB5, 0xD5, 0xBD, 0xB5, 0xB5, 0x94, 0xB5, 0x74, 0xAD, 0x95, 0xB5, 0xD9, 0xDE, 0x9C, 0xF7,
    0x16, 0xC6, 0xB9, 0xDE, 0x9C, 0xF7, 0x9C, 0xF7, 0x1A, 0xE7, 0xFA, 0xDE, 0x3B, 0xE7, 0xFA, 0xDE,
    0x98, 0xD6, 0x57, 0xCE, 0x74, 0xAD, 0x12, 0xA5, 0x33, 0xA5, 0xF2, 0xA4, 0xB1, 0x94, 0x90, 0x94,
    0x70, 0x8C, 0x70, 0x8C, 0x4F, 0x8C, 0x2F, 0x8C, 0x0F, 0x84, 0x0E, 0x84, 0xEE, 0x83, 0xEE, 0x83,
    0xEE, 0x83, 0xED, 0x83, 0xCD, 0x7B, 0xAD, 0x7B, 0xAD, 0x7B, 0xAC, 0x73, 0xAC, 0x73, 0xAC, 0x73,
    0xAC, 0x73, 0x8C, 0x73, 0x8C, 0x73, 0x6C, 0x73, 0x6C, 0x6B, 0x4B, 0x6B, 0x2B, 0x6B, 0x2B, 0x63,
    0x2B, 0x6B, 0x2B, 0x6B, 0x4B, 0x6B, 0x4B, 0x6B, 0x4B, 0x6B, 0x4B, 0x6B, 0x4B, 0x6B, 0x6B, 0x6B,
    0x6C, 0x6B, 0x6B, 0x6B, 0x4B, 0x6B, 0x4B, 0x6B, 0x2A, 0x6B, 0x2A, 0x6B, 0x2A, 0x6B, 0x2A, 0x6B,
    0x6B, 0x73, 0x6B, 0x73, 0x4B, 0x6B, 0x2A, 0x6B, 0x2A, 0x63, 0x2A, 0x63, 0x0A, 0x63, 0x0A, 0x63,
    0x0A, 0x63, 0x0A, 0x63, 0x2B, 0x6B, 0x2B, 0x63, 0x2B, 0x63, 0x4B, 0x6B, 0x4B, 0x6B, 0x6B, 0x6B,
    0x6B, 0x6B, 0x6B, 0x6B, 0x4B, 0x6B, 0x4B, 0x6B, 0x4B, 0x6B, 0x4B, 0x6B, 0x2B, 0x6B, 0x2B, 0x63,
    0x0A, 0x63, 0x0A, 0x63, 0xEA, 0x62, 0xEA, 0x5A, 0xC9, 0x5A, 0xA9, 0x5A, 0x88, 0x52, 0x88, 0x52,
    0x68, 0x52, 0x47, 0x4A, 0x47, 0x4A, 0x47, 0x4A, 0x47, 0x4A, 0x47, 0x4A, 0x47, 0x4A, 0x47, 0x4A,
    0x47, 0x4A, 0x47, 0x4A, 0x47, 0x4A, 0x47, 0x4A, 0x47, 0x4A, 0x47, 0x4A, 0x47, 0x4A, 0x47, 0x4A,
    0x47, 0x4A, 0x47, 0x4A, 0x68, 0x52, 0x68, 0x52, 0x68, 0x52, 0x68, 0x52, 0x68, 0x52, 0x68, 0x52,
    0x68, 0x52, 0x68, 0x52, 0x47, 0x4A, 0x47, 0x4A, 0x47, 0x52, 0x47, 0x4A, 0x47, 0x4A, 0x47, 0x4A,
    0x47, 0x4A, 0x47, 0x4A, 0x47, 0x4A, 0x47, 0x4A, 0x47, 0x4A, 0x27, 0x4A, 0x06, 0x42, 0x06, 0x42,
    0x07, 0x42, 0x07, 0x42, 0x06, 0x42, 0xE6, 0x41, 0xE6, 0x41, 0xE6, 0x41, 0xE6, 0x41, 0xE6, 0x41,
    0xE6, 0x41, 0xE6, 0x41, 0xE6, 0x41, 0xE5, 0x39, 0xC5, 0x39, 0xA5, 0x39, 0xA5, 0x39, 0xA5, 0x39,
    0xA5, 0x39, 0xA5, 0x39, 0xA5, 0x31, 0x85, 0x31, 0x65, 0x31, 0x64, 0x29, 0x44, 0x29, 0x44, 0x29,
    0x44, 0x29, 0x24, 0x21, 0x03, 0x21, 0xE3, 0x18, 0xE3, 0x18, 0xE3, 0x18, 0xE3, 0x18, 0xE3, 0x18,
    0xE3, 0x18, 0xC2, 0x18, 0xC2, 0x18, 0xC2, 0x18, 0xC3, 0x20, 0xE3, 0x20, 0xE3, 0x20, 0xE3, 0x20,
    0x03, 0x21, 0x03, 0x21, 0x02, 0x21, 0x02, 0x29, 0x23, 0x29, 0x23, 0x29, 0x43, 0x29, 0x64, 0x31,
    0x64, 0x31, 0x84, 0x31, 0x84, 0x31, 0x84, 0x31, 0x85, 0x31, 0x85, 0x31, 0xA5, 0x39, 0xA6, 0x39,
    0xC6, 0x39, 0xE6, 0x39, 0xE6, 0x41, 0xE6, 0x41, 0xE6, 0x41, 0xE6, 0x41, 0xE6, 0x41, 0xE6, 0x41,
    0xE6, 0x41, 0x06, 0x42, 0x06, 0x42, 0x06, 0x42, 0x06, 0x42, 0x06, 0x42, 0x06, 0x42, 0x26, 0x42,
    0x27, 0x4A, 0x47, 0x4A, 0x47, 0x4A, 0x47, 0x4A, 0x68, 0x4A, 0x68, 0x52, 0x88, 0x52, 0xA9, 0x52,
    0xA9, 0x52, 0xA9, 0x52, 0xA9, 0x5A, 0xA9, 0x5A, 0xA9, 0x5A, 0xA9, 0x52, 0xA9, 0x52, 0xA9, 0x52,
    0x89, 0x5A, 0x89, 0x52, 0x88, 0x52, 0x88, 0x52, 0x88, 0x52, 0xA9, 0x52, 0xA9, 0x52, 0xA9, 0x52,
    0x88, 0x52, 0x88, 0x52, 0x88, 0x52, 0xA9, 0x52, 0xA9, 0x5A, 0xC9, 0x5A, 0xC9, 0x5A, 0xC9, 0x5A,
    0xEA, 0x5A, 0xEA, 0x62, 0xEA, 0x62, 0xEA, 0x62, 0xEA, 0x62, 0x0A, 0x63, 0x2A, 0x63, 0x2B, 0x63,
    0x2B, 0x63, 0x4B, 0x6B, 0x4B, 0x6B, 0x4B, 0x6B, 0x4B, 0x6B, 0x2B, 0x63, 0x2A, 0x63, 0x0B, 0x63,
    0x0A, 0x63, 0x0A, 0x63, 0x0B, 0x63, 0x0A, 0x63, 0xEA, 0x5A, 0xEA, 0x5A, 0xEA, 0x5A, 0xAA, 0x5A,
    0x69, 0x4A, 0x27, 0x42, 0xE6, 0x39, 0xA6, 0x39, 0x85, 0x31, 0x24, 0x29, 0x24, 0x29, 0x44, 0x29,
    0xA6, 0x31, 0xC6, 0x39, 0xC6, 0x39, 0xC6, 0x39, 0x85, 0x31, 0x64, 0x29, 0x23, 0x21, 0xE2, 0x18,
    0xE3, 0x20, 0x44, 0x29, 0x85, 0x31, 0x85, 0x31, 0x65, 0x29, 0x85, 0x31, 0x85, 0x31, 0xA5, 0x31,
    0xEE, 0x7B, 0xB5, 0xB5, 0x75, 0xB5, 0x34, 0xAD, 0x34, 0xAD, 0x53, 0xAD, 0x53, 0xAD, 0x74, 0xB5,
    0xF6, 0xBD, 0xF6, 0xBD, 0xF6, 0xBD, 0xD5, 0xBD, 0xB5, 0xB5, 0xB5, 0xB5, 0x95, 0xB5, 0x94, 0xB5,
    0x74, 0xB5, 0x74, 0xAD, 0x74, 0xAD, 0x74, 0xAD, 0x74, 0xAD, 0x94, 0xB5, 0x94, 0xB5, 0xB5, 0xB5,
    0xB5, 0xB5, 0xB5, 0xB5, 0xB5, 0xB5, 0xB5, 0xB5, 0xD5, 0xBD, 0xD5, 0xBD, 0xB5, 0xB5, 0xB5, 0xB5,
    0xB5, 0xB5, 0xB5, 0xB5, 0x94, 0xB5, 0x54, 0xAD, 0x33, 0xA5, 0xB5, 0xB5, 0x5C, 0xEF, 0x3B, 0xE7,
    0x98, 0xD6, 0x7C, 0xF7, 0x7C, 0xEF, 0xB9, 0xD6, 0xF6, 0xBD, 0x37, 0xC6, 0x78, 0xCE, 0x57, 0xCE,
    0x16, 0xC6, 0xB5, 0xB5, 0x12, 0xA5, 0xF2, 0x9C, 0xF2, 0x9C, 0xB1, 0x94, 0x90, 0x94, 0x70, 0x8C,
    0x70, 0x8C, 0x70, 0x8C, 0x4F, 0x8C, 0x2F, 0x84, 0x0E, 0x84, 0xEE, 0x83, 0xEE, 0x83, 0xEE, 0x83,
    0xCE, 0x7B, 0xCD, 0x7B, 0xCD, 0x7B, 0xAD, 0x7B, 0xAC, 0x73, 0xAC, 0x73, 0xAC, 0x73, 0xAC, 0x73,
    0xAC, 0x73, 0x8C, 0x73, 0x8C, 0x73, 0x6C, 0x73, 0x6C, 0x73, 0x6B, 0x6B, 0x4B, 0x6B, 0x2B, 0x6B,
    0x2B, 0x6B, 0x2B, 0x6B, 0x2B, 0x6B, 0x4B, 0x6B, 0x4B, 0x6B, 0x4B, 0x6B, 0x4B, 0x6B, 0x6C, 0x6B,
    0x6C, 0x73, 0x4B, 0x6B, 0x4B, 0x6B, 0x4B, 0x6B, 0x2A, 0x6B, 0x2A, 0x6B, 0x2A, 0x6B, 0x4B, 0x6B,
    0x4B, 0x6B, 0x4B, 0x6B, 0x0A, 0x63, 0xE9, 0x62, 0xEA, 0x62, 0x0A, 0x63, 0x0A, 0x63, 0xEA, 0x62,
    0xEA, 0x62, 0xEA, 0x62, 0x0A, 0x63, 0x0A, 0x63, 0x0A, 0x63, 0x0A, 0x63, 0x4B, 0x6B, 0x4B, 0x6B,
    0x4B, 0x6B, 0x4B, 0x6B, 0x4B, 0x6B, 0x4B, 0x6B, 0x4B, 0x6B, 0x2B, 0x6B, 0x2B, 0x6B, 0x2B, 0x6B,
    0x2A, 0x63, 0x0A, 0x63, 0x0A, 0x63, 0xEA, 0x62, 0xEA, 0x5A, 0xC9, 0x5A, 0xA9, 0x52, 0x88, 0x52,
    0x88, 0x52, 0x68, 0x52, 0x67, 0x4A, 0x68, 0x4A, 0x47, 0x4A, 0x47, 0x4A, 0x47, 0x4A, 0x47, 0x4A,
    0x47, 0x4A, 0x47, 0x4A, 0x47, 0x4A, 0x47, 0x4A, 0x47, 0x4A, 0x47, 0x4A, 0x47, 0x4A, 0x47, 0x4A,
    0x47, 0x4A, 0x47, 0x4A, 0x68, 0x4A, 0x68, 0x52, 0x68, 0x52, 0x68, 0x52, 0x68, 0x52, 0x68, 0x52,
    0x68, 0x52, 0x47, 0x4A, 0x47, 0x4A, 0x47, 0x4A, 0x47, 0x4A, 0x47, 0x4A, 0x47, 0x4A, 0x47, 0x4A,
    0x47, 0x4A, 0x47, 0x4A, 0x47, 0x4A, 0x47, 0x4A, 0x47, 0x4A, 0x27, 0x4A, 0x06, 0x42, 0x06, 0x42,
    0x07, 0x42, 0x07, 0x42, 0x06, 0x42, 0xE6, 0x41, 0xE6, 0x41, 0xE6, 0x41, 0xE6, 0x41, 0xE6, 0x41,
    0xE6, 0x41, 0xE6, 0x41, 0xE6, 0x41, 0xC5, 0x39, 0xC5, 0x39, 0xA5, 0x31, 0xA5, 0x31, 0xA5, 0x31,
    0xA5, 0x31, 0xA5, 0x31, 0x84, 0x31, 0x65, 0x31, 0x64, 0x29, 0x44, 0x29, 0x23, 0x21, 0x23, 0x21,
    0x23, 0x21, 0x24, 0x21, 0x03, 0x21, 0xE3, 0x18, 0xE3, 0x18, 0xE3, 0x18, 0xE3, 0x18, 0xC2, 0x18,
    0xC2, 0x18, 0xC2, 0x18, 0xC2, 0x18, 0xC2, 0x18, 0xC2, 0x18, 0xC2, 0x18, 0xC3, 0x18, 0xE3, 0x20,
    0xE2, 0x20, 0x02, 0x21, 0x02, 0x21, 0x03, 0x21, 0x23, 0x29, 0x23, 0x29, 0x43, 0x29, 0x44, 0x29,
    0x64, 0x31, 0x64, 0x31, 0x64, 0x31, 0x84, 0x31, 0x85, 0x31, 0x85, 0x31, 0x85, 0x31, 0xA5, 0x39,
    0xA5, 0x39, 0xC5, 0x39, 0xC6, 0x39, 0xC6, 0x41, 0xE6, 0x41, 0xE6, 0x41, 0xE6, 0x41, 0xE6, 0x41,
    0xE6, 0x41, 0xE6, 0x41, 0x06, 0x42, 0x06, 0x42, 0x06, 0x42, 0x06, 0x42, 0x06, 0x42, 0x06, 0x42,
    0x27, 0x4A, 0x47, 0x4A, 0x47, 0x4A, 0x68, 0x4A, 0x68, 0x52, 0x68, 0x52, 0x88, 0x52, 0xA9, 0x52,
    0xA9, 0x5A, 0xA9, 0x5A, 0xA9, 0x5A, 0xA9, 0x5A, 0xA9, 0x5A, 0xA9, 0x52, 0xA9, 0x52, 0xA9, 0x52,
    0x88, 0x52, 0x88, 0x52, 0x88, 0x52, 0x88, 0x52, 0x88, 0x52, 0x88, 0x52, 0x88, 0x52, 0x88, 0x52,
    0x88, 0x52, 0x88, 0x52, 0x88, 0x52, 0xA9, 0x52, 0xA9, 0x5A, 0xC9, 0x5A, 0xC9, 0x5A, 0xE9, 0x5A,
    0xEA, 0x62, 0xEA, 0x62, 0xEA, 0x62, 0xEA, 0x62, 0x0A, 0x63, 0x0A, 0x63, 0x2A, 0x63, 0x2B, 0x63,
    0x2B, 0x6B, 0x4B, 0x6B, 0x4B, 0x6B, 0x4B, 0x6B, 0x4B, 0x6B, 0x2B, 0x63, 0x0A, 0x63, 0x0A, 0x63,
    0xEA, 0x62, 0xCA, 0x5A, 0xA9, 0x5A, 0x89, 0x52, 0x68, 0x52, 0x89, 0x52, 0xCA, 0x5A, 0xEB, 0x62,
    0xEB, 0x5A, 0xCA, 0x5A, 0xAA, 0x52, 0x48, 0x4A, 0xE7, 0x41, 0x45, 0x29, 0x04, 0x21, 0x24, 0x21,
    0x44, 0x29, 0x44, 0x29, 0x64, 0x29, 0x65, 0x31, 0xA5, 0x31, 0xA5, 0x31, 0x65, 0x31, 0x44, 0x29,
    0x03, 0x21, 0x03, 0x21, 0x44, 0x29, 0x44, 0x29, 0x24, 0x29, 0x24, 0x21, 0x03, 0x21, 0x65, 0x29,
    0x69, 0x4A, 0x50, 0x8C, 0x95, 0xB5, 0x95, 0xB5, 0x74, 0xAD, 0x74, 0xB5, 0x54, 0xAD, 0x53, 0xAD,
    0xF6, 0xBD, 0xD5, 0xBD, 0xB5, 0xB5, 0x94, 0xB5, 0x74, 0xB5, 0x74, 0xAD, 0x94, 0xB5, 0x94, 0xB5,
    0x94, 0xB5, 0xB5, 0xB5, 0xB5, 0xB5, 0xD5, 0xBD, 0xD5, 0xBD, 0xD5, 0xBD, 0xD5, 0xBD, 0xD5, 0xBD,
    0xD5, 0xBD, 0xD5, 0xBD, 0xD5, 0xBD, 0xD5, 0xBD, 0xD5, 0xBD, 0xD5, 0xBD, 0xB5, 0xB5, 0x94, 0xB5,
    0x94, 0xB5, 0x94, 0xB5, 0x54, 0xAD, 0x33, 0xA5, 0x94, 0xB5, 0x57, 0xCE, 0x9C, 0xF7, 0x78, 0xCE,
    0xFA, 0xDE, 0x7C, 0xEF, 0x78, 0xCE, 0x94, 0xB5, 0x53, 0xAD, 0xD5, 0xBD, 0x16, 0xC6, 0xD6, 0xBD,
    0x74, 0xAD, 0x53, 0xAD, 0xD2, 0x9C, 0xB1, 0x94, 0x90, 0x94, 0x70, 0x94, 0x70, 0x8C, 0x70, 0x8C,
    0x70, 0x8C, 0x70, 0x8C, 0x2F, 0x84, 0x0E, 0x84, 0xEE, 0x83, 0xEE, 0x7B, 0xEE, 0x7B, 0xCE, 0x7B,
    0xCD, 0x7B, 0xCD, 0x7B, 0xAD, 0x7B, 0xAD, 0x7B, 0xAD, 0x7B, 0xAD, 0x7B, 0xAD, 0x7B, 0xAD, 0x7B,
    0xAC, 0x73, 0x8C, 0x73, 0x8C, 0x73, 0x8C, 0x73, 0x6C, 0x73, 0x6C, 0x73, 0x4B, 0x6B, 0x4B, 0x6B,
    0x4B, 0x6B, 0x4B, 0x6B, 0x4B, 0x6B, 0x4B, 0x6B, 0x4B, 0x6B, 0x4B, 0x6B, 0x4B, 0x6B, 0x6C, 0x73,
    0x6C, 0x73, 0x4B, 0x6B, 0x4B, 0x6B, 0x4B, 0x6B, 0x2A, 0x6B, 0x2A, 0x6B, 0x2B, 0x6B, 0x2B, 0x6B,
    0x2B, 0x6B, 0x0A, 0x63, 0xE9, 0x62, 0xC9, 0x5A, 0xC9, 0x5A, 0xE9, 0x5A, 0xEA, 0x62, 0xEA, 0x62,
    0xEA, 0x62, 0xEA, 0x62, 0xEA, 0x62, 0xEA, 0x62, 0xEA, 0x62, 0x0A, 0x63, 0x4B, 0x6B, 0x6B, 0x6B,
    0x4B, 0x6B, 0x4B, 0x6B, 0x2B, 0x6B, 0x2B, 0x6B, 0x2B, 0x6B, 0x2B, 0x6B, 0x2B, 0x6B, 0x2B, 0x6B,
    0x2B, 0x63, 0x0A, 0x63, 0x0A, 0x63, 0x0A, 0x63, 0xEA, 0x62, 0xC9, 0x5A, 0xA9, 0x5A, 0xA9, 0x52,
    0xA9, 0x52, 0x88, 0x52, 0x68, 0x52, 0x68, 0x52, 0x68, 0x4A, 0x68, 0x52, 0x68, 0x4A, 0x47, 0x4A,
    0x47, 0x4A, 0x47, 0x4A, 0x47, 0x4A, 0x47, 0x4A, 0x47, 0x4A, 0x47, 0x4A, 0x47, 0x4A, 0x47, 0x4A,
    0x47, 0x4A, 0x47, 0x4A, 0x68, 0x4A, 0x68, 0x52, 0x68, 0x52, 0x68, 0x52, 0x68, 0x52, 0x68, 0x52,
    0x68, 0x52, 0x47, 0x4A, 0x47, 0x4A, 0x47, 0x4A, 0x47, 0x4A, 0x47, 0x4A, 0x47, 0x4A, 0x47, 0x4A,
    0x47, 0x4A, 0x27, 0x4A, 0x47, 0x4A, 0x47, 0x4A, 0x47, 0x4A, 0x27, 0x4A, 0x06, 0x42, 0x06, 0x42,
    0x07, 0x42, 0x07, 0x42, 0x06, 0x42, 0xE6, 0x41, 0xE6, 0x41, 0xE6, 0x41, 0xE6, 0x41, 0xE6, 0x41,
    0xE6, 0x41, 0xE6, 0x41, 0xE6, 0x39, 0xC5, 0x39, 0xA5, 0x39, 0xA5, 0x39, 0xA5, 0x31, 0xA5, 0x31,
    0x85, 0x31, 0x84, 0x31, 0x64, 0x31, 0x64, 0x29, 0x44, 0x29, 0x24, 0x29, 0x03, 0x21, 0x03, 0x21,
    0x23, 0x21, 0x23, 0x21, 0x03, 0x21, 0xE3, 0x18, 0xE3, 0x18, 0xE3, 0x18, 0xE3, 0x18, 0xC2, 0x18,
    0xC2, 0x18, 0xC2, 0x18, 0xC2, 0x18, 0xC2, 0x18, 0xC2, 0x18, 0xC2, 0x18, 0xC3, 0x18, 0xE3, 0x18,
    0xE2, 0x20, 0xE2, 0x20, 0x02, 0x21, 0x03, 0x21, 0x23, 0x21, 0x23, 0x29, 0x23, 0x29, 0x23, 0x29,
    0x44, 0x29, 0x64, 0x31, 0x64, 0x31, 0x84, 0x31, 0x85, 0x31, 0x85, 0x31, 0x85, 0x31, 0x85, 0x31,
    0xA5, 0x39, 0xA5, 0x39, 0xA5, 0x39, 0xC5, 0x39, 0xE6, 0x41, 0xE6, 0x41, 0x06, 0x42, 0x06, 0x42,
    0x06, 0x42, 0xE6, 0x41, 0xE6, 0x41, 0xE6, 0x41, 0xE6, 0x41, 0x06, 0x42, 0xE6, 0x41, 0xE6, 0x41,
    0x06, 0x42, 0x47, 0x4A, 0x47, 0x4A, 0x68, 0x52, 0x88, 0x52, 0x88, 0x52, 0x88, 0x52, 0xA9, 0x5A,
    0xA9, 0x5A, 0xA9, 0x5A, 0xA9, 0x5A, 0xA9, 0x5A, 0xA9, 0x5A, 0xA9, 0x52, 0xA9, 0x52, 0xA9, 0x52,
    0x88, 0x52, 0x88, 0x52, 0x88, 0x52, 0x88, 0x52, 0x88, 0x52, 0x88, 0x52, 0x88, 0x52, 0x88, 0x52,
    0x88, 0x52, 0x88, 0x52, 0x88, 0x52, 0xA9, 0x52, 0xA9, 0x5A, 0xC9, 0x5A, 0xC9, 0x5A, 0xEA, 0x5A,
    0xEA, 0x62, 0x0A, 0x63, 0x0A, 0x63, 0x0A, 0x63, 0x0A, 0x63, 0x2A, 0x63, 0x2B, 0x63, 0x2B, 0x6B,
    0x2B, 0x6B, 0x4B, 0x6B, 0x4B, 0x6B, 0x4B, 0x6B, 0x4B, 0x6B, 0x2B, 0x63, 0x0A, 0x63, 0xEA, 0x62,
    0xC9, 0x5A, 0xA9, 0x52, 0x48, 0x4A, 0x27, 0x42, 0x07, 0x42, 0x27, 0x42, 0x68, 0x4A, 0x68, 0x4A,
    0x68, 0x4A, 0x68, 0x4A, 0x89, 0x52, 0x89, 0x52, 0x48, 0x4A, 0xA6, 0x39, 0x65, 0x29, 0x44, 0x29,
    0x44, 0x29, 0x23, 0x29, 0x03, 0x21, 0x03, 0x21, 0x44, 0x29, 0x64, 0x29, 0x64, 0x29, 0x64, 0x29,
    0x44, 0x29, 0x65, 0x29, 0x64, 0x29, 0x44, 0x29, 0x24, 0x29, 0x24, 0x21, 0xA2, 0x10, 0xE3, 0x18,
    0x65, 0x29, 0x89, 0x52, 0xD2, 0x9C, 0xB5, 0xBD, 0x95, 0xB5, 0x95, 0xB5, 0x94, 0xB5, 0x74, 0xB5,
    0x94, 0xB5, 0x94, 0xB5, 0x94, 0xB5, 0x94, 0xB5, 0x94, 0xB5, 0x94, 0xB5, 0xB5, 0xB5, 0xB5, 0xB5,
    0xD5, 0xBD, 0xD5, 0xBD, 0xD5, 0xBD, 0xD5, 0xBD, 0xD5, 0xBD, 0xD5, 0xBD, 0xD5, 0xBD, 0xD5, 0xBD,
    0xD5, 0xBD, 0xD6, 0xBD, 0xD5, 0xBD, 0xB5, 0xB5, 0xB5, 0xB5, 0x94, 0xB5, 0x74, 0xAD, 0x74, 0xAD,
    0x74, 0xAD, 0x74, 0xB5, 0x54, 0xAD, 0x33, 0xA5, 0xD5, 0xBD, 0x5C, 0xEF, 0x99, 0xD6, 0x95, 0xB5,
    0xD9, 0xDE, 0x37, 0xCE, 0x95, 0xB5, 0x74, 0xAD, 0x74, 0xAD, 0xD5, 0xBD, 0x16, 0xC6, 0xB5, 0xB5,
    0x53, 0xAD, 0xD2, 0x9C, 0xB1, 0x94, 0x90, 0x94, 0x70, 0x8C, 0x70, 0x8C, 0x70, 0x8C, 0x70, 0x8C,
    0x4F, 0x8C, 0x2F, 0x84, 0x0E, 0x84, 0xEE, 0x83, 0xEE, 0x83, 0xEE, 0x7B, 0xEE, 0x7B, 0xCD, 0x7B,
    0xAD, 0x7B, 0xAD, 0x7B, 0xAD, 0x7B, 0xAD, 0x7B, 0xAD, 0x7B, 0xAD, 0x7B, 0xAD, 0x7B, 0xAD, 0x7B,
    0xAC, 0x73, 0x8C, 0x73, 0x8C, 0x73, 0x8C, 0x73, 0x8C, 0x73, 0x6C, 0x73, 0x6C, 0x73, 0x6C, 0x73,
    0x6C, 0x6B, 0x6C, 0x73, 0x8C, 0x73, 0x6C, 0x73, 0x4B, 0x6B, 0x6B, 0x6B, 0xAD, 0x7B, 0xAD, 0x7B,
    0x6C, 0x73, 0x6B, 0x6B, 0x4B, 0x6B, 0x4B, 0x6B, 0x0A, 0x6B, 0x0A, 0x63, 0x0A, 0x63, 0xE9, 0x62,
    0xE9, 0x62, 0xE9, 0x62, 0xC9, 0x5A, 0xC9, 0x5A, 0xC9, 0x5A, 0xC9, 0x5A, 0xC9, 0x5A, 0xEA, 0x62,
    0xEA, 0x62, 0xEA, 0x5A, 0xEA, 0x5A, 0xE9, 0x5A, 0xEA, 0x62, 0x2A, 0x63, 0x2B, 0x6B, 0x2B, 0x6B,
    0x2B, 0x6B, 0x2B, 0x6B, 0x2B, 0x63, 0x2B, 0x63, 0x2B, 0x6B, 0x2B, 0x6B, 0x2B, 0x6B, 0x2B, 0x6B,
    0x2B, 0x6B, 0x2A, 0x63, 0x2B, 0x63, 0x2B, 0x6B, 0x2B, 0x6B, 0x2B, 0x63, 0x2B, 0x63, 0x0A, 0x63,
    0xE9, 0x5A, 0xC9, 0x5A, 0xA9, 0x52, 0x88, 0x52, 0x88, 0x52, 0x88, 0x52, 0x88, 0x52, 0x88, 0x52,
    0x88, 0x52, 0x68, 0x52, 0x67, 0x4A, 0x47, 0x4A, 0x47, 0x4A, 0x47, 0x4A, 0x47, 0x4A, 0x68, 0x4A,
    0x68, 0x4A, 0x68, 0x4A, 0x68, 0x52, 0x68, 0x52, 0x68, 0x52, 0x68, 0x52, 0x68, 0x52, 0x68, 0x52,
    0x68, 0x52, 0x68, 0x52, 0x47, 0x4A, 0x47, 0x4A, 0x47, 0x4A, 0x47, 0x4A, 0x47, 0x4A, 0x47, 0x4A,
    0x27, 0x4A, 0x27, 0x4A, 0x47, 0x4A, 0x47, 0x4A, 0x27, 0x4A, 0x06, 0x4A, 0x06, 0x4A, 0x07, 0x4A,
    0x07, 0x4A, 0x06, 0x4A, 0x06, 0x4A, 0xE6, 0x41, 0xE6, 0x41, 0x06, 0x42, 0x26, 0x42, 0x06, 0x42,
    0xE5, 0x39, 0xC5, 0x39, 0xA5, 0x39, 0xA4, 0x31, 0x84, 0x31, 0x64, 0x31, 0x84, 0x31, 0x84, 0x31,
    0x64, 0x31, 0x44, 0x29, 0x44, 0x29, 0x24, 0x29, 0x23, 0x29, 0x03, 0x21, 0x03, 0x21, 0x03, 0x21,
    0x03, 0x21, 0x03, 0x21, 0x03, 0x21, 0x03, 0x21, 0xE3, 0x18, 0xE3, 0x18, 0xE3, 0x18, 0xE3, 0x18,
    0xE3, 0x18, 0xC3, 0x18, 0xC3, 0x18, 0xC3, 0x18, 0xC3, 0x18, 0xC3, 0x18, 0xC3, 0x18, 0xC3, 0x18,
    0xC3, 0x18, 0xE3, 0x20, 0xE2, 0x20, 0x03, 0x21, 0x03, 0x21, 0x03, 0x29, 0x23, 0x29, 0x23, 0x29,
    0x23, 0x29, 0x44, 0x31, 0x64, 0x31, 0x85, 0x31, 0x85, 0x31, 0x85, 0x31, 0x85, 0x31, 0x85, 0x31,
    0xA5, 0x31, 0xA5, 0x31, 0xA5, 0x39, 0xA5, 0x39, 0xC5, 0x39, 0xE6, 0x41, 0xE6, 0x41, 0x06, 0x42,
    0xE6, 0x41, 0xE6, 0x41, 0xE6, 0x41, 0xE6, 0x41, 0xE6, 0x41, 0xE6, 0x41, 0xE6, 0x41, 0xE6, 0x41,
    0x27, 0x42, 0x47, 0x4A, 0x68, 0x52, 0x68, 0x52, 0x88, 0x52, 0x88, 0x52, 0xA9, 0x52, 0xA9, 0x5A,
    0xA9, 0x5A, 0xA9, 0x5A, 0xA9, 0x5A, 0xA9, 0x52, 0xA9, 0x52, 0xA9, 0x52, 0x88, 0x52, 0x88, 0x52,
    0x88, 0x52, 0x88, 0x52, 0x88, 0x52, 0x88, 0x52, 0x88, 0x52, 0xA9, 0x52, 0xA9, 0x52, 0xA9, 0x52,
    0xA9, 0x52, 0xA9, 0x52, 0xA9, 0x52, 0xA9, 0x5A, 0xC9, 0x5A, 0xC9, 0x5A, 0xC9, 0x5A, 0xEA, 0x5A,
    0xEA, 0x62, 0x0A, 0x63, 0x0A, 0x63, 0x0A, 0x63, 0x2A, 0x63, 0x2B, 0x63, 0x2B, 0x6B, 0x2B, 0x6B,
    0x2B, 0x6B, 0x4B, 0x6B, 0x2A, 0x63, 0xEA, 0x62, 0x0A, 0x63, 0x2B, 0x6B, 0x2B, 0x63, 0xEA, 0x62,
    0xA9, 0x5A, 0xA9, 0x52, 0x68, 0x52, 0xE6, 0x41, 0xA5, 0x31, 0xA5, 0x31, 0xC6, 0x39, 0xE6, 0x39,
    0xE7, 0x39, 0xE7, 0x39, 0xE7, 0x39, 0x07, 0x42, 0x48, 0x4A, 0x28, 0x4A, 0xE7, 0x41, 0xA6, 0x39,
    0xA5, 0x31, 0x64, 0x29, 0x23, 0x21, 0xC2, 0x18, 0xC2, 0x18, 0xE2, 0x18, 0x03, 0x21, 0x24, 0x29,
    0x64, 0x29, 0x85, 0x31, 0x85, 0x31, 0x86, 0x31, 0x65, 0x31, 0x65, 0x29, 0xC3, 0x18, 0x41, 0x08,
    0x81, 0x10, 0x24, 0x29, 0x0B, 0x63, 0x33, 0xA5, 0x95, 0xB5, 0x54, 0xAD, 0x95, 0xB5, 0x94, 0xB5,
    0x74, 0xAD, 0x94, 0xB5, 0x95, 0xB5, 0xB5, 0xB5, 0xB5, 0xB5, 0xD5, 0xBD, 0xD5, 0xBD, 0xD5, 0xBD,
    0xD5, 0xBD, 0xD5, 0xBD, 0xD5, 0xBD, 0xD5, 0xBD, 0xD5, 0xBD, 0xD5, 0xBD, 0xD5, 0xBD, 0xD5, 0xBD,
    0xD5, 0xBD, 0xD5, 0xBD, 0xB5, 0xB5, 0x95, 0xB5, 0x94, 0xB5, 0x74, 0xAD, 0x74, 0xAD, 0x74, 0xAD,
    0x74, 0xAD, 0x74, 0xAD, 0x53, 0xAD, 0x54, 0xAD, 0x99, 0xD6, 0x9C, 0xF7, 0x16, 0xC6, 0x57, 0xCE,
    0x78, 0xD6, 0xD5, 0xBD, 0x95, 0xB5, 0x74, 0xAD, 0xD5, 0xBD, 0x37, 0xC6, 0x37, 0xC6, 0xB5, 0xB5,
    0x12, 0xA5, 0xB1, 0x94, 0x70, 0x8C, 0x90, 0x94, 0x70, 0x8C, 0x50, 0x8C, 0x4F, 0x8C, 0x4F, 0x8C,
    0x2F, 0x84, 0x0E, 0x84, 0x0E, 0x84, 0xEE, 0x7B, 0xEE, 0x83, 0xEE, 0x7B, 0xEE, 0x7B, 0xCE, 0x7B,
    0xCD, 0x7B, 0xAD, 0x7B, 0xAD, 0x7B, 0xAD, 0x7B, 0xAD, 0x7B, 0xAD, 0x7B, 0xAD, 0x7B, 0xAD, 0x7B,
    0xAC, 0x73, 0x8C, 0x73, 0x8C, 0x73, 0x8C, 0x73, 0x8C, 0x73, 0x8C, 0x73, 0x8C, 0x73, 0x8C, 0x73,
    0x8C, 0x73, 0x8C, 0x73, 0x8C, 0x73, 0x6C, 0x73, 0x6B, 0x6B, 0x8C, 0x73, 0xAD, 0x73, 0x8C, 0x73,
    0x6B, 0x6B, 0x4B, 0x6B, 0x4B, 0x6B, 0x2A, 0x6B, 0x0A, 0x6B, 0xEA, 0x62, 0xE9, 0x62, 0xC9, 0x62,
    0xC9, 0x62, 0xC9, 0x62, 0xC9, 0x5A, 0xC9, 0x5A, 0xC9, 0x5A, 0xC9, 0x5A, 0xC9, 0x5A, 0xC9, 0x62,
    0xC9, 0x62, 0xE9, 0x5A, 0xEA, 0x5A, 0xEA, 0x62, 0x2A, 0x63, 0x4B, 0x6B, 0x2B, 0x6B, 0x2B, 0x6B,
    0x2B, 0x6B, 0x2B, 0x6B, 0x2B, 0x63, 0x2B, 0x63, 0x2B, 0x63, 0x2B, 0x63, 0x2B, 0x63, 0x2B, 0x63,
    0x2B, 0x6B, 0x2B, 0x6B, 0x2B, 0x6B, 0x2B, 0x6B, 0x2B, 0x6B, 0x2B, 0x6B, 0x2B, 0x6B, 0x2B, 0x6B,
    0x2B, 0x63, 0x0A, 0x63, 0xC9, 0x5A, 0xC9, 0x5A, 0xA9, 0x52, 0x88, 0x52, 0x88, 0x52, 0x88, 0x52,
    0x88, 0x52, 0x68, 0x52, 0x67, 0x4A, 0x68, 0x4A, 0x68, 0x4A, 0x68, 0x52, 0x68, 0x52, 0x68, 0x52,
    0x68, 0x52, 0x68, 0x52, 0x68, 0x52, 0x68, 0x52, 0x68, 0x52, 0x68, 0x52, 0x68, 0x52, 0x68, 0x52,
    0x68, 0x52, 0x47, 0x4A, 0x47, 0x4A, 0x47, 0x4A, 0x47, 0x4A, 0x47, 0x4A, 0x47, 0x4A, 0x47, 0x4A,
    0x27, 0x4A, 0x27, 0x4A, 0x27, 0x4A, 0x27, 0x4A, 0x06, 0x4A, 0x06, 0x4A, 0x06, 0x4A, 0x07, 0x4A,
    0x07, 0x4A, 0x07, 0x4A, 0x07, 0x4A, 0x07, 0x4A, 0x07, 0x4A, 0x06, 0x42, 0x06, 0x42, 0xE6, 0x41,
    0xC5, 0x39, 0xA5, 0x39, 0xA4, 0x31, 0x84, 0x31, 0x64, 0x31, 0x44, 0x29, 0x44, 0x29, 0x44, 0x29,
    0x44, 0x29, 0x43, 0x29, 0x43, 0x29, 0x03, 0x29, 0x03, 0x21, 0x03, 0x21, 0x03, 0x21, 0x03, 0x21,
    0x03, 0x21, 0x03, 0x21, 0x03, 0x21, 0x03, 0x21, 0xE3, 0x20, 0xE3, 0x20, 0xE3, 0x20, 0xE3, 0x20,
    0xE3, 0x20, 0xE3, 0x20, 0xE3, 0x20, 0xE3, 0x20, 0xC3, 0x18, 0xC3, 0x18, 0xC3, 0x18, 0xC3, 0x18,
    0xC3, 0x18, 0xE3, 0x20, 0xE3, 0x20, 0xE3, 0x20, 0x03, 0x21, 0x03, 0x21, 0x03, 0x29, 0x03, 0x29,
    0x03, 0x29, 0x44, 0x29, 0x44, 0x31, 0x64, 0x31, 0x64, 0x31, 0x64, 0x31, 0x85, 0x31, 0x85, 0x31,
    0x84, 0x31, 0x85, 0x31, 0x85, 0x31, 0xA5, 0x39, 0xA5, 0x39, 0xC5, 0x39, 0xE6, 0x41, 0xE6, 0x41,
    0xE6, 0x41, 0xE6, 0x41, 0xE6, 0x41, 0xE6, 0x41, 0xE6, 0x41, 0xE6, 0x41, 0xE6, 0x41, 0xE6, 0x41,
    0x27, 0x4A, 0x68, 0x52, 0x68, 0x52, 0x68, 0x52, 0x68, 0x52, 0x88, 0x52, 0x88, 0x52, 0x89, 0x52,
    0x89, 0x52, 0xA9, 0x52, 0xA9, 0x52, 0xA9, 0x52, 0xA9, 0x52, 0xA9, 0x52, 0x88, 0x52, 0x88, 0x52,
    0x88, 0x52, 0x88, 0x52, 0x88, 0x52, 0x88, 0x52, 0x88, 0x52, 0xA9, 0x52, 0xA9, 0x52, 0xA9, 0x52,
    0xA9, 0x52, 0xA9, 0x52, 0xA9, 0x52, 0xA9, 0x5A, 0xC9, 0x5A, 0xC9, 0x5A, 0xE9, 0x5A, 0xEA, 0x62,
    0xEA, 0x62, 0x0A, 0x63, 0x0A, 0x63, 0x0A, 0x63, 0x2A, 0x63, 0x2B, 0x63, 0x2B, 0x63, 0x2B, 0x6B,
    0x2B, 0x6B, 0x4B, 0x6B, 0x2A, 0x63, 0xE9, 0x5A, 0xC9, 0x5A, 0xEA, 0x5A, 0xEA, 0x62, 0xC9, 0x5A,
    0xA9, 0x5A, 0x88, 0x52, 0x48, 0x4A, 0x07, 0x42, 0xA5, 0x31, 0x64, 0x31, 0x85, 0x31, 0x85, 0x31,
    0x85, 0x31, 0x85, 0x29, 0x65, 0x31, 0xA6, 0x31, 0xE7, 0x39, 0x08, 0x42, 0x28, 0x4A, 0x28, 0x4A,
    0x07, 0x42, 0x85, 0x31, 0x44, 0x29, 0x23, 0x21, 0x03, 0x21, 0xE3, 0x20, 0xC2, 0x18, 0xE2, 0x18,
    0x03, 0x21, 0x44, 0x29, 0x65, 0x31, 0x85, 0x31, 0xA6, 0x31, 0xA6, 0x31, 0x45, 0x29, 0x24, 0x21,
    0xA2, 0x10, 0x61, 0x10, 0x03, 0x21, 0x6D, 0x73, 0x74, 0xB5, 0x54, 0xAD, 0x54, 0xAD, 0x54, 0xAD,
    0xB5, 0xB5, 0xD5, 0xBD, 0xD5, 0xBD, 0xF6, 0xBD, 0xF6, 0xBD, 0xF6, 0xBD, 0xF6, 0xBD, 0xF6, 0xBD,
    0xD6, 0xBD, 0xD5, 0xBD, 0xD5, 0xBD, 0xD5, 0xBD, 0xD5, 0xBD, 0xD5, 0xBD, 0xD5, 0xBD, 0xD5, 0xBD,
    0xD5, 0xBD, 0xB5, 0xB5, 0x94, 0xB5, 0x94, 0xB5, 0x74, 0xAD, 0x74, 0xAD, 0x74, 0xAD, 0x74, 0xAD,
    0x74, 0xAD, 0x74, 0xAD, 0x13, 0xA5, 0x74, 0xAD, 0x7C, 0xF7, 0x5B, 0xEF, 0x37, 0xCE, 0x3B, 0xEF,
    0x58, 0xCE, 0xD5, 0xBD, 0xB5, 0xBD, 0x74, 0xAD, 0x16, 0xC6, 0x16, 0xC6, 0xD5, 0xBD, 0x33, 0xA5,
    0xB1, 0x9C, 0x70, 0x8C, 0x70, 0x8C, 0x70, 0x8C, 0x70, 0x8C, 0x4F, 0x8C, 0x2F, 0x84, 0x0E, 0x84,
    0x0E, 0x84, 0xEE, 0x83, 0xEE, 0x7B, 0xEE, 0x7B, 0xCE, 0x7B, 0xCE, 0x7B, 0xCD, 0x7B, 0xCD, 0x7B,
    0xCD, 0x7B, 0xAD, 0x7B, 0xAD, 0x7B, 0xAD, 0x7B, 0xAD, 0x7B, 0xAD, 0x7B, 0xAD, 0x7B, 0xAD, 0x7B,
    0x8C, 0x73, 0x8C, 0x73, 0x8C, 0x73, 0x8C, 0x73, 0x8C, 0x73, 0x8C, 0x73, 0x8C, 0x73, 0x8C, 0x73,
    0x8C, 0x73, 0x8C, 0x73, 0x8C, 0x73, 0x6C, 0x73, 0x6C, 0x73, 0xAC, 0x73, 0x8C, 0x73, 0x6C, 0x6B,
    0x4B, 0x6B, 0x2B, 0x6B, 0x0A, 0x6B, 0x0A, 0x63, 0xEA, 0x62, 0xC9, 0x62, 0xC9, 0x62, 0xC9, 0x62,
    0xC9, 0x62, 0xC9, 0x5A, 0xC9, 0x5A, 0xC9, 0x5A, 0xC9, 0x5A, 0xC9, 0x5A, 0xC9, 0x5A, 0xC9, 0x62,
    0xE9, 0x5A, 0xE9, 0x5A, 0xEA, 0x5A, 0x0A, 0x63, 0x4B, 0x6B, 0x4B, 0x6B, 0x2B, 0x6B, 0x2B, 0x6B,
    0x2B, 0x6B, 0x2B, 0x63, 0x2A, 0x63, 0x2A, 0x63, 0x2A, 0x63, 0x2A, 0x63, 0x2A, 0x63, 0x2A, 0x63,
    0x2B, 0x63, 0x2B, 0x6B, 0x2B, 0x63, 0x2B, 0x6B, 0x2B, 0x6B, 0x2B, 0x6B, 0x2B, 0x6B, 0x2B, 0x6B,
    0x2B, 0x6B, 0x2B, 0x63, 0x0A, 0x63, 0x0A, 0x63, 0xEA, 0x5A, 0xC9, 0x5A, 0xC9, 0x5A, 0xC9, 0x5A,
    0xC9, 0x5A, 0xA9, 0x5A, 0xA8, 0x52, 0x88, 0x52, 0x88, 0x52, 0x88, 0x52, 0x88, 0x52, 0x88, 0x52,
    0x68, 0x52, 0x68, 0x52, 0x68, 0x52, 0x68, 0x52, 0x68, 0x52, 0x68, 0x52, 0x68, 0x52, 0x68, 0x52,
    0x68, 0x52, 0x47, 0x4A, 0x47, 0x4A, 0x47, 0x4A, 0x47, 0x4A, 0x47, 0x4A, 0x47, 0x4A, 0x47, 0x4A,
    0x27, 0x4A, 0x06, 0x42, 0x06, 0x42, 0x06, 0x42, 0x06, 0x42, 0x06, 0x4A, 0x06, 0x4A, 0x06, 0x4A,
    0x06, 0x4A, 0xE6, 0x41, 0xE6, 0x41, 0xE6, 0x41, 0xE6, 0x41, 0xE6, 0x41, 0x06, 0x42, 0xE6, 0x41,
    0xA5, 0x39, 0xA4, 0x31, 0x84, 0x31, 0x64, 0x31, 0x63, 0x29, 0x43, 0x29, 0x44, 0x29, 0x44, 0x29,
    0x43, 0x29, 0x43, 0x29, 0x23, 0x21, 0x03, 0x21, 0x03, 0x21, 0x03, 0x21, 0x03, 0x21, 0x03, 0x21,
    0x03, 0x21, 0x03, 0x21, 0x03, 0x21, 0x03, 0x21, 0x04, 0x21, 0x04, 0x21, 0x04, 0x21, 0x04, 0x21,
    0x04, 0x21, 0x03, 0x21, 0xE3, 0x20, 0xE3, 0x20, 0xE3, 0x20, 0xE3, 0x20, 0xE3, 0x20, 0xC3, 0x20,
    0xE3, 0x20, 0xE3, 0x20, 0xE3, 0x20, 0x03, 0x21, 0x03, 0x21, 0x03, 0x21, 0x03, 0x21, 0x03, 0x21,
    0x03, 0x29, 0x24, 0x29, 0x44, 0x29, 0x44, 0x29, 0x44, 0x29, 0x44, 0x29, 0x64, 0x31, 0x85, 0x31,
    0x84, 0x31, 0x84, 0x31, 0x84, 0x31, 0x84, 0x31, 0x85, 0x39, 0xA5, 0x39, 0xC5, 0x39, 0xE6, 0x41,
    0xE6, 0x41, 0xC6, 0x41, 0xE6, 0x41, 0xE6, 0x41, 0xC5, 0x41, 0xE6, 0x41, 0xE6, 0x41, 0xE6, 0x41,
    0x27, 0x42, 0x68, 0x4A, 0x68, 0x52, 0x68, 0x52, 0x68, 0x52, 0x88, 0x52, 0x88, 0x52, 0x88, 0x52,
    0x89, 0x52, 0x89, 0x52, 0xA9, 0x52, 0xA9, 0x52, 0xA9, 0x52, 0xA9, 0x52, 0x88, 0x52, 0x88, 0x52,
    0x88, 0x52, 0x88, 0x52, 0x88, 0x52, 0x88, 0x52, 0x88, 0x52, 0xA9, 0x52, 0xA9, 0x52, 0xA9, 0x52,
    0xA9, 0x52, 0xA9, 0x52, 0xA9, 0x52, 0xA9, 0x5A, 0xC9, 0x5A, 0xC9, 0x5A, 0xE9, 0x5A, 0xEA, 0x62,
    0xEA, 0x62, 0x0A, 0x63, 0x0A, 0x63, 0x0A, 0x63, 0x2A, 0x63, 0x2B, 0x63, 0x2B, 0x6B, 0x2B, 0x6B,
    0x2B, 0x6B, 0x4B, 0x6B, 0x0A, 0x63, 0xEA, 0x5A, 0x68, 0x52, 0x68, 0x4A, 0x68, 0x52, 0x89, 0x52,
    0x88, 0x52, 0x48, 0x4A, 0x27, 0x4A, 0x27, 0x42, 0xE6, 0x39, 0xA5, 0x31, 0x85, 0x31, 0x64, 0x29,
    0x44, 0x29, 0x44, 0x29, 0x24, 0x29, 0x44, 0x29, 0x65, 0x29, 0xA6, 0x31, 0xE7, 0x39, 0x07, 0x42,
    0x07, 0x42, 0xE6, 0x39, 0xA5, 0x31, 0x64, 0x29, 0x44, 0x29, 0x24, 0x29, 0x03, 0x21, 0xE2, 0x18,
    0xC2, 0x18, 0xE3, 0x20, 0x24, 0x21, 0x65, 0x29, 0x65, 0x31, 0x85, 0x31, 0x86, 0x31, 0xE7, 0x39,
    0x44, 0x29, 0x81, 0x10, 0x00, 0x00, 0xE7, 0x41, 0x33, 0xAD, 0x54, 0xAD, 0x13, 0xA5, 0x33, 0xAD,
    0xF6, 0xBD, 0xF6, 0xBD, 0xF6, 0xBD, 0xF6, 0xBD, 0xF6, 0xBD, 0xF6, 0xBD, 0xF6, 0xBD, 0xF6, 0xBD,
    0xF6, 0xBD, 0xD5, 0xBD, 0xB5, 0xB5, 0xB5, 0xB5, 0xB5, 0xB5, 0xB5, 0xB5, 0xB5, 0xB5, 0x95, 0xB5,
    0x95, 0xB5, 0x94, 0xB5, 0x94, 0xB5, 0x74, 0xAD, 0x74, 0xAD, 0x74, 0xAD, 0x74, 0xAD, 0x74, 0xAD,
    0x74, 0xAD, 0x33, 0xAD, 0x12, 0xA5, 0x37, 0xCE, 0x7C, 0xF7, 0xB9, 0xDE, 0xDA, 0xE6, 0xD9, 0xDE,
    0x37, 0xCE, 0xD5, 0xBD, 0x94, 0xB5, 0x74, 0xB5, 0xF5, 0xBD, 0x94, 0xB5, 0xD1, 0x9C, 0x70, 0x94,
    0x4F, 0x8C, 0x2F, 0x8C, 0x2F, 0x8C, 0x2F, 0x8C, 0x2F, 0x8C, 0x0E, 0x84, 0x0E, 0x84, 0x0E, 0x84,
    0xEE, 0x83, 0xEE, 0x83, 0xEE, 0x83, 0xED, 0x7B, 0xCD, 0x7B, 0xCD, 0x7B, 0xCD, 0x7B, 0xCD, 0x7B,
    0xCD, 0x7B, 0xAD, 0x7B, 0xCD, 0x7B, 0xCD, 0x7B, 0xCD, 0x7B, 0xCE, 0x7B, 0xCE, 0x7B, 0xCD, 0x7B,
    0xAD, 0x7B, 0xAD, 0x73, 0xAC, 0x73, 0x8C, 0x73, 0x8C, 0x73, 0x8C, 0x73, 0x8C, 0x73, 0x8C, 0x73,
    0x8C, 0x73, 0x8C, 0x73, 0x8C, 0x73, 0x8C, 0x73, 0x8C, 0x73, 0x8C, 0x73, 0x6C, 0x6B, 0x2A, 0x63,
    0x0A, 0x63, 0x0A, 0x63, 0xEA, 0x62, 0xE9, 0x62, 0xC9, 0x62, 0xC9, 0x62, 0xC9, 0x62, 0xC9, 0x62,
    0xC9, 0x62, 0xC9, 0x62, 0xC9, 0x5A, 0xC9, 0x5A, 0xC9, 0x5A, 0xC9, 0x5A, 0xC9, 0x5A, 0xC9, 0x5A,
    0xEA, 0x62, 0x0A, 0x63, 0x2B, 0x6B, 0x4B, 0x6B, 0x2B, 0x6B, 0x2B, 0x6B, 0x0A, 0x63, 0x0A, 0x63,
    0xEA, 0x62, 0x0A, 0x63, 0x0A, 0x63, 0x0A, 0x63, 0x2A, 0x63, 0x2A, 0x63, 0x2A, 0x63, 0x2A, 0x63,
    0x2A, 0x63, 0x0A, 0x63, 0x2B, 0x63, 0x2B, 0x6B, 0x4B, 0x6B, 0x4B, 0x6B, 0x2B, 0x6B, 0x2B, 0x6B,
    0x2B, 0x6B, 0x2B, 0x6B, 0x2B, 0x6B, 0x2B, 0x6B, 0x2B, 0x6B, 0x0A, 0x63, 0x0A, 0x63, 0x0A, 0x63,
    0x0A, 0x63, 0xEA, 0x5A, 0xC9, 0x5A, 0xC9, 0x5A, 0xC9, 0x5A, 0xA9, 0x5A, 0xA9, 0x5A, 0x89, 0x5A,
    0x88, 0x52, 0x88, 0x52, 0x88, 0x52, 0x68, 0x52, 0x68, 0x52, 0x68, 0x52, 0x68, 0x52, 0x68, 0x52,
    0x68, 0x52, 0x47, 0x4A, 0x47, 0x4A, 0x47, 0x4A, 0x47, 0x4A, 0x47, 0x4A, 0x47, 0x4A, 0x27, 0x4A,
    0x06, 0x4A, 0x06, 0x4A, 0x06, 0x4A, 0xE6, 0x41, 0xE6, 0x41, 0x06, 0x4A, 0x06, 0x42, 0xE6, 0x41,
    0xE6, 0x41, 0xE6, 0x41, 0xE6, 0x41, 0xE5, 0x41, 0xC5, 0x39, 0xC5, 0x39, 0xC5, 0x39, 0xC5, 0x39,
    0xA4, 0x31, 0x84, 0x31, 0x64, 0x31, 0x64, 0x31, 0x64, 0x29, 0x64, 0x29, 0x44, 0x29, 0x44, 0x29,
    0x43, 0x29, 0x23, 0x29, 0x23, 0x29, 0x03, 0x21, 0x03, 0x21, 0x03, 0x21, 0x03, 0x21, 0x03, 0x21,
    0x03, 0x21, 0x03, 0x21, 0x03, 0x21, 0x03, 0x21, 0x03, 0x21, 0x03, 0x21, 0x03, 0x21, 0x03, 0x21,
    0x04, 0x21, 0x03, 0x21, 0x03, 0x21, 0x03, 0x21, 0x03, 0x21, 0xE3, 0x20, 0x03, 0x21, 0xE3, 0x20,
    0xE3, 0x20, 0x03, 0x21, 0x03, 0x21, 0x03, 0x21, 0x03, 0x21, 0x03, 0x21, 0x03, 0x29, 0x03, 0x29,
    0x23, 0x29, 0x43, 0x29, 0x44, 0x31, 0x44, 0x31, 0x44, 0x31, 0x44, 0x31, 0x64, 0x31, 0x64, 0x31,
    0x64, 0x31, 0x64, 0x31, 0x64, 0x31, 0x64, 0x31, 0x85, 0x31, 0xA5, 0x39, 0xA5, 0x39, 0xC5, 0x41,
    0xE6, 0x41, 0xC5, 0x39, 0xE6, 0x41, 0xE6, 0x41, 0xC5, 0x39, 0xE6, 0x41, 0x06, 0x42, 0x06, 0x42,
    0x27, 0x4A, 0x47, 0x4A, 0x68, 0x52, 0x68, 0x52, 0x68, 0x52, 0x88, 0x52, 0x88, 0x52, 0x88, 0x52,
    0x89, 0x52, 0xA9, 0x52, 0xA9, 0x5A, 0xA9, 0x5A, 0xA9, 0x5A, 0xA9, 0x52, 0xA9, 0x52, 0xA9, 0x52,
    0x89, 0x52, 0x89, 0x52, 0x89, 0x52, 0x89, 0x52, 0x89, 0x52, 0xA9, 0x52, 0xA9, 0x52, 0xA9, 0x52,
    0xA9, 0x5A, 0xA9, 0x5A, 0xA9, 0x5A, 0xA9, 0x5A, 0xC9, 0x5A, 0xC9, 0x5A, 0xE9, 0x5A, 0xEA, 0x62,
    0x0A, 0x63, 0x0A, 0x63, 0x0A, 0x63, 0x0A, 0x63, 0x0A, 0x63, 0x2B, 0x63, 0x2B, 0x6B, 0x2B, 0x6B,
    0x2B, 0x6B, 0x2B, 0x6B, 0x0B, 0x63, 0xEA, 0x62, 0xCA, 0x5A, 0x68, 0x52, 0x27, 0x4A, 0xC6, 0x39,
    0x07, 0x42, 0x07, 0x42, 0x27, 0x42, 0xE6, 0x39, 0xC6, 0x39, 0xC6, 0x39, 0x85, 0x31, 0x44, 0x29,
    0x03, 0x21, 0x03, 0x21, 0x03, 0x21, 0x03, 0x21, 0x03, 0x21, 0x24, 0x29, 0x65, 0x29, 0xA6, 0x31,
    0xE7, 0x39, 0x07, 0x42, 0xE6, 0x39, 0xA5, 0x31, 0x85, 0x31, 0x44, 0x29, 0x03, 0x21, 0xE3, 0x20,
    0xE3, 0x18, 0xE3, 0x18, 0x03, 0x21, 0x03, 0x21, 0x03, 0x21, 0xE3, 0x18, 0x65, 0x31, 0xA6, 0x31,
    0xA6, 0x31, 0xE6, 0x39, 0x44, 0x29, 0x03, 0x21, 0xCA, 0x5A, 0xB1, 0x94, 0x95, 0xB5, 0x74, 0xAD,
    0xF6, 0xBD, 0xF6, 0xBD, 0xF6, 0xBD, 0xF6, 0xBD, 0xF6, 0xBD, 0xF6, 0xBD, 0xF6, 0xBD, 0xF6, 0xBD,
    0xD5, 0xBD, 0xB5, 0xB5, 0x95, 0xB5, 0x94, 0xB5, 0x94, 0xB5, 0x94, 0xB5, 0x94, 0xB5, 0x94, 0xB5,
    0x94, 0xB5, 0x74, 0xAD, 0x74, 0xAD, 0x74, 0xAD, 0x74, 0xAD, 0x54, 0xAD, 0x54, 0xAD, 0x54, 0xAD,
    0x54, 0xAD, 0x53, 0xAD, 0xD6, 0xBD, 0x5C, 0xF7, 0xD9, 0xDE, 0xB5, 0xBD, 0xB9, 0xDE, 0x99, 0xD6,
    0xD5, 0xBD, 0x94, 0xB5, 0x94, 0xB5, 0x94, 0xB5, 0xD5, 0xBD, 0x33, 0xAD, 0x90, 0x94, 0x4F, 0x8C,
    0x2F, 0x8C, 0x2F, 0x84, 0x2F, 0x84, 0x2F, 0x84, 0x2F, 0x84, 0x0E, 0x84, 0x0E, 0x84, 0x0E, 0x84,
    0xEE, 0x83, 0xEE, 0x83, 0xEE, 0x83, 0xEE, 0x83, 0xEE, 0x83, 0xEE, 0x83, 0xEE, 0x7B, 0xEE, 0x7B,
    0xED, 0x7B, 0xCD, 0x7B, 0xCE, 0x7B, 0xEE, 0x7B, 0xEE, 0x7B, 0xEE, 0x83, 0xEE, 0x83, 0xEE, 0x83,
    0xCD, 0x7B, 0xAD, 0x7B, 0xAD, 0x7B, 0xAC, 0x73, 0x8C, 0x73, 0x8C, 0x73, 0x8C, 0x73, 0x6C, 0x73,
    0x6C, 0x73, 0x6C, 0x73, 0x6C, 0x73, 0x6C, 0x73, 0x8C, 0x73, 0x6C, 0x6B, 0x2B, 0x6B, 0x0A, 0x63,
    0x0A, 0x63, 0x0A, 0x63, 0xEA, 0x62, 0xE9, 0x62, 0xC9, 0x62, 0xC9, 0x62, 0xC9, 0x62, 0xC9, 0x62,
    0xC9, 0x62, 0xC9, 0x5A, 0xC9, 0x5A, 0xC9, 0x62, 0xC9, 0x5A, 0xC9, 0x5A, 0xC9, 0x5A, 0xE9, 0x62,
    0x2A, 0x6B, 0x4B, 0x6B, 0x4B, 0x6B, 0x2B, 0x6B, 0x0A, 0x63, 0xEA, 0x62, 0xEA, 0x62, 0xEA, 0x62,
    0xEA, 0x5A, 0x0A, 0x63, 0x0A, 0x63, 0x0A, 0x63, 0x0A, 0x63, 0x0A, 0x63, 0x0A, 0x63, 0x0A, 0x63,
    0x0A, 0x63, 0x0A, 0x63, 0x2A, 0x63, 0x2B, 0x6B, 0x4B, 0x6B, 0x4B, 0x6B, 0x4B, 0x6B, 0x2B, 0x6B,
    0x2B, 0x6B, 0x2B, 0x6B, 0x2B, 0x6B, 0x2B, 0x6B, 0x2B, 0x6B, 0x0A, 0x63, 0x0A, 0x63, 0x0A, 0x63,
    0x0A, 0x63, 0x0A, 0x63, 0xEA, 0x62, 0xEA, 0x62, 0xEA, 0x62, 0xEA, 0x62, 0xCA, 0x62, 0xA9, 0x5A,
    0xA9, 0x5A, 0x88, 0x5A, 0x88, 0x5A, 0x88, 0x52, 0x68, 0x52, 0x68, 0x52, 0x47, 0x4A, 0x47, 0x4A,
    0x47, 0x4A, 0x47, 0x4A, 0x47, 0x4A, 0x47, 0x4A, 0x47, 0x4A, 0x47, 0x4A, 0x27, 0x4A, 0x06, 0x4A,
    0x06, 0x4A, 0x06, 0x4A, 0x06, 0x4A, 0xE6, 0x41, 0xE6, 0x41, 0xE6, 0x41, 0xE6, 0x41, 0xE6, 0x41,
    0xE6, 0x41, 0xE6, 0x41, 0xC5, 0x41, 0xA5, 0x39, 0xA5, 0x39, 0xA5, 0x39, 0x84, 0x39, 0x84, 0x31,
    0x84, 0x31, 0x64, 0x31, 0x64, 0x31, 0x64, 0x31, 0x64, 0x31, 0x64, 0x31, 0x44, 0x31, 0x44, 0x31,
    0x23, 0x29, 0x23, 0x29, 0x03, 0x29, 0x03, 0x21, 0x03, 0x21, 0x03, 0x21, 0x03, 0x21, 0x03, 0x21,
    0x23, 0x21, 0x24, 0x21, 0x03, 0x21, 0x03, 0x21, 0x03, 0x21, 0x03, 0x21, 0x03, 0x21, 0x03, 0x21,
    0x04, 0x21, 0x03, 0x21, 0x03, 0x21, 0x03, 0x21, 0x03, 0x21, 0x03, 0x21, 0x03, 0x21, 0x04, 0x21,
    0x04, 0x21, 0x03, 0x21, 0x03, 0x21, 0x03, 0x21, 0x03, 0x21, 0x03, 0x29, 0x03, 0x29, 0x23, 0x29,
    0x23, 0x29, 0x43, 0x29, 0x44, 0x31, 0x44, 0x31, 0x44, 0x31, 0x44, 0x31, 0x64, 0x31, 0x64, 0x31,
    0x64, 0x31, 0x64, 0x31, 0x64, 0x31, 0x64, 0x31, 0x85, 0x31, 0xA5, 0x39, 0xA5, 0x39, 0xC5, 0x39,
    0xC5, 0x41, 0xC5, 0x39, 0xE6, 0x41, 0xE6, 0x41, 0xE6, 0x41, 0x06, 0x42, 0x06, 0x4A, 0x27, 0x4A,
    0x47, 0x4A, 0x47, 0x4A, 0x68, 0x52, 0x68, 0x52, 0x88, 0x52, 0x88, 0x52, 0x88, 0x52, 0x89, 0x52,
    0xA9, 0x52, 0xA9, 0x52, 0xA9, 0x5A, 0xA9, 0x5A, 0xA9, 0x5A, 0xA9, 0x52, 0xA9, 0x52, 0xA9, 0x52,
    0x89, 0x52, 0x89, 0x52, 0x89, 0x52, 0x89, 0x52, 0x89, 0x52, 0xA9, 0x52, 0xA9, 0x52, 0xA9, 0x5A,
    0xA9, 0x5A, 0xA9, 0x5A, 0xA9, 0x5A, 0xC9, 0x5A, 0xEA, 0x62, 0xEA, 0x62, 0xEA, 0x5A, 0xEA, 0x62,
    0x0A, 0x63, 0x0A, 0x63, 0x0A, 0x63, 0x0A, 0x63, 0x0A, 0x63, 0x2B, 0x63, 0x2B, 0x6B, 0x2B, 0x6B,
    0x4B, 0x6B, 0x2B, 0x6B, 0x2B, 0x6B, 0x2B, 0x6B, 0x0B, 0x63, 0xEA, 0x62, 0xA9, 0x52, 0xE6, 0x41,
    0xC6, 0x39, 0xE6, 0x39, 0xE6, 0x39, 0xA5, 0x31, 0x85, 0x31, 0x85, 0x31, 0x64, 0x29, 0x24, 0x21,
    0x03, 0x21, 0x24, 0x21, 0x03, 0x21, 0xE3, 0x20, 0xE3, 0x20, 0x03, 0x21, 0x03, 0x21, 0x24, 0x29,
    0x65, 0x29, 0x85, 0x31, 0xA5, 0x31, 0xC6, 0x39, 0xC6, 0x39, 0x85, 0x31, 0x65, 0x29, 0x44, 0x29,
    0x24, 0x29, 0xE3, 0x20, 0xE3, 0x18, 0xE3, 0x20, 0xE3, 0x20, 0xE3, 0x18, 0x03, 0x21, 0x24, 0x29,
    0x24, 0x21, 0xC6, 0x39, 0x48, 0x4A, 0x85, 0x31, 0x03, 0x21, 0x8D, 0x73, 0xB5, 0xB5, 0xB5, 0xB5,
    0xF6, 0xBD, 0xF6, 0xBD, 0xF6, 0xBD, 0xF6, 0xBD, 0xF6, 0xBD, 0xF6, 0xBD, 0xF6, 0xBD, 0xD5, 0xBD,
    0xD5, 0xBD, 0x95, 0xB5, 0x94, 0xB5, 0x94, 0xB5, 0x94, 0xB5, 0x94, 0xB5, 0x94, 0xB5, 0x74, 0xAD,
    0x74, 0xAD, 0x74, 0xAD, 0x74, 0xAD, 0x74, 0xAD, 0x54, 0xAD, 0x54, 0xAD, 0x54, 0xAD, 0x74, 0xAD,
    0x54, 0xAD, 0x94, 0xB5, 0xB9, 0xDE, 0x9C, 0xF7, 0xD5, 0xBD, 0x17, 0xCE, 0xB9, 0xDE, 0x78, 0xD6,
    0x95, 0xBD, 0x54, 0xB5, 0xB5, 0xBD, 0xD5, 0xBD, 0x94, 0xB5, 0xD1, 0x9C, 0x6F, 0x8C, 0x2F, 0x8C,
    0x0F, 0x84, 0x0F, 0x84, 0x0F, 0x84, 0x0F, 0x84, 0x0F, 0x84, 0x0E, 0x84, 0x0E, 0x84, 0x0E, 0x84,
    0xEE, 0x83, 0xEE, 0x83, 0xEE, 0x83, 0x0E, 0x84, 0x0E, 0x84, 0x0E, 0x84, 0xEE, 0x83, 0xEE, 0x83,
    0xEE, 0x83, 0xEE, 0x7B, 0xEE, 0x7B, 0xCE, 0x7B, 0xCD, 0x7B, 0xCD, 0x7B, 0xCD, 0x7B, 0xCD, 0x7B,
    0xAD, 0x7B, 0xAD, 0x73, 0xAD, 0x7B, 0xAC, 0x73, 0x8C, 0x73, 0x8C, 0x73, 0x6C, 0x73, 0x6C, 0x73,
    0x6C, 0x6B, 0x6B, 0x6B, 0x6C, 0x6B, 0x6B, 0x6B, 0x4B, 0x6B, 0x2B, 0x6B, 0x0A, 0x63, 0x0A, 0x63,
    0x0A, 0x63, 0x0A, 0x63, 0xEA, 0x62, 0xE9, 0x62, 0xC9, 0x62, 0xC9, 0x62, 0xC9, 0x62, 0xC9, 0x62,
    0xC9, 0x62, 0xC9, 0x5A, 0xC9, 0x62, 0xC9, 0x62, 0xC9, 0x5A, 0xC9, 0x62, 0xEA, 0x62, 0x0A, 0x63,
    0x2A, 0x6B, 0x2B, 0x6B, 0x0A, 0x63, 0xEA, 0x5A, 0xEA, 0x5A, 0xEA, 0x62, 0x0A, 0x63, 0xEA, 0x62,
    0xEA, 0x62, 0x0A, 0x63, 0x0A, 0x63, 0x0A, 0x63, 0x0A, 0x63, 0x0A, 0x63, 0x0A, 0x63, 0x0A, 0x63,
    0x0A, 0x63, 0x0A, 0x63, 0x2A, 0x63, 0x2B, 0x6B, 0x4B, 0x6B, 0x4B, 0x6B, 0x4B, 0x6B, 0x2B, 0x6B,
    0x2B, 0x6B, 0x2B, 0x6B, 0x2B, 0x6B, 0x2B, 0x6B, 0x2B, 0x6B, 0x0A, 0x63, 0x0A, 0x63, 0x2A, 0x63,
    0x2B, 0x63, 0x0A, 0x63, 0x0A, 0x63, 0x0B, 0x63, 0x0B, 0x63, 0x0B, 0x63, 0xEA, 0x62, 0xEA, 0x62,
    0xC9, 0x5A, 0xA9, 0x5A, 0xA9, 0x5A, 0xA9, 0x5A, 0x88, 0x52, 0x68, 0x52, 0x68, 0x52, 0x47, 0x4A,
    0x47, 0x4A, 0x47, 0x4A, 0x47, 0x4A, 0x47, 0x4A, 0x47, 0x4A, 0x47, 0x4A, 0x27, 0x4A, 0x06, 0x4A,
    0x06, 0x4A, 0x06, 0x4A, 0x06, 0x4A, 0xE6, 0x41, 0xE6, 0x41, 0xE6, 0x41, 0xE6, 0x41, 0xC6, 0x41,
    0xC5, 0x39, 0xA5, 0x39, 0xA5, 0x39, 0x85, 0x39, 0x85, 0x39, 0x84, 0x39, 0x84, 0x31, 0x84, 0x31,
    0x64, 0x31, 0x64, 0x31, 0x64, 0x31, 0x64, 0x31, 0x64, 0x31, 0x44, 0x31, 0x44, 0x29, 0x43, 0x29,
    0x23, 0x29, 0x03, 0x29, 0x03, 0x29, 0x03, 0x21, 0x03, 0x21, 0x03, 0x21, 0x03, 0x21, 0x03, 0x21,
    0x23, 0x21, 0x24, 0x21, 0x03, 0x21, 0x03, 0x21, 0x03, 0x21, 0x03, 0x21, 0x03, 0x21, 0x03, 0x21,
    0x04, 0x21, 0x03, 0x21, 0x03, 0x21, 0x03, 0x21, 0x03, 0x21, 0x03, 0x21, 0x03, 0x21, 0x04, 0x21,
    0x04, 0x29, 0x04, 0x21, 0x03, 0x21, 0x03, 0x21, 0x03, 0x21, 0x03, 0x29, 0x03, 0x29, 0x23, 0x29,
    0x23, 0x29, 0x23, 0x29, 0x43, 0x29, 0x44, 0x29, 0x44, 0x31, 0x44, 0x31, 0x44, 0x31, 0x64, 0x31,
    0x64, 0x31, 0x64, 0x31, 0x64, 0x31, 0x64, 0x31, 0x85, 0x31, 0xA5, 0x39, 0xA5, 0x39, 0xA5, 0x39,
    0xC5, 0x39, 0xC5, 0x39, 0xE6, 0x41, 0xE6, 0x41, 0x06, 0x42, 0x27, 0x4A, 0x27, 0x4A, 0x27, 0x4A,
    0x47, 0x52, 0x68, 0x52, 0x68, 0x52, 0x68, 0x52, 0x88, 0x52, 0x88, 0x52, 0x88, 0x52, 0x89, 0x52,
    0xA9, 0x52, 0xA9, 0x52, 0xA9, 0x52, 0xA9, 0x52, 0xA9, 0x52, 0xA9, 0x52, 0xA9, 0x52, 0xA9, 0x52,
    0x89, 0x52, 0x89, 0x52, 0x89, 0x52, 0x89, 0x52, 0x89, 0x52, 0xA9, 0x52, 0xA9, 0x52, 0xA9, 0x5A,
    0xA9, 0x5A, 0xA9, 0x5A, 0xA9, 0x5A, 0xEA, 0x5A, 0xEA, 0x62, 0xEA, 0x62, 0xEA, 0x5A, 0xEA, 0x62,
    0x0A, 0x63, 0x0A, 0x63, 0x0A, 0x63, 0x0A, 0x63, 0x0A, 0x63, 0x0A, 0x63, 0x2B, 0x63, 0x2B, 0x6B,
    0x2B, 0x6B, 0x2B, 0x6B, 0x4B, 0x6B, 0x6C, 0x73, 0x0B, 0x63, 0xEA, 0x62, 0xEA, 0x5A, 0xA9, 0x52,
    0x27, 0x42, 0xE7, 0x41, 0xC6, 0x39, 0x85, 0x31, 0x85, 0x31, 0x64, 0x29, 0x44, 0x29, 0x24, 0x21,
    0x24, 0x21, 0x24, 0x29, 0x03, 0x21, 0xE3, 0x18, 0xE3, 0x18, 0xE3, 0x20, 0xE3, 0x20, 0xE3, 0x20,
    0x03, 0x21, 0x03, 0x21, 0x23, 0x21, 0x24, 0x29, 0x24, 0x29, 0x24, 0x29, 0x65, 0x29, 0x85, 0x31,
    0x85, 0x31, 0x44, 0x29, 0x03, 0x21, 0xE3, 0x18, 0xC2, 0x18, 0xC2, 0x18, 0xE3, 0x18, 0xE3, 0x20,
    0xE3, 0x20, 0x44, 0x29, 0xE6, 0x39, 0x48, 0x4A, 0x07, 0x42, 0x68, 0x4A, 0x50, 0x8C, 0x94, 0xB5,
    0xF6, 0xBD, 0xF6, 0xBD, 0xF6, 0xBD, 0xD6, 0xBD, 0xD5, 0xBD, 0xD5, 0xBD, 0xB5, 0xB5, 0x94, 0xB5,
    0x94, 0xB5, 0x94, 0xB5, 0x94, 0xB5, 0x94, 0xB5, 0x94, 0xB5, 0x94, 0xB5, 0x94, 0xB5, 0x74, 0xAD,
    0x53, 0xAD, 0x53, 0xAD, 0x54, 0xAD, 0x54, 0xAD, 0x74, 0xAD, 0x74, 0xAD, 0x74, 0xB5, 0x94, 0xB5,
    0xB5, 0xB5, 0x17, 0xC6, 0x3B, 0xEF, 0x5B, 0xEF, 0xD6, 0xC5, 0x99, 0xDE, 0x78, 0xD6, 0x17, 0xCE,
    0x74, 0xB5, 0x53, 0xAD, 0x16, 0xCE, 0x37, 0xCE, 0x73, 0xB5, 0x90, 0x94, 0x2F, 0x8C, 0xEE, 0x83,
    0x0E, 0x84, 0x0F, 0x84, 0x0E, 0x84, 0x0E, 0x84, 0x0E, 0x84, 0x0E, 0x84, 0x0E, 0x84, 0x0E, 0x84,
    0x0E, 0x84, 0x0E, 0x84, 0xEE, 0x83, 0x0E, 0x84, 0xEE, 0x83, 0xEE, 0x83, 0xEE, 0x83, 0xEE, 0x83,
    0xEE, 0x83, 0xEE, 0x83, 0xEE, 0x83, 0xEE, 0x7B, 0xCD, 0x7B, 0xAD, 0x7B, 0xCD, 0x7B, 0xCD, 0x7B,
    0xAD, 0x7B, 0xAC, 0x73, 0xAC, 0x73, 0xAC, 0x73, 0x8C, 0x73, 0x8C, 0x73, 0x8C, 0x73, 0x6C, 0x73,
    0x6C, 0x73, 0x6C, 0x73, 0x6B, 0x6B, 0x4B, 0x6B, 0x2B, 0x6B, 0x2A, 0x63, 0x2A, 0x63, 0x0A, 0x63,
    0x2A, 0x6B, 0x0A, 0x63, 0xEA, 0x62, 0xE9, 0x62, 0xC9, 0x62, 0xC9, 0x62, 0xC9, 0x62, 0xC9, 0x62,
    0xC9, 0x62, 0xC9, 0x62, 0xC9, 0x62, 0xC9, 0x62, 0xE9, 0x62, 0x0A, 0x63, 0x0A, 0x6B, 0x0A, 0x6B,
    0x2A, 0x6B, 0x2B, 0x6B, 0x0A, 0x63, 0xEA, 0x62, 0xE9, 0x5A, 0xEA, 0x5A, 0xEA, 0x62, 0xEA, 0x62,
    0xEA, 0x62, 0xEA, 0x62, 0xEA, 0x62, 0x0A, 0x63, 0x0A, 0x63, 0xEA, 0x62, 0xEA, 0x62, 0xEA, 0x62,
    0x0A, 0x63, 0x2A, 0x63, 0x2B, 0x63, 0x2B, 0x63, 0x2B, 0x63, 0x2B, 0x63, 0x2B, 0x63, 0x2B, 0x6B,
    0x2B, 0x6B, 0x2B, 0x6B, 0x2B, 0x63, 0x2B, 0x63, 0x2B, 0x63, 0x2A, 0x63, 0x2A, 0x63, 0x2A, 0x63,
    0x0B, 0x63, 0x0B, 0x63, 0x0B, 0x63, 0x0B, 0x63, 0x0B, 0x63, 0x0B, 0x63, 0x0A, 0x63, 0xEA, 0x62,
    0xCA, 0x5A, 0xC9, 0x5A, 0xC9, 0x5A, 0xA9, 0x5A, 0x89, 0x5A, 0x68, 0x52, 0x68, 0x52, 0x68, 0x52,
    0x68, 0x52, 0x47, 0x52, 0x47, 0x4A, 0x47, 0x4A, 0x47, 0x4A, 0x27, 0x4A, 0x27, 0x4A, 0xE6, 0x49,
    0xE6, 0x41, 0xE6, 0x41, 0xE6, 0x41, 0xE6, 0x41, 0xE6, 0x41, 0xE6, 0x49, 0xE6, 0x49, 0xC6, 0x41,
    0xA5, 0x41, 0xA5, 0x41, 0xA5, 0x39, 0xA5, 0x39, 0xA5, 0x39, 0x84, 0x39, 0x84, 0x31, 0x64, 0x31,
    0x64, 0x31, 0x64, 0x31, 0x44, 0x31, 0x43, 0x31, 0x43, 0x31, 0x23, 0x29, 0x23, 0x29, 0x03, 0x29,
    0x03, 0x29, 0x03, 0x29, 0x03, 0x29, 0x03, 0x29, 0x03, 0x29, 0x03, 0x29, 0x03, 0x29, 0x23, 0x29,
    0x23, 0x21, 0x04, 0x21, 0x04, 0x21, 0x04, 0x21, 0x04, 0x21, 0x04, 0x21, 0x04, 0x21, 0x04, 0x21,
    0x24, 0x29, 0x24, 0x21, 0x03, 0x21, 0x03, 0x21, 0x03, 0x21, 0x03, 0x21, 0x03, 0x21, 0x04, 0x21,
    0x04, 0x21, 0x24, 0x29, 0x03, 0x21, 0x03, 0x21, 0x23, 0x21, 0x23, 0x29, 0x23, 0x29, 0x23, 0x29,
    0x23, 0x29, 0x23, 0x29, 0x23, 0x29, 0x44, 0x29, 0x64, 0x31, 0x64, 0x31, 0x64, 0x31, 0x44, 0x31,
    0x64, 0x31, 0x64, 0x31, 0x64, 0x31, 0x85, 0x31, 0x85, 0x31, 0xA5, 0x39, 0xA5, 0x39, 0xC5, 0x39,
    0xC5, 0x39, 0xC5, 0x41, 0xE6, 0x41, 0x06, 0x42, 0x06, 0x42, 0x27, 0x4A, 0x47, 0x4A, 0x47, 0x4A,
    0x68, 0x52, 0x68, 0x52, 0x68, 0x52, 0x88, 0x52, 0x88, 0x52, 0x88, 0x52, 0x88, 0x52, 0x89, 0x52,
    0xA9, 0x52, 0xA9, 0x52, 0x89, 0x52, 0x89, 0x52, 0x89, 0x52, 0xA9, 0x52, 0xA9, 0x52, 0xA9, 0x52,
    0x89, 0x52, 0x89, 0x52, 0x89, 0x52, 0x89, 0x52, 0xA9, 0x52, 0xA9, 0x5A, 0xA9, 0x5A, 0xA9, 0x5A,
    0xA9, 0x5A, 0xA9, 0x5A, 0xA9, 0x5A, 0xEA, 0x5A, 0xEA, 0x5A, 0xE9, 0x5A, 0xEA, 0x62, 0x0A, 0x63,
    0x0A, 0x63, 0x0A, 0x63, 0x0A, 0x63, 0x0A, 0x63, 0x0A, 0x63, 0x0A, 0x63, 0xEA, 0x62, 0xEA, 0x62,
    0xEA, 0x62, 0x0B, 0x63, 0x2B, 0x6B, 0x2B, 0x6B, 0x2B, 0x6B, 0x0B, 0x63, 0xCA, 0x5A, 0x89, 0x52,
    0x88, 0x52, 0x68, 0x4A, 0x48, 0x4A, 0xE7, 0x41, 0x85, 0x31, 0x65, 0x31, 0x44, 0x29, 0x24, 0x21,
    0x24, 0x21, 0x24, 0x21, 0x24, 0x21, 0xE3, 0x20, 0xE3, 0x18, 0xE3, 0x18, 0xE3, 0x18, 0xE3, 0x18,
    0xE3, 0x18, 0xE3, 0x18, 0xE3, 0x18, 0xE3, 0x18, 0xC3, 0x18, 0xE3, 0x18, 0x03, 0x21, 0x24, 0x29,
    0x44, 0x29, 0x44, 0x29, 0x24, 0x21, 0xE3, 0x18, 0xC2, 0x18, 0x81, 0x10, 0xE3, 0x18, 0x03, 0x21,
    0x03, 0x21, 0xA2, 0x18, 0xE3, 0x20, 0xE7, 0x39, 0xCA, 0x5A, 0x68, 0x4A, 0xAA, 0x5A, 0x91, 0x94,
    0xD5, 0xBD, 0xD5, 0xBD, 0xD5, 0xBD, 0xD5, 0xBD, 0xD5, 0xBD, 0xD5, 0xBD, 0xB5, 0xB5, 0x94, 0xB5,
    0x94, 0xB5, 0x94, 0xB5, 0x94, 0xB5, 0x94, 0xB5, 0x94, 0xB5, 0x94, 0xB5, 0x94, 0xB5, 0x74, 0xAD,
    0x53, 0xAD, 0x53, 0xAD, 0x53, 0xAD, 0x54, 0xAD, 0x94, 0xB5, 0x94, 0xB5, 0x94, 0xB5, 0x74, 0xB5,
    0xF6, 0xC5, 0xFA, 0xE6, 0x9D, 0xF7, 0xD9, 0xDE, 0x37, 0xCE, 0x98, 0xD6, 0x37, 0xCE, 0x95, 0xBD,
    0x33, 0xAD, 0x33, 0xAD, 0x37, 0xCE, 0x36, 0xC6, 0xF1, 0xA4, 0x4F, 0x8C, 0x0E, 0x84, 0xEE, 0x83,
    0x0E, 0x84, 0x0E, 0x84, 0x0F, 0x84, 0x0E, 0x84, 0x0E, 0x84, 0x0E, 0x84, 0x0E, 0x84, 0x0E, 0x84,
    0x0E, 0x84, 0x0E, 0x84, 0xEE, 0x83, 0x0E, 0x84, 0xEE, 0x83, 0xEE, 0x83, 0xEE, 0x83, 0xEE, 0x83,
    0xEE, 0x83, 0xEE, 0x83, 0xEE, 0x83, 0xEE, 0x7B, 0xCD, 0x7B, 0xCD, 0x7B, 0xAD, 0x7B, 0xAD, 0x7B,
    0x8C, 0x73, 0x8C, 0x73, 0xAC, 0x73, 0xAC, 0x73, 0x8C, 0x73, 0x8C, 0x73, 0x8C, 0x73, 0x6C, 0x73,
    0x6C, 0x73, 0x6C, 0x73, 0x6B, 0x6B, 0x4B, 0x6B, 0x0A, 0x63, 0x2A, 0x63, 0x2A, 0x63, 0x0A, 0x63,
    0x0A, 0x63, 0x0A, 0x63, 0xEA, 0x62, 0xE9, 0x62, 0xC9, 0x62, 0xC9, 0x62, 0xC9, 0x62, 0xC9, 0x62,
    0xC9, 0x62, 0xC9, 0x62, 0xC9, 0x62, 0xC9, 0x62, 0x0A, 0x63, 0x0A, 0x6B, 0x0A, 0x6B, 0x0A, 0x6B,
    0x2A, 0x6B, 0x2B, 0x6B, 0x0A, 0x63, 0xEA, 0x62, 0xA9, 0x5A, 0x68, 0x4A, 0x67, 0x4A, 0x88, 0x52,
    0xA9, 0x5A, 0xEA, 0x62, 0xEA, 0x62, 0xEA, 0x62, 0xEA, 0x62, 0xEA, 0x5A, 0xE9, 0x5A, 0xEA, 0x62,
    0x0A, 0x63, 0x2A, 0x63, 0x2B, 0x63, 0x2B, 0x63, 0x2A, 0x63, 0x0A, 0x63, 0x0A, 0x63, 0x0A, 0x63,
    0x0A, 0x63, 0x2A, 0x63, 0x2A, 0x63, 0x2A, 0x63, 0x2B, 0x63, 0x2A, 0x63, 0x2A, 0x63, 0x2A, 0x63,
    0x0B, 0x63, 0x0B, 0x63, 0x0B, 0x63, 0x0B, 0x63, 0x0B, 0x63, 0x0B, 0x63, 0x0A, 0x63, 0xEA, 0x62,
    0xEA, 0x62, 0xC9, 0x5A, 0xC9, 0x5A, 0xA9, 0x5A, 0xA9, 0x5A, 0xA9, 0x5A, 0x88, 0x52, 0x68, 0x52,
    0x68, 0x52, 0x68, 0x52, 0x47, 0x4A, 0x47, 0x4A, 0x27, 0x4A, 0x27, 0x4A, 0x27, 0x4A, 0xE6, 0x41,
    0xE6, 0x41, 0xE6, 0x41, 0xE6, 0x41, 0x06, 0x4A, 0xE6, 0x49, 0xE6, 0x49, 0xE6, 0x49, 0xC6, 0x41,
    0xA5, 0x39, 0xA5, 0x39, 0xA5, 0x39, 0xA5, 0x39, 0xA5, 0x39, 0x84, 0x39, 0x64, 0x39, 0x64, 0x39,
    0x64, 0x31, 0x64, 0x31, 0x44, 0x31, 0x43, 0x31, 0x43, 0x31, 0x23, 0x31, 0x23, 0x29, 0x23, 0x29,
    0x23, 0x29, 0x23, 0x29, 0x23, 0x29, 0x23, 0x29, 0x23, 0x29, 0x23, 0x29, 0x03, 0x29, 0x23, 0x29,
    0x23, 0x29, 0x23, 0x29, 0x23, 0x29, 0x23, 0x29, 0x23, 0x21, 0x23, 0x21, 0x23, 0x21, 0x23, 0x21,
    0x24, 0x29, 0x24, 0x29, 0x24, 0x21, 0x24, 0x29, 0x24, 0x29, 0x24, 0x21, 0x24, 0x21, 0x24, 0x29,
    0x23, 0x29, 0x23, 0x29, 0x23, 0x21, 0x23, 0x21, 0x23, 0x21, 0x23, 0x29, 0x23, 0x29, 0x23, 0x29,
    0x23, 0x29, 0x23, 0x29, 0x64, 0x31, 0x64, 0x31, 0x64, 0x31, 0x64, 0x31, 0x64, 0x31, 0x64, 0x31,
    0x64, 0x31, 0x84, 0x31, 0x84, 0x31, 0xA5, 0x39, 0xA5, 0x39, 0xA5, 0x39, 0xC5, 0x39, 0xC5, 0x39,
    0xC5, 0x39, 0xE6, 0x41, 0x06, 0x42, 0x06, 0x42, 0x06, 0x4A, 0x27, 0x4A, 0x47, 0x4A, 0x68, 0x52,
    0x68, 0x52, 0x68, 0x52, 0x88, 0x52, 0x88, 0x52, 0x88, 0x52, 0x88, 0x52, 0xA9, 0x52, 0xA9, 0x52,
    0xA9, 0x52, 0xA9, 0x52, 0x89, 0x52, 0x89, 0x52, 0x89, 0x52, 0xA9, 0x52, 0xA9, 0x52, 0xA9, 0x52,
    0x89, 0x52, 0x89, 0x52, 0x89, 0x52, 0x89, 0x52, 0xA9, 0x5A, 0xA9, 0x5A, 0xA9, 0x5A, 0xA9, 0x5A,
    0xC9, 0x5A, 0xA9, 0x5A, 0xA9, 0x5A, 0xEA, 0x62, 0xEA, 0x5A, 0xE9, 0x5A, 0xEA, 0x62, 0x0A, 0x63,
    0x0A, 0x63, 0x0A, 0x63, 0x0A, 0x63, 0x0A, 0x63, 0x0A, 0x63, 0xEA, 0x62, 0xEA, 0x5A, 0xCA, 0x5A,
    0xCA, 0x5A, 0xCA, 0x5A, 0xEA, 0x5A, 0xEA, 0x62, 0xEA, 0x5A, 0xCA, 0x5A, 0xC9, 0x5A, 0xA9, 0x52,
    0x68, 0x4A, 0x68, 0x4A, 0x89, 0x52, 0x68, 0x4A, 0xE7, 0x41, 0x85, 0x31, 0x64, 0x29, 0x44, 0x29,
    0x44, 0x29, 0x44, 0x29, 0x24, 0x21, 0x03, 0x21, 0xE3, 0x18, 0xE3, 0x18, 0xE3, 0x18, 0xE3, 0x20,
    0xE3, 0x18, 0xE3, 0x18, 0xE3, 0x18, 0xE3, 0x18, 0xC2, 0x18, 0xC2, 0x18, 0xE3, 0x18, 0xE3, 0x18,
    0x03, 0x21, 0x03, 0x21, 0xE3, 0x20, 0xE3, 0x18, 0xC2, 0x18, 0xA1, 0x10, 0x81, 0x10, 0x81, 0x10,
    0x81, 0x10, 0xA2, 0x18, 0xA2, 0x18, 0x24, 0x21, 0xC6, 0x39, 0x27, 0x42, 0xE7, 0x39, 0xEB, 0x62,
    0xD5, 0xBD, 0xD5, 0xBD, 0xB5, 0xB5, 0xB5, 0xB5, 0xB5, 0xB5, 0xB5, 0xB5, 0x95, 0xB5, 0x94, 0xB5,
    0x94, 0xB5, 0x94, 0xB5, 0x94, 0xB5, 0x74, 0xAD, 0x74, 0xAD, 0x74, 0xAD, 0x74, 0xAD, 0x54, 0xAD,
    0x54, 0xAD, 0x74, 0xAD, 0x94, 0xB5, 0x95, 0xB5, 0xB5, 0xB5, 0x94, 0xB5, 0x94, 0xB5, 0xD6, 0xBD,
    0xD9, 0xDE, 0xBD, 0xFF, 0xFA, 0xE6, 0xB5, 0xBD, 0x98, 0xD6, 0x78, 0xD6, 0xD5, 0xBD, 0x74, 0xB5,
    0x33, 0xAD, 0x12, 0xA5, 0x94, 0xB5, 0x74, 0xB5, 0x90, 0x94, 0x4F, 0x8C, 0x4F, 0x8C, 0x2F, 0x84,
    0x0E, 0x84, 0x0F, 0x84, 0x0F, 0x84, 0x0E, 0x84, 0x0E, 0x84, 0x0E, 0x84, 0x0E, 0x84, 0x0E, 0x84,
    0x0E, 0x84, 0x0E, 0x84, 0xEE, 0x83, 0x0E, 0x84, 0x0E, 0x84, 0x0E, 0x84, 0xEE, 0x83, 0xEE, 0x83,
    0xEE, 0x83, 0xEE, 0x83, 0xEE, 0x7B, 0xCD, 0x7B, 0xCD, 0x7B, 0xCD, 0x7B, 0xAD, 0x7B, 0xAC, 0x73,
    0x8C, 0x73, 0x8C, 0x73, 0x8C, 0x73, 0x8C, 0x73, 0x8C, 0x73, 0x8C, 0x73, 0x6C, 0x73, 0x6C, 0x73,
    0x6C, 0x73, 0x6C, 0x73, 0x6B, 0x6B, 0x2B, 0x6B, 0x0A, 0x63, 0x2A, 0x63, 0x2A, 0x63, 0x0A, 0x63,
    0x0A, 0x63, 0xEA, 0x62, 0xEA, 0x62, 0xE9, 0x62, 0xC9, 0x62, 0xC9, 0x62, 0xC9, 0x5A, 0xC9, 0x5A,
    0xE9, 0x62, 0xEA, 0x62, 0xEA, 0x62, 0x0A, 0x63, 0x0A, 0x6B, 0x2A, 0x6B, 0x0A, 0x6B, 0x0A, 0x63,
    0x0A, 0x63, 0x2A, 0x63, 0x0A, 0x63, 0xEA, 0x62, 0xE9, 0x5A, 0xE9, 0x5A, 0xA9, 0x5A, 0xA9, 0x5A,
    0xEA, 0x62, 0xEA, 0x62, 0xEA, 0x62, 0xEA, 0x62, 0xEA, 0x5A, 0xC9, 0x5A, 0xC9, 0x5A, 0xEA, 0x62,
    0x0A, 0x63, 0x2A, 0x63, 0x2B, 0x63, 0x2B, 0x63, 0x0A, 0x63, 0x0A, 0x63, 0xEA, 0x62, 0x0A, 0x63,
    0x0A, 0x63, 0x0A, 0x63, 0x0A, 0x63, 0x0B, 0x63, 0x0B, 0x63, 0x2B, 0x63, 0x2B, 0x63, 0x2B, 0x63,
    0x0B, 0x63, 0x0B, 0x63, 0x0B, 0x63, 0x2B, 0x63, 0x2B, 0x63, 0x0A, 0x63, 0x0A, 0x63, 0x0A, 0x63,
    0xEA, 0x62, 0xCA, 0x5A, 0xC9, 0x5A, 0xA9, 0x5A, 0xA9, 0x5A, 0xA9, 0x5A, 0xA9, 0x5A, 0x88, 0x52,
    0x68, 0x52, 0x68, 0x52, 0x68, 0x52, 0x47, 0x52, 0x47, 0x4A, 0x47, 0x4A, 0x27, 0x4A, 0x06, 0x4A,
    0x06, 0x42, 0x06, 0x4A, 0x06, 0x4A, 0x06, 0x4A, 0xE6, 0x49, 0xE6, 0x49, 0xE6, 0x41, 0xE6, 0x41,
    0xA5, 0x39, 0xA5, 0x39, 0xA5, 0x39, 0xA5, 0x39, 0xA5, 0x39, 0x84, 0x39, 0x64, 0x39, 0x64, 0x39,
    0x64, 0x31, 0x64, 0x31, 0x44, 0x31, 0x44, 0x31, 0x44, 0x31, 0x44, 0x31, 0x44, 0x31, 0x44, 0x31,
    0x44, 0x31, 0x44, 0x31, 0x43, 0x29, 0x44, 0x29, 0x24, 0x29, 0x24, 0x29, 0x23, 0x29, 0x23, 0x29,
    0x23, 0x29, 0x23, 0x29, 0x24, 0x29, 0x23, 0x29, 0x23, 0x29, 0x23, 0x29, 0x23, 0x29, 0x23, 0x29,
    0x24, 0x29, 0x24, 0x29, 0x24, 0x29, 0x44, 0x29, 0x44, 0x29, 0x24, 0x29, 0x24, 0x29, 0x23, 0x29,
    0x23, 0x29, 0x23, 0x21, 0x23, 0x21, 0x23, 0x29, 0x23, 0x29, 0x23, 0x29, 0x23, 0x29, 0x03, 0x29,
    0x03, 0x29, 0x43, 0x29, 0x64, 0x31, 0x64, 0x31, 0x64, 0x31, 0x64, 0x31, 0x64, 0x31, 0x64, 0x31,
    0x84, 0x31, 0x84, 0x31, 0xA5, 0x39, 0xA5, 0x39, 0xA5, 0x39, 0xA5, 0x39, 0xC5, 0x39, 0xC5, 0x39,
    0xE6, 0x41, 0xE6, 0x41, 0x06, 0x42, 0x27, 0x4A, 0x06, 0x42, 0x27, 0x4A, 0x67, 0x4A, 0x68, 0x52,
    0x88, 0x52, 0x88, 0x52, 0x88, 0x52, 0x88, 0x52, 0x88, 0x52, 0xA8, 0x52, 0xA9, 0x52, 0xA9, 0x52,
    0xA9, 0x52, 0xA9, 0x52, 0x89, 0x52, 0x89, 0x52, 0x89, 0x52, 0xA9, 0x52, 0xA9, 0x52, 0xA9, 0x52,
    0x89, 0x52, 0x89, 0x52, 0xA9, 0x52, 0xA9, 0x52, 0xA9, 0x5A, 0xA9, 0x5A, 0xA9, 0x5A, 0xA9, 0x5A,
    0xC9, 0x5A, 0xC9, 0x5A, 0xC9, 0x5A, 0xEA, 0x5A, 0xEA, 0x5A, 0xEA, 0x62, 0x0A, 0x63, 0x0A, 0x63,
    0x0A, 0x63, 0x0A, 0x63, 0x0A, 0x63, 0x0A, 0x63, 0x0A, 0x63, 0x0A, 0x63, 0xEA, 0x5A, 0xA9, 0x5A,
    0xA9, 0x52, 0xA9, 0x5A, 0xA9, 0x52, 0xA9, 0x52, 0xA9, 0x52, 0xA9, 0x52, 0xA9, 0x52, 0xA9, 0x52,
    0x89, 0x52, 0x68, 0x4A, 0x48, 0x4A, 0x28, 0x4A, 0x07, 0x42, 0xA5, 0x31, 0x85, 0x31, 0x64, 0x29,
    0x44, 0x29, 0x44, 0x29, 0x44, 0x29, 0x24, 0x29, 0x03, 0x21, 0xE3, 0x20, 0xE3, 0x20, 0xE3, 0x20,
    0xE3, 0x18, 0xE3, 0x18, 0xE3, 0x18, 0xE3, 0x18, 0xC2, 0x18, 0xC2, 0x18, 0xC2, 0x18, 0xC2, 0x18,
    0xE3, 0x18, 0xE3, 0x18, 0xE3, 0x18, 0xE3, 0x18, 0xC2, 0x18, 0xC2, 0x18, 0x61, 0x08, 0x40, 0x08,
    0x60, 0x08, 0x61, 0x08, 0x61, 0x10, 0x61, 0x10, 0x81, 0x10, 0x44, 0x29, 0xA5, 0x31, 0x27, 0x42,
    0xD5, 0xBD, 0xB5, 0xB5, 0x94, 0xB5, 0x94, 0xB5, 0x94, 0xB5, 0x74, 0xAD, 0x74, 0xAD, 0x74, 0xAD,
    0x74, 0xAD, 0x74, 0xAD, 0x74, 0xAD, 0x54, 0xAD, 0x54, 0xAD, 0x54, 0xAD, 0x74, 0xAD, 0x94, 0xB5,
    0xB5, 0xB5, 0xD5, 0xBD, 0xF6, 0xBD, 0xF6, 0xBD, 0x95, 0xB5, 0x95, 0xB5, 0x16, 0xC6, 0x1A, 0xE7,
    0x9C, 0xF7, 0xBD, 0xFF, 0x57, 0xCE, 0x74, 0xB5, 0x78, 0xD6, 0xF6, 0xC5, 0x53, 0xAD, 0x53, 0xAD,
    0x12, 0xA5, 0x33, 0xAD, 0x53, 0xAD, 0xD1, 0x9C, 0x4F, 0x8C, 0x4F, 0x8C, 0x4F, 0x8C, 0x4F, 0x8C,
    0x2F, 0x8C, 0x2F, 0x8C, 0x0F, 0x84, 0x0F, 0x84, 0x0F, 0x84, 0x0F, 0x84, 0x0F, 0x84, 0x0F, 0x84,
    0x0E, 0x84, 0xEE, 0x83, 0xEE, 0x83, 0x0E, 0x84, 0x0E, 0x84, 0xEE, 0x83, 0xEE, 0x83, 0xEE, 0x83,
    0xEE, 0x83, 0xEE, 0x83, 0xCD, 0x7B, 0xCD, 0x7B, 0xCD, 0x7B, 0xAD, 0x7B, 0xAD, 0x7B, 0xAD, 0x7B,
    0x8C, 0x73, 0x8C, 0x73, 0x8C, 0x73, 0x8C, 0x73, 0x6C, 0x73, 0x6C, 0x73, 0x6C, 0x73, 0x6C, 0x73,
    0x6C, 0x73, 0x6C, 0x73, 0x6B, 0x6B, 0x2B, 0x6B, 0x0A, 0x63, 0x0A, 0x6B, 0x0A, 0x6B, 0x0A, 0x6B,
    0x0A, 0x63, 0xEA, 0x62, 0xE9, 0x62, 0xE9, 0x62, 0xE9, 0x62, 0xC9, 0x62, 0xC9, 0x62, 0xC9, 0x62,
    0x0A, 0x6B, 0x0A, 0x6B, 0x2A, 0x6B, 0x2A, 0x6B, 0x2A, 0x6B, 0x0A, 0x6B, 0x0A, 0x6B, 0x0A, 0x63,
    0x0A, 0x63, 0x0A, 0x63, 0x0A, 0x63, 0xEA, 0x62, 0xEA, 0x62, 0x0A, 0x63, 0x0A, 0x63, 0x0A, 0x63,
    0xEA, 0x62, 0xEA, 0x62, 0xEA, 0x62, 0xEA, 0x62, 0xEA, 0x5A, 0xC9, 0x5A, 0xC9, 0x5A, 0xC9, 0x5A,
    0xEA, 0x5A, 0xEA, 0x62, 0xEA, 0x62, 0x0A, 0x63, 0xEA, 0x62, 0xEA, 0x62, 0xEA, 0x62, 0xEA, 0x62,
    0xEA, 0x62, 0xEA, 0x62, 0x0A, 0x63, 0x0A, 0x63, 0x0A, 0x63, 0x2B, 0x63, 0x2B, 0x63, 0x2B, 0x63,
    0x2B, 0x63, 0x2B, 0x63, 0x2B, 0x63, 0x2B, 0x6B, 0x2B, 0x63, 0x2A, 0x63, 0x0A, 0x63, 0x0A, 0x63,
    0x0A, 0x63, 0xEA, 0x62, 0xEA, 0x5A, 0xCA, 0x5A, 0xCA, 0x5A, 0xC9, 0x5A, 0xA9, 0x5A, 0x88, 0x5A,
    0x88, 0x52, 0x88, 0x52, 0x68, 0x52, 0x68, 0x52, 0x68, 0x52, 0x47, 0x52, 0x47, 0x4A, 0x47, 0x52,
    0x07, 0x4A, 0x06, 0x4A, 0x06, 0x4A, 0x06, 0x4A, 0x06, 0x4A, 0xE6, 0x49, 0xE6, 0x41, 0xE6, 0x41,
    0xC5, 0x41, 0xA5, 0x39, 0xA5, 0x39, 0xA5, 0x39, 0xA5, 0x39, 0xA5, 0x39, 0x84, 0x39, 0x84, 0x31,
    0x84, 0x31, 0x64, 0x31, 0x64, 0x31, 0x64, 0x31, 0x64, 0x31, 0x64, 0x31, 0x64, 0x31, 0x64, 0x31,
    0x64, 0x31, 0x64, 0x31, 0x64, 0x31, 0x44, 0x31, 0x44, 0x29, 0x44, 0x29, 0x44, 0x29, 0x44, 0x29,
    0x44, 0x29, 0x44, 0x29, 0x43, 0x29, 0x23, 0x29, 0x23, 0x21, 0x23, 0x21, 0x23, 0x29, 0x44, 0x29,
    0x44, 0x29, 0x44, 0x29, 0x44, 0x29, 0x44, 0x29, 0x44, 0x29, 0x44, 0x29, 0x44, 0x29, 0x43, 0x29,
    0x23, 0x29, 0x23, 0x29, 0x23, 0x29, 0x43, 0x29, 0x44, 0x29, 0x44, 0x29, 0x43, 0x29, 0x43, 0x29,
    0x43, 0x29, 0x43, 0x31, 0x64, 0x31, 0x64, 0x31, 0x64, 0x31, 0x64, 0x31, 0x84, 0x31, 0x84, 0x31,
    0xA5, 0x39, 0xA5, 0x39, 0xA5, 0x39, 0xA5, 0x39, 0xA5, 0x39, 0xC5, 0x39, 0xE6, 0x41, 0xE6, 0x41,
    0x06, 0x42, 0x06, 0x42, 0x27, 0x4A, 0x47, 0x4A, 0x27, 0x42, 0x47, 0x4A, 0x68, 0x52, 0x88, 0x52,
    0x68, 0x52, 0x88, 0x52, 0x88, 0x52, 0x88, 0x52, 0x88, 0x52, 0xA9, 0x52, 0xA9, 0x52, 0xA9, 0x52,
    0xA9, 0x52, 0x89, 0x52, 0x89, 0x52, 0x88, 0x52, 0x89, 0x52, 0x89, 0x52, 0x89, 0x52, 0x89, 0x52,
    0x89, 0x52, 0xA9, 0x52, 0xA9, 0x52, 0xA9, 0x52, 0xA9, 0x5A, 0xA9, 0x5A, 0xC9, 0x5A, 0xC9, 0x5A,
    0xC9, 0x5A, 0xC9, 0x5A, 0xC9, 0x5A, 0xC9, 0x5A, 0xEA, 0x5A, 0xEA, 0x62, 0x0A, 0x63, 0x2A, 0x63,
    0x2B, 0x63, 0x2B, 0x6B, 0x2B, 0x6B, 0x2B, 0x6B, 0x0A, 0x63, 0x0A, 0x63, 0xEA, 0x62, 0xC9, 0x5A,
    0x88, 0x52, 0x88, 0x52, 0x68, 0x4A, 0x47, 0x4A, 0x28, 0x4A, 0x28, 0x4A, 0x48, 0x4A, 0x48, 0x4A,
    0x27, 0x42, 0x07, 0x42, 0x07, 0x42, 0xE6, 0x39, 0xA6, 0x39, 0xA5, 0x31, 0xA5, 0x39, 0x85, 0x31,
    0x44, 0x29, 0x44, 0x29, 0x44, 0x29, 0x65, 0x29, 0x44, 0x29, 0x24, 0x21, 0x03, 0x21, 0xE3, 0x20,
    0xE3, 0x20, 0xE3, 0x20, 0xE3, 0x18, 0xE3, 0x18, 0xC2, 0x18, 0xC2, 0x18, 0xC2, 0x18, 0xC2, 0x18,
    0xC2, 0x18, 0xC3, 0x18, 0xC3, 0x18, 0xE3, 0x18, 0xC3, 0x18, 0xE3, 0x18, 0xA2, 0x10, 0x60, 0x08,
    0x40, 0x08, 0x40, 0x08, 0x40, 0x08, 0x40, 0x08, 0x40, 0x08, 0x61, 0x08, 0x81, 0x10, 0x24, 0x29,
    0xD5, 0xBD, 0xB5, 0xB5, 0x94, 0xB5, 0x74, 0xAD, 0x74, 0xB5, 0x74, 0xAD, 0x74, 0xAD, 0x74, 0xAD,
    0x54, 0xAD, 0x53, 0xAD, 0x53, 0xAD, 0x94, 0xB5, 0x94, 0xB5, 0x94, 0xB5, 0xD5, 0xBD, 0xD5, 0xBD,
    0xD5, 0xBD, 0xD5, 0xBD, 0xD5, 0xBD, 0xD5, 0xBD, 0xB5, 0xBD, 0x37, 0xC6, 0x1A, 0xE7, 0xBD, 0xF7,
    0xBD, 0xF7, 0x7C, 0xF7, 0x16, 0xC6, 0xF6, 0xC5, 0x16, 0xC6, 0x94, 0xB5, 0x33, 0xA5, 0xF2, 0xA4,
    0x12, 0xA5, 0x94, 0xB5, 0x53, 0xAD, 0x90, 0x94, 0x4F, 0x8C, 0x4F, 0x8C, 0x4F, 0x8C, 0x4F, 0x8C,
    0x2F, 0x8C, 0x2F, 0x8C, 0x0F, 0x84, 0x0F, 0x84, 0x0F, 0x84, 0x0F, 0x84, 0x0F, 0x84, 0x0F, 0x84,
    0x0E, 0x84, 0xEE, 0x83, 0xEE, 0x83, 0xEE, 0x83, 0xEE, 0x83, 0xED, 0x7B, 0xED, 0x7B, 0xCD, 0x7B,
    0xCD, 0x7B, 0xEE, 0x7B, 0xCD, 0x7B, 0xCD, 0x7B, 0xAD, 0x7B, 0xAD, 0x7B, 0xAD, 0x7B, 0xAD, 0x7B,
    0x8C, 0x73, 0x8C, 0x73, 0x8C, 0x73, 0x8C, 0x73, 0x6C, 0x73, 0x6C, 0x73, 0x6C, 0x73, 0x6C, 0x73,
    0x6C, 0x73, 0x6C, 0x73, 0x6B, 0x6B, 0x2B, 0x6B, 0x0A, 0x63, 0x0A, 0x6B, 0x0A, 0x6B, 0x0A, 0x6B,
    0x0A, 0x63, 0xEA, 0x62, 0xE9, 0x62, 0xE9, 0x62, 0xEA, 0x62, 0x0A, 0x6B, 0x0A, 0x6B, 0x0A, 0x6B,
    0x0A, 0x6B, 0x0A, 0x6B, 0x0A, 0x6B, 0x0A, 0x6B, 0x2A, 0x6B, 0x2A, 0x63, 0x2A, 0x63, 0x0A, 0x63,
    0x0A, 0x63, 0x0A, 0x63, 0x0A, 0x63, 0xEA, 0x62, 0xEA, 0x62, 0x0A, 0x63, 0x0A, 0x63, 0x0A, 0x63,
    0xEA, 0x62, 0xEA, 0x62, 0xEA, 0x62, 0xEA, 0x62, 0xEA, 0x5A, 0xC9, 0x5A, 0xC9, 0x5A, 0xEA, 0x5A,
    0xC9, 0x5A, 0xC9, 0x5A, 0xC9, 0x5A, 0xE9, 0x5A, 0xE9, 0x5A, 0xEA, 0x5A, 0xEA, 0x62, 0xEA, 0x62,
    0xEA, 0x62, 0xEA, 0x62, 0x0A, 0x63, 0x0A, 0x63, 0x0A, 0x63, 0x2B, 0x63, 0x2B, 0x63, 0x2B, 0x63,
    0x2B, 0x63, 0x2B, 0x63, 0x2B, 0x63, 0x2B, 0x6B, 0x2B, 0x6B, 0x2B, 0x6B, 0x2B, 0x63, 0x2B, 0x63,
    0x2B, 0x63, 0x0A, 0x63, 0xEA, 0x62, 0xEA, 0x62, 0xEA, 0x5A, 0xCA, 0x5A, 0xC9, 0x5A, 0xA9, 0x5A,
    0xA9, 0x5A, 0x88, 0x52, 0x68, 0x52, 0x68, 0x52, 0x68, 0x52, 0x68, 0x52, 0x47, 0x52, 0x48, 0x52,
    0x47, 0x52, 0x27, 0x4A, 0x27, 0x4A, 0x06, 0x4A, 0x06, 0x4A, 0x06, 0x4A, 0x06, 0x4A, 0xE6, 0x41,
    0xE6, 0x41, 0xC5, 0x39, 0xC5, 0x39, 0xC5, 0x39, 0xA5, 0x39, 0xA5, 0x39, 0x84, 0x39, 0x84, 0x31,
    0x84, 0x39, 0x84, 0x39, 0x64, 0x31, 0x84, 0x39, 0x84, 0x39, 0x84, 0x39, 0x84, 0x31, 0x84, 0x31,
    0x84, 0x31, 0x84, 0x31, 0x64, 0x31, 0x64, 0x31, 0x64, 0x31, 0x64, 0x31, 0x64, 0x31, 0x44, 0x29,
    0x44, 0x29, 0x44, 0x29, 0x44, 0x29, 0x43, 0x29, 0x43, 0x29, 0x43, 0x29, 0x43, 0x29, 0x44, 0x29,
    0x44, 0x29, 0x44, 0x29, 0x44, 0x29, 0x44, 0x29, 0x64, 0x29, 0x64, 0x29, 0x64, 0x31, 0x44, 0x29,
    0x43, 0x29, 0x43, 0x29, 0x43, 0x29, 0x64, 0x31, 0x64, 0x31, 0x64, 0x31, 0x64, 0x31, 0x64, 0x31,
    0x64, 0x31, 0x64, 0x31, 0x64, 0x31, 0x64, 0x31, 0x64, 0x31, 0x64, 0x31, 0x84, 0x31, 0xA4, 0x39,
    0xA5, 0x39, 0xC5, 0x39, 0xC5, 0x39, 0xA5, 0x39, 0xC5, 0x39, 0xE6, 0x41, 0x06, 0x42, 0x06, 0x42,
    0x27, 0x4A, 0x27, 0x4A, 0x47, 0x4A, 0x67, 0x4A, 0x47, 0x4A, 0x68, 0x4A, 0x88, 0x52, 0x88, 0x52,
    0x88, 0x52, 0x88, 0x52, 0x88, 0x52, 0xA9, 0x52, 0xA9, 0x52, 0xA9, 0x52, 0xA9, 0x52, 0xA9, 0x52,
    0xA9, 0x52, 0x89, 0x52, 0xA9, 0x52, 0x89, 0x52, 0x89, 0x52, 0x89, 0x52, 0x89, 0x52, 0x89, 0x52,
    0x89, 0x52, 0xA9, 0x52, 0xA9, 0x52, 0xA9, 0x52, 0xA9, 0x5A, 0xC9, 0x5A, 0xC9, 0x5A, 0xC9, 0x5A,
    0xC9, 0x5A, 0xC9, 0x5A, 0xC9, 0x5A, 0xC9, 0x5A, 0xEA, 0x5A, 0xEA, 0x62, 0x0A, 0x63, 0x2A, 0x63,
    0x2A, 0x63, 0x2B, 0x6B, 0x2B, 0x6B, 0x2B, 0x6B, 0x2B, 0x63, 0x0A, 0x63, 0x0A, 0x63, 0xCA, 0x5A,
    0x88, 0x52, 0x68, 0x52, 0x68, 0x4A, 0x68, 0x4A, 0x27, 0x42, 0x07, 0x42, 0x07, 0x42, 0x07, 0x42,
    0xC6, 0x39, 0xC6, 0x39, 0xE7, 0x39, 0xC6, 0x39, 0xA5, 0x31, 0xA5, 0x31, 0xA5, 0x31, 0x65, 0x31,
    0x44, 0x29, 0x44, 0x29, 0x44, 0x29, 0x44, 0x29, 0x24, 0x29, 0x44, 0x29, 0x24, 0x21, 0x03, 0x21,
    0xE3, 0x20, 0xE3, 0x20, 0xE3, 0x18, 0xE3, 0x18, 0xC2, 0x18, 0xC2, 0x18, 0xC2, 0x18, 0xC2, 0x18,
    0xC2, 0x18, 0xC3, 0x18, 0xC3, 0x18, 0xE3, 0x18, 0xE3, 0x18, 0xE3, 0x18, 0xC2, 0x18, 0x61, 0x08,
    0x60, 0x08, 0x40, 0x08, 0x40, 0x08, 0x60, 0x08, 0x61, 0x10, 0x61, 0x10, 0x60, 0x08, 0xA1, 0x10,
    0xB5, 0xB5, 0x94, 0xB5, 0x74, 0xB5, 0x74, 0xAD, 0x74, 0xAD, 0x54, 0xAD, 0x53, 0xAD, 0x54, 0xAD,
    0x74, 0xAD, 0x94, 0xB5, 0x94, 0xB5, 0xB5, 0xBD, 0xB5, 0xBD, 0xB5, 0xBD, 0xD5, 0xBD, 0xD5, 0xBD,
    0xD5, 0xBD, 0xD5, 0xBD, 0x94, 0xB5, 0xB5, 0xB5, 0x37, 0xCE, 0x1A, 0xE7, 0x3B, 0xEF, 0x7C, 0xF7,
    0xBD, 0xFF, 0x99, 0xDE, 0xD5, 0xC5, 0x37, 0xCE, 0xB5, 0xBD, 0x33, 0xAD, 0xD1, 0x9C, 0xD1, 0x9C,
    0x74, 0xB5, 0x94, 0xB5, 0xF2, 0xA4, 0x90, 0x94, 0x4F, 0x8C, 0x4F, 0x8C, 0x2F, 0x8C, 0x2F, 0x8C,
    0x2F, 0x8C, 0x2F, 0x84, 0x0F, 0x84, 0x0E, 0x84, 0x0E, 0x84, 0x0E, 0x84, 0x0E, 0x84, 0x0E, 0x84,
    0xEE, 0x83, 0xEE, 0x83, 0xEE, 0x83, 0xCD, 0x7B, 0xCD, 0x7B, 0xCD, 0x7B, 0xCD, 0x7B, 0xAD, 0x7B,
    0xCD, 0x7B, 0xCD, 0x7B, 0xCD, 0x7B, 0xAD, 0x7B, 0xAD, 0x7B, 0xAD, 0x73, 0xAD, 0x73, 0xAC, 0x73,
    0x8C, 0x73, 0x8C, 0x73, 0x6C, 0x73, 0x6C, 0x73, 0x6C, 0x73, 0x6C, 0x73, 0x6C, 0x73, 0x6C, 0x73,
    0x6C, 0x73, 0x6B, 0x6B, 0x4B, 0x6B, 0x2B, 0x6B, 0x2A, 0x63, 0x0A, 0x6B, 0x0A, 0x6B, 0x0A, 0x6B,
    0x0A, 0x6B, 0x0A, 0x63, 0xEA, 0x62, 0xEA, 0x6A, 0x0A, 0x6B, 0x2A, 0x6B, 0x2A, 0x6B, 0x2B, 0x6B,
    0x0A, 0x6B, 0x0A, 0x6B, 0x2A, 0x6B, 0x2A, 0x6B, 0x2A, 0x6B, 0x0A, 0x63, 0x0A, 0x63, 0x0A, 0x63,
    0xEA, 0x62, 0x0A, 0x63, 0x0A, 0x63, 0x0A, 0x63, 0x0A, 0x63, 0x0A, 0x63, 0x0A, 0x63, 0x0A, 0x63,
    0xEA, 0x62, 0xEA, 0x62, 0xEA, 0x62, 0xEA, 0x62, 0xEA, 0x62, 0xEA, 0x5A, 0xEA, 0x5A, 0x0A, 0x63,
    0xEA, 0x62, 0xEA, 0x5A, 0xEA, 0x5A, 0xEA, 0x5A, 0xC9, 0x5A, 0xC9, 0x5A, 0xC9, 0x5A, 0xEA, 0x5A,
    0xEA, 0x5A, 0xEA, 0x62, 0xEA, 0x62, 0x0A, 0x63, 0x0A, 0x63, 0x0B, 0x63, 0x0B, 0x63, 0x0B, 0x63,
    0x0B, 0x63, 0x2B, 0x63, 0x2B, 0x63, 0x2B, 0x6B, 0x2B, 0x6B, 0x2B, 0x6B, 0x2B, 0x6B, 0x2B, 0x6B,
    0x2B, 0x6B, 0x2B, 0x63, 0x0B, 0x63, 0x0A, 0x63, 0x0A, 0x63, 0x0A, 0x63, 0xEA, 0x62, 0xC9, 0x5A,
    0xA9, 0x5A, 0x88, 0x52, 0x88, 0x52, 0x88, 0x52, 0x88, 0x52, 0x68, 0x52, 0x68, 0x52, 0x68, 0x52,
    0x68, 0x52, 0x47, 0x4A, 0x27, 0x4A, 0x27, 0x4A, 0x06, 0x4A, 0x06, 0x4A, 0x06, 0x4A, 0x06, 0x4A,
    0xE6, 0x41, 0xE6, 0x41, 0xE6, 0x41, 0xC5, 0x39, 0xC5, 0x39, 0xA5, 0x39, 0xA5, 0x39, 0xA5, 0x39,
    0xA5, 0x39, 0xA5, 0x39, 0xA5, 0x39, 0xA5, 0x39, 0xA5, 0x39, 0xA5, 0x39, 0xA5, 0x39, 0x84, 0x39,
    0x85, 0x39, 0x85, 0x39, 0x84, 0x31, 0x64, 0x31, 0x64, 0x31, 0x64, 0x31, 0x64, 0x31, 0x64, 0x29,
    0x64, 0x29, 0x64, 0x29, 0x64, 0x29, 0x64, 0x29, 0x63, 0x29, 0x63, 0x29, 0x64, 0x29, 0x64, 0x29,
    0x64, 0x29, 0x64, 0x29, 0x64, 0x29, 0x64, 0x31, 0x64, 0x31, 0x64, 0x31, 0x64, 0x31, 0x64, 0x31,
    0x64, 0x31, 0x64, 0x31, 0x64, 0x31, 0x84, 0x31, 0x84, 0x31, 0x64, 0x31, 0x64, 0x31, 0x64, 0x31,
    0x64, 0x31, 0x84, 0x31, 0x84, 0x31, 0x64, 0x31, 0x64, 0x31, 0x84, 0x31, 0xA4, 0x39, 0xA5, 0x39,
    0xC5, 0x39, 0xC5, 0x39, 0xC5, 0x39, 0xC5, 0x39, 0xE5, 0x41, 0xE6, 0x41, 0x06, 0x42, 0x06, 0x4A,
    0x27, 0x4A, 0x47, 0x4A, 0x47, 0x4A, 0x47, 0x4A, 0x67, 0x4A, 0x88, 0x52, 0x88, 0x52, 0x88, 0x52,
    0xA8, 0x52, 0x88, 0x52, 0x88, 0x52, 0xA9, 0x5A, 0xA9, 0x5A, 0xA9, 0x5A, 0xA9, 0x5A, 0xA9, 0x52,
    0xA9, 0x52, 0xA9, 0x52, 0xA9, 0x52, 0xA9, 0x52, 0xA9, 0x52, 0xA9, 0x52, 0xA9, 0x52, 0xA9, 0x52,
    0xA9, 0x52, 0xA9, 0x52, 0xA9, 0x52, 0xA8, 0x52, 0xA9, 0x5A, 0xA9, 0x5A, 0xC9, 0x5A, 0xC9, 0x5A,
    0xC9, 0x5A, 0xE9, 0x5A, 0xEA, 0x62, 0xC9, 0x5A, 0xEA, 0x5A, 0xEA, 0x62, 0x2B, 0x63, 0x2B, 0x6B,
    0x4B, 0x6B, 0x4B, 0x6B, 0x2B, 0x6B, 0x2B, 0x6B, 0x4B, 0x6B, 0x2A, 0x63, 0xEA, 0x62, 0xEA, 0x5A,
    0xC9, 0x5A, 0xA9, 0x5A, 0x88, 0x52, 0x47, 0x4A, 0x27, 0x42, 0x27, 0x42, 0x27, 0x42, 0x07, 0x42,
    0xE6, 0x39, 0xE6, 0x39, 0xC6, 0x39, 0xA6, 0x31, 0xA5, 0x31, 0xA6, 0x31, 0xC6, 0x39, 0x85, 0x31,
    0x44, 0x29, 0x24, 0x29, 0x24, 0x21, 0x24, 0x21, 0x24, 0x21, 0x24, 0x29, 0x24, 0x29, 0x03, 0x21,
    0xE3, 0x20, 0xE3, 0x20, 0xE3, 0x20, 0xE3, 0x20, 0xE3, 0x18, 0xC2, 0x18, 0xC2, 0x18, 0xC2, 0x18,
    0xC2, 0x18, 0xC3, 0x18, 0xE3, 0x18, 0xE3, 0x18, 0xE3, 0x18, 0xE3, 0x18, 0xE3, 0x18, 0xA2, 0x10,
    0x40, 0x08, 0x40, 0x08, 0x61, 0x08, 0x60, 0x08, 0x40, 0x08, 0x60, 0x08, 0x81, 0x10, 0xA1, 0x10,
    0x94, 0xB5, 0x74, 0xAD, 0x74, 0xAD, 0x54, 0xAD, 0x53, 0xAD, 0x74, 0xAD, 0x94, 0xB5, 0x94, 0xB5,
    0xB5, 0xB5, 0xD5, 0xBD, 0xF6, 0xBD, 0xF6, 0xBD, 0xF6, 0xBD, 0xF6, 0xBD, 0xD5, 0xBD, 0xD5, 0xBD,
    0xD5, 0xBD, 0xB5, 0xB5, 0x95, 0xB5, 0x37, 0xC6, 0x1A, 0xE7, 0x7C, 0xF7, 0x3B, 0xEF, 0x5C, 0xF7,
    0xD9, 0xDE, 0x53, 0xAD, 0x74, 0xB5, 0x57, 0xD6, 0x94, 0xB5, 0xF2, 0xA4, 0xD1, 0x9C, 0x12, 0xA5,
    0x94, 0xB5, 0x73, 0xAD, 0xD1, 0x9C, 0x70, 0x94, 0x4F, 0x8C, 0x4F, 0x8C, 0x2F, 0x8C, 0x2F, 0x8C,
    0x2F, 0x8C, 0x2F, 0x84, 0x0F, 0x84, 0x0E, 0x84, 0x0E, 0x84, 0x0E, 0x84, 0x0E, 0x84, 0x0E, 0x84,
    0xEE, 0x83, 0xEE, 0x83, 0xCE, 0x7B, 0xCD, 0x7B, 0xCD, 0x7B, 0xCD, 0x7B, 0xAD, 0x7B, 0xAD, 0x7B,
    0xAD, 0x7B, 0xAD, 0x7B, 0xAD, 0x7B, 0xAD, 0x73, 0x8C, 0x73, 0x8C, 0x73, 0x8C, 0x73, 0x8C, 0x73,
    0x8C, 0x73, 0x8C, 0x73, 0x6C, 0x73, 0x6C, 0x73, 0x6C, 0x73, 0x6C, 0x73, 0x6C, 0x73, 0x6C, 0x73,
    0x6C, 0x6B, 0x4B, 0x6B, 0x4B, 0x6B, 0x2B, 0x6B, 0x2A, 0x63, 0x0A, 0x6B, 0x0A, 0x63, 0x0A, 0x63,
    0x0A, 0x6B, 0x2A, 0x6B, 0x0A, 0x6B, 0x0A, 0x6B, 0x2A, 0x6B, 0x2A, 0x6B, 0x2A, 0x6B, 0x2A, 0x6B,
    0x0A, 0x6B, 0x0A, 0x6B, 0x2A, 0x6B, 0x2B, 0x6B, 0x0A, 0x6B, 0x0A, 0x63, 0xEA, 0x62, 0xC9, 0x62,
    0xE9, 0x62, 0x0A, 0x63, 0x0A, 0x63, 0x0A, 0x63, 0x0A, 0x63, 0x0A, 0x63, 0xEA, 0x62, 0xEA, 0x62,
    0xEA, 0x62, 0xEA, 0x62, 0xEA, 0x62, 0xEA, 0x62, 0xEA, 0x62, 0xEA, 0x5A, 0xE9, 0x5A, 0xE9, 0x5A,
    0xC9, 0x5A, 0xC9, 0x5A, 0xC9, 0x5A, 0xC9, 0x5A, 0xC9, 0x5A, 0xC9, 0x5A, 0xC9, 0x5A, 0xC9, 0x5A,
    0xC9, 0x5A, 0xC9, 0x5A, 0xCA, 0x5A, 0xEA, 0x5A, 0xEA, 0x62, 0x0A, 0x63, 0x0A, 0x63, 0x0A, 0x63,
    0x0A, 0x63, 0x2B, 0x63, 0x2B, 0x63, 0x2B, 0x63, 0x2B, 0x6B, 0x2B, 0x6B, 0x2B, 0x63, 0x2B, 0x63,
    0x2B, 0x63, 0x2B, 0x6B, 0x2B, 0x6B, 0x2B, 0x63, 0x0B, 0x63, 0x0B, 0x63, 0xEA, 0x62, 0xC9, 0x62,
    0xC9, 0x5A, 0xA9, 0x5A, 0xA9, 0x5A, 0xA9, 0x5A, 0x88, 0x52, 0x88, 0x52, 0x88, 0x52, 0x68, 0x52,
    0x68, 0x52, 0x68, 0x52, 0x48, 0x52, 0x47, 0x52, 0x27, 0x4A, 0x06, 0x4A, 0x06, 0x4A, 0x06, 0x4A,
    0x06, 0x4A, 0x06, 0x42, 0x06, 0x42, 0xE6, 0x41, 0xC5, 0x41, 0xC5, 0x41, 0xC5, 0x41, 0xC5, 0x41,
    0xA5, 0x39, 0xA5, 0x39, 0xA5, 0x39, 0xA5, 0x39, 0xA5, 0x39, 0xA5, 0x39, 0xA5, 0x39, 0xA5, 0x39,
    0xA5, 0x39, 0x85, 0x39, 0x85, 0x39, 0x85, 0x31, 0x64, 0x31, 0x64, 0x31, 0x64, 0x31, 0x64, 0x31,
    0x64, 0x29, 0x64, 0x29, 0x64, 0x29, 0x64, 0x29, 0x63, 0x29, 0x64, 0x29, 0x64, 0x29, 0x64, 0x29,
    0x64, 0x31, 0x64, 0x31, 0x64, 0x31, 0x65, 0x31, 0x65, 0x31, 0x85, 0x31, 0x85, 0x31, 0x84, 0x31,
    0x84, 0x31, 0x84, 0x31, 0x84, 0x31, 0x84, 0x31, 0x64, 0x31, 0x64, 0x31, 0x84, 0x31, 0x85, 0x39,
    0x84, 0x39, 0x84, 0x39, 0x84, 0x31, 0x64, 0x31, 0x84, 0x31, 0xA5, 0x39, 0xC5, 0x39, 0xC5, 0x39,
    0xE5, 0x41, 0xE5, 0x41, 0xE5, 0x41, 0xE5, 0x41, 0xE6, 0x41, 0x06, 0x42, 0x06, 0x42, 0x27, 0x4A,
    0x47, 0x4A, 0x47, 0x4A, 0x47, 0x4A, 0x67, 0x4A, 0x88, 0x52, 0x88, 0x52, 0x88, 0x52, 0x88, 0x52,
    0x88, 0x52, 0x88, 0x52, 0xA9, 0x52, 0xA9, 0x52, 0xA9, 0x5A, 0xA9, 0x5A, 0xA9, 0x5A, 0xA9, 0x52,
    0xA9, 0x52, 0xA9, 0x52, 0xA9, 0x52, 0xA9, 0x52, 0xA9, 0x52, 0xA9, 0x52, 0xA9, 0x52, 0xA9, 0x52,
    0xA9, 0x52, 0xA9, 0x52, 0xA9, 0x52, 0xA9, 0x52, 0xA9, 0x5A, 0xC9, 0x5A, 0xC9, 0x5A, 0xC9, 0x5A,
    0xC9, 0x5A, 0xEA, 0x62, 0x0A, 0x63, 0xEA, 0x62, 0x0A, 0x63, 0x2A, 0x63, 0x4B, 0x6B, 0x4B, 0x6B,
    0x4B, 0x6B, 0x4B, 0x6B, 0x2B, 0x63, 0x2B, 0x6B, 0x2B, 0x6B, 0x0A, 0x63, 0xCA, 0x5A, 0xCA, 0x5A,
    0xEA, 0x5A, 0xC9, 0x5A, 0x68, 0x4A, 0x06, 0x42, 0x07, 0x42, 0x07, 0x42, 0x07, 0x42, 0xA6, 0x39,
    0x85, 0x31, 0x85, 0x31, 0x65, 0x31, 0x44, 0x29, 0x44, 0x29, 0xA5, 0x31, 0xA6, 0x39, 0xA6, 0x31,
    0x85, 0x31, 0x65, 0x31, 0x24, 0x29, 0x24, 0x21, 0x24, 0x21, 0x03, 0x21, 0x03, 0x21, 0x03, 0x21,
    0x03, 0x21, 0x03, 0x21, 0x03, 0x21, 0x03, 0x21, 0xE3, 0x20, 0xE3, 0x18, 0xE3, 0x18, 0xE3, 0x18,
    0xC3, 0x18, 0xE3, 0x18, 0xE3, 0x18, 0xE3, 0x18, 0xE3, 0x18, 0xE3, 0x18, 0xE3, 0x18, 0xE3, 0x18,
    0xA2, 0x10, 0x81, 0x10, 0x61, 0x08, 0x40, 0x08, 0x20, 0x08, 0x40, 0x08, 0x61, 0x08, 0x61, 0x10,
    0x74, 0xB5, 0x74, 0xAD, 0x74, 0xAD, 0x74, 0xAD, 0x74, 0xAD, 0xB5, 0xB5, 0xF6, 0xBD, 0xF6, 0xBD,
    0xF6, 0xBD, 0xF6, 0xBD, 0xF6, 0xBD, 0xF6, 0xBD, 0xF6, 0xBD, 0xF6, 0xBD, 0xD5, 0xBD, 0xD5, 0xBD,
    0xB5, 0xB5, 0xB5, 0xB5, 0x17, 0xC6, 0x1A, 0xE7, 0x5B, 0xEF, 0x3B, 0xE7, 0x3B, 0xEF, 0x5C, 0xEF,
    0x16, 0xC6, 0x33, 0xAD, 0x16, 0xC6, 0x16, 0xC6, 0x74, 0xB5, 0x12, 0xA5, 0x33, 0xAD, 0xB5, 0xBD,
    0x94, 0xB5, 0xF2, 0xA4, 0x90, 0x94, 0x70, 0x94, 0x70, 0x94, 0x70, 0x8C, 0x6F, 0x8C, 0x4F, 0x8C,
    0x2F, 0x8C, 0x2F, 0x8C, 0x0F, 0x84, 0x0E, 0x84, 0x0E, 0x84, 0xEE, 0x83, 0xEE, 0x83, 0xEE, 0x83,
    0xEE, 0x83, 0xCE, 0x7B, 0xCD, 0x7B, 0xCD, 0x7B, 0xCD, 0x7B, 0xCD, 0x7B, 0xCD, 0x7B, 0xCD, 0x7B,
    0xCD, 0x7B, 0xAD, 0x7B, 0xAD, 0x7B, 0xAC, 0x73, 0x8C, 0x73, 0x8C, 0x73, 0x8C, 0x73, 0x8C, 0x73,
    0x8C, 0x73, 0x8C, 0x73, 0x8C, 0x73, 0x6C, 0x73, 0x6C, 0x73, 0x6C, 0x73, 0x6C, 0x73, 0x6C, 0x73,
    0x6C, 0x6B, 0x4B, 0x6B, 0x4B, 0x6B, 0x2B, 0x6B, 0x2B, 0x63, 0x0A, 0x63, 0x0A, 0x63, 0xEA, 0x62,
    0x0A, 0x6B, 0x2B, 0x6B, 0x4B, 0x73, 0x2B, 0x73, 0x2B, 0x6B, 0x0A, 0x6B, 0x0A, 0x63, 0x0A, 0x63,
    0x0A, 0x6B, 0x0A, 0x6B, 0x2A, 0x6B, 0x2A, 0x6B, 0x0A, 0x6B, 0x0A, 0x63, 0xE9, 0x62, 0xC9, 0x5A,
    0xE9, 0x5A, 0xEA, 0x62, 0x0A, 0x63, 0x0A, 0x63, 0x0A, 0x63, 0x0A, 0x63, 0xEA, 0x62, 0xEA, 0x62,
    0xEA, 0x62, 0xEA, 0x62, 0xEA, 0x62, 0xEA, 0x62, 0xE9, 0x5A, 0xC9, 0x5A, 0xA9, 0x5A, 0xA9, 0x5A,
    0xA9, 0x5A, 0xA9, 0x5A, 0xA9, 0x5A, 0xA9, 0x5A, 0xA9, 0x5A, 0xA9, 0x52, 0xA9, 0x5A, 0xA9, 0x5A,
    0xA9, 0x5A, 0xA9, 0x5A, 0xC9, 0x5A, 0xC9, 0x5A, 0xCA, 0x5A, 0x0A, 0x63, 0x0A, 0x63, 0x0A, 0x63,
    0x0A, 0x63, 0x0B, 0x63, 0x0B, 0x63, 0x2B, 0x63, 0x2B, 0x6B, 0x2B, 0x6B, 0x2B, 0x63, 0x2B, 0x63,
    0x2B, 0x63, 0x2B, 0x6B, 0x2B, 0x6B, 0x2B, 0x63, 0x0B, 0x63, 0x0B, 0x63, 0x0A, 0x63, 0xEA, 0x62,
    0xC9, 0x5A, 0xA9, 0x5A, 0xA9, 0x5A, 0xA9, 0x5A, 0xA9, 0x5A, 0xA9, 0x5A, 0x88, 0x52, 0x88, 0x52,
    0x88, 0x52, 0x68, 0x52, 0x68, 0x52, 0x68, 0x52, 0x48, 0x52, 0x27, 0x4A, 0x27, 0x4A, 0x06, 0x4A,
    0x06, 0x42, 0x06, 0x42, 0x06, 0x42, 0x06, 0x42, 0xE6, 0x41, 0xE6, 0x41, 0xE6, 0x41, 0xC6, 0x41,
    0xC5, 0x41, 0xC5, 0x39, 0xA5, 0x39, 0xA5, 0x39, 0xA5, 0x39, 0xA5, 0x39, 0xA5, 0x39, 0xA5, 0x39,
    0xA5, 0x39, 0xA5, 0x39, 0xA5, 0x39, 0x85, 0x31, 0x64, 0x31, 0x64, 0x31, 0x64, 0x31, 0x64, 0x31,
    0x64, 0x29, 0x64, 0x29, 0x64, 0x31, 0x64, 0x31, 0x63, 0x29, 0x64, 0x29, 0x64, 0x31, 0x65, 0x31,
    0x85, 0x31, 0x65, 0x31, 0x65, 0x31, 0x65, 0x31, 0x85, 0x31, 0x85, 0x31, 0x85, 0x31, 0x84, 0x31,
    0x84, 0x31, 0x84, 0x31, 0x84, 0x31, 0x84, 0x31, 0x64, 0x31, 0x64, 0x31, 0x85, 0x31, 0x85, 0x39,
    0x84, 0x39, 0x84, 0x39, 0x84, 0x31, 0x84, 0x31, 0xA5, 0x39, 0xC5, 0x39, 0xE5, 0x41, 0xE5, 0x41,
    0xE6, 0x41, 0xE6, 0x41, 0xE6, 0x41, 0x06, 0x42, 0xE6, 0x41, 0x06, 0x42, 0x27, 0x4A, 0x47, 0x4A,
    0x47, 0x4A, 0x47, 0x4A, 0x47, 0x4A, 0x68, 0x52, 0x88, 0x52, 0x88, 0x52, 0x88, 0x52, 0x88, 0x52,
    0xA8, 0x52, 0xA9, 0x52, 0xA9, 0x52, 0xA9, 0x5A, 0xA9, 0x5A, 0xA9, 0x5A, 0xA9, 0x5A, 0xA9, 0x52,
    0xA9, 0x52, 0xA9, 0x52, 0xA9, 0x5A, 0xA9, 0x5A, 0xA9, 0x5A, 0xA9, 0x5A, 0xA9, 0x5A, 0xA9, 0x5A,
    0xA9, 0x5A, 0xA9, 0x5A, 0xA9, 0x5A, 0xA9, 0x5A, 0xC9, 0x5A, 0xC9, 0x5A, 0xC9, 0x5A, 0xC9, 0x5A,
    0xC9, 0x5A, 0xEA, 0x62, 0x0A, 0x63, 0x2B, 0x6B, 0x4B, 0x6B, 0x6B, 0x6B, 0x4B, 0x6B, 0x6C, 0x6B,
    0x6C, 0x73, 0x6C, 0x6B, 0x4B, 0x6B, 0x4B, 0x6B, 0x6C, 0x6B, 0x4B, 0x6B, 0xC9, 0x5A, 0xA9, 0x5A,
    0xA9, 0x52, 0xC9, 0x5A, 0x88, 0x52, 0x07, 0x42, 0xE6, 0x39, 0xE6, 0x39, 0xE6, 0x39, 0x65, 0x31,
    0x44, 0x29, 0x24, 0x29, 0x24, 0x29, 0x03, 0x21, 0x03, 0x21, 0x44, 0x29, 0x64, 0x29, 0x85, 0x31,
    0x85, 0x31, 0x85, 0x31, 0x65, 0x29, 0x24, 0x29, 0x24, 0x21, 0xE3, 0x20, 0xE3, 0x20, 0x03, 0x21,
    0x24, 0x21, 0x24, 0x21, 0x03, 0x21, 0xE3, 0x20, 0xE3, 0x20, 0xE3, 0x20, 0xE3, 0x20, 0xE3, 0x20,
    0xE3, 0x20, 0xE3, 0x18, 0xE3, 0x18, 0xE3, 0x18, 0xE3, 0x18, 0xE3, 0x18, 0xE3, 0x18, 0x04, 0x21,
    0x24, 0x21, 0x03, 0x21, 0xC2, 0x18, 0x81, 0x10, 0x40, 0x08, 0x61, 0x08, 0x61, 0x10, 0x61, 0x10,
    0x74, 0xAD, 0x74, 0xAD, 0x94, 0xB5, 0x95, 0xB5, 0x95, 0xB5, 0xD5, 0xBD, 0xF6, 0xBD, 0xF6, 0xBD,
    0xF6, 0xBD, 0xF6, 0xBD, 0xF6, 0xBD, 0xF6, 0xBD, 0xF6, 0xBD, 0xF6, 0xBD, 0xD5, 0xBD, 0xB5, 0xB5,
    0xB5, 0xB5, 0xF6, 0xC5, 0xD9, 0xDE, 0x5B, 0xEF, 0x1B, 0xE7, 0x3B, 0xEF, 0x7C, 0xF7, 0x3B, 0xEF,
    0x16, 0xC6, 0x16, 0xC6, 0x78, 0xCE, 0x95, 0xB5, 0x53, 0xAD, 0x33, 0xA5, 0x95, 0xB5, 0x78, 0xCE,
    0x94, 0xB5, 0xD1, 0x9C, 0x90, 0x94, 0x70, 0x94, 0x90, 0x94, 0x70, 0x94, 0x70, 0x94, 0x4F, 0x8C,
    0x2E, 0x84, 0x2F, 0x8C, 0x2F, 0x84, 0x0E, 0x84, 0x0E, 0x84, 0xEE, 0x83, 0xEE, 0x83, 0xEE, 0x7B,
    0xCD, 0x7B, 0xCD, 0x7B, 0xCD, 0x7B, 0xCD, 0x7B, 0xCD, 0x7B, 0xCD, 0x7B, 0xCD, 0x7B, 0xCD, 0x7B,
    0xCD, 0x7B, 0xAD, 0x7B, 0xAD, 0x7B, 0xAC, 0x73, 0x8C, 0x73, 0x8C, 0x73, 0x8C, 0x73, 0x8C, 0x73,
    0x8C, 0x73, 0x8C, 0x73, 0x8C, 0x73, 0x6C, 0x73, 0x6C, 0x6B, 0x6C, 0x73, 0x8C, 0x73, 0x6C, 0x73,
    0x6B, 0x6B, 0x4B, 0x6B, 0x4B, 0x6B, 0x2B, 0x6B, 0x2B, 0x63, 0x0A, 0x63, 0xEA, 0x62, 0xEA, 0x62,
    0x0A, 0x63, 0x4B, 0x73, 0x6B, 0x73, 0x4B, 0x73, 0x2B, 0x6B, 0x0A, 0x6B, 0x0A, 0x63, 0x0A, 0x63,
    0x0A, 0x6B, 0x0A, 0x6B, 0x2A, 0x6B, 0x2A, 0x6B, 0x0A, 0x63, 0xE9, 0x62, 0xC9, 0x5A, 0xC9, 0x5A,
    0xE9, 0x62, 0xEA, 0x62, 0xEA, 0x62, 0x0A, 0x63, 0x0A, 0x63, 0xEA, 0x62, 0xE9, 0x5A, 0xEA, 0x62,
    0xEA, 0x62, 0xEA, 0x62, 0xEA, 0x62, 0xE9, 0x62, 0xC9, 0x5A, 0xA9, 0x5A, 0xA9, 0x5A, 0x88, 0x52,
    0xA9, 0x5A, 0xA9, 0x5A, 0xA9, 0x5A, 0xA9, 0x5A, 0xA9, 0x5A, 0xA9, 0x52, 0xA9, 0x5A, 0xA9, 0x5A,
    0xA9, 0x5A, 0xA9, 0x5A, 0xA9, 0x5A, 0xA9, 0x5A, 0xC9, 0x5A, 0xEA, 0x62, 0xEA, 0x62, 0xEA, 0x62,
    0xEA, 0x62, 0xEA, 0x62, 0x0A, 0x63, 0x2B, 0x63, 0x2B, 0x6B, 0x2B, 0x6B, 0x2B, 0x63, 0x2B, 0x63,
    0x2B, 0x6B, 0x2B, 0x6B, 0x2B, 0x6B, 0x2B, 0x63, 0x2B, 0x63, 0x2B, 0x63, 0x0A, 0x63, 0xEA, 0x62,
    0xC9, 0x5A, 0xC9, 0x5A, 0xC9, 0x5A, 0xC9, 0x5A, 0xC9, 0x5A, 0xC9, 0x5A, 0xA9, 0x5A, 0xA9, 0x5A,
    0x88, 0x5A, 0x88, 0x52, 0x68, 0x52, 0x68, 0x52, 0x68, 0x52, 0x47, 0x52, 0x27, 0x4A, 0x27, 0x4A,
    0x06, 0x4A, 0x06, 0x4A, 0x27, 0x4A, 0x06, 0x42, 0x06, 0x42, 0xE6, 0x41, 0xE6, 0x41, 0xE6, 0x41,
    0xA5, 0x39, 0xA5, 0x39, 0xA5, 0x39, 0xA5, 0x39, 0xA5, 0x39, 0xA5, 0x39, 0xA5, 0x39, 0xA5, 0x39,
    0xA5, 0x39, 0xA5, 0x39, 0xA5, 0x39, 0xA5, 0x39, 0x84, 0x39, 0x84, 0x31, 0x64, 0x31, 0x64, 0x31,
    0x64, 0x31, 0x64, 0x31, 0x64, 0x31, 0x64, 0x31, 0x64, 0x31, 0x64, 0x31, 0x64, 0x31, 0x65, 0x31,
    0x85, 0x31, 0x85, 0x31, 0x85, 0x31, 0x85, 0x31, 0x85, 0x31, 0x85, 0x31, 0x85, 0x31, 0x84, 0x31,
    0x84, 0x31, 0x84, 0x31, 0x64, 0x31, 0x64, 0x31, 0x64, 0x31, 0x64, 0x31, 0x85, 0x31, 0xA5, 0x39,
    0xA5, 0x39, 0xA5, 0x39, 0xA5, 0x39, 0xA5, 0x39, 0xC5, 0x39, 0xE6, 0x41, 0xE6, 0x41, 0xE6, 0x41,
    0x06, 0x42, 0x06, 0x42, 0x06, 0x42, 0xE6, 0x41, 0xE6, 0x41, 0x06, 0x42, 0x47, 0x4A, 0x47, 0x4A,
    0x47, 0x4A, 0x47, 0x4A, 0x48, 0x4A, 0x68, 0x52, 0x88, 0x52, 0x88, 0x52, 0x88, 0x52, 0x88, 0x52,
    0x89, 0x52, 0xA9, 0x52, 0xA9, 0x52, 0xA9, 0x52, 0xA9, 0x52, 0xA9, 0x52, 0xA9, 0x52, 0xA9, 0x52,
    0xA9, 0x52, 0xA9, 0x52, 0xA9, 0x5A, 0xA9, 0x5A, 0xA9, 0x5A, 0xA9, 0x5A, 0xA9, 0x5A, 0xA9, 0x5A,
    0xA9, 0x5A, 0xA9, 0x5A, 0xC9, 0x5A, 0xC9, 0x5A, 0xC9, 0x5A, 0xC9, 0x5A, 0xC9, 0x5A, 0xC9, 0x5A,
    0xC9, 0x5A, 0xEA, 0x62, 0x0A, 0x63, 0x4B, 0x6B, 0x6C, 0x6B, 0x6C, 0x73, 0x8C, 0x73, 0xCD, 0x7B,
    0xCD, 0x7B, 0xAD, 0x7B, 0xAD, 0x7B, 0x8C, 0x73, 0x6C, 0x73, 0x4B, 0x6B, 0x0B, 0x63, 0xA9, 0x5A,
    0x89, 0x52, 0x89, 0x52, 0x47, 0x4A, 0xE6, 0x39, 0xC6, 0x39, 0xC6, 0x39, 0xC6, 0x39, 0x65, 0x31,
    0x64, 0x29, 0x64, 0x29, 0x44, 0x29, 0x03, 0x21, 0xE3, 0x20, 0xE3, 0x20, 0xE3, 0x20, 0x03, 0x21,
    0x03, 0x21, 0x24, 0x21, 0x24, 0x21, 0x24, 0x21, 0x24, 0x21, 0xE3, 0x18, 0xE3, 0x18, 0x03, 0x21,
    0x04, 0x21, 0x24, 0x21, 0x04, 0x21, 0xE3, 0x20, 0xE3, 0x20, 0xE3, 0x20, 0x03, 0x21, 0x03, 0x21,
    0xE3, 0x18, 0xE3, 0x18, 0xE3, 0x18, 0xE3, 0x18, 0xE3, 0x18, 0xE3, 0x18, 0xE3, 0x18, 0x24, 0x21,
    0x65, 0x29, 0x44, 0x29, 0x24, 0x21, 0xC2, 0x18, 0x60, 0x08, 0x61, 0x08, 0x81, 0x10, 0x81, 0x10,
};

const lv_img_dsc_t purr_wallpaper = {
    .header = {
        .cf          = LV_IMG_CF_TRUE_COLOR,
        .always_zero = 0,
        .reserved    = 0,
        .w           = 320,
        .h           = 240,
    },
    .data_size = 153600,
    .data      = purr_wallpaper_data,
};
